#ENDOFHEADER,,,

//スクラッチ位置。0は左、1は右。デフォルトは0,1,,
//sc side,1P,2P,
#SCRATCHSIDE,0,1,

//リザルトの1P2P入れ替えを行う場合はコメントを外して下さい,,,
//#FLIPRESULT,,,

//[透過色設定],,,
//必要無くても必ず設定して下さい。(なんかライブラリの仕様でオフに出来ないみたいなので,,,
//透過色,R,G,B
#TRANSCLOLR,0,255,0


//[入力開始時間],,,
//入力開始時間,ms
#STARTINPUT,1000


//[演奏開始時間],
//LOADSTART シーン開始から曲ロード開始までの時間,
//LOADEND ロード開始からロード終了までの最低時間(ロード時間が長ければそれだけ遅れます,
//PLAYSTART ロード終了から曲開始までの時間,

#LOADSTART,0
#LOADEND,3000
#PLAYSTART,1500


//[フェードアウト時間],
//フェードアウト時にこの時間が過ぎると次のシーンに移行します。,
#FADEOUT,500,

//[閉店時間],,
#CLOSE,2900,


//[画像定義],,
//画像定義,filename,
#IMAGE,.\LR2files\Theme\EndlessCirculation\Play\bomb\*.png,"			//0"
#IMAGE,.\LR2files\Theme\EndlessCirculation\Play\disablelane\AC\*.png,"		//1",,,,,,,,,,,,,,,,,,,
#IMAGE,.\LR2files\Theme\EndlessCirculation\Play\frame\SelfEvolution\DP\*.png,"		//2",,,,,,,,,,,,,,,,,,,
#IMAGE,.\LR2files\Theme\EndlessCirculation\Play\fullcombo\*.png,"		//3",,,,,,,,,,,,,,,,,,,
#IMAGE,.\LR2files\Theme\EndlessCirculation\Play\gauge\AC\*.png,"		//4",,,,,,,,,,,,,,,,,,,
#IMAGE,.\LR2files\Theme\EndlessCirculation\Play\lanecover\AC\*.png,"		//5",,,,,,,,,,,,,,,,,,,
#IMAGE,.\LR2files\Theme\EndlessCirculation\Play\object\AC\DEFAULT.png,"		//6",,,,,,,,,,,,,,,,,,,
#IMAGE,.\LR2files\Theme\EndlessCirculation\Play\turntable\N\*.png,"		//7",,,,,,,,,,,,,,,,,,,
#IMAGE,.\LR2files\Theme\EndlessCirculation\Play\parts\note\*.png, //8,,,,,,,,,,,,,,,,,,,
#IMAGE,.\LR2files\Theme\EndlessCirculation\Play\number\*.png,"			//9",,,,,,,,,,,,,,,,,,,
#IMAGE,.\LR2files\Theme\EndlessCirculation\Play\progressbar\N\*.png,"		//10",,,,,,,,,,,,,,,,,,,
#IMAGE,.\LR2files\Theme\EndlessCirculation\Play\_parts\close.png,"		//11",,,,,,,,,,,,,,,,,,,
#IMAGE,.\LR2files\Theme\EndlessCirculation\Play\_parts\parts.png,"		//12",,,,,,,,,,,,,,,,,,,
#IMAGE,".\LR2files\Theme\EndlessCirculation\Play\parts\Combo\*.png""",,,,,,,,,,,,,,,,,,,,
#IMAGE,.\LR2files\Theme\EndlessCirculation\Play\emblem\*.png,"			//14",,,,,,,,,,,,,,,,,,,
#IMAGE,".\LR2files\Theme\EndlessCirculation\Play\parts\beam\*.png""",,"		//15""",,,,,,,,,,,,,,,,,,
#IMAGE,.\LR2files\Theme\EndlessCirculation\Play\number\P\P.png,"			//16",,,,,,,,,,,,,,,,,,,
#IMAGE,.\LR2files\Theme\EndlessCirculation\Play\_parts\Graph.png,"		//17",,,,,,,,,,,,,,,,,,,
#IMAGE,.\LR2files\Theme\EndlessCirculation\Play\Gaugefont\SE.png," //18
#IMAGE,.\LR2files\Theme\EndlessCirculation\Play\load2.mpg, //19",,,,,,,,,,,,,,,,,,,
#IMAGE,.\LR2files\Theme\EndlessCirculation\Play\parts\GraphBG\*.png," //20",
#IMAGE,.\LR2files\Theme\EndlessCirculation\Play\DIFFICULT\P.png, //21,,,,,,,,,,,,,,,,,,,
#IMAGE,.\LR2files\Theme\EndlessCirculation\Play\DIFFICULT\level.png, //22,,,,,,,,,,,,,,,,,,,
#IF,100,,,,,,,,,,,,,,,,,,,,
#IMAGE,.\LR2files\Theme\EndlessCirculation\Play\ClearData\NOPLAY.png,,,,,,,,,,//23,,,,,,,,,,
#ELSEIF,101,,,,,,,,,,,,,,,,,,,,
#IMAGE,.\LR2files\Theme\EndlessCirculation\Play\ClearData\FAILED.png,,,,,,,,,,//23,,,,,,,,,,
#ELSEIF,102,,,,,,,,,,,,,,,,,,,,
#IMAGE,.\LR2files\Theme\EndlessCirculation\Play\ClearData\EASYCLEAR.png,,,,,,,,,,//23,,,,,,,,,,
#ELSEIF,103,,,,,,,,,,,,,,,,,,,,
#IMAGE,.\LR2files\Theme\EndlessCirculation\Play\ClearData\CLEAR.png,,,,,,,,,,//23,,,,,,,,,,
#ELSEIF,104,,,,,,,,,,,,,,,,,,,,
#IMAGE,.\LR2files\Theme\EndlessCirculation\Play\ClearData\HARDCLEAR.png,,,,,,,,,,//23,,,,,,,,,,
#ELSEIF,105,,,,,,,,,,,,,,,,,,,,
#IMAGE,.\LR2files\Theme\EndlessCirculation\Play\ClearData\FULLCOMBO.png,,,,,,,,,,//23,,,,,,,,,,
#ELSE,,,,,,,,,,,,,,,,,,,,,
#IMAGE,.\LR2files\Theme\EndlessCirculation\Play\ClearData\dummy.png,,,,,,,,,,//23,,,,,,,,,,
#ENDIF,,,,,,,,,,,,,,,,,,,,,
#IMAGE,.\LR2files\Theme\EndlessCirculation\Play\parts\keyflash\*.png",,		//24",,
#IMAGE,.\LR2files\Theme\EndlessCirculation\Play\parts\judgeline\*.png",,		//25",,
#IMAGE,.\LR2files\Theme\EndlessCirculation\Play\parts\grow\*.png",,		//26",,
#IMAGE,CONTINUE,,,,,,,,,,//27

//[フォント定義],,,,
//,size,thick,type,name
#FONT,42,5,2,ＤＦＰPOPミックスW3
#FONT,15,5,2,ヒラギノ角ゴ7
#FONT,12,5,2,ヒラギノ角ゴ7

//パスの次を1とすると、画像フォント使用不可設定が無効になり、かならず使用されます,,,,,,,,,,,,,,,,,,,,
#LR2FONT,.\LR2files\Theme\EndlessCirculation\font\Title\font.lr2font,,,,,,,,,,,,,,,,,,,
#LR2FONT,.\LR2files\Theme\EndlessCirculation\font\Play_Genre\font.lr2font,,,,,,,,,,,,,,,,,,,
#LR2FONT,.\LR2files\Theme\EndlessCirculation\Play\font\02\font.lr2font,,,,,,,,,,,,,,,,,,,
#LR2FONT,.\LR2files\Theme\EndlessCirculation\Play\font\03\font.lr2font,,,,,,,,,,,,,,,,,,,
#LR2FONT,.\LR2files\Theme\EndlessCirculation\Play\font\04\font.lr2font,,,,,,,,,,,,,,,,,,,
#LR2FONT,.\LR2files\Theme\EndlessCirculation\Play\font\05\font.lr2font,,,,,,,,,,,,,,,,,,,

//[画像配置],,,,,,,,,,,,,,,,,,,,

//コピペ用テンプレート,,,,,,,,,,,,,,,,,,,,
//SRC定義,(NULL),gr,x,y,w,h,div_x,div_y,cycle,timer,op1,op2,op3,,,,,,,
//DST定義,(NULL),time,x,y,w,h,acc,a,r,g,b,blend,filter,angle,center,loop,timer,op1,op2,op3


///先読み
#SRC_IMAGE,0,0,0,0,0,0,0,0,0,0,0,0,0,,,,,,,
//DST定義,(NULL),time,x,y,w,h,acc,a,r,g,b,blend,filter,angle,center,loop,timer,op1,op2,op3
#DST_IMAGE,0,0,0,0,1,1,0,255,0,0,0,0,0,0,0,0,0,0,0,0
///
#SRC_IMAGE,0,6,0,0,0,0,0,0,0,0,0,0,0,,,,,,,
//DST定義,(NULL),time,x,y,w,h,acc,a,r,g,b,blend,filter,angle,center,loop,timer,op1,op2,op3
#DST_IMAGE,0,0,0,0,1,1,0,255,0,0,0,0,0,0,0,0,0,0,0,0
//SRC定義,(NULL),gr,x,y,w,h,div_x,div_y,cycle,timer,op1,op2,op3,,,,,,,
#SRC_IMAGE,0,17,0,0,66,448,1,1,0,0,80,0,0,,,,,,,
//DST定義,(NULL),time,x,y,w,h,acc,a,r,g,b,blend,filter,angle,center,loop,timer,op1,op2,op3
#DST_IMAGE,0,0,0,720,66,448,0,255,255,255,255,1,0,0,0,-1,0,80,0,0
#DST_IMAGE,0,500,0,720,66,448,0,255,255,255,255,1,0,0,0,,,,,

///////////////////////////////////////////////////////////////////////,,,,,,,,,,,,,,,,,,,,
//BGA,,,,,,,,,,,,,,,,,,,,
//SRCはほとんど形式を共通にするためのダミーでしかありませんが、一応表示に関するオプションを設定できます。,,,,,,,,,,,,,,,,,,,,
//nobase,nolayer,nopoor 1にするとその階層のBGAは表示されません。,,,,,,,,,,,,,,,,,,

//でかい,,,,,,,,,,,,,,,,,,,,
//SRC定義,(NULL),(NULL),(NULL),(NULL),(NULL),(NULL),(NULL),(NULL),(NULL),(NULL),nobase,nolayer,nopoor,,,,,,,
#SRC_BGA,0,0,0,0,0,0,0,0,0,0,0,0,0,,,,,,,
//DST定義,(NULL),time,x,y,w,h,acc,a,r,g,b,blend,filter,angle,center,loop,timer,op1,op2,op3
#DST_BGA,0,0,3,49,250,307,0,255,255,255,255,0,1,0,0,0,0,31,0,0
-
//SRC定義,(NULL),(NULL),(NULL),(NULL),(NULL),(NULL),(NULL),(NULL),(NULL),(NULL),nobase,nolayer,nopoor,,,,,,,
#SRC_BGA,0,0,0,0,0,0,0,0,0,0,0,0,0,,,,,,,
//DST定義,(NULL),time,x,y,w,h,acc,a,r,g,b,blend,filter,angle,center,loop,timer,op1,op2,op3
#DST_BGA,0,0,3,373,250,307,0,255,255,255,255,0,1,0,0,0,0,31,0,0
-
//SRC定義,(NULL),(NULL),(NULL),(NULL),(NULL),(NULL),(NULL),(NULL),(NULL),(NULL),nobase,nolayer,nopoor,,,,,,,
#SRC_BGA,0,0,0,0,0,0,0,0,0,0,0,0,0,,,,,,,
//DST定義,(NULL),time,x,y,w,h,acc,a,r,g,b,blend,filter,angle,center,loop,timer,op1,op2,op3
#DST_BGA,0,0,1027,49,250,307,0,255,255,255,255,0,1,0,0,0,0,31,0,0
-
//SRC定義,(NULL),(NULL),(NULL),(NULL),(NULL),(NULL),(NULL),(NULL),(NULL),(NULL),nobase,nolayer,nopoor,,,,,,,
#SRC_BGA,0,0,0,0,0,0,0,0,0,0,0,0,0,,,,,,,
//DST定義,(NULL),time,x,y,w,h,acc,a,r,g,b,blend,filter,angle,center,loop,timer,op1,op2,op3
#DST_BGA,0,0,1027,373,250,307,0,255,255,255,255,0,1,0,0,0,0,31,0,0

///通常,,,,,,,,,,,,,,,,,,,,

//でかい,,,,,,,,,,,,,,,,,,,,
//SRC定義,(NULL),(NULL),(NULL),(NULL),(NULL),(NULL),(NULL),(NULL),(NULL),(NULL),nobase,nolayer,nopoor,,,,,,,
#SRC_BGA,0,0,0,0,0,0,0,0,0,0,0,0,0,,,,,,,
//DST定義,(NULL),time,x,y,w,h,acc,a,r,g,b,blend,filter,angle,center,loop,timer,op1,op2,op3
#DST_BGA,0,0,3,49,250,307,0,255,255,255,255,0,1,0,0,0,0,30,0,0
-
//SRC定義,(NULL),(NULL),(NULL),(NULL),(NULL),(NULL),(NULL),(NULL),(NULL),(NULL),nobase,nolayer,nopoor,,,,,,,
#SRC_BGA,0,0,0,0,0,0,0,0,0,0,0,0,0,,,,,,,
//DST定義,(NULL),time,x,y,w,h,acc,a,r,g,b,blend,filter,angle,center,loop,timer,op1,op2,op3
#DST_BGA,0,0,3,373,250,307,0,255,255,255,255,0,1,0,0,0,0,30,0,0
-
//SRC定義,(NULL),(NULL),(NULL),(NULL),(NULL),(NULL),(NULL),(NULL),(NULL),(NULL),nobase,nolayer,nopoor,,,,,,,
#SRC_BGA,0,0,0,0,0,0,0,0,0,0,0,0,0,,,,,,,
//DST定義,(NULL),time,x,y,w,h,acc,a,r,g,b,blend,filter,angle,center,loop,timer,op1,op2,op3
#DST_BGA,0,0,1027,49,250,307,0,255,255,255,255,0,1,0,0,0,0,30,0,0
-
//SRC定義,(NULL),(NULL),(NULL),(NULL),(NULL),(NULL),(NULL),(NULL),(NULL),(NULL),nobase,nolayer,nopoor,,,,,,,
#SRC_BGA,0,0,0,0,0,0,0,0,0,0,0,0,0,,,,,,,
//DST定義,(NULL),time,x,y,w,h,acc,a,r,g,b,blend,filter,angle,center,loop,timer,op1,op2,op3
#DST_BGA,0,0,1027,373,250,307,0,255,255,255,255,0,1,0,0,0,0,30,0,0



///////////////////////////////////////////////////////////////////////,,,,,,,,,,,,,,,,,,,,




///////////////////////////////////////////////////////////////////////////////////////////////////////////////,,,,,,,,,,,,,,,,,,,,
//フレーム,,,,,,,,,,,,,,,,,,,,

//本体,,,,,,,,,,,,,,,,,,,,
//SRC定義,(NULL),gr,x,y,w,h,div_x,div_y,cycle,timer,op1,op2,op3,,,,,,,
#SRC_IMAGE,0,2,0,0,1280,720,1,1,0,0,0,0,0,,,,,,,
//DST定義,(NULL),time,x,y,w,h,acc,a,r,g,b,blend,filter,angle,center,loop,timer,op1,op2,op3
#DST_IMAGE,0,0,0,0,1280,720,0,0,255,255,255,1,0,0,0,400,,,,
#DST_IMAGE,0,400,0,0,1280,720,0,255,255,255,255,1,0,0,0,,,,,



//進行バー,,,,,,,,,,,,,,,,,,,,
//SRC定義,(NULL),gr,x,y,w,h,div_x,div_y,cycle,timer,op1,op2,op3,,,,,,,
#SRC_IMAGE,0,2,697,724,33,507,1,1,0,0,0,0,0,,,,,,,
//DST定義,(NULL),time,x,y,w,h,acc,a,r,g,b,blend,filter,angle,center,loop,timer,op1,op2,op3
#DST_IMAGE,0,0,271,1200,33,507,0,255,255,255,255,1,0,0,0,700,,,,
#DST_IMAGE,0,700,271,0,33,507,0,255,255,255,255,1,0,0,0,,,,,


//進行バー,,,,,,,,,,,,,,,,,,,,
//SRC定義,(NULL),gr,x,y,w,h,div_x,div_y,cycle,timer,op1,op2,op3,,,,,,,
#SRC_IMAGE,0,2,734,724,33,507,1,1,0,0,0,0,0,,,,,,,
//DST定義,(NULL),time,x,y,w,h,acc,a,r,g,b,blend,filter,angle,center,loop,timer,op1,op2,op3
#DST_IMAGE,0,0,976,1200,33,507,0,255,255,255,255,1,0,0,0,700,,,,
#DST_IMAGE,0,700,976,0,33,507,0,255,255,255,255,1,0,0,0,,,,,



//フレーム上(鍵盤側),,,,,,,,,,,,,,,,,,,,
//SRC定義,(NULL),gr,x,y,w,h,div_x,div_y,cycle,timer,op1,op2,op3,,,,,,,
#SRC_IMAGE,0,2,0,724,346,585,1,1,0,0,0,0,0,,,,,,,
//DST定義,(NULL),time,x,y,w,h,acc,a,r,g,b,blend,filter,angle,center,loop,timer,op1,op2,op3
#DST_IMAGE,0,600,112,0,346,585,0,0,255,255,255,1,0,0,0,1000,,,,
#DST_IMAGE,0,1000,263,0,346,585,0,255,255,255,255,1,0,0,0,,,,,

//フレーム上(鍵盤側)フラッシュ,,,,,,,,,,,,,,,,,,,,
//SRC定義,(NULL),gr,x,y,w,h,div_x,div_y,cycle,timer,op1,op2,op3,,,,,,,
#SRC_IMAGE,0,2,0,724,346,585,1,1,0,0,0,0,0,,,,,,,
//DST定義,(NULL),time,x,y,w,h,acc,a,r,g,b,blend,filter,angle,center,loop,timer,op1,op2,op3
#DST_IMAGE,0,900,263,0,346,585,0,0,255,255,255,2,0,0,0,1500,,,,
#DST_IMAGE,0,1200,263,0,346,585,0,175,255,255,255,2,0,0,0,,,,,
#DST_IMAGE,0,1500,263,0,346,585,0,0,255,255,255,2,0,0,0,,,,

//フレーム上(鍵盤側),,,,,,,,,,,,,,,,,,,,
//SRC定義,(NULL),gr,x,y,w,h,div_x,div_y,cycle,timer,op1,op2,op3,,,,,,,
#SRC_IMAGE,0,2,1118,724,346,585,1,1,0,0,0,0,0,,,,,,,
//DST定義,(NULL),time,x,y,w,h,acc,a,r,g,b,blend,filter,angle,center,loop,timer,op1,op2,op3
#DST_IMAGE,0,600,822,0,346,585,0,0,255,255,255,1,0,0,0,1000,,,,
#DST_IMAGE,0,1000,671,0,346,585,0,255,255,255,255,1,0,0,0,,,,,

//フレーム上(鍵盤側)フラッシュ,,,,,,,,,,,,,,,,,,,,
//SRC定義,(NULL),gr,x,y,w,h,div_x,div_y,cycle,timer,op1,op2,op3,,,,,,,
#SRC_IMAGE,0,2,1118,724,346,585,1,1,0,0,0,0,0,,,,,,,
//DST定義,(NULL),time,x,y,w,h,acc,a,r,g,b,blend,filter,angle,center,loop,timer,op1,op2,op3
#DST_IMAGE,0,900,671,0,346,585,0,0,255,255,255,2,0,0,0,1500,,,,
#DST_IMAGE,0,1200,671,0,346,585,0,175,255,255,255,2,0,0,0,,,,,
#DST_IMAGE,0,1500,671,0,346,585,0,0,255,255,255,2,0,0,0,,,,

//フレーム下,,,,,,,,,,,,,,,,,,,,
//SRC定義,(NULL),gr,x,y,w,h,div_x,div_y,cycle,timer,op1,op2,op3,,,,,,,
#SRC_IMAGE,0,2,349,1308,746,122,1,1,0,0,0,0,0,,,,,,,
//DST定義,(NULL),time,x,y,w,h,acc,a,r,g,b,blend,filter,angle,center,loop,timer,op1,op2,op3
#DST_IMAGE,0,400,267,620,746,122,0,0,255,255,255,1,0,0,0,900,,,,
#DST_IMAGE,0,900,267,526,746,122,2,255,255,255,255,1,0,0,0,,,,,




//鍵盤,,,,,,,,,,,,,,,,,,,,
//SRC定義,(NULL),gr,x,y,w,h,div_x,div_y,cycle,timer,op1,op2,op3,,,,,,,
#SRC_IMAGE,0,2,348,895,333,113,1,1,0,0,0,0,0,,,,,,,
//DST定義,(NULL),time,x,y,w,h,acc,a,r,g,b,blend,filter,angle,center,loop,timer,op1,op2,op3
#DST_IMAGE,0,0,312,1500,333,113,0,255,255,255,255,1,1,-90,4,1200,,,,
#DST_IMAGE,0,600,312,508,333,113,0,255,255,255,255,1,1,-90,4,,,,,
#DST_IMAGE,0,1200,268,468,333,113,0,255,255,255,255,1,1,0,4,,,,,




//鍵盤,,,,,,,,,,,,,,,,,,,,
//SRC定義,(NULL),gr,x,y,w,h,div_x,div_y,cycle,timer,op1,op2,op3,,,,,,,
#SRC_IMAGE,0,2,769,895,333,113,1,1,0,0,0,0,0,,,,,,,
//DST定義,(NULL),time,x,y,w,h,acc,a,r,g,b,blend,filter,angle,center,loop,timer,op1,op2,op3
#DST_IMAGE,0,0,636,1500,333,113,0,255,255,255,255,1,1,90,6,1200,,,,
#DST_IMAGE,0,600,636,508,333,113,0,255,255,255,255,1,1,90,6,,,,,
#DST_IMAGE,0,1200,679,468,333,113,0,255,255,255,255,1,1,0,6,,,,,

//LCenter,,,,,,,,,,,,,,,,,,,,
//SRC定義,(NULL),gr,x,y,w,h,div_x,div_y,cycle,timer,op1,op2,op3,,,,,,,
#SRC_IMAGE,0,2,1491,724,82,547,1,1,0,0,0,0,0,,,,,,,
//DST定義,(NULL),time,x,y,w,h,acc,a,r,g,b,blend,filter,angle,center,loop,timer,op1,op2,op3
#DST_IMAGE,0,300,599,-847,82,547,2,20,255,255,255,1,1,0,0,1300,,,,
#DST_IMAGE,0,1300,599,0,82,547,0,255,255,255,255,1,1,0,0,,,,,






//グルーヴゲージアニメーション本体,,,,,,,,,,,,,,,,,,,,
//SRC定義,(NULL),gr,x,y,w,h,div_x,div_y,cycle,timer,op1,op2,op3,,,,,,,
#SRC_IMAGE,0,2,348,1188,304,2,1,1,0,0,0,0,0,,,,,,,,
//DST定義,(NULL),time,x,y,w,h,acc,a,r,g,b,blend,filter,angle,center,loop,timer,op1,op2,op3
#DST_IMAGE,0,900,489,573,303,0,0,0,255,255,255,0,0,0,0,1100,0,0,0,0,
#DST_IMAGE,0,1100,489,573,303,2,0,255,255,255,255,0,0,0,0,,,,,,

//グルーヴゲージアニメーション,,,,,,,,,,,,,,,,,,,,
//SRC定義,(NULL),gr,x,y,w,h,div_x,div_y,cycle,timer,op1,op2,op3,,,,,,,
#SRC_IMAGE,0,2,348,1191,312,10,1,1,0,0,0,0,0,,,,,,,,
//DST定義,(NULL),time,x,y,w,h,acc,a,r,g,b,blend,filter,angle,center,loop,timer,op1,op2,op3
#DST_IMAGE,0,0,636,569,0,10,0,0,255,255,255,2,0,0,0,0,40,0,0,0,
#DST_IMAGE,0,50,636,569,0,10,0,0,255,255,255,2,0,0,0,,,,,,+151
#DST_IMAGE,0,83,605,569,60,10,0,255,255,255,255,2,0,0,0,,,,,,
#DST_IMAGE,0,100,605,569,60,10,0,0,255,255,255,2,0,0,0,,,,,,+120
#DST_IMAGE,0,150,575,569,124,10,0,255,255,255,255,2,0,0,0,,,,,,
#DST_IMAGE,0,200,575,569,124,10,0,0,255,255,255,2,0,0,0,,,,,,+90
#DST_IMAGE,0,250,545,569,184,10,0,255,255,255,255,2,0,0,0,,,,,,
#DST_IMAGE,0,300,545,569,184,10,0,0,255,255,255,2,0,0,0,,,,,,+60
#DST_IMAGE,0,350,515,569,244,10,0,255,255,255,255,2,0,0,0,,,,,,
#DST_IMAGE,0,400,515,569,244,10,0,0,255,255,255,2,0,0,0,,,,,,+30
#DST_IMAGE,0,450,485,569,312,10,0,255,255,255,255,2,0,0,0,,,,,,
#DST_IMAGE,0,500,485,569,312,10,0,0,255,255,255,2,0,0,0,,,,,,
#DST_IMAGE,0,550,485,569,312,10,0,255,255,255,255,2,0,0,0,,,,,,
#DST_IMAGE,0,600,485,569,312,10,0,0,255,255,255,2,0,0,0,,,,,,
#DST_IMAGE,0,650,485,569,312,10,0,255,255,255,255,2,0,0,0,,,,,,
#DST_IMAGE,0,700,485,569,312,10,0,0,255,255,255,2,0,0,0,,,,,,
#DST_IMAGE,0,750,485,569,312,10,0,255,255,255,255,2,0,0,0,,,,,,
#DST_IMAGE,0,800,485,569,312,10,0,0,255,255,255,2,0,0,0,,,,,,
#DST_IMAGE,0,850,485,569,312,10,0,255,255,255,255,2,0,0,0,,,,,,
#DST_IMAGE,0,900,485,569,312,10,0,0,255,255,255,2,0,0,0,,,,,,
#DST_IMAGE,0,950,485,569,312,10,0,255,255,255,255,2,0,0,0,,,,,,
#DST_IMAGE,0,1000,485,569,312,10,0,0,255,255,255,2,0,0,0,,,,,, -4





//オブジェクトベース1P,,,,,,,,,,,,,,,,,,,,
//SRC定義,(NULL),gr,x,y,w,h,div_x,div_y,cycle,timer,op1,op2,op3,,,,,,,
#SRC_IMAGE,0,6,0,431,288,482,1,1,0,0,0,0,0,,,,,,,
//DST定義,(NULL),time,x,y,w,h,acc,a,r,g,b,blend,filter,angle,center,loop,timer,op1,op2,op3
#DST_IMAGE,0,1400,307,482,288,0,0,0,255,255,255,1,0,0,0,1700,,,,
#DST_IMAGE,0,1700,307,0,288,482,0,255,255,255,255,1,0,0,0,,,,,

//オブジェクトベース2P,,,,,,,,,,,,,,,,,,,,
//SRC定義,(NULL),gr,x,y,w,h,div_x,div_y,cycle,timer,op1,op2,op3,,,,,,,
#SRC_IMAGE,0,6,592,852,288,482,1,1,0,0,0,0,0,,,,,,,
//DST定義,(NULL),time,x,y,w,h,acc,a,r,g,b,blend,filter,angle,center,loop,timer,op1,op2,op3
#DST_IMAGE,0,1400,685,482,288,0,0,0,255,255,255,1,0,0,0,1700,,,,
#DST_IMAGE,0,1700,685,0,288,482,0,255,255,255,255,1,0,0,0,,,,,




//判定ラインエフェクト,//timer140 リズムタイマー,,,,,,,,,,,,,,,,,,,
//SRC定義,(NULL),gr,x,y,w,h,div_x,div_y,cycle,timer,op1,op2,op3,,,,,,,
#SRC_IMAGE,0,26,0,0,144,20,1,1,0,140,0,0,0,,,,,,,
//DST定義,(NULL),time,x,y,w,h,acc,a,r,g,b,blend,filter,angle,center,loop,timer,op1,op2,op3
#DST_IMAGE,0,0,307,446,288,30,0,255,255,255,255,2,0,0,0,0,140,0,0,0
#DST_IMAGE,0,700,307,446,288,30,0,0,255,255,255,2,0,0,0,,,,,
#DST_IMAGE,0,1000,307,446,288,30,0,0,255,255,255,2,0,0,0,,,,,
//SRC定義,(NULL),gr,x,y,w,h,div_x,div_y,cycle,timer,op1,op2,op3,,,,,,,
#SRC_IMAGE,0,26,0,0,144,20,1,1,0,140,0,0,0,,,,,,,
//DST定義,(NULL),time,x,y,w,h,acc,a,r,g,b,blend,filter,angle,center,loop,timer,op1,op2,op3
#DST_IMAGE,0,1700,307,446,288,30,0,0,255,255,255,2,0,0,0,2000,,,,
#DST_IMAGE,0,2000,307,446,288,30,0,75,255,255,255,2,0,0,0,,,,,

//判定ラインエフェクト,//timer140 リズムタイマー,,,,,,,,,,,,,,,,,,,
//SRC定義,(NULL),gr,x,y,w,h,div_x,div_y,cycle,timer,op1,op2,op3,,,,,,,
#SRC_IMAGE,0,26,0,0,144,20,1,1,0,140,0,0,0,,,,,,,
//DST定義,(NULL),time,x,y,w,h,acc,a,r,g,b,blend,filter,angle,center,loop,timer,op1,op2,op3
#DST_IMAGE,0,0,685,446,288,30,0,255,255,255,255,2,0,0,0,0,140,0,0,0
#DST_IMAGE,0,700,685,446,288,30,0,0,255,255,255,2,0,0,0,,,,,
#DST_IMAGE,0,1000,685,446,288,30,0,0,255,255,255,2,0,0,0,,,,,
//SRC定義,(NULL),gr,x,y,w,h,div_x,div_y,cycle,timer,op1,op2,op3,,,,,,,
#SRC_IMAGE,0,26,0,0,144,20,1,1,0,140,0,0,0,,,,,,,
//DST定義,(NULL),time,x,y,w,h,acc,a,r,g,b,blend,filter,angle,center,loop,timer,op1,op2,op3
#DST_IMAGE,0,1700,685,446,288,30,0,0,255,255,255,2,0,0,0,2000,,,,
#DST_IMAGE,0,2000,685,446,288,30,0,75,255,255,255,2,0,0,0,,,,,

//////////////////////////////////////////////////////,,,,,,,,,,,,,,,,,,,,
//皿,,,,,,,,,,,,,,,,,,,,

//ベース,,,,,,,,,,,,,,,,,,,,
//SRC定義,(NULL),gr,x,y,w,h,div_x,div_y,cycle,timer,op1,op2,op3,,,,,,,
#SRC_IMAGE,0,7,0,0,25,28,1,1,0,0,0,0,0,,,,,,,
//DST定義,(NULL),time,x,y,w,h,acc,a,r,g,b,blend,filter,angle,center,loop,timer,op1,op2,op3
#DST_IMAGE,0,900,312,511,25,28,0,0,255,255,255,1,1,0,0,1200,,,,
#DST_IMAGE,0,1200,312,511,25,28,0,255,255,255,255,1,1,0,0,,,,,
//回転部分,,,,,,,,,,,,,,,,,,,,,
//op4=1で皿回転が加わります(元の回転は無視されます),,,,,,,,,,,,,,,,,,,,,
//SRC定義,(NULL),gr,x,y,w,h,div_x,div_y,cycle,timer,op1,op2,op3,,,,,,,,
#SRC_IMAGE,0,7,25,0,25,28,1,1,0,0,0,0,0,,,,,,,,
//DST定義,(NULL),time,x,y,w,h,acc,a,r,g,b,blend,filter,angle,center,loop,timer,op1,op2,op3,op4
#DST_IMAGE,0,900,312,511,25,28,0,0,255,255,255,1,1,0,0,1200,0,0,0,0,1
#DST_IMAGE,0,1200,312,511,25,28,0,255,255,255,255,1,1,0,0,0,0,0,0,0,1

//ベース,,,,,,,,,,,,,,,,,,,,
//SRC定義,(NULL),gr,x,y,w,h,div_x,div_y,cycle,timer,op1,op2,op3,,,,,,,
#SRC_IMAGE,0,7,0,0,25,28,1,1,0,0,0,0,0,,,,,,,
//DST定義,(NULL),time,x,y,w,h,acc,a,r,g,b,blend,filter,angle,center,loop,timer,op1,op2,op3
#DST_IMAGE,0,900,943,511,25,28,0,0,255,255,255,1,1,0,0,1200,,,,
#DST_IMAGE,0,1200,943,511,25,28,0,255,255,255,255,1,1,0,0,,,,,
//回転部分,,,,,,,,,,,,,,,,,,,,,
//op4=1で皿回転が加わります(元の回転は無視されます),,,,,,,,,,,,,,,,,,,,,
//SRC定義,(NULL),gr,x,y,w,h,div_x,div_y,cycle,timer,op1,op2,op3,,,,,,,,
#SRC_IMAGE,0,7,25,0,25,28,1,1,0,0,0,0,0,,,,,,,,
//DST定義,(NULL),time,x,y,w,h,acc,a,r,g,b,blend,filter,angle,center,loop,timer,op1,op2,op3,op4
#DST_IMAGE,0,900,943,511,25,28,0,0,255,255,255,1,1,0,0,1200,0,0,0,0,2
#DST_IMAGE,0,1200,943,511,25,28,0,255,255,255,255,1,1,0,0,0,0,0,0,0,2


//[判定ライン1],,,,,,,,,,,,,,,,,,,,,
//SRC定義,(NULL),gr,x,y,w,h,div_x,div_y,cycle,timer,op1,op2,op3,,,,,,,,
#SRC_JUDGELINE,0,25,0,0,144,6,1,1,0,0,0,0,0,,,,,,,,
//DST定義,(NULL),time,x,y,w,h,acc,a,r,g,b,blend,filter,angle,center,loop,timer,op1,op2,op3,
#DST_JUDGELINE,0,1250,307,476,288,0,0,255,255,255,255,1,0,0,0,1550,0,0,0,0,
#DST_JUDGELINE,0,1550,307,476,288,6,0,255,255,255,255,1,0,0,0,,,,,,

//[判定ライン2],,,,,,,,,,,,,,,,,,,,,
//SRC定義,(NULL),gr,x,y,w,h,div_x,div_y,cycle,timer,op1,op2,op3,,,,,,,,
#SRC_JUDGELINE,1,25,0,0,144,6,1,1,0,0,0,0,0,,,,,,,,
//DST定義,(NULL),time,x,y,w,h,acc,a,r,g,b,blend,filter,angle,center,loop,timer,op1,op2,op3,
#DST_JUDGELINE,1,1250,685,476,288,0,0,255,255,255,255,1,0,0,0,1550,0,0,0,0,
#DST_JUDGELINE,1,1550,685,476,288,6,0,255,255,255,255,1,0,0,0,,,,,,

///////////////////////////////////////////////////////////////////////////////////////////////////////////////,,,,,,,,,,,,,,,,,,,,,
//レーザー,,,,,,,,,,,,,,,,,,,,,
#SRC_IMAGE,0,15,0,0,60,482,1,1,0,100,0,0,0,,,,,,,,
#DST_IMAGE,0,0,307,482,60,0,0,255,255,255,255,1,0,0,0,-1,100,32,0,0,
#DST_IMAGE,0,50,307,482,60,-482,0,255,255,255,255,1,0,0,0,,,,,,
#DST_IMAGE,0,83,307,482,60,-482,0,255,255,255,255,1,0,0,0,,,,,,
#DST_IMAGE,0,167,337,482,0,-482,0,0,255,255,255,1,0,0,0,,,,,,
#SRC_IMAGE,0,15,0,0,60,482,1,1,0,100,0,0,0,,,,,,,,
#DST_IMAGE,0,0,307,482,60,0,0,255,255,255,255,1,0,0,0,50,100,33,0,0,
#DST_IMAGE,0,50,307,482,60,-482,0,255,255,255,255,1,0,0,0,,,,,,
#SRC_IMAGE,0,15,0,0,60,482,1,1,0,120,0,0,0,,,,,,,,
#DST_IMAGE,0,0,307,482,60,-482,0,255,255,255,255,1,0,0,0,-1,120,33,0,0,
#DST_IMAGE,0,83,337,482,0,-482,0,0,255,255,255,1,0,0,0,,,,,,
#SRC_IMAGE,0,15,61,0,34,482,1,1,0,101,0,0,0,,,,,,,,
#DST_IMAGE,0,0,369,482,34,-482,0,255,255,255,255,1,0,0,0,0,101,0,0,0,
#SRC_IMAGE,0,15,61,0,34,482,1,1,0,121,0,0,0,,,,,,,,
#DST_IMAGE,0,0,369,482,34,-482,0,255,255,255,255,1,0,0,0,-1,121,0,0,0,
#DST_IMAGE,0,83,386,482,0,-482,0,0,255,255,255,1,0,0,0,,,,,,
#SRC_IMAGE,0,15,96,0,26,482,1,1,0,102,0,0,0,,,,,,,,
#DST_IMAGE,0,0,405,482,26,-482,0,255,255,255,255,1,0,0,0,0,102,0,0,0,
#SRC_IMAGE,0,15,96,0,26,482,1,1,0,122,0,0,0,,,,,,,,
#DST_IMAGE,0,0,405,482,26,-482,0,255,255,255,255,1,0,0,0,-1,122,0,0,0,
#DST_IMAGE,0,83,418,482,0,-482,0,0,255,255,255,1,0,0,0,,,,,,
#SRC_IMAGE,0,15,61,0,34,482,1,1,0,103,0,0,0,,,,,,,,
#DST_IMAGE,0,0,433,482,34,-482,0,255,255,255,255,1,0,0,0,0,103,0,0,0,
#SRC_IMAGE,0,15,61,0,34,482,1,1,0,123,0,0,0,,,,,,,,
#DST_IMAGE,0,0,433,482,34,-482,0,255,255,255,255,1,0,0,0,-1,123,0,0,0,
#DST_IMAGE,0,83,450,482,0,-482,0,0,255,255,255,1,0,0,0,,,,,,
#SRC_IMAGE,0,15,96,0,26,482,1,1,0,104,0,0,0,,,,,,,,
#DST_IMAGE,0,0,469,482,26,-482,0,255,255,255,255,1,0,0,0,0,104,0,0,0,
#SRC_IMAGE,0,15,96,0,26,482,1,1,0,124,0,0,0,,,,,,,,
#DST_IMAGE,0,0,469,482,26,-482,0,255,255,255,255,1,0,0,0,-1,124,0,0,0,
#DST_IMAGE,0,83,482,482,0,-482,0,0,255,255,255,1,0,0,0,,,,,,
#SRC_IMAGE,0,15,61,0,34,482,1,1,0,105,0,0,0,,,,,,,,
#DST_IMAGE,0,0,497,482,34,-482,0,255,255,255,255,1,0,0,0,0,105,0,0,0,
#SRC_IMAGE,0,15,61,0,34,482,1,1,0,125,0,0,0,,,,,,,,
#DST_IMAGE,0,0,497,482,34,-482,0,255,255,255,255,1,0,0,0,-1,125,0,0,0,
#DST_IMAGE,0,83,514,482,0,-482,0,0,255,255,255,1,0,0,0,,,,,,
#SRC_IMAGE,0,15,96,0,26,482,1,1,0,106,0,0,0,,,,,,,,
#DST_IMAGE,0,0,533,482,26,-482,0,255,255,255,255,1,0,0,0,0,106,0,0,0,
#SRC_IMAGE,0,15,96,0,26,482,1,1,0,126,0,0,0,,,,,,,,
#DST_IMAGE,0,0,533,482,26,-482,0,255,255,255,255,1,0,0,0,-1,126,0,0,0,
#DST_IMAGE,0,83,546,482,0,-482,0,0,255,255,255,1,0,0,0,,,,,,
#SRC_IMAGE,0,15,61,0,34,482,1,1,0,107,0,0,0,,,,,,,,
#DST_IMAGE,0,0,561,482,34,-482,0,255,255,255,255,1,0,0,0,0,107,0,0,0,
#SRC_IMAGE,0,15,61,0,34,482,1,1,0,127,0,0,0,,,,,,,,
#DST_IMAGE,0,0,561,482,34,-482,0,255,255,255,255,1,0,0,0,-1,127,0,0,0,
#DST_IMAGE,0,83,578,482,0,-482,0,0,255,255,255,1,0,0,0,,,,,,
#SRC_IMAGE,0,15,0,0,60,482,1,1,0,110,0,0,0,,,,,,,,
#DST_IMAGE,0,0,913,482,60,0,0,255,255,255,255,1,0,0,0,-1,110,32,0,0,
#DST_IMAGE,0,50,913,482,60,-482,0,255,255,255,255,1,0,0,0,,,,,,
#DST_IMAGE,0,83,913,482,60,-482,0,255,255,255,255,1,0,0,0,,,,,,
#DST_IMAGE,0,167,943,482,0,-482,0,0,255,255,255,1,0,0,0,,,,,,
#SRC_IMAGE,0,15,0,0,60,482,1,1,0,110,0,0,0,,,,,,,,
#DST_IMAGE,0,0,913,482,60,0,0,255,255,255,255,1,0,0,0,50,110,33,0,0,
#DST_IMAGE,0,50,913,482,60,-482,0,255,255,255,255,1,0,0,0,,,,,,
#SRC_IMAGE,0,15,0,0,60,482,1,1,0,130,0,0,0,,,,,,,,
#DST_IMAGE,0,0,913,482,60,-482,0,255,255,255,255,1,0,0,0,-1,130,33,0,0,
#DST_IMAGE,0,83,943,482,0,-482,0,0,255,255,255,1,0,0,0,,,,,,
#SRC_IMAGE,0,15,61,0,34,482,1,1,0,111,0,0,0,,,,,,,,
#DST_IMAGE,0,0,685,482,34,-482,0,255,255,255,255,1,0,0,0,0,111,0,0,0,
#SRC_IMAGE,0,15,61,0,34,482,1,1,0,131,0,0,0,,,,,,,,
#DST_IMAGE,0,0,685,482,34,-482,0,255,255,255,255,1,0,0,0,-1,131,0,0,0,
#DST_IMAGE,0,83,702,482,0,-482,0,0,255,255,255,1,0,0,0,,,,,,
#SRC_IMAGE,0,15,96,0,26,482,1,1,0,112,0,0,0,,,,,,,,
#DST_IMAGE,0,0,721,482,26,-482,0,255,255,255,255,1,0,0,0,0,112,0,0,0,
#SRC_IMAGE,0,15,96,0,26,482,1,1,0,132,0,0,0,,,,,,,,
#DST_IMAGE,0,0,721,482,26,-482,0,255,255,255,255,1,0,0,0,-1,132,0,0,0,
#DST_IMAGE,0,83,734,482,0,-482,0,0,255,255,255,1,0,0,0,,,,,,
#SRC_IMAGE,0,15,61,0,34,482,1,1,0,113,0,0,0,,,,,,,,
#DST_IMAGE,0,0,749,482,34,-482,0,255,255,255,255,1,0,0,0,0,113,0,0,0,
#SRC_IMAGE,0,15,61,0,34,482,1,1,0,133,0,0,0,,,,,,,,
#DST_IMAGE,0,0,749,482,34,-482,0,255,255,255,255,1,0,0,0,-1,133,0,0,0,
#DST_IMAGE,0,83,766,482,0,-482,0,0,255,255,255,1,0,0,0,,,,,,
#SRC_IMAGE,0,15,96,0,26,482,1,1,0,114,0,0,0,,,,,,,,
#DST_IMAGE,0,0,785,482,26,-482,0,255,255,255,255,1,0,0,0,0,114,0,0,0,
#SRC_IMAGE,0,15,96,0,26,482,1,1,0,134,0,0,0,,,,,,,,
#DST_IMAGE,0,0,785,482,26,-482,0,255,255,255,255,1,0,0,0,-1,134,0,0,0,
#DST_IMAGE,0,83,798,482,0,-482,0,0,255,255,255,1,0,0,0,,,,,,
#SRC_IMAGE,0,15,61,0,34,482,1,1,0,115,0,0,0,,,,,,,,
#DST_IMAGE,0,0,813,482,34,-482,0,255,255,255,255,1,0,0,0,0,115,0,0,0,
#SRC_IMAGE,0,15,61,0,34,482,1,1,0,135,0,0,0,,,,,,,,
#DST_IMAGE,0,0,813,482,34,-482,0,255,255,255,255,1,0,0,0,-1,135,0,0,0,
#DST_IMAGE,0,83,830,482,0,-482,0,0,255,255,255,1,0,0,0,,,,,,
#SRC_IMAGE,0,15,96,0,26,482,1,1,0,116,0,0,0,,,,,,,,
#DST_IMAGE,0,0,849,482,26,-482,0,255,255,255,255,1,0,0,0,0,116,0,0,0,
#SRC_IMAGE,0,15,96,0,26,482,1,1,0,136,0,0,0,,,,,,,,
#DST_IMAGE,0,0,849,482,26,-482,0,255,255,255,255,1,0,0,0,-1,136,0,0,0,
#DST_IMAGE,0,83,862,482,0,-482,0,0,255,255,255,1,0,0,0,,,,,,
#SRC_IMAGE,0,15,61,0,34,482,1,1,0,117,0,0,0,,,,,,,,
#DST_IMAGE,0,0,877,482,34,-482,0,255,255,255,255,1,0,0,0,0,117,0,0,0,
#SRC_IMAGE,0,15,61,0,34,482,1,1,0,137,0,0,0,,,,,,,,
#DST_IMAGE,0,0,877,482,34,-482,0,255,255,255,255,1,0,0,0,-1,137,0,0,0,
#DST_IMAGE,0,83,894,482,0,-482,0,0,255,255,255,1,0,0,0,,,,,,

/////////////////////////////////////////////////////////////////////////////////////////////////,,,,,,,,,,,,,,,,,,,,
//ノート関連定義,,,,,,,,,,,,,,,,,,,,
//[小節線],,,,,,,,,,,,,,,,,,,,
//小節線0が1P側、1が2P側,,,,,,,,,,,,,,,,,,,,
#IF,920
//SRC定義,(NULL),gr,x,y,w,h,div_x,div_y,cycle,timer,op1,op2,op3,,,,,,,
#SRC_LINE,0,6,248,322,144,1,1,1,0,0,0,0,0,,,,,,,
//DST定義,(NULL),time,x,y,w,h,acc,a,r,g,b,blend,filter,angle,center,loop,timer,op1,op2,op3
#DST_LINE,0,0,25,320,144,1,0,255,255,255,255,1,0,0,0,0,0,0,0,0
#ELSEIF,921
//SRC定義,(NULL),gr,x,y,w,h,div_x,div_y,cycle,timer,op1,op2,op3,,,,,,,
#SRC_LINE,0,6,0,390,1,1,1,1,0,0,0,0,0,,,,,,,
//DST定義,(NULL),time,x,y,w,h,acc,a,r,g,b,blend,filter,angle,center,loop,timer,op1,op2,op3
#DST_LINE,0,0,307,480,288,2,0,255,255,255,255,1,0,0,0,0,0,0,0,0
//SRC定義,(NULL),gr,x,y,w,h,div_x,div_y,cycle,timer,op1,op2,op3,,,,,,,
#SRC_LINE,1,6,0,390,1,1,1,1,0,0,0,0,0,,,,,,,
//DST定義,(NULL),time,x,y,w,h,acc,a,r,g,b,blend,filter,angle,center,loop,timer,op1,op2,op3
#DST_LINE,1,0,685,480,288,2,0,255,255,255,255,1,0,0,0,0,0,0,0,0
#ENDIF

//[ノート関連定義],,,,,,,,,,,,,,,,,,,,
//indexは、0がスクラッチ、1～9が鍵盤です,,,,,,,,,,,,,,,,,,,,
//pmsの場合は、index1-9で定義して下さい。pms本体の記述形式とは異なり、2P側のレーンは使用していません。,,,,,,,,,,,,,,,,,,,,
//+10で2P側,,,,,,,,,,,,,

#SRC_NOTE,0,8,0,0,60,24,1,1,0,0,0,0,0,,,,,,,,
#SRC_NOTE,1,8,61,0,34,24,1,1,0,0,0,0,0,,,,,,,,
#SRC_NOTE,2,8,96,0,26,24,1,1,0,0,0,0,0,,,,,,,,
#SRC_NOTE,3,8,61,0,34,24,1,1,0,0,0,0,0,,,,,,,,
#SRC_NOTE,4,8,96,0,26,24,1,1,0,0,0,0,0,,,,,,,,
#SRC_NOTE,5,8,61,0,34,24,1,1,0,0,0,0,0,,,,,,,,
#SRC_NOTE,6,8,96,0,26,24,1,1,0,0,0,0,0,,,,,,,,
#SRC_NOTE,7,8,61,0,34,24,1,1,0,0,0,0,0,,,,,,,,
#SRC_AUTO_NOTE,0,8,123,0,60,24,1,1,0,0,0,0,0,,,,,,,,
#SRC_LN_END,0,8,0,51,60,24,1,1,0,0,0,0,0,,,,,,,,
#SRC_LN_END,1,8,61,51,34,24,1,1,0,0,0,0,0,,,,,,,,
#SRC_LN_END,2,8,96,51,26,24,1,1,0,0,0,0,0,,,,,,,,
#SRC_LN_END,3,8,61,51,34,24,1,1,0,0,0,0,0,,,,,,,,
#SRC_LN_END,4,8,96,51,26,24,1,1,0,0,0,0,0,,,,,,,,
#SRC_LN_END,5,8,61,51,34,24,1,1,0,0,0,0,0,,,,,,,,
#SRC_LN_END,6,8,96,51,26,24,1,1,0,0,0,0,0,,,,,,,,
#SRC_LN_END,7,8,61,51,34,24,1,1,0,0,0,0,0,,,,,,,,
#SRC_AUTO_LN_END,0,8,123,51,60,24,1,1,0,0,0,0,0,,,,,,,,
#SRC_LN_START,0,8,0,76,60,24,1,1,0,0,0,0,0,,,,,,,,
#SRC_LN_START,1,8,61,76,34,24,1,1,0,0,0,0,0,,,,,,,,
#SRC_LN_START,2,8,96,76,26,24,1,1,0,0,0,0,0,,,,,,,,
#SRC_LN_START,3,8,61,76,34,24,1,1,0,0,0,0,0,,,,,,,,
#SRC_LN_START,4,8,96,76,26,24,1,1,0,0,0,0,0,,,,,,,,
#SRC_LN_START,5,8,61,76,34,24,1,1,0,0,0,0,0,,,,,,,,
#SRC_LN_START,6,8,96,76,26,24,1,1,0,0,0,0,0,,,,,,,,
#SRC_LN_START,7,8,61,76,34,24,1,1,0,0,0,0,0,,,,,,,,
#SRC_AUTO_LN_START,0,8,123,76,60,24,1,1,0,0,0,0,0,,,,,,,,
#SRC_LN_BODY,0,8,0,101,60,24,1,24,266,70,0,0,0,,,,,,,,
#SRC_LN_BODY,1,8,61,101,34,24,1,24,266,71,0,0,0,,,,,,,,
#SRC_LN_BODY,2,8,96,101,26,24,1,24,266,72,0,0,0,,,,,,,,
#SRC_LN_BODY,3,8,61,101,34,24,1,24,266,73,0,0,0,,,,,,,,
#SRC_LN_BODY,4,8,96,101,26,24,1,24,266,74,0,0,0,,,,,,,,
#SRC_LN_BODY,5,8,61,101,34,24,1,24,266,75,0,0,0,,,,,,,,
#SRC_LN_BODY,6,8,96,101,26,24,1,24,266,76,0,0,0,,,,,,,,
#SRC_LN_BODY,7,8,61,101,34,24,1,24,266,77,0,0,0,,,,,,,,
#SRC_AUTO_LN_BODY,0,8,123,101,60,24,1,24,266,70,0,0,0,,,,,,,,
#SRC_MINE,0,8,0,25,60,24,1,1,0,0,0,0,0,,,,,,,,
#SRC_MINE,1,8,61,25,34,24,1,1,0,0,0,0,0,,,,,,,,
#SRC_MINE,2,8,96,25,26,24,1,1,0,0,0,0,0,,,,,,,,
#SRC_MINE,3,8,61,25,34,24,1,1,0,0,0,0,0,,,,,,,,
#SRC_MINE,4,8,96,25,26,24,1,1,0,0,0,0,0,,,,,,,,
#SRC_MINE,5,8,61,25,34,24,1,1,0,0,0,0,0,,,,,,,,
#SRC_MINE,6,8,96,25,26,24,1,1,0,0,0,0,0,,,,,,,,
#SRC_MINE,7,8,61,25,34,24,1,1,0,0,0,0,0,,,,,,,,
#SRC_AUTO_MINE,0,8,123,25,60,24,1,1,0,0,0,0,0,,,,,,,,
#SRC_NOTE,10,8,0,0,60,24,1,1,0,0,0,0,0,,,,,,,,
#SRC_NOTE,11,8,61,0,34,24,1,1,0,0,0,0,0,,,,,,,,
#SRC_NOTE,12,8,96,0,26,24,1,1,0,0,0,0,0,,,,,,,,
#SRC_NOTE,13,8,61,0,34,24,1,1,0,0,0,0,0,,,,,,,,
#SRC_NOTE,14,8,96,0,26,24,1,1,0,0,0,0,0,,,,,,,,
#SRC_NOTE,15,8,61,0,34,24,1,1,0,0,0,0,0,,,,,,,,
#SRC_NOTE,16,8,96,0,26,24,1,1,0,0,0,0,0,,,,,,,,
#SRC_NOTE,17,8,61,0,34,24,1,1,0,0,0,0,0,,,,,,,,
#SRC_AUTO_NOTE,10,8,123,0,60,24,1,1,0,0,0,0,0,,,,,,,,
#SRC_LN_END,10,8,0,51,60,24,1,1,0,0,0,0,0,,,,,,,,
#SRC_LN_END,11,8,61,51,34,24,1,1,0,0,0,0,0,,,,,,,,
#SRC_LN_END,12,8,96,51,26,24,1,1,0,0,0,0,0,,,,,,,,
#SRC_LN_END,13,8,61,51,34,24,1,1,0,0,0,0,0,,,,,,,,
#SRC_LN_END,14,8,96,51,26,24,1,1,0,0,0,0,0,,,,,,,,
#SRC_LN_END,15,8,61,51,34,24,1,1,0,0,0,0,0,,,,,,,,
#SRC_LN_END,16,8,96,51,26,24,1,1,0,0,0,0,0,,,,,,,,
#SRC_LN_END,17,8,61,51,34,24,1,1,0,0,0,0,0,,,,,,,,
#SRC_AUTO_LN_END,10,8,123,51,60,24,1,1,0,0,0,0,0,,,,,,,,
#SRC_LN_START,10,8,0,76,60,24,1,1,0,0,0,0,0,,,,,,,,
#SRC_LN_START,11,8,61,76,34,24,1,1,0,0,0,0,0,,,,,,,,
#SRC_LN_START,12,8,96,76,26,24,1,1,0,0,0,0,0,,,,,,,,
#SRC_LN_START,13,8,61,76,34,24,1,1,0,0,0,0,0,,,,,,,,
#SRC_LN_START,14,8,96,76,26,24,1,1,0,0,0,0,0,,,,,,,,
#SRC_LN_START,15,8,61,76,34,24,1,1,0,0,0,0,0,,,,,,,,
#SRC_LN_START,16,8,96,76,26,24,1,1,0,0,0,0,0,,,,,,,,
#SRC_LN_START,17,8,61,76,34,24,1,1,0,0,0,0,0,,,,,,,,
#SRC_AUTO_LN_START,10,8,123,76,60,24,1,1,0,0,0,0,0,,,,,,,,
#SRC_LN_BODY,10,8,0,101,60,24,1,24,266,80,0,0,0,,,,,,,,
#SRC_LN_BODY,11,8,61,101,34,24,1,24,266,81,0,0,0,,,,,,,,
#SRC_LN_BODY,12,8,96,101,26,24,1,24,266,82,0,0,0,,,,,,,,
#SRC_LN_BODY,13,8,61,101,34,24,1,24,266,83,0,0,0,,,,,,,,
#SRC_LN_BODY,14,8,96,101,26,24,1,24,266,84,0,0,0,,,,,,,,
#SRC_LN_BODY,15,8,61,101,34,24,1,24,266,85,0,0,0,,,,,,,,
#SRC_LN_BODY,16,8,96,101,26,24,1,24,266,86,0,0,0,,,,,,,,
#SRC_LN_BODY,17,8,61,101,34,24,1,24,266,87,0,0,0,,,,,,,,
#SRC_AUTO_LN_BODY,10,8,123,101,60,24,1,24,266,80,0,0,0,,,,,,,,
#SRC_MINE,10,8,0,25,60,24,1,1,0,0,0,0,0,,,,,,,,
#SRC_MINE,11,8,61,25,34,24,1,1,0,0,0,0,0,,,,,,,,
#SRC_MINE,12,8,96,25,26,24,1,1,0,0,0,0,0,,,,,,,,
#SRC_MINE,13,8,61,25,34,24,1,1,0,0,0,0,0,,,,,,,,
#SRC_MINE,14,8,96,25,26,24,1,1,0,0,0,0,0,,,,,,,,
#SRC_MINE,15,8,61,25,34,24,1,1,0,0,0,0,0,,,,,,,,
#SRC_MINE,16,8,96,25,26,24,1,1,0,0,0,0,0,,,,,,,,
#SRC_MINE,17,8,61,25,34,24,1,1,0,0,0,0,0,,,,,,,,
#SRC_AUTO_MINE,10,2,123,25,60,24,1,1,0,0,0,0,0,,,,,,,,
#DST_NOTE,0,0,307,466,60,24,0,255,255,255,255,0,0,0,0,0,0,0,0,0,
#DST_NOTE,1,0,369,466,34,24,0,255,255,255,255,0,0,0,0,0,0,0,0,0,
#DST_NOTE,2,0,405,466,26,24,0,255,255,255,255,0,0,0,0,0,0,0,0,0,
#DST_NOTE,3,0,433,466,34,24,0,255,255,255,255,0,0,0,0,0,0,0,0,0,
#DST_NOTE,4,0,469,466,26,24,0,255,255,255,255,0,0,0,0,0,0,0,0,0,
#DST_NOTE,5,0,497,466,34,24,0,255,255,255,255,0,0,0,0,0,0,0,0,0,
#DST_NOTE,6,0,533,466,26,24,0,255,255,255,255,0,0,0,0,0,0,0,0,0,
#DST_NOTE,7,0,561,466,34,24,0,255,255,255,255,0,0,0,0,0,0,0,0,0,
#DST_NOTE,10,0,913,466,60,24,0,255,255,255,255,0,0,0,0,0,0,0,0,0,
#DST_NOTE,11,0,685,466,34,24,0,255,255,255,255,0,0,0,0,0,0,0,0,0,
#DST_NOTE,12,0,721,466,26,24,0,255,255,255,255,0,0,0,0,0,0,0,0,0,
#DST_NOTE,13,0,749,466,34,24,0,255,255,255,255,0,0,0,0,0,0,0,0,0,
#DST_NOTE,14,0,785,466,26,24,0,255,255,255,255,0,0,0,0,0,0,0,0,0,
#DST_NOTE,15,0,813,466,34,24,0,255,255,255,255,0,0,0,0,0,0,0,0,0,
#DST_NOTE,16,0,849,466,26,24,0,255,255,255,255,0,0,0,0,0,0,0,0,0,
#DST_NOTE,17,0,877,466,34,24,0,255,255,255,255,0,0,0,0,0,0,0,0,0,
///////////////////////////////////////////////////////////////////////////////////////////////////////////////,,,,,,,,,,,,,,,,,,,,

//SRC定義,(NULL),gr,x,y,w,h,div_x,div_y,cycle,timer,op1,op2,op3,,,,,,,
#SRC_IMAGE,0,2,0,2405,165,42,1,1,0,0,0,0,0,,,,,,,
//DST定義,(NULL),time,x,y,w,h,acc,a,r,g,b,blend,filter,angle,center,loop,timer,op1,op2,op3
#DST_IMAGE,0,0,44,0,165,42,0,0,255,255,255,1,0,0,0,500,0,280,290,0
#DST_IMAGE,0,500,44,0,165,42,0,255,255,255,255,1,0,0,0,2500
#DST_IMAGE,0,2500,44,0,165,42,0,255,255,255,255,1,0,0,0
#DST_IMAGE,0,3000,44,0,165,42,0,70,255,255,255,1,0,0,0
#DST_IMAGE,0,3500,44,0,165,42,0,255,255,255,255,1,0,0,0
//SRC定義,(NULL),gr,x,y,w,h,div_x,div_y,cycle,timer,op1,op2,op3,,,,,,,
#SRC_IMAGE,0,2,0,2447,165,42,1,1,0,0,0,0,0,,,,,,,
//DST定義,(NULL),time,x,y,w,h,acc,a,r,g,b,blend,filter,angle,center,loop,timer,op1,op2,op3
#DST_IMAGE,0,0,44,0,165,42,0,0,255,255,255,1,0,0,0,500,0,281,290,0
#DST_IMAGE,0,500,44,0,165,42,0,255,255,255,255,1,0,0,0,2500
#DST_IMAGE,0,2500,44,0,165,42,0,255,255,255,255,1,0,0,0
#DST_IMAGE,0,3000,44,0,165,42,0,70,255,255,255,1,0,0,0
#DST_IMAGE,0,3500,44,0,165,42,0,255,255,255,255,1,0,0,0
//SRC定義,(NULL),gr,x,y,w,h,div_x,div_y,cycle,timer,op1,op2,op3,,,,,,,
#SRC_IMAGE,0,2,0,2489,165,42,1,1,0,0,0,0,0,,,,,,,
//DST定義,(NULL),time,x,y,w,h,acc,a,r,g,b,blend,filter,angle,center,loop,timer,op1,op2,op3
#DST_IMAGE,0,0,44,0,165,42,0,0,255,255,255,1,0,0,0,500,0,282,290,0
#DST_IMAGE,0,500,44,0,165,42,0,255,255,255,255,1,0,0,0,2500
#DST_IMAGE,0,2500,44,0,165,42,0,255,255,255,255,1,0,0,0
#DST_IMAGE,0,3000,44,0,165,42,0,70,255,255,255,1,0,0,0
#DST_IMAGE,0,3500,44,0,165,42,0,255,255,255,255,1,0,0,0
//SRC定義,(NULL),gr,x,y,w,h,div_x,div_y,cycle,timer,op1,op2,op3,,,,,,,
#SRC_IMAGE,0,2,0,2154,165,42,1,1,0,0,0,0,0,,,,,,,
//DST定義,(NULL),time,x,y,w,h,acc,a,r,g,b,blend,filter,angle,center,loop,timer,op1,op2,op3
#DST_IMAGE,0,0,44,0,165,42,0,0,255,255,255,1,0,0,0,500,0,283,290,0
#DST_IMAGE,0,500,44,0,165,42,0,255,255,255,255,1,0,0,0,2500
#DST_IMAGE,0,2500,44,0,165,42,0,255,255,255,255,1,0,0,0
#DST_IMAGE,0,3000,44,0,165,42,0,70,255,255,255,1,0,0,0
#DST_IMAGE,0,3500,44,0,165,42,0,255,255,255,255,1,0,0,0
//SRC定義,(NULL),gr,x,y,w,h,div_x,div_y,cycle,timer,op1,op2,op3,,,,,,,
#SRC_IMAGE,0,2,0,2196,165,42,1,1,0,0,0,0,0,,,,,,,
//DST定義,(NULL),time,x,y,w,h,acc,a,r,g,b,blend,filter,angle,center,loop,timer,op1,op2,op3
#DST_IMAGE,0,0,44,0,165,42,0,0,255,255,255,1,0,0,0,500,0,289,290,0
#DST_IMAGE,0,500,44,0,165,42,0,255,255,255,255,1,0,0,0,2500
#DST_IMAGE,0,2500,44,0,165,42,0,255,255,255,255,1,0,0,0
#DST_IMAGE,0,3000,44,0,165,42,0,70,255,255,255,1,0,0,0
#DST_IMAGE,0,3500,44,0,165,42,0,255,255,255,255,1,0,0,0


//SRC定義,(NULL),gr,x,y,w,h,div_x,div_y,cycle,timer,op1,op2,op3,,,,,,,
#SRC_IMAGE,0,2,0,2321,165,42,1,1,0,0,0,0,0,,,,,,,


//DST定義,(NULL),time,x,y,w,h,acc,a,r,g,b,blend,filter,angle,center,loop,timer,op1,op2,op3
#DST_IMAGE,0,0,44,0,165,42,0,0,255,255,255,1,0,0,0,500,0,-290,0,0
#DST_IMAGE,0,500,44,0,165,42,0,255,255,255,255,1,0,0,0,2500
#DST_IMAGE,0,2500,44,0,165,42,0,255,255,255,255,1,0,0,0
#DST_IMAGE,0,3000,44,0,165,42,0,70,255,255,255,1,0,0,0
#DST_IMAGE,0,3500,44,0,165,42,0,255,255,255,255,1,0,0,0


//DIFFICULTY,,,,,,,,,,,,,,,


#IF,150
//BEGINNER,option151 difficulty1 (easy),,,,,,,,,,,,,,
//SRC定義,(NULL),gr,x,y,w,h,div_x,div_y,cycle,timer,op1,op2,op3,,
#SRC_IMAGE,0,2,0,1374,167,47,1,1,0,0,0,0,0,,
#ENDIF,,,,,,,,,,,,,

#IF,151
//BEGINNER,option151 difficulty1 (easy),,,,,,,,,,,,,,
//SRC定義,(NULL),gr,x,y,w,h,div_x,div_y,cycle,timer,op1,op2,op3,,
#SRC_IMAGE,0,2,0,1422,167,47,1,1,0,0,0,0,0,,
#ENDIF,,,,,,,,,,,,,

#IF,152,,,,,,,,,,,,,,
//NORMAL,option152 difficulty2 (normal),,,,,,,,,,,,,,
//SRC定義,(NULL),gr,x,y,w,h,div_x,div_y,cycle,timer,op1,op2,op3,,
#SRC_IMAGE,0,2,0,1469,167,47,1,1,0,0,0,0,0,,
#ENDIF,,,,,,,,,,,,,

#IF,153,,,,,,,,,,,,
//HYPER,option153 difficulty3 (hyper),,,,,,,,,,,,
//SRC定義,(NULL),gr,x,y,w,h,div_x,div_y,cycle,timer,op1,op2,op3
#SRC_IMAGE,0,2,0,1516,167,47,1,1,0,0,0,0,0
#ENDIF,,,,,,,,,,,,,

#IF,154,,,,,,,,,,,,
//ANOTHER,option154 difficulty4 (another),,,,,,,,,,,,
//SRC定義,(NULL),gr,x,y,w,h,div_x,div_y,cycle,timer,op1,op2,op3
#SRC_IMAGE,0,2,0,1563,167,47,1,1,0,0,0,0,0
#ENDIF,,,,,,,,,,,,,

#IF,155,,,,,,,,,,,,
//MANIAC,option155 difficulty5 (maniac),,,,,,,,,,,,
//SRC定義,(NULL),gr,x,y,w,h,div_x,div_y,cycle,timer,op1,op2,op3,,,,,,,
#SRC_IMAGE,0,2,0,1610,167,47,1,1,0,0,0,0,0,,,,,,,
#ENDIF,,,,,,,,,,,,,,,,,,,,

//DST定義,(NULL),time,x,y,w,h,acc,a,r,g,b,blend,filter,angle,center,loop,timer,op1,op2,op3
#DST_IMAGE,0,1200,296,581,167,47,0,0,255,255,255,1,0,0,0,1500,0,0,0,0
#DST_IMAGE,0,1500,296,581,167,47,0,255,255,255,255,1,0,0,0,0,0,0,0,0

//レベル表示
-Beginner-
#SRC_NUMBER,0,2,0,1346,160,11,10,1,0,0,45,0,2,,,,,,,
//DST定義,(NULL),time,x,y,w,h,acc,a,r,g,b,blend,filter,angle,center,loop,timer,op1,op2,op3
#DST_NUMBER,0,1000,411,599,16,11,0,0,255,255,255,1,0,0,0,1500,0,151,0,0
#DST_NUMBER,0,1500,411,599,16,11,0,255,255,255,255,1,0,0,0,,,,,
-Normal-
#SRC_NUMBER,0,2,0,1346,160,11,10,1,0,0,46,0,2,,,,,,,
//DST定義,(NULL),time,x,y,w,h,acc,a,r,g,b,blend,filter,angle,center,loop,timer,op1,op2,op3
#DST_NUMBER,0,1000,411,599,16,11,0,0,255,255,255,1,0,0,0,1500,0,152,0,0
#DST_NUMBER,0,1500,411,599,16,11,0,255,255,255,255,1,0,0,0,,,,,
-Hyper-
#SRC_NUMBER,0,2,0,1346,160,11,10,1,0,0,47,0,2,,,,,,,
//DST定義,(NULL),time,x,y,w,h,acc,a,r,g,b,blend,filter,angle,center,loop,timer,op1,op2,op3
#DST_NUMBER,0,1000,411,599,16,11,0,0,255,255,255,1,0,0,0,1500,0,153,0,0
#DST_NUMBER,0,1500,411,599,16,11,0,255,255,255,255,1,0,0,0,,,,,
-Another-
#SRC_NUMBER,0,2,0,1346,160,11,10,1,0,0,48,0,2,,,,,,,
//DST定義,(NULL),time,x,y,w,h,acc,a,r,g,b,blend,filter,angle,center,loop,timer,op1,op2,op3
#DST_NUMBER,0,1000,411,599,16,11,0,0,255,255,255,1,0,0,0,1500,0,154,0,0
#DST_NUMBER,0,1500,411,599,16,11,0,255,255,255,255,1,0,0,0,,,,,
-Insane-
#SRC_NUMBER,0,2,0,1346,160,11,10,1,0,0,49,0,2,,,,,,,
//DST定義,(NULL),time,x,y,w,h,acc,a,r,g,b,blend,filter,angle,center,loop,timer,op1,op2,op3
#DST_NUMBER,0,1000,411,599,16,11,0,0,255,255,255,1,0,0,0,1500,0,155,0,0
#DST_NUMBER,0,1500,411,599,16,11,0,255,255,255,255,1,0,0,0,,,,,
//カバー,,,,,,,,,,,,,,,,,,,,


//スコアグラフ,,,,,,,,,,,,,,,,,,,,
//上方向に伸ばすために、hを負の値に、mukiを1に指定します。,,,,,,,,,,,,,,,,,,,,
//option32 autoplay off,,,,,,,,,,,,,,,,,,,,
//option39 scoregraph on,,,,,,,,,,,,,,,,,,,,
//timer40 READY,,,,,,,,,,,,,,,,,,,,

//スコアグラフ背景,,,,,,,,,,,,,,,,,,,,
//SRC定義,(NULL),gr,x,y,w,h,div_x,div_y,cycle,timer,op1,op2,op3,,,,,,,
#SRC_IMAGE,0,20,0,0,277,583,1,1,0,0,0,0,0,,,,,,,
//DST定義,(NULL),time,x,y,w,h,acc,a,r,g,b,blend,filter,angle,center,loop,timer,op1,op2,op3
#DST_IMAGE,0,800,1001,100,277,583,0,0,255,255,255,1,0,0,0,1300,0,32,39,0
#DST_IMAGE,0,1300,1001,100,277,583,0,255,255,255,255,1,0,0,0,0,0,32,39,0

//スコアグラフフレーム,,,,,,,,,,,,,,,,,,,,
//SRC定義,(NULL),gr,x,y,w,h,div_x,div_y,cycle,timer,op1,op2,op3,,,,,,,
#SRC_IMAGE,0,2,1283,0,281,720,1,1,0,0,0,0,0,,,,,,,
//DST定義,(NULL),time,x,y,w,h,acc,a,r,g,b,blend,filter,angle,center,loop,timer,op1,op2,op3
#DST_IMAGE,0,800,999,0,281,720,0,0,255,255,255,1,0,0,0,1300,0,32,39,0
#DST_IMAGE,0,1300,999,0,281,720,0,255,255,255,255,1,0,0,0,0,0,32,39,0

//スコアグラフフレーム白,,,,,,,,,,,,,,,,,,,,
//SRC定義,(NULL),gr,x,y,w,h,div_x,div_y,cycle,timer,op1,op2,op3,,,,,,,
#SRC_IMAGE,0,111,0,0,1,1,1,1,0,0,0,0,0,,,,,,,
//DST定義,(NULL),time,x,y,w,h,acc,a,r,g,b,blend,filter,angle,center,loop,timer,op1,op2,op3
#DST_IMAGE,0,700,999,0,281,720,0,155,255,255,255,2,0,0,0,1260,0,32,39,0
#DST_IMAGE,0,1260,999,0,281,720,0,0,255,255,255,2,0,0,0,0,0,32,39,0

//AAA確定,//option220 AAA確定,,,,,,,,,,,,,,,,,,,
//SRC定義,(NULL),gr,x,y,w,h,div_x,div_y,cycle,timer,op1,op2,op3,,,,,,,
#SRC_IMAGE,0,2,0,2245,277,14,1,1,0,40,0,0,0,,,,,,,
//DST定義,(NULL),time,x,y,w,h,acc,a,r,g,b,blend,filter,angle,center,loop,timer,op1,op2,op3
#DST_IMAGE,0,0,1001,136,277,14,0,255,255,255,255,1,0,0,0,0,40,32,39,220

//AA確定,//option221 AA確定,,,,,,,,,,,,,,,,,,,
//SRC定義,(NULL),gr,x,y,w,h,div_x,div_y,cycle,timer,op1,op2,op3,,,,,,,
#SRC_IMAGE,0,2,0,2260,277,14,1,1,0,40,0,0,0,,,,,,,
//DST定義,(NULL),time,x,y,w,h,acc,a,r,g,b,blend,filter,angle,center,loop,timer,op1,op2,op3
#DST_IMAGE,0,0,1001,184,277,14,0,255,255,255,255,1,0,0,0,0,40,32,39,221

//A確定,//option222 A確定,,,,,,,,,,,,,,,,,,,
//SRC定義,(NULL),gr,x,y,w,h,div_x,div_y,cycle,timer,op1,op2,op3,,,,,,,
#SRC_IMAGE,0,2,0,2275,277,14,1,1,0,40,0,0,0,,,,,,,
//DST定義,(NULL),time,x,y,w,h,acc,a,r,g,b,blend,filter,angle,center,loop,timer,op1,op2,op3
#DST_IMAGE,0,0,1001,232,277,14,0,255,255,255,255,1,0,0,0,0,40,32,39,222

//now score,//type10 1P EXSCORE,,,,,,,,,,,,,,,,,,,
//SRC定義,(NULL),gr,x,y,w,h,div_x,div_y,cycle,timer,type,muki,op3,,,,,,,
#SRC_BARGRAPH,0,17,0,0,896,448,896,1,10000,0,10,1,0,,,,,,,
//DST定義,(NULL),time,x,y,w,h,acc,a,r,g,b,blend,filter,angle,center,loop,timer,op1,op2,op3
#DST_BARGRAPH,0,1350,1044,544,75,0,2,255,255,255,255,1,0,0,0,1850,0,32,39,0
#DST_BARGRAPH,0,1850,1044,544,75,-444,2,255,255,255,255,1,0,0,0,,,,,

//mybest bg,//type13 1P HIGHSCORE最終値,,,,,,,,,,,,,,,,,,,
//SRC定義,(NULL),gr,x,y,w,h,div_x,div_y,cycle,timer,type,muki,op3,,,,,,,
#SRC_BARGRAPH,0,12,50,0,34,249,1,1,0,0,13,1,0,,,,,,,
//DST定義,(NULL),time,x,y,w,h,acc,a,r,g,b,blend,filter,angle,center,loop,timer,op1,op2,op3
#DST_BARGRAPH,0,1350,1122,544,77,0,2,255,255,255,255,1,0,0,0,1850,0,32,39,0
#DST_BARGRAPH,0,1850,1122,544,77,-444,2,255,255,255,255,1,0,0,0,,,,,

//mybest(FirstTry),//type10 1P EXSCORE,,,,//option100 NOT PLAYED,,,,,,,,,,,,,,,
//SRC定義,(NULL),gr,x,y,w,h,div_x,div_y,cycle,timer,type,muki,op3,,,,,,,
#SRC_BARGRAPH,0,17,0,449,896,448,896,1,10000,0,10,1,0,,,,,,,
//DST定義,(NULL),time,x,y,w,h,acc,a,r,g,b,blend,filter,angle,center,loop,timer,op1,op2,op3
#DST_BARGRAPH,0,1350,1123,544,75,0,2,255,255,255,255,1,0,0,0,1850,0,32,39,100
#DST_BARGRAPH,0,1850,1123,544,75,-444,2,255,255,255,255,1,0,0,0,,,,,

//mybest,//type12 1P HIGHSCORE現在値,,,,,,,,,,,,,,,,,,,
//SRC定義,(NULL),gr,x,y,w,h,div_x,div_y,cycle,timer,type,muki,op3,,,,,,,
#SRC_BARGRAPH,0,17,0,449,896,448,896,1,10000,0,12,1,0,,,,,,,
//DST定義,(NULL),time,x,y,w,h,acc,a,r,g,b,blend,filter,angle,center,loop,timer,op1,op2,op3
#DST_BARGRAPH,0,1350,1123,544,75,0,2,255,255,255,255,1,0,0,0,1850,0,32,39,0
#DST_BARGRAPH,0,1850,1123,544,75,-444,2,255,255,255,255,1,0,0,0,,,,,

//target bg,//type15 2P(target) EXSCORE最終値,,,,,,,,,,,,,,,,,,,
//SRC定義,(NULL),gr,x,y,w,h,div_x,div_y,cycle,timer,type,muki,op3,,,,,,,
#SRC_BARGRAPH,0,12,50,0,34,249,1,1,0,0,15,1,0,,,,,,,
//DST定義,(NULL),time,x,y,w,h,acc,a,r,g,b,blend,filter,angle,center,loop,timer,op1,op2,op3
#DST_BARGRAPH,0,1350,1201,544,77,0,2,255,255,255,255,1,0,0,0,1850,0,32,39,0
#DST_BARGRAPH,0,1850,1201,544,77,-444,2,255,255,255,255,1,0,0,0,,,,,

//target,//type14 2P(target) EXSCORE現在値,,,,,,,,,,,,,,,,,,,
//SRC定義,(NULL),gr,x,y,w,h,div_x,div_y,cycle,timer,type,muki,op3,,,,,,,
#SRC_BARGRAPH,0,17,0,898,896,448,896,1,10000,0,14,1,0,,,,,,,
//DST定義,(NULL),time,x,y,w,h,acc,a,r,g,b,blend,filter,angle,center,loop,timer,op1,op2,op3
#DST_BARGRAPH,0,1350,1202,544,75,0,2,255,255,255,255,1,0,0,0,1850,0,32,39,0
#DST_BARGRAPH,0,1850,1202,544,75,-444,2,255,255,255,255,1,0,0,0,,,,,


//MY EXSCORE,//number101 exscore,,,,,,,,,,,,,,,,,,,
//SRC定義,(null),gr,x,y,w,h,div_x,div_y,cycle,timer,num,align,keta,,,,,,,
#SRC_NUMBER,0,6,0,1298,253,20,11,1,0,0,101,0,4,,,,,,,
//DST定義,(NULL),time,x,y,w,h,acc,a,r,g,b,blend,filter,angle,center,loop,timer,op1,op2,op3
#DST_NUMBER,0,1350,1185,37,20,17,0,0,255,255,255,1,1,0,0,1550,0,32,39,0
#DST_NUMBER,0,1550,1185,37,20,17,0,255,255,255,255,1,1,0,0,0,0

//TARGET EXSCORE,//number151 ターゲット現在値,,,,,,,,,,,,,,,,,,,
//SRC定義,(null),gr,x,y,w,h,div_x,div_y,cycle,timer,num,align,keta,,,,,,,
#SRC_NUMBER,0,6,0,1298,253,20,11,1,0,0,151,0,4,,,,,,,
//DST定義,(NULL),time,x,y,w,h,acc,a,r,g,b,blend,filter,angle,center,loop,timer,op1,op2,op3
#DST_NUMBER,0,1350,1185,63,20,17,0,0,255,255,255,1,1,0,0,1550,0,32,39,0
#DST_NUMBER,0,1550,1185,63,20,17,0,255,255,255,255,1,1,0,0,0,0



//キーフラッシュ,//timer100- キーオンタイマー,,,,,,,,,,,,,,,,,,,

//1,,,,,,,,,,,,,,,,,,,,
//SRC定義,(NULL),gr,x,y,w,h,div_x,div_y,cycle,timer,op1,op2,op3,,,,,,,
#SRC_IMAGE,0,24,0,0,13,31,1,1,0,101,0,0,0,,,,,,,
//DST定義,(NULL),time,x,y,w,h,acc,a,r,g,b,blend,filter,angle,center,loop,timer,op1,op2,op3
#DST_IMAGE,0,0,373,493,28,47,0,255,255,255,255,2,0,0,0,0,101,0,0,0

//2,,,,,,,,,,,,,,,,,,,,
//SRC定義,(NULL),gr,x,y,w,h,div_x,div_y,cycle,timer,op1,op2,op3,,,,,,,
#SRC_IMAGE,0,24,0,0,13,31,1,1,0,102,0,0,0,,,,,,,
//DST定義,(NULL),time,x,y,w,h,acc,a,r,g,b,blend,filter,angle,center,loop,timer,op1,op2,op3
#DST_IMAGE,0,0,409,488,20,40,0,255,255,255,255,2,0,0,0,0,102,0,0,0

//3,,,,,,,,,,,,,,,,,,,,
//SRC定義,(NULL),gr,x,y,w,h,div_x,div_y,cycle,timer,op1,op2,op3,,,,,,,
#SRC_IMAGE,0,24,0,0,13,31,1,1,0,103,0,0,0,,,,,,,
//DST定義,(NULL),time,x,y,w,h,acc,a,r,g,b,blend,filter,angle,center,loop,timer,op1,op2,op3
#DST_IMAGE,0,0,437,493,28,47,0,255,255,255,255,2,0,0,0,0,103,0,0,0

//4,,,,,,,,,,,,,,,,,,,,
//SRC定義,(NULL),gr,x,y,w,h,div_x,div_y,cycle,timer,op1,op2,op3,,,,,,,
#SRC_IMAGE,0,24,0,0,13,31,1,1,0,104,0,0,0,,,,,,,
//DST定義,(NULL),time,x,y,w,h,acc,a,r,g,b,blend,filter,angle,center,loop,timer,op1,op2,op3
#DST_IMAGE,0,0,473,488,20,40,0,255,255,255,255,2,0,0,0,0,104,0,0,0

//5,,,,,,,,,,,,,,,,,,,,
//SRC定義,(NULL),gr,x,y,w,h,div_x,div_y,cycle,timer,op1,op2,op3,,,,,,,
#SRC_IMAGE,0,24,0,0,13,31,1,1,0,105,0,0,0,,,,,,,
//DST定義,(NULL),time,x,y,w,h,acc,a,r,g,b,blend,filter,angle,center,loop,timer,op1,op2,op3
#DST_IMAGE,0,0,501,493,28,47,0,255,255,255,255,2,0,0,0,0,105,0,0,0

//6,,,,,,,,,,,,,,,,,,,,
//SRC定義,(NULL),gr,x,y,w,h,div_x,div_y,cycle,timer,op1,op2,op3,,,,,,,
#SRC_IMAGE,0,24,0,0,13,31,1,1,0,106,0,0,0,,,,,,,
//DST定義,(NULL),time,x,y,w,h,acc,a,r,g,b,blend,filter,angle,center,loop,timer,op1,op2,op3
#DST_IMAGE,0,0,537,488,20,40,0,255,255,255,255,2,0,0,0,0,106,0,0,0

//7,,,,,,,,,,,,,,,,,,,,
//SRC定義,(NULL),gr,x,y,w,h,div_x,div_y,cycle,timer,op1,op2,op3,,,,,,,
#SRC_IMAGE,0,24,0,0,13,31,1,1,0,107,0,0,0,,,,,,,
//DST定義,(NULL),time,x,y,w,h,acc,a,r,g,b,blend,filter,angle,center,loop,timer,op1,op2,op3
#DST_IMAGE,0,0,565,493,28,47,0,255,255,255,255,2,0,0,0,0,107,0,0,0

//キーフラッシュ,//timer110- キーオンタイマー

//1
//SRC定義,(NULL),gr,x,y,w,h,div_x,div_y,cycle,timer,op1,op2,op3
#SRC_IMAGE,0,24,0,0,13,31,1,1,0,111,0,0,0,,,,,,,,
//DST定義,(NULL),time,x,y,w,h,acc,a,r,g,b,blend,filter,angle,center,loop,timer,op1,op2,op3,
#DST_IMAGE,0,0,687,493,28,47,0,255,255,255,255,2,0,0,0,0,111,0,0,0,

//2
//SRC定義,(NULL),gr,x,y,w,h,div_x,div_y,cycle,timer,op1,op2,op3
#SRC_IMAGE,0,24,0,0,13,31,1,1,0,112,0,0,0,,,,,,,,
//DST定義,(NULL),time,x,y,w,h,acc,a,r,g,b,blend,filter,angle,center,loop,timer,op1,op2,op3,
#DST_IMAGE,0,0,723,488,20,40,0,255,255,255,255,2,0,0,0,0,112,0,0,0,

//3
//SRC定義,(NULL),gr,x,y,w,h,div_x,div_y,cycle,timer,op1,op2,op3
#SRC_IMAGE,0,24,0,0,13,31,1,1,0,113,0,0,0,,,,,,,,
//DST定義,(NULL),time,x,y,w,h,acc,a,r,g,b,blend,filter,angle,center,loop,timer,op1,op2,op3,
#DST_IMAGE,0,0,751,493,28,47,0,255,255,255,255,2,0,0,0,0,113,0,0,0,

//4
//SRC定義,(NULL),gr,x,y,w,h,div_x,div_y,cycle,timer,op1,op2,op3
#SRC_IMAGE,0,24,0,0,13,31,1,1,0,114,0,0,0,,,,,,,,
//DST定義,(NULL),time,x,y,w,h,acc,a,r,g,b,blend,filter,angle,center,loop,timer,op1,op2,op3,
#DST_IMAGE,0,0,787,488,20,40,0,255,255,255,255,2,0,0,0,0,114,0,0,0,

//5
//SRC定義,(NULL),gr,x,y,w,h,div_x,div_y,cycle,timer,op1,op2,op3,,,,,,,,
#SRC_IMAGE,0,24,0,0,13,31,1,1,0,115,0,0,0,,,,,,,,
//DST定義,(NULL),time,x,y,w,h,acc,a,r,g,b,blend,filter,angle,center,loop,timer,op1,op2,op3,
#DST_IMAGE,0,0,815,493,28,47,0,255,255,255,255,2,0,0,0,0,115,0,0,0,

//6
//SRC定義,(NULL),gr,x,y,w,h,div_x,div_y,cycle,timer,op1,op2,op3,,,,,,,,
#SRC_IMAGE,0,24,0,0,13,31,1,1,0,116,0,0,0,,,,,,,,
//DST定義,(NULL),time,x,y,w,h,acc,a,r,g,b,blend,filter,angle,center,loop,timer,op1,op2,op3,
#DST_IMAGE,0,0,851,488,20,40,0,255,255,255,255,2,0,0,0,0,116,0,0,0,

//7
//SRC定義,(NULL),gr,x,y,w,h,div_x,div_y,cycle,timer,op1,op2,op3,,,,,,,,
#SRC_IMAGE,0,24,0,0,13,31,1,1,0,117,0,0,0,,,,,,,,
//DST定義,(NULL),time,x,y,w,h,acc,a,r,g,b,blend,filter,angle,center,loop,timer,op1,op2,op3,
#DST_IMAGE,0,0,879,493,28,47,0,255,255,255,255,2,0,0,0,0,117,0,0,0,


//レーンカバー (161 5keys時のみ,,,,,,,,,,,,,,,,,,,,
//SRC定義,(NULL),gr,x,y,w,h,div_x,div_y,cycle,timer,op1,op2,op3,,,,,,,
#SRC_IMAGE,0,12,796,0,65,545,1,1,0,0,0,0,0,,,,,,,
//DST定義,(NULL),time,x,y,w,h,acc,a,r,g,b,blend,filter,angle,center,loop,timer,op1,op2,op3
#DST_IMAGE,0,800,533,-545,65,545,2,0,255,255,255,1,1,0,0,1500,0,163,0,0
#DST_IMAGE,0,1500,533,0,65,545,2,255,255,255,255,1,1,0,0,0,0,
//レーンカバー (161 5keys時のみ,,,,,,,,,,,,,,,,,,,,
//SRC定義,(NULL),gr,x,y,w,h,div_x,div_y,cycle,timer,op1,op2,op3,,,,,,,
#SRC_IMAGE,0,12,796,0,65,545,1,1,0,0,0,0,0,,,,,,,
//DST定義,(NULL),time,x,y,w,h,acc,a,r,g,b,blend,filter,angle,center,loop,timer,op1,op2,op3
#DST_IMAGE,0,800,682,-545,65,545,2,0,255,255,255,1,1,0,0,1500,0,163,0,0
#DST_IMAGE,0,1500,682,0,65,545,2,255,255,255,255,1,1,0,0,0,0,


#IF,941
//レーンカバー (161 5keys時のみ,,,,,,,,,,,,,,,,,,,,
//SRC定義,(NULL),gr,x,y,w,h,div_x,div_y,cycle,timer,op1,op2,op3,,,,,,,
#SRC_IMAGE,0,12,796,0,65,545,1,1,0,0,0,0,0,,,,,,,
//DST定義,(NULL),time,x,y,w,h,acc,a,r,g,b,blend,filter,angle,center,loop,timer,op1,op2,op3
#DST_IMAGE,0,800,307,-545,60,545,2,0,255,255,255,1,1,0,0,1500,0,55,0,0
#DST_IMAGE,0,1500,307,0,60,545,2,255,255,255,255,1,1,0,0,
//レーンカバー (161 5keys時のみ,,,,,,,,,,,,,,,,,,,,
//SRC定義,(NULL),gr,x,y,w,h,div_x,div_y,cycle,timer,op1,op2,op3,,,,,,,
#SRC_IMAGE,0,12,796,0,65,545,1,1,0,0,0,0,0,,,,,,,
//DST定義,(NULL),time,x,y,w,h,acc,a,r,g,b,blend,filter,angle,center,loop,timer,op1,op2,op3
#DST_IMAGE,0,800,913,-545,60,545,2,0,255,255,255,1,1,0,0,1500,0,55,0,0
#DST_IMAGE,0,1500,913,0,60,545,2,255,255,255,255,1,1,0,0,
#ENDIF



//サドプラ,,,,,,,,,,,,,,,,,,,,
//スライダーの一種として扱います,,,,,,,,,,,,,,,,,,,,
//1P 4 2P 5,,,,,,,,,,,,,,,,,,,,
//SRC定義,index,gr,x,y,w,h,div_x,div_y,cycle,timer,muki,range,type,disable,,,,,,
#SRC_SLIDER,0,5,0,0,288,484,1,1,0,0,2,484,4,1,,,,,,
//DST定義,index,time,x,y,w,h,acc,a,r,g,b,blend,filter,angle,center,loop,timer,op1,op2,op3
#DST_SLIDER,0,1750,307,-968,288,484,2,255,255,255,255,1,0,0,0,2050,0,0,0,0
#DST_SLIDER,0,2050,307,-484,288,484,2,255,255,255,255,1,0,0,0,,,,,

//SRC定義,index,gr,x,y,w,h,div_x,div_y,cycle,timer,muki,range,type,disable,,,,,,
#SRC_SLIDER,0,5,0,0,288,484,1,1,0,0,2,484,4,1,,,,,,
//DST定義,index,time,x,y,w,h,acc,a,r,g,b,blend,filter,angle,center,loop,timer,op1,op2,op3
#DST_SLIDER,0,1750,685,-968,288,484,2,255,255,255,255,1,0,0,0,2050,0,0,0,0
#DST_SLIDER,0,2050,685,-484,288,484,2,255,255,255,255,1,0,0,0,,,,,

//曲進行状態,,,,,,,,,,,,,,,,,,,,
//スライダーとして扱います,,,,,,,,,,,,,,,,,,,,

//leftアルファ,,,,,,,,,,,,,,,,,,,,
//SRC定義,(null),gr,x,y,w,h,div_x,div_y,cycle,timer,muki,range,type,disable,,,,,,
#SRC_SLIDER,0,10,0,0,66,72,1,1,0,0,2,406,6,1,,,,,,
//DST定義,(null),time,x,y,w,h,acc,a,r,g,b,blend,filter,angle,center,loop,timer,op1,op2,op3
#DST_SLIDER,0,850,259,252,66,72,2,255,255,255,255,1,1,0,0,1950,0,0,0,0
#DST_SLIDER,0,1950,259,9,66,72,2,255,255,255,255,1,1,,,,,,,

//left加算 ロード中,,,,,,,,,,,,,,,,,,,,
//SRC定義,(null),gr,x,y,w,h,div_x,div_y,cycle,timer,muki,range,type,disable,,,,,,
#SRC_SLIDER,0,10,66,0,66,72,1,1,0,0,2,406,6,1,,,,,,
//DST定義,(null),time,x,y,w,h,acc,a,r,g,b,blend,filter,angle,center,loop,timer,op1,op2,op3
#DST_SLIDER,0,850,259,252,66,72,2,255,255,255,255,2,1,0,0,2100,0,0,0,0
#DST_SLIDER,0,1850,259,9,66,72,2,255,255,255,255,2,1,,,,,,,
#DST_SLIDER,0,2100,259,9,66,72,2,128,255,255,255,2,1,,,,,,,

//left加算 ゲーム中,,,,,,,,,,,,,,,,,,,,
//SRC定義,(null),gr,x,y,w,h,div_x,div_y,cycle,timer,muki,range,type,disable,,,,,,
#SRC_SLIDER,0,10,66,0,66,72,1,1,0,140,2,406,6,1,,,,,,
//DST定義,(null),time,x,y,w,h,acc,a,r,g,b,blend,filter,angle,center,loop,timer,op1,op2,op3
#DST_SLIDER,0,0,259,9,66,72,0,128,255,255,255,2,1,0,0,0,140,0,0,0
#DST_SLIDER,0,750,259,9,66,72,0,0,255,255,255,2,1,,,,,,,
#DST_SLIDER,0,1000,259,9,66,72,0,0,255,255,255,2,1,,,,,,,

-------------------------------------------
//leftアルファ,,,,,,,,,,,,,,,,,,,,
//SRC定義,(null),gr,x,y,w,h,div_x,div_y,cycle,timer,muki,range,type,disable,,,,,,
#SRC_SLIDER,0,10,0,0,66,72,1,1,0,0,2,406,6,1,,,,,,
//DST定義,(null),time,x,y,w,h,acc,a,r,g,b,blend,filter,angle,center,loop,timer,op1,op2,op3
#DST_SLIDER,0,850,955,252,66,72,2,255,255,255,255,1,1,0,0,1950,0,0,0,0
#DST_SLIDER,0,1950,955,9,66,72,2,255,255,255,255,1,1,,,,,,,

//left加算 ロード中,,,,,,,,,,,,,,,,,,,,
//SRC定義,(null),gr,x,y,w,h,div_x,div_y,cycle,timer,muki,range,type,disable,,,,,,
#SRC_SLIDER,0,10,66,0,66,72,1,1,0,0,2,406,6,1,,,,,,
//DST定義,(null),time,x,y,w,h,acc,a,r,g,b,blend,filter,angle,center,loop,timer,op1,op2,op3
#DST_SLIDER,0,850,955,252,66,72,2,255,255,255,255,2,1,0,0,2100,0,0,0,0
#DST_SLIDER,0,1850,955,9,66,72,2,255,255,255,255,2,1,,,,,,,
#DST_SLIDER,0,2100,955,9,66,72,2,128,255,255,255,2,1,,,,,,,

//left加算 ゲーム中,,,,,,,,,,,,,,,,,,,,
//SRC定義,(null),gr,x,y,w,h,div_x,div_y,cycle,timer,muki,range,type,disable,,,,,,
#SRC_SLIDER,0,10,66,0,66,72,1,1,0,140,2,406,6,1,,,,,,
//DST定義,(null),time,x,y,w,h,acc,a,r,g,b,blend,filter,angle,center,loop,timer,op1,op2,op3
#DST_SLIDER,0,0,955,9,66,72,0,128,255,255,255,2,1,0,0,0,140,0,0,0
#DST_SLIDER,0,750,955,9,66,72,0,0,255,255,255,2,1,,,,,,,
#DST_SLIDER,0,1000,955,9,66,72,0,0,255,255,255,2,1,,,,,,,

//ボム,,,,,,,,,,,,,,,,,,,,
//今回からIMAGEに統合しました,,,,,,,,,,,,,,,,,,,,
//タイマー50-70はそれぞれのレーンのボムタイマー,,,,,,,,,,,,,,,,,,,,
//70-90はロングノートボムタイマーになってます,,,,,,,,,,,,,,,,,,,,
//BOM,timer50- 1PBOM,,,,,,,,,,,,,,,,,,,

//SC,,,,,,,,,,,,,,,,,,,,
//SRC定義,(NULL),gr,x,y,w,h,div_x,div_y,cycle,timer,op1,op2,op3,,,,,,,
#SRC_IMAGE,0,0,0,0,2896,192,16,0,251,50,0,0,0,,,,,,,
//DST定義,(NULL),time,x,y,w,h,acc,a,r,g,b,blend,filter,angle,center,loop,timer,op1,op2,op3
#DST_IMAGE,0,0,224,355,262,288,0,255,255,255,255,2,1,0,0,-1,50,0,0,0
#DST_IMAGE,0,250,224,355,262,288,0,255,255,255,255,2,1,0,0,,,,,

//1,,,,,,,,,,,,,,,,,,,,
//SRC定義,(NULL),gr,x,y,w,h,div_x,div_y,cycle,timer,op1,op2,op3,,,,,,,
#SRC_IMAGE,0,0,0,0,2896,192,16,0,251,51,0,0,0,,,,,,,
//DST定義,(NULL),time,x,y,w,h,acc,a,r,g,b,blend,filter,angle,center,loop,timer,op1,op2,op3
#DST_IMAGE,0,0,269,355,262,288,0,255,255,255,255,2,1,0,0,-1,51,0,0,0
#DST_IMAGE,0,250,269,355,262,288,0,255,255,255,255,2,1,0,0,,,,,

//2,,,,,,,,,,,,,,,,,,,,
//SRC定義,(NULL),gr,x,y,w,h,div_x,div_y,cycle,timer,op1,op2,op3,,,,,,,
#SRC_IMAGE,0,0,0,0,2896,192,16,0,251,52,0,0,0,,,,,,,
//DST定義,(NULL),time,x,y,w,h,acc,a,r,g,b,blend,filter,angle,center,loop,timer,op1,op2,op3
#DST_IMAGE,0,0,302,355,262,288,0,255,255,255,255,2,1,0,0,-1,52,0,0,0
#DST_IMAGE,0,250,302,355,262,288,0,255,255,255,255,2,1,0,0,,,,,

//3,,,,,,,,,,,,,,,,,,,,
//SRC定義,(NULL),gr,x,y,w,h,div_x,div_y,cycle,timer,op1,op2,op3,,,,,,,
#SRC_IMAGE,0,0,0,0,2896,192,16,0,251,53,0,0,0,,,,,,,
//DST定義,(NULL),time,x,y,w,h,acc,a,r,g,b,blend,filter,angle,center,loop,timer,op1,op2,op3
#DST_IMAGE,0,0,332,355,262,288,0,255,255,255,255,2,1,0,0,-1,53,0,0,0
#DST_IMAGE,0,250,332,355,262,288,0,255,255,255,255,2,1,0,0,,,,,

//4,,,,,,,,,,,,,,,,,,,,
//SRC定義,(NULL),gr,x,y,w,h,div_x,div_y,cycle,timer,op1,op2,op3,,,,,,,
#SRC_IMAGE,0,0,0,0,2896,192,16,0,251,54,0,0,0,,,,,,,
//DST定義,(NULL),time,x,y,w,h,acc,a,r,g,b,blend,filter,angle,center,loop,timer,op1,op2,op3
#DST_IMAGE,0,0,368,355,262,288,0,255,255,255,255,2,1,0,0,-1,54,0,0,0
#DST_IMAGE,0,250,368,355,262,288,0,255,255,255,255,2,1,0,0,,,,,

//5,,,,,,,,,,,,,,,,,,,,
//SRC定義,(NULL),gr,x,y,w,h,div_x,div_y,cycle,timer,op1,op2,op3,,,,,,,
#SRC_IMAGE,0,0,0,0,2896,192,16,0,251,55,0,0,0,,,,,,,
//DST定義,(NULL),time,x,y,w,h,acc,a,r,g,b,blend,filter,angle,center,loop,timer,op1,op2,op3
#DST_IMAGE,0,0,401,355,262,288,0,255,255,255,255,2,1,0,0,-1,55,0,0,0
#DST_IMAGE,0,250,401,355,262,288,0,255,255,255,255,2,1,0,0,,,,,

//6 ,,,,,,,,,,,,,,,,,,,,
//SRC定義,(NULL),gr,x,y,w,h,div_x,div_y,cycle,timer,op1,op2,op3,,,,,,,
#SRC_IMAGE,0,0,0,0,2896,192,16,0,251,56,0,0,0,,,,,,,
//DST定義,(NULL),time,x,y,w,h,acc,a,r,g,b,blend,filter,angle,center,loop,timer,op1,op2,op3
#DST_IMAGE,0,0,434,355,262,288,0,255,255,255,255,2,1,0,0,-1,56,0,0,0
#DST_IMAGE,0,250,434,355,262,288,0,255,255,255,255,2,1,0,0,,,,,

//7,,,,,,,,,,,,,,,,,,,,
//SRC定義,(NULL),gr,x,y,w,h,div_x,div_y,cycle,timer,op1,op2,op3,,,,,,,
#SRC_IMAGE,0,0,0,0,2896,192,16,0,251,57,0,0,0,,,,,,,
//DST定義,(NULL),time,x,y,w,h,acc,a,r,g,b,blend,filter,angle,center,loop,timer,op1,op2,op3
#DST_IMAGE,0,0,467,355,262,288,0,255,255,255,255,2,1,0,0,-1,57,0,0,0
#DST_IMAGE,0,250,467,355,262,288,0,255,255,255,255,2,1,0,0,,,,,

//LN EFFECT,timer70- 1P LN BOM,,,,,,,,,,,,,,,,,,,
//SC,,,,,,,,,,,,,,,,,,,,
//SRC定義,(NULL),gr,x,y,w,h,div_x,div_y,cycle,timer,op1,op2,op3,,,,,,,
#SRC_IMAGE,0,0,0,0,724,192,4,1,80,70,0,0,0,,,,,,,
//DST定義,(NULL),time,x,y,w,h,acc,a,r,g,b,blend,filter,angle,center,loop,timer,op1,op2,op3
#DST_IMAGE,0,0,224,355,262,288,0,255,255,255,255,2,1,0,0,0,70,0,0,0

//1,,,,,,,,,,,,,,,,,,,,
//SRC定義,(NULL),gr,x,y,w,h,div_x,div_y,cycle,timer,op1,op2,op3,,,,,,,
#SRC_IMAGE,0,0,0,0,724,192,4,1,80,71,0,0,0,,,,,,,
//DST定義,(NULL),time,x,y,w,h,acc,a,r,g,b,blend,filter,angle,center,loop,timer,op1,op2,op3
#DST_IMAGE,0,0,269,355,262,288,0,255,255,255,255,2,1,0,0,0,71,0,0,0

//2,,,,,,,,,,,,,,,,,,,,
//SRC定義,(NULL),gr,x,y,w,h,div_x,div_y,cycle,timer,op1,op2,op3,,,,,,,
#SRC_IMAGE,0,0,0,0,724,192,4,1,80,72,0,0,0,,,,,,,
//DST定義,(NULL),time,x,y,w,h,acc,a,r,g,b,blend,filter,angle,center,loop,timer,op1,op2,op3
#DST_IMAGE,0,0,302,355,262,288,0,255,255,255,255,2,1,0,0,0,72,0,0,0

//3,,,,,,,,,,,,,,,,,,,,
//SRC定義,(NULL),gr,x,y,w,h,div_x,div_y,cycle,timer,op1,op2,op3,,,,,,,
#SRC_IMAGE,0,0,0,0,724,192,4,1,80,73,0,0,0,,,,,,,
//DST定義,(NULL),time,x,y,w,h,acc,a,r,g,b,blend,filter,angle,center,loop,timer,op1,op2,op3
#DST_IMAGE,0,0,332,355,262,288,0,255,255,255,255,2,1,0,0,0,73,0,0,0

//4,,,,,,,,,,,,,,,,,,,,
//SRC定義,(NULL),gr,x,y,w,h,div_x,div_y,cycle,timer,op1,op2,op3,,,,,,,
#SRC_IMAGE,0,0,0,0,724,192,4,1,80,74,0,0,0,,,,,,,
//DST定義,(NULL),time,x,y,w,h,acc,a,r,g,b,blend,filter,angle,center,loop,timer,op1,op2,op3
#DST_IMAGE,0,0,368,355,262,288,0,255,255,255,255,2,1,0,0,0,74,0,0,0

//5,,,,,,,,,,,,,,,,,,,,
//SRC定義,(NULL),gr,x,y,w,h,div_x,div_y,cycle,timer,op1,op2,op3,,,,,,,
#SRC_IMAGE,0,0,0,0,724,192,4,1,80,75,0,0,0,,,,,,,
//DST定義,(NULL),time,x,y,w,h,acc,a,r,g,b,blend,filter,angle,center,loop,timer,op1,op2,op3
#DST_IMAGE,0,0,401,355,262,288,0,255,255,255,255,2,1,0,0,0,75,0,0,0

//6 ,,,,,,,,,,,,,,,,,,,,
//SRC定義,(NULL),gr,x,y,w,h,div_x,div_y,cycle,timer,op1,op2,op3,,,,,,,
#SRC_IMAGE,0,0,0,0,724,192,4,1,80,76,0,0,0,,,,,,,
//DST定義,(NULL),time,x,y,w,h,acc,a,r,g,b,blend,filter,angle,center,loop,timer,op1,op2,op3
#DST_IMAGE,0,0,434,355,262,288,0,255,255,255,255,2,1,0,0,0,76,0,0,0

//7,,,,,,,,,,,,,,,,,,,,
//SRC定義,(NULL),gr,x,y,w,h,div_x,div_y,cycle,timer,op1,op2,op3,,,,,,,
#SRC_IMAGE,0,0,0,0,724,192,4,1,80,77,0,0,0,,,,,,,
//DST定義,(NULL),time,x,y,w,h,acc,a,r,g,b,blend,filter,angle,center,loop,timer,op1,op2,op3
#DST_IMAGE,0,0,467,355,262,288,0,255,255,255,255,2,1,0,0,0,77,0,0,0

-------------2------------------
//BOM,timer60- 1PBOM,,,,,,,,,,,,,,,,,,,

//SC,,,,,,,,,,,,,,,,,,,,
//SRC定義,(NULL),gr,x,y,w,h,div_x,div_y,cycle,timer,op1,op2,op3,,,,,,,
#SRC_IMAGE,0,0,0,0,2896,192,16,0,251,60,0,0,0,,,,,,,
//DST定義,(NULL),time,x,y,w,h,acc,a,r,g,b,blend,filter,angle,center,loop,timer,op1,op2,op3
#DST_IMAGE,0,0,831,355,262,288,0,255,255,255,255,2,1,0,0,-1,60,0,0,0
#DST_IMAGE,0,250,831,355,262,288,0,255,255,255,255,2,1,0,0,,,,,

//1,,,,,,,,,,,,,,,,,,,,
//SRC定義,(NULL),gr,x,y,w,h,div_x,div_y,cycle,timer,op1,op2,op3,,,,,,,
#SRC_IMAGE,0,0,0,0,2896,192,16,0,251,61,0,0,0,,,,,,,
//DST定義,(NULL),time,x,y,w,h,acc,a,r,g,b,blend,filter,angle,center,loop,timer,op1,op2,op3
#DST_IMAGE,0,0,582,355,262,288,0,255,255,255,255,2,1,0,0,-1,61,0,0,0
#DST_IMAGE,0,250,582,355,262,288,0,255,255,255,255,2,1,0,0,,,,,

//2,,,,,,,,,,,,,,,,,,,,
//SRC定義,(NULL),gr,x,y,w,h,div_x,div_y,cycle,timer,op1,op2,op3,,,,,,,
#SRC_IMAGE,0,0,0,0,2896,192,16,0,251,62,0,0,0,,,,,,,
//DST定義,(NULL),time,x,y,w,h,acc,a,r,g,b,blend,filter,angle,center,loop,timer,op1,op2,op3
#DST_IMAGE,0,0,618,355,262,288,0,255,255,255,255,2,1,0,0,-1,62,0,0,0
#DST_IMAGE,0,250,618,355,262,288,0,255,255,255,255,2,1,0,0,,,,,

//3,,,,,,,,,,,,,,,,,,,,
//SRC定義,(NULL),gr,x,y,w,h,div_x,div_y,cycle,timer,op1,op2,op3,,,,,,,
#SRC_IMAGE,0,0,0,0,2896,192,16,0,251,63,0,0,0,,,,,,,
//DST定義,(NULL),time,x,y,w,h,acc,a,r,g,b,blend,filter,angle,center,loop,timer,op1,op2,op3
#DST_IMAGE,0,0,651,355,262,288,0,255,255,255,255,2,1,0,0,-1,63,0,0,0
#DST_IMAGE,0,250,651,355,262,288,0,255,255,255,255,2,1,0,0,,,,,

//4,,,,,,,,,,,,,,,,,,,,
//SRC定義,(NULL),gr,x,y,w,h,div_x,div_y,cycle,timer,op1,op2,op3,,,,,,,
#SRC_IMAGE,0,0,0,0,2896,192,16,0,251,64,0,0,0,,,,,,,
//DST定義,(NULL),time,x,y,w,h,acc,a,r,g,b,blend,filter,angle,center,loop,timer,op1,op2,op3
#DST_IMAGE,0,0,684,355,262,288,0,255,255,255,255,2,1,0,0,-1,64,0,0,0
#DST_IMAGE,0,250,684,355,262,288,0,255,255,255,255,2,1,0,0,,,,,

//5,,,,,,,,,,,,,,,,,,,,
//SRC定義,(NULL),gr,x,y,w,h,div_x,div_y,cycle,timer,op1,op2,op3,,,,,,,
#SRC_IMAGE,0,0,0,0,2896,192,16,0,251,65,0,0,0,,,,,,,
//DST定義,(NULL),time,x,y,w,h,acc,a,r,g,b,blend,filter,angle,center,loop,timer,op1,op2,op3
#DST_IMAGE,0,0,717,355,262,288,0,255,255,255,255,2,1,0,0,-1,65,0,0,0
#DST_IMAGE,0,250,717,355,262,288,0,255,255,255,255,2,1,0,0,,,,,

//6 ,,,,,,,,,,,,,,,,,,,,
//SRC定義,(NULL),gr,x,y,w,h,div_x,div_y,cycle,timer,op1,op2,op3,,,,,,,
#SRC_IMAGE,0,0,0,0,2896,192,16,0,251,66,0,0,0,,,,,,,
//DST定義,(NULL),time,x,y,w,h,acc,a,r,g,b,blend,filter,angle,center,loop,timer,op1,op2,op3
#DST_IMAGE,0,0,750,355,262,288,0,255,255,255,255,2,1,0,0,-1,66,0,0,0
#DST_IMAGE,0,250,750,355,262,288,0,255,255,255,255,2,1,0,0,,,,,

//7,,,,,,,,,,,,,,,,,,,,
//SRC定義,(NULL),gr,x,y,w,h,div_x,div_y,cycle,timer,op1,op2,op3,,,,,,,
#SRC_IMAGE,0,0,0,0,2896,192,16,0,251,67,0,0,0,,,,,,,
//DST定義,(NULL),time,x,y,w,h,acc,a,r,g,b,blend,filter,angle,center,loop,timer,op1,op2,op3
#DST_IMAGE,0,0,783,355,262,288,0,255,255,255,255,2,1,0,0,-1,67,0,0,0
#DST_IMAGE,0,250,783,355,262,288,0,255,255,255,255,2,1,0,0,,,,,

//LN EFFECT,timer80- 2P LN BOM,,,,,,,,,,,,,,,,,,,
//SC,,,,,,,,,,,,,,,,,,,,
//SRC定義,(NULL),gr,x,y,w,h,div_x,div_y,cycle,timer,op1,op2,op3,,,,,,,
#SRC_IMAGE,0,0,0,0,724,192,4,1,80,80,0,0,0,,,,,,,
//DST定義,(NULL),time,x,y,w,h,acc,a,r,g,b,blend,filter,angle,center,loop,timer,op1,op2,op3
#DST_IMAGE,0,0,831,355,262,288,0,255,255,255,255,2,1,0,0,0,80,0,0,0

//1,,,,,,,,,,,,,,,,,,,,
//SRC定義,(NULL),gr,x,y,w,h,div_x,div_y,cycle,timer,op1,op2,op3,,,,,,,
#SRC_IMAGE,0,0,0,0,724,192,4,1,80,81,0,0,0,,,,,,,
//DST定義,(NULL),time,x,y,w,h,acc,a,r,g,b,blend,filter,angle,center,loop,timer,op1,op2,op3
#DST_IMAGE,0,0,582,355,262,288,0,255,255,255,255,2,1,0,0,0,81,0,0,0

//2,,,,,,,,,,,,,,,,,,,,
//SRC定義,(NULL),gr,x,y,w,h,div_x,div_y,cycle,timer,op1,op2,op3,,,,,,,
#SRC_IMAGE,0,0,0,0,724,192,4,1,80,82,0,0,0,,,,,,,
//DST定義,(NULL),time,x,y,w,h,acc,a,r,g,b,blend,filter,angle,center,loop,timer,op1,op2,op3
#DST_IMAGE,0,0,618,355,262,288,0,255,255,255,255,2,1,0,0,0,82,0,0,0

//3,,,,,,,,,,,,,,,,,,,,
//SRC定義,(NULL),gr,x,y,w,h,div_x,div_y,cycle,timer,op1,op2,op3,,,,,,,
#SRC_IMAGE,0,0,0,0,724,192,4,1,80,83,0,0,0,,,,,,,
//DST定義,(NULL),time,x,y,w,h,acc,a,r,g,b,blend,filter,angle,center,loop,timer,op1,op2,op3
#DST_IMAGE,0,0,651,355,262,288,0,255,255,255,255,2,1,0,0,0,83,0,0,0

//4,,,,,,,,,,,,,,,,,,,,
//SRC定義,(NULL),gr,x,y,w,h,div_x,div_y,cycle,timer,op1,op2,op3,,,,,,,
#SRC_IMAGE,0,0,0,0,724,192,4,1,80,84,0,0,0,,,,,,,
//DST定義,(NULL),time,x,y,w,h,acc,a,r,g,b,blend,filter,angle,center,loop,timer,op1,op2,op3
#DST_IMAGE,0,0,684,355,262,288,0,255,255,255,255,2,1,0,0,0,84,0,0,0

//5,,,,,,,,,,,,,,,,,,,,
//SRC定義,(NULL),gr,x,y,w,h,div_x,div_y,cycle,timer,op1,op2,op3,,,,,,,
#SRC_IMAGE,0,0,0,0,724,192,4,1,80,85,0,0,0,,,,,,,
//DST定義,(NULL),time,x,y,w,h,acc,a,r,g,b,blend,filter,angle,center,loop,timer,op1,op2,op3
#DST_IMAGE,0,0,717,355,262,288,0,255,255,255,255,2,1,0,0,0,85,0,0,0

//6 ,,,,,,,,,,,,,,,,,,,,
//SRC定義,(NULL),gr,x,y,w,h,div_x,div_y,cycle,timer,op1,op2,op3,,,,,,,
#SRC_IMAGE,0,0,0,0,724,192,4,1,80,86,0,0,0,,,,,,,
//DST定義,(NULL),time,x,y,w,h,acc,a,r,g,b,blend,filter,angle,center,loop,timer,op1,op2,op3
#DST_IMAGE,0,0,750,355,262,288,0,255,255,255,255,2,1,0,0,0,86,0,0,0

//7,,,,,,,,,,,,,,,,,,,,
//SRC定義,(NULL),gr,x,y,w,h,div_x,div_y,cycle,timer,op1,op2,op3,,,,,,,
#SRC_IMAGE,0,0,0,0,724,192,4,1,80,87,0,0,0,,,,,,,
//DST定義,(NULL),time,x,y,w,h,acc,a,r,g,b,blend,filter,angle,center,loop,timer,op1,op2,op3
#DST_IMAGE,0,0,783,355,262,288,0,255,255,255,255,2,1,0,0,0,87,0,0,0




//数値関連,,,,,,,,,,,,,,,,,,,,
#IF,970,,,,,,,,,,,,,,,,,,,
//ノーマルスコア(6桁) 1P 100,number100 score 1P,,,,,,,,,,,,,,,,,,,
//SRC定義,(null),gr,x,y,w,h,div_x,div_y,cycle,timer,num,align,keta,,,,,,,
#SRC_NUMBER,0,16,0,0,308,19,11,1,0,0,100,0,6,,,,,,,
//DST定義,(NULL),time,x,y,w,h,acc,a,r,g,b,blend,filter,angle,center,loop,timer,op1,op2,op3
#DST_NUMBER,0,700,342,667,28,19,0,0,255,255,255,1,0,0,0,1000,0,0,0,0
#DST_NUMBER,0,1000,342,667,28,19,0,255,255,255,255,1,0,0,0,,,,,
#ENDIF,,,,,,,,,,,,,,,,,,,,

//EXスコア(6桁) 1P 100,number100 score 1P,,,,,,,,,,,,,,,,,,,
#IF,971,,,,,,,,,,,,,,,,,,,
//SRC定義,(null),gr,x,y,w,h,div_x,div_y,cycle,timer,num,align,keta,,,,,,,
#SRC_NUMBER,0,16,0,0,308,19,11,1,0,0,101,0,6,,,,,,,
//DST定義,(NULL),time,x,y,w,h,acc,a,r,g,b,blend,filter,angle,center,loop,timer,op1,op2,op3
#DST_NUMBER,0,700,342,667,28,19,0,0,255,255,255,1,0,0,0,1000,0,0,0,0
#DST_NUMBER,0,1000,342,667,28,19,0,255,255,255,255,1,0,0,0,,,,,
#ENDIF,,,,,,,,,,,,,,,,,,,,

//マックスコンボ(4桁),number105 maxcombo 1P,,,,,,,,,,,,,,,,,,,
//SRC定義,(null),gr,x,y,w,h,div_x,div_y,cycle,timer,num,align,keta,,,,,,,
#SRC_NUMBER,0,16,0,0,308,19,11,1,0,0,105,0,4,,,,,,,
//DST定義,(NULL),time,x,y,w,h,acc,a,r,g,b,blend,filter,angle,center,loop,timer,op1,op2,op3
#DST_NUMBER,0,1000,770,667,28,19,0,0,255,255,255,1,0,0,0,1200,0,0,0,0
#DST_NUMBER,0,1200,770,667,28,19,0,255,255,255,255,1,0,0,0,,,,,

//グルーブゲージ,number107 groovegauge 1P,,,,,,,,,,,,,,,,,,,
//SRC定義,(null),gr,x,y,w,h,div_x,div_y,cycle,timer,num,align,keta,,,,,,,
#SRC_NUMBER,0,18,0,0,290,22,10,1,0,0,107,0,3,,,,,,,
//DST定義,(NULL),time,x,y,w,h,acc,a,r,g,b,blend,filter,angle,center,loop,timer,op1,op2,op3
#DST_NUMBER,0,1300,589,502,29,22,0,0,255,255,255,1,1,0,0,1600,0,0,0,0
#DST_NUMBER,0,1600,589,502,29,22,0,255,255,255,255,1,1,0,0,,,,,


//BPM,number160 bpm,,,,,,,,,,,,,,,,,,,
//SRC定義,(null),gr,x,y,w,h,div_x,div_y,cycle,timer,num,align,keta,,,,,,,
#SRC_NUMBER,0,16,0,0,308,19,11,1,0,0,160,0,3,,,,,,,
//DST定義,(NULL),time,x,y,w,h,acc,a,r,g,b,blend,filter,angle,center,loop,timer,op1,op2,op3
#DST_NUMBER,0,850,598,640,28,19,0,0,255,255,255,1,0,0,0,1400,0,0,0,0
#DST_NUMBER,0,1400,598,640,28,19,0,255,255,255,255,1,0,0,0,,,,,

#IF,906
//MIN MAX,,,,,,,,,,,,,,,,,,,,
//SRC定義,(NULL),gr,x,y,w,h,div_x,div_y,cycle,timer,op1,op2,op3,,,,,,,
#SRC_IMAGE,0,12,111,229,173,10,1,1,0,0,0,0,0,,,,,,,
//DST定義,(NULL),time,x,y,w,h,acc,a,r,g,b,blend,filter,angle,center,loop,timer,op1,op2,op3
#DST_IMAGE,0,0,556,661,173,10,0,0,255,255,255,1,0,0,0,500,,,,
#DST_IMAGE,0,500,556,661,173,10,0,255,255,255,255,1,0,0,0,,,,,

//BPM,number160 MIN,,,,,,,,,,,,,,,,,,,
//SRC定義,(null),gr,x,y,w,h,div_x,div_y,cycle,timer,num,align,keta,,,,,,,
#SRC_NUMBER,0,16,0,0,308,19,11,1,0,0,91,0,3,,,,,,,
//DST定義,(NULL),time,x,y,w,h,acc,a,r,g,b,blend,filter,angle,center,loop,timer,op1,op2,op3
#DST_NUMBER,0,850,544,646,15,12,0,0,255,255,255,1,1,0,0,1200,0,0,0,0
#DST_NUMBER,0,1200,544,646,15,12,0,255,255,255,255,1,1,0,0,,,,,

//BPM,number160 MAX,,,,,,,,,,,,,,,,,,,
//SRC定義,(null),gr,x,y,w,h,div_x,div_y,cycle,timer,num,align,keta,,,,,,,
#SRC_NUMBER,0,16,0,0,308,19,11,1,0,0,90,0,3,,,,,,,
//DST定義,(NULL),time,x,y,w,h,acc,a,r,g,b,blend,filter,angle,center,loop,timer,op1,op2,op3
#DST_NUMBER,0,850,692,646,15,12,0,0,255,255,255,1,1,0,0,1200,0,0,0,0
#DST_NUMBER,0,1200,692,646,15,12,0,255,255,255,255,1,1,0,0,,,,,

#ENDIF

//ハイスピード,,,,,,,,,,,,,,,,,,,,
//数値,number10 HS-1P,,,,,,,,,,,,,,,,,,,
//SRC定義,(null),gr,x,y,w,h,div_x,div_y,cycle,timer,num,align,keta,,,,,,,
#SRC_NUMBER,0,9,0,99,120,11,10,1,0,0,10,0,3,,,,,,,
//DST定義,(NULL),time,x,y,w,h,acc,a,r,g,b,blend,filter,angle,center,loop,timer,op1,op2,op3
#DST_NUMBER,0,850,930,599,12,11,0,0,255,255,255,1,1,0,0,1300,0,0,0,0
#DST_NUMBER,0,1300,930,599,12,11,0,255,255,255,255,1,1,0,0,,,,,

//サドプラ数値,,,,,,,,,,,,,,,,,,,,
//option270 1Pサドプラ調整中に発動,,,,,,,,,,,,,,,,,,,,
//SRC定義,(null),gr,x,y,w,h,div_x,div_y,cycle,timer,num,align,keta,,,,,,,
#SRC_NUMBER,0,9,0,62,120,18,10,1,0,0,14,0,3,,,,,,,
//DST定義,(NULL),time,x,y,w,h,acc,a,r,g,b,blend,filter,angle,center,loop,timer,op1,op2,op3
#DST_NUMBER,0,0,426,4,12,18,0,255,255,255,255,1,1,0,0,1000,0,270,0,
#DST_NUMBER,0,1000,426,4,12,19,0,255,255,255,255,1,1,0,0,,,,,
//サドプラ数値,,,,,,,,,,,,,,,,,,,,
//option270 1Pサドプラ調整中に発動,,,,,,,,,,,,,,,,,,,,
//SRC定義,(null),gr,x,y,w,h,div_x,div_y,cycle,timer,num,align,keta,,,,,,,
#SRC_NUMBER,0,9,0,62,120,18,10,1,0,0,14,0,3,,,,,,,
//DST定義,(NULL),time,x,y,w,h,acc,a,r,g,b,blend,filter,angle,center,loop,timer,op1,op2,op3
#DST_NUMBER,0,0,814,4,12,18,0,255,255,255,255,1,1,0,0,1000,0,270,0,
#DST_NUMBER,0,1000,814,4,12,19,0,255,255,255,255,1,1,0,0,,,,,

#IF,981,

//display judge,,,,,,,,,,,,,,,,,,,,

//フレーム,,,,,,,,,,,,,,,,,,,,
//SRC定義,(NULL),gr,x,y,w,h,div_x,div_y,cycle,timer,op1,op2,op3,,,,,,,
#SRC_IMAGE,0,6,368,850,168,63,1,1,0,0,0,0,0,,,,,,,
//DST定義,(NULL),time,x,y,w,h,acc,a,r,g,b,blend,filter,angle,center,loop,timer,op1,op2,op3
#DST_IMAGE,0,1000,58,646,168,63,0,255,255,255,255,1,0,0,0,1000,40,0,0,0

//PERFECT,number110 perfect 1P,,,,,,,,,,,,,,,,,,,
//SRC定義,(null),gr,x,y,w,h,div_x,div_y,cycle,timer,num,align,keta,,,,,,,
#SRC_NUMBER,0,9,0,62,120,18,10,1,0,0,110,0,4,,,,,,,
//DST定義,(NULL),time,x,y,w,h,acc,a,r,g,b,blend,filter,angle,center,loop,timer,op1,op2,op3
#DST_NUMBER,0,1000,90,649,12,18,0,255,255,255,255,1,0,0,0,1000,40,0,0,0

//GREAT,number111 great 1P,,,,,,,,,,,,,,,,,,,
//SRC定義,(null),gr,x,y,w,h,div_x,div_y,cycle,timer,num,align,keta,,,,,,,
#SRC_NUMBER,0,9,0,62,120,18,10,1,0,0,111,0,4,,,,,,,
//DST定義,(NULL),time,x,y,w,h,acc,a,r,g,b,blend,filter,angle,center,loop,timer,op1,op2,op3
#DST_NUMBER,0,1000,90,668,12,18,0,255,255,255,255,1,0,0,0,1000,40,0,0,0

//GOOD,number112 good 1P,,,,,,,,,,,,,,,,,,,
//SRC定義,(null),gr,x,y,w,h,div_x,div_y,cycle,timer,num,align,keta,,,,,,,
#SRC_NUMBER,0,9,0,62,120,18,10,1,0,0,112,0,4,,,,,,,
//DST定義,(NULL),time,x,y,w,h,acc,a,r,g,b,blend,filter,angle,center,loop,timer,op1,op2,op3
#DST_NUMBER,0,1000,90,687,12,18,0,255,255,255,255,1,0,0,0,1000,40,0,0,0

//Bad,number113 bad 1P,,,,,,,,,,,,,,,,,,,
//SRC定義,(null),gr,x,y,w,h,div_x,div_y,cycle,timer,num,align,keta,,,,,,,
#SRC_NUMBER,0,9,0,62,120,18,10,1,0,0,113,0,4,,,,,,,
//DST定義,(NULL),time,x,y,w,h,acc,a,r,g,b,blend,filter,angle,center,loop,timer,op1,op2,op3
#DST_NUMBER,0,1000,171,649,12,18,0,255,255,255,255,1,0,0,0,1000,40,0,0,0

//Poor,number114 poor 1P,,,,,,,,,,,,,,,,,,,
//SRC定義,(null),gr,x,y,w,h,div_x,div_y,cycle,timer,num,align,keta,,,,,,,
#SRC_NUMBER,0,9,0,62,120,18,10,1,0,0,114,0,4,,,,,,,
//DST定義,(NULL),time,x,y,w,h,acc,a,r,g,b,blend,filter,angle,center,loop,timer,op1,op2,op3
#DST_NUMBER,0,1000,171,668,12,18,0,255,255,255,255,1,0,0,0,1000,40,0,0,0

#ENDIF,,,,,,,,,,,,,

/////////////////////////////////////////////////////////////////////////////////////////////////////////////////////////////////////////////,,,,,,,,,,,,,,,,,,,,
//フルコンエフェクト他,,,,,,,,,,,,,,,,,,,,
//全ノートの処理の終了時に、タイマーが発動します,,,,,,,,,,,,,,,,,,,,
//DX,,,,,,,,,,,,,,,,,,,,
255,255,2,0,0,0,,,,,

#SRC_IMAGE,0,3,0,2330,217,92,1,2,34,0,0,0,0,,,,,,,,
#DST_IMAGE,0,516,185,225,217,46,0,0,255,255,255,1,0,0,0,-1,48,0,0,0,
#DST_IMAGE,0,683,275,225,217,46,0,255,255,255,255,1,0,0,0,,,,,,
#DST_IMAGE,0,850,280,225,217,46,0,255,255,255,255,1,0,0,0,,,,,,
#DST_IMAGE,0,1150,290,225,217,46,0,255,255,255,255,1,0,0,0,,,,,,
#DST_IMAGE,0,1683,307,225,217,46,0,255,255,255,255,1,0,0,0,,,,,,
#DST_IMAGE,0,1850,481,225,217,46,0,0,255,255,255,1,0,0,0,,,,,,
#SRC_IMAGE,0,3,218,2330,274,92,1,2,34,0,0,0,0,,,,,,,,
#DST_IMAGE,0,516,431,261,274,46,0,0,255,255,255,1,0,0,0,-1,48,0,0,0,
#DST_IMAGE,0,683,341,261,274,46,0,255,255,255,255,1,0,0,0,,,,,,
#DST_IMAGE,0,850,336,261,274,46,0,255,255,255,255,1,0,0,0,,,,,,
#DST_IMAGE,0,1150,326,261,274,46,0,255,255,255,255,1,0,0,0,,,,,,
#DST_IMAGE,0,1683,309,261,274,46,0,255,255,255,255,1,0,0,0,,,,,,
#DST_IMAGE,0,1850,133,261,274,46,0,0,255,255,255,1,0,0,0,,,,,,

#SRC_IMAGE,0,3,0,2330,217,92,1,2,34,0,0,0,0,,,,,,,,
#DST_IMAGE,0,516,563,225,217,46,0,0,255,255,255,1,0,0,0,-1,48,0,0,0,
#DST_IMAGE,0,683,653,225,217,46,0,255,255,255,255,1,0,0,0,,,,,,
#DST_IMAGE,0,850,658,225,217,46,0,255,255,255,255,1,0,0,0,,,,,,
#DST_IMAGE,0,1150,668,225,217,46,0,255,255,255,255,1,0,0,0,,,,,,
#DST_IMAGE,0,1683,685,225,217,46,0,255,255,255,255,1,0,0,0,,,,,,
#DST_IMAGE,0,1850,859,225,217,46,0,0,255,255,255,1,0,0,0,,,,,,
#SRC_IMAGE,0,3,218,2330,274,92,1,2,34,0,0,0,0,,,,,,,,
#DST_IMAGE,0,516,809,261,274,46,0,0,255,255,255,1,0,0,0,-1,48,0,0,0,
#DST_IMAGE,0,683,719,261,274,46,0,255,255,255,255,1,0,0,0,,,,,,
#DST_IMAGE,0,850,714,261,274,46,0,255,255,255,255,1,0,0,0,,,,,,
#DST_IMAGE,0,1150,704,261,274,46,0,255,255,255,255,1,0,0,0,,,,,,
#DST_IMAGE,0,1683,687,261,274,46,0,255,255,255,255,1,0,0,0,,,,,,
#DST_IMAGE,0,1850,511,261,274,46,0,0,255,255,255,1,0,0,0,,,,,,
,,,,,,,,,,,,,,,,,,,,
//上昇する光1,,,,,,,,,,,,,,,,,,,,
//SRC定義,(NULL),gr,x,y,w,h,div_x,div_y,cycle,timer,op1,op2,op3,,,,,,,
#SRC_IMAGE,0,3,14,0,2,347,1,1,0,0,0,0,0,,,,,,,
//DST定義,(NULL),time,x,y,w,h,acc,a,r,g,b,blend,filter,angle,center,loop,timer,op1,op2,op3
#DST_IMAGE,0,33,338,482,2,-47,0,255,255,255,255,2,0,0,0,-1,48,0,0,0
#DST_IMAGE,0,133,338,467,2,-347,0,255,255,255,255,2,0,0,0,,,,,
#DST_IMAGE,0,266,338,47,2,-347,0,255,255,255,255,2,0,0,0,,,,,
,,,,,,,,,,,,,,,,,,,,
//上昇する光2,,,,,,,,,,,,,,,,,,,,
//SRC定義,(NULL),gr,x,y,w,h,div_x,div_y,cycle,timer,op1,op2,op3,,,,,,,
#SRC_IMAGE,0,3,14,0,2,347,1,1,0,0,0,0,0,,,,,,,
//DST定義,(NULL),time,x,y,w,h,acc,a,r,g,b,blend,filter,angle,center,loop,timer,op1,op2,op3
#DST_IMAGE,0,33,422,482,2,-12,0,255,255,255,255,2,0,0,0,-1,48,0,0,0
#DST_IMAGE,0,383,422,463,2,-347,0,255,255,255,255,2,0,0,0,,,,,
#DST_IMAGE,0,833,422,9,2,-347,0,255,255,255,255,2,0,0,0,,,,,
,,,,,,,,,,,,,,,,,,,,
//上昇する光3,,,,,,,,,,,,,,,,,,,,
//SRC定義,(NULL),gr,x,y,w,h,div_x,div_y,cycle,timer,op1,op2,op3,,,,,,,
#SRC_IMAGE,0,3,14,0,2,347,1,1,0,0,0,0,0,,,,,,,
//DST定義,(NULL),time,x,y,w,h,acc,a,r,g,b,blend,filter,angle,center,loop,timer,op1,op2,op3
#DST_IMAGE,0,33,449,482,2,-21,0,255,255,255,255,2,0,0,0,-1,48,0,0,0
#DST_IMAGE,0,216,449,475,2,-347,0,255,255,255,255,2,0,0,0,,,,,
#DST_IMAGE,0,466,449,22,2,-347,0,255,255,255,255,2,0,0,0,,,,,
,,,,,,,,,,,,,,,,,,,,
//上昇する光4,,,,,,,,,,,,,,,,,,,,
//SRC定義,(NULL),gr,x,y,w,h,div_x,div_y,cycle,timer,op1,op2,op3,,,,,,,
#SRC_IMAGE,0,3,14,0,2,347,1,1,0,0,0,0,0,,,,,,,
//DST定義,(NULL),time,x,y,w,h,acc,a,r,g,b,blend,filter,angle,center,loop,timer,op1,op2,op3
#DST_IMAGE,0,83,389,482,2,-56,0,255,255,255,255,2,0,0,0,-1,48,0,0,0
#DST_IMAGE,0,166,389,419,2,-347,0,255,255,255,255,2,0,0,0,,,,,
#DST_IMAGE,0,250,389,65,2,-347,0,255,255,255,255,2,0,0,0,,,,,
,,,,,,,,,,,,,,,,,,,,
//上昇する光5,,,,,,,,,,,,,,,,,,,,
//SRC定義,(NULL),gr,x,y,w,h,div_x,div_y,cycle,timer,op1,op2,op3,,,,,,,
#SRC_IMAGE,0,3,14,0,2,347,1,1,0,0,0,0,0,,,,,,,
//DST定義,(NULL),time,x,y,w,h,acc,a,r,g,b,blend,filter,angle,center,loop,timer,op1,op2,op3
#DST_IMAGE,0,116,539,482,2,-29,0,255,255,255,255,2,0,0,0,-1,48,0,0,0
#DST_IMAGE,0,283,539,457,2,-347,0,255,255,255,255,2,0,0,0,,,,,
#DST_IMAGE,0,500,539,11,2,-347,0,255,255,255,255,2,0,0,0,,,,,
,,,,,,,,,,,,,,,,,,,,
//上昇する光6,,,,,,,,,,,,,,,,,,,,
//SRC定義,(NULL),gr,x,y,w,h,div_x,div_y,cycle,timer,op1,op2,op3,,,,,,,
#SRC_IMAGE,0,3,14,0,2,347,1,1,0,0,0,0,0,,,,,,,
//DST定義,(NULL),time,x,y,w,h,acc,a,r,g,b,blend,filter,angle,center,loop,timer,op1,op2,op3
#DST_IMAGE,0,183,499,482,2,-64,0,255,255,255,255,2,0,0,0,-1,48,0,0,0
#DST_IMAGE,0,266,499,414,2,-347,0,255,255,255,255,2,0,0,0,,,,,
#DST_IMAGE,0,350,499,64,2,-347,0,255,255,255,255,2,0,0,0,,,,,
,,,,,,,,,,,,,,,,,,,,
//上昇する光7,,,,,,,,,,,,,,,,,,,,
//SRC定義,(NULL),gr,x,y,w,h,div_x,div_y,cycle,timer,op1,op2,op3,,,,,,,
#SRC_IMAGE,0,3,14,0,2,347,1,1,0,0,0,0,0,,,,,,,
//DST定義,(NULL),time,x,y,w,h,acc,a,r,g,b,blend,filter,angle,center,loop,timer,op1,op2,op3
#DST_IMAGE,0,216,465,482,2,-30,0,255,255,255,255,2,0,0,0,-1,48,0,0,0
#DST_IMAGE,0,383,465,449,2,-347,0,255,255,255,255,2,0,0,0,,,,,
#DST_IMAGE,0,583,465,30,2,-347,0,255,255,255,255,2,0,0,0,,,,,
,,,,,,,,,,,,,,,,,,,,
//上昇する光8,,,,,,,,,,,,,,,,,,,,
//SRC定義,(NULL),gr,x,y,w,h,div_x,div_y,cycle,timer,op1,op2,op3,,,,,,,
#SRC_IMAGE,0,3,14,0,2,347,1,1,0,0,0,0,0,,,,,,,
//DST定義,(NULL),time,x,y,w,h,acc,a,r,g,b,blend,filter,angle,center,loop,timer,op1,op2,op3
#DST_IMAGE,0,233,365,482,2,-46,0,255,255,255,255,2,0,0,0,-1,48,0,0,0
#DST_IMAGE,0,333,365,468,2,-347,0,255,255,255,255,2,0,0,0,,,,,
#DST_IMAGE,0,466,365,47,2,-347,0,255,255,255,255,2,0,0,0,,,,,
,,,,,,,,,,,,,,,,,,,,
//上昇する光9,,,,,,,,,,,,,,,,,,,,
//SRC定義,(NULL),gr,x,y,w,h,div_x,div_y,cycle,timer,op1,op2,op3,,,,,,,
#SRC_IMAGE,0,3,14,0,2,347,1,1,0,0,0,0,0,,,,,,,
//DST定義,(NULL),time,x,y,w,h,acc,a,r,g,b,blend,filter,angle,center,loop,timer,op1,op2,op3
#DST_IMAGE,0,250,328,482,2,-28,0,255,255,255,255,2,0,0,0,-1,48,0,0,0
#DST_IMAGE,0,416,328,464,2,-347,0,255,255,255,255,2,0,0,0,,,,,
#DST_IMAGE,0,633,328,26,2,-347,0,255,255,255,255,2,0,0,0,,,,,
,,,,,,,,,,,,,,,,,,,,
//上昇する光10,,,,,,,,,,,,,,,,,,,,
//SRC定義,(NULL),gr,x,y,w,h,div_x,div_y,cycle,timer,op1,op2,op3,,,,,,,
#SRC_IMAGE,0,3,14,0,2,347,1,1,0,0,0,0,0,,,,,,,
//DST定義,(NULL),time,x,y,w,h,acc,a,r,g,b,blend,filter,angle,center,loop,timer,op1,op2,op3
#DST_IMAGE,0,400,402,482,2,-20,0,255,255,255,255,2,0,0,0,-1,48,0,0,0
#DST_IMAGE,0,616,402,467,2,-347,0,255,255,255,255,2,0,0,0,,,,,
#DST_IMAGE,0,900,402,20,2,-347,0,255,255,255,255,2,0,0,0,,,,,
,,,,,,,,,,,,,,,,,,,,
//上昇する光11,,,,,,,,,,,,,,,,,,,,
//SRC定義,(NULL),gr,x,y,w,h,div_x,div_y,cycle,timer,op1,op2,op3,,,,,,,
#SRC_IMAGE,0,3,14,0,2,347,1,1,0,0,0,0,0,,,,,,,
//DST定義,(NULL),time,x,y,w,h,acc,a,r,g,b,blend,filter,angle,center,loop,timer,op1,op2,op3
#DST_IMAGE,0,416,499,482,2,-44,0,255,255,255,255,2,0,0,0,-1,48,0,0,0
#DST_IMAGE,0,516,499,468,2,-347,0,255,255,255,255,2,0,0,0,,,,,
#DST_IMAGE,0,650,499,45,2,-347,0,255,255,255,255,2,0,0,0,,,,,
,,,,,,,,,,,,,,,,,,,,
//上昇する光12,,,,,,,,,,,,,,,,,,,,
//SRC定義,(NULL),gr,x,y,w,h,div_x,div_y,cycle,timer,op1,op2,op3,,,,,,,
#SRC_IMAGE,0,3,14,0,2,347,1,1,0,0,0,0,0,,,,,,,
//DST定義,(NULL),time,x,y,w,h,acc,a,r,g,b,blend,filter,angle,center,loop,timer,op1,op2,op3
#DST_IMAGE,0,450,574,482,2,-41,0,255,255,255,255,2,0,0,0,-1,48,0,0,0
#DST_IMAGE,0,550,574,470,2,-347,0,255,255,255,255,2,0,0,0,,,,,
#DST_IMAGE,0,683,574,47,2,-347,0,255,255,255,255,2,0,0,0,,,,,
,,,,,,,,,,,,,,,,,,,,
//上昇する光13,,,,,,,,,,,,,,,,,,,,
//SRC定義,(NULL),gr,x,y,w,h,div_x,div_y,cycle,timer,op1,op2,op3,,,,,,,
#SRC_IMAGE,0,3,14,0,2,347,1,1,0,0,0,0,0,,,,,,,
//DST定義,(NULL),time,x,y,w,h,acc,a,r,g,b,blend,filter,angle,center,loop,timer,op1,op2,op3
#DST_IMAGE,0,450,358,482,2,-13,0,255,255,255,255,2,0,0,0,-1,48,0,0,0
#DST_IMAGE,0,750,358,480,2,-347,0,255,255,255,255,2,0,0,0,,,,,
#DST_IMAGE,0,1166,358,14,2,-347,0,255,255,255,255,2,0,0,0,,,,,
,,,,,,,,,,,,,,,,,,,,
//メイン1,,,,,,,,,,,,,,,,,,,,
//SRC定義,(NULL),gr,x,y,w,h,div_x,div_y,cycle,timer,op1,op2,op3,,,,,,,
#SRC_IMAGE,0,3,0,0,4,507,1,1,0,0,0,0,0,,,,,,,
//DST定義,(NULL),time,x,y,w,h,acc,a,r,g,b,blend,filter,angle,center,loop,timer,op1,op2,op3
#DST_IMAGE,0,16,306,482,288,0,0,255,255,255,255,2,0,0,0,-1,48,0,0,0
#DST_IMAGE,0,116,306,482,288,-507,0,255,255,255,255,2,0,0,0,,,,,
#DST_IMAGE,0,583,449,482,2,-507,0,255,255,255,255,2,0,0,0,,,,,
#DST_IMAGE,0,833,449,482,2,-507,0,130,255,255,255,2,0,0,0,,,,,
#DST_IMAGE,0,1233,449,482,2,-507,0,0,255,255,255,2,0,0,0,,,,,
,,,,,,,,,,,,,,,,,,,,
//メイン2,,,,,,,,,,,,,,,,,,,,
//SRC定義,(NULL),gr,x,y,w,h,div_x,div_y,cycle,timer,op1,op2,op3,,,,,,,
#SRC_IMAGE,0,3,5,0,1,482,1,1,0,0,0,0,0,,,,,,,
//DST定義,(NULL),time,x,y,w,h,acc,a,r,g,b,blend,filter,angle,center,loop,timer,op1,op2,op3
#DST_IMAGE,0,16,306,482,288,-482,0,0,255,255,255,2,0,0,0,-1,48,0,0,0
#DST_IMAGE,0,183,306,482,288,-482,0,255,255,255,255,2,0,0,0,,,,,
#DST_IMAGE,0,333,306,482,288,-482,0,255,255,255,255,2,0,0,0,,,,,
#DST_IMAGE,0,683,306,482,288,-482,0,0,255,255,255,2,0,0,0,,,,,
,,,,,,,,,,,,,,,,,,,,
//メイン3,,,,,,,,,,,,,,,,,,,,
//SRC定義,(NULL),gr,x,y,w,h,div_x,div_y,cycle,timer,op1,op2,op3,,,,,,,
#SRC_IMAGE,0,3,17,0,458,151,1,1,0,0,0,0,0,,,,,,,
//DST定義,(NULL),time,x,y,w,h,acc,a,r,g,b,blend,filter,angle,center,loop,timer,op1,op2,op3
#DST_IMAGE,0,33,219,406,458,151,0,40,255,255,255,2,0,0,0,-1,48,0,0,0
#DST_IMAGE,0,133,219,181,458,604,0,255,255,255,255,2,0,0,0,,,,,
#DST_IMAGE,0,516,219,263,458,439,0,250,255,255,255,2,0,0,0,,,,,
#DST_IMAGE,0,833,219,331,458,302,0,150,255,255,255,2,0,0,0,,,,,
#DST_IMAGE,0,1316,219,331,458,302,0,0,255,255,255,2,0,0,0,,,,,
,,,,,,,,,,,,,,,,,,,,
//メイン4,,,,,,,,,,,,,,,,,,,,
//SRC定義,(NULL),gr,x,y,w,h,div_x,div_y,cycle,timer,op1,op2,op3,,,,,,,
#SRC_IMAGE,0,3,211,0,60,151,1,1,0,0,0,0,0,,,,,,,
//DST定義,(NULL),time,x,y,w,h,acc,a,r,g,b,blend,filter,angle,center,loop,timer,op1,op2,op3
#DST_IMAGE,0,366,208,124,482,235,0,30,255,255,255,2,0,90,0,-1,48,0,0,0
#DST_IMAGE,0,500,208,150,482,181,0,255,255,255,255,2,0,90,0,,,,,
#DST_IMAGE,0,816,208,216,482,51,0,100,255,255,255,2,0,90,0,,,,,
#DST_IMAGE,0,1050,208,216,482,51,0,0,255,255,255,2,0,90,0,,,,,
,,,,,,,,,,,,,,,,,,,,
//フラッシュ1,,,,,,,,,,,,,,,,,,,,
//SRC定義,(NULL),gr,x,y,w,h,div_x,div_y,cycle,timer,op1,op2,op3,,,,,,,
#SRC_IMAGE,0,3,17,152,200,173,1,1,0,0,0,0,0,,,,,,,
//DST定義,(NULL),time,x,y,w,h,acc,a,r,g,b,blend,filter,angle,center,loop,timer,op1,op2,op3
#DST_IMAGE,0,16,48,132,800,692,0,255,255,255,255,2,0,0,0,-1,48,0,0,0
#DST_IMAGE,0,116,248,304,400,346,0,255,255,255,255,2,0,0,0,,,,,
#DST_IMAGE,0,283,248,304,400,346,0,0,255,255,255,2,0,0,0,,,,,
#DST_IMAGE,0,515,148,218,600,519,0,0,255,255,2,0,0,0,,,,,,
#DST_IMAGE,0,516,148,218,600,519,0,255,255,255,255,2,0,0,0,,,,,
#DST_IMAGE,0,633,248,304,400,346,0,255,255,255,255,2,0,0,0,,,,,
#DST_IMAGE,0,1016,248,304,400,346,0,0,255,255,255,2,0,0,0,,,,,
,,,,,,,,,,,,,,,,,,,,
//フラッシュ2,,,,,,,,,,,,,,,,,,,,
//SRC定義,(NULL),gr,x,y,w,h,div_x,div_y,cycle,timer,op1,op2,op3,,,,,,,
#SRC_IMAGE,0,3,17,152,400,173,2,1,34,48,0,0,0,,,,,,,
//DST定義,(NULL),time,x,y,w,h,acc,a,r,g,b,blend,filter,angle,center,loop,timer,op1,op2,op3
#DST_IMAGE,0,633,148,218,600,519,0,0,255,255,255,2,0,0,0,-1,48,0,0,0
#DST_IMAGE,0,900,198,256,500,433,0,255,255,255,255,2,0,0,0,,,,,
#DST_IMAGE,0,1566,298,345,300,260,0,255,255,255,255,2,0,0,0,,,,,
#DST_IMAGE,0,1866,348,387,200,173,0,0,255,255,255,2,0,0,0,,,,,
,,,,,,,,,,,,,,,,,,,,
//フラッシュ3,,,,,,,,,,,,,,,,,,,,
//SRC定義,(NULL),gr,x,y,w,h,div_x,div_y,cycle,timer,op1,op2,op3,,,,,,,
#SRC_IMAGE,0,3,17,326,640,640,1,1,0,0,0,0,0,,,,,,,
//DST定義,(NULL),time,x,y,w,h,acc,a,r,g,b,blend,filter,angle,center,loop,timer,op1,op2,op3
#DST_IMAGE,0,16,284,296,320,320,0,255,255,255,255,2,0,0,0,-1,48,0,0,0
#DST_IMAGE,0,183,-20,-8,930,930,0,255,255,255,255,2,0,0,0,,,,,
#DST_IMAGE,0,350,-196,-184,1280,1280,0,0,255,255,255,2,0,0,0,,,,,
,,,,,,,,,,,,,,,,,,,,
//リング1,,,,,,,,,,,,,,,,,,,,
//SRC定義,(NULL),gr,x,y,w,h,div_x,div_y,cycle,timer,op1,op2,op3,,,,,,,
#SRC_IMAGE,0,3,476,0,368,304,1,1,0,0,0,0,0,,,,,,,
//DST定義,(NULL),time,x,y,w,h,acc,a,r,g,b,blend,filter,angle,center,loop,timer,op1,op2,op3
#DST_IMAGE,0,16,355,383,185,153,0,255,255,255,255,2,0,0,0,-1,48,0,0,0
#DST_IMAGE,0,116,273,315,350,289,0,255,255,255,255,2,0,0,0,,,,,
#DST_IMAGE,0,350,98,171,700,578,0,0,255,255,255,2,0,0,0,,,,,
#DST_IMAGE,0,1015,259,312,368,304,0,0,255,255,255,2,0,0,0,,,,,
#DST_IMAGE,0,1016,259,312,368,304,0,255,255,255,255,2,0,0,0,,,,,
#DST_IMAGE,0,1966,98,171,700,578,0,0,255,255,255,2,0,0,0,,,,,
,,,,,,,,,,,,,,,,,,,,
//リング2,,,,,,,,,,,,,,,,,,,,
//SRC定義,(NULL),gr,x,y,w,h,div_x,div_y,cycle,timer,op1,op2,op3,,,,,,,
#SRC_IMAGE,0,3,845,0,538,316,1,1,0,0,0,0,0,,,,,,,
//DST定義,(NULL),time,x,y,w,h,acc,a,r,g,b,blend,filter,angle,center,loop,timer,op1,op2,op3
#DST_IMAGE,0,516,378,433,140,82,0,255,255,255,255,2,0,0,0,-1,48,0,0,0
#DST_IMAGE,0,1016,169,323,538,316,0,255,255,255,255,2,0,0,0,,,,,
#DST_IMAGE,0,1533,62,267,753,442,0,0,255,255,255,2,0,0,0,,,,,
,,,,,,,,,,,,,,,,,,,,
//リング3,,,,,,,,,,,,,,,,,,,,
//SRC定義,(NULL),gr,x,y,w,h,div_x,div_y,cycle,timer,op1,op2,op3,,,,,,,
#SRC_IMAGE,0,3,0,967,1445,698,1,1,0,0,0,0,0,,,,,,,
//DST定義,(NULL),time,x,y,w,h,acc,a,r,g,b,blend,filter,angle,center,loop,timer,op1,op2,op3
#DST_IMAGE,0,583,405,452,90,43,0,255,255,255,255,2,0,0,0,-1,48,0,0,0
#DST_IMAGE,0,1083,-281,200,1445,698,0,255,255,255,255,2,0,0,0,,,,,
#DST_IMAGE,0,1583,-353,173,1590,768,0,0,255,255,255,2,0,0,0,,,,,
,,,,,,,,,,,,,,,,,,,,
//キラキラ1,,,,,,,,,,,,,,,,,,,,
//SRC定義,(NULL),gr,x,y,w,h,div_x,div_y,cycle,timer,op1,op2,op3,,,,,,,
#SRC_IMAGE,0,3,418,152,27,155,1,5,83,48,0,0,0,,,,,,,
//DST定義,(NULL),time,x,y,w,h,acc,a,r,g,b,blend,filter,angle,center,loop,timer,op1,op2,op3
#DST_IMAGE,0,483,392,463,27,31,0,255,255,255,255,2,0,0,0,-1,48,0,0,0
#DST_IMAGE,0,1433,350,496,27,31,0,255,255,255,255,2,0,0,0,,,,,
,,,,,,,,,,,,,,,,,,,,
//キラキラ2,,,,,,,,,,,,,,,,,,,,
//SRC定義,(NULL),gr,x,y,w,h,div_x,div_y,cycle,timer,op1,op2,op3,,,,,,,
#SRC_IMAGE,0,3,418,152,27,155,1,5,83,48,0,0,0,,,,,,,
//DST定義,(NULL),time,x,y,w,h,acc,a,r,g,b,blend,filter,angle,center,loop,timer,op1,op2,op3
#DST_IMAGE,0,633,463,392,27,31,0,255,255,255,255,2,0,0,0,-1,48,0,0,0
#DST_IMAGE,0,1250,487,306,27,31,0,255,255,255,255,2,0,0,0,,,,,
,,,,,,,,,,,,,,,,,,,,
//キラキラ3,,,,,,,,,,,,,,,,,,,,
//SRC定義,(NULL),gr,x,y,w,h,div_x,div_y,cycle,timer,op1,op2,op3,,,,,,,
#SRC_IMAGE,0,3,418,152,27,155,1,5,83,48,0,0,0,,,,,,,
//DST定義,(NULL),time,x,y,w,h,acc,a,r,g,b,blend,filter,angle,center,loop,timer,op1,op2,op3
#DST_IMAGE,0,650,385,426,27,31,0,255,255,255,255,2,0,0,0,-1,48,0,0,0
#DST_IMAGE,0,1433,324,412,27,31,0,255,255,255,255,2,0,0,0,,,,,
,,,,,,,,,,,,,,,,,,,,
//キラキラ4,,,,,,,,,,,,,,,,,,,,
//SRC定義,(NULL),gr,x,y,w,h,div_x,div_y,cycle,timer,op1,op2,op3,,,,,,,
#SRC_IMAGE,0,3,418,152,27,155,1,5,83,48,0,0,0,,,,,,,
//DST定義,(NULL),time,x,y,w,h,acc,a,r,g,b,blend,filter,angle,center,loop,timer,op1,op2,op3
#DST_IMAGE,0,716,412,427,27,31,0,255,255,255,255,2,0,0,0,-1,48,0,0,0
#DST_IMAGE,0,1550,358,358,27,31,0,255,255,255,255,2,0,0,0,,,,,
,,,,,,,,,,,,,,,,,,,,
//キラキラ5,,,,,,,,,,,,,,,,,,,,
//SRC定義,(NULL),gr,x,y,w,h,div_x,div_y,cycle,timer,op1,op2,op3,,,,,,,
#SRC_IMAGE,0,3,418,152,27,155,1,5,83,48,0,0,0,,,,,,,
//DST定義,(NULL),time,x,y,w,h,acc,a,r,g,b,blend,filter,angle,center,loop,timer,op1,op2,op3
#DST_IMAGE,0,733,481,425,27,31,0,255,255,255,255,2,0,0,0,-1,48,0,0,0
#DST_IMAGE,0,1416,615,371,27,31,0,255,255,255,255,2,0,0,0,,,,,
,,,,,,,,,,,,,,,,,,,,
//キラキラ6,,,,,,,,,,,,,,,,,,,,
//SRC定義,(NULL),gr,x,y,w,h,div_x,div_y,cycle,timer,op1,op2,op3,,,,,,,
#SRC_IMAGE,0,3,418,152,27,155,1,5,83,48,0,0,0,,,,,,,
//DST定義,(NULL),time,x,y,w,h,acc,a,r,g,b,blend,filter,angle,center,loop,timer,op1,op2,op3
#DST_IMAGE,0,816,416,389,27,31,0,255,255,255,255,2,0,0,0,-1,48,0,0,0
#DST_IMAGE,0,1767,398,303,27,31,0,255,255,255,255,2,0,0,0,,,,,
,,,,,,,,,,,,,,,,,,,,
//キラキラ7,,,,,,,,,,,,,,,,,,,,
//SRC定義,(NULL),gr,x,y,w,h,div_x,div_y,cycle,timer,op1,op2,op3,,,,,,,
#SRC_IMAGE,0,3,418,152,27,155,1,5,83,48,0,0,0,,,,,,,
//DST定義,(NULL),time,x,y,w,h,acc,a,r,g,b,blend,filter,angle,center,loop,timer,op1,op2,op3
#DST_IMAGE,0,866,459,462,27,31,0,255,255,255,255,2,0,0,0,-1,48,0,0,0
#DST_IMAGE,0,1550,539,411,27,31,0,255,255,255,255,2,0,0,0,,,,,
,,,,,,,,,,,,,,,,,,,,
//キラキラ8,,,,,,,,,,,,,,,,,,,,
//SRC定義,(NULL),gr,x,y,w,h,div_x,div_y,cycle,timer,op1,op2,op3,,,,,,,
#SRC_IMAGE,0,3,418,152,27,155,1,5,83,48,0,0,0,,,,,,,
//DST定義,(NULL),time,x,y,w,h,acc,a,r,g,b,blend,filter,angle,center,loop,timer,op1,op2,op3
#DST_IMAGE,0,883,445,451,27,31,0,255,255,255,255,2,0,0,0,-1,48,0,0,0
#DST_IMAGE,0,2000,560,435,27,31,0,255,255,255,255,2,0,0,0,,,,,
,,,,,,,,,,,,,,,,,,,,
//キラキラ9,,,,,,,,,,,,,,,,,,,,
//SRC定義,(NULL),gr,x,y,w,h,div_x,div_y,cycle,timer,op1,op2,op3,,,,,,,
#SRC_IMAGE,0,3,418,152,27,155,1,5,83,48,0,0,0,,,,,,,
//DST定義,(NULL),time,x,y,w,h,acc,a,r,g,b,blend,filter,angle,center,loop,timer,op1,op2,op3
#DST_IMAGE,0,883,470,477,27,31,0,255,255,255,255,2,0,0,0,-1,48,0,0,0
#DST_IMAGE,0,1566,513,523,27,31,0,255,255,255,255,2,0,0,0,,,,,
,,,,,,,,,,,,,,,,,,,,
//キラキラ10,,,,,,,,,,,,,,,,,,,,
//SRC定義,(NULL),gr,x,y,w,h,div_x,div_y,cycle,timer,op1,op2,op3,,,,,,,
#SRC_IMAGE,0,3,418,152,27,155,1,5,83,48,0,0,0,,,,,,,
//DST定義,(NULL),time,x,y,w,h,acc,a,r,g,b,blend,filter,angle,center,loop,timer,op1,op2,op3
#DST_IMAGE,0,966,480,389,27,31,0,255,255,255,255,2,0,0,0,-1,48,0,0,0
#DST_IMAGE,0,1750,550,321,27,31,0,255,255,255,255,2,0,0,0,,,,,
,,,,,,,,,,,,,,,,,,,,
//キラキラ11,,,,,,,,,,,,,,,,,,,,
//SRC定義,(NULL),gr,x,y,w,h,div_x,div_y,cycle,timer,op1,op2,op3,,,,,,,
#SRC_IMAGE,0,3,418,152,27,155,1,5,83,48,0,0,0,,,,,,,
//DST定義,(NULL),time,x,y,w,h,acc,a,r,g,b,blend,filter,angle,center,loop,timer,op1,op2,op3
#DST_IMAGE,0,1083,424,481,27,31,0,255,255,255,255,2,0,0,0,-1,48,0,0,0
#DST_IMAGE,0,1850,412,550,27,31,0,255,255,255,255,2,0,0,0,,,,,
,,,,,,,,,,,,,,,,,,,,
//キラキラ12,,,,,,,,,,,,,,,,,,,,
//SRC定義,(NULL),gr,x,y,w,h,div_x,div_y,cycle,timer,op1,op2,op3,,,,,,,
#SRC_IMAGE,0,3,418,152,27,155,1,5,83,48,0,0,0,,,,,,,
//DST定義,(NULL),time,x,y,w,h,acc,a,r,g,b,blend,filter,angle,center,loop,timer,op1,op2,op3
#DST_IMAGE,0,1350,400,417,27,31,0,255,255,255,255,2,0,0,0,-1,48,0,0,0
#DST_IMAGE,0,1967,343,382,27,31,0,255,255,255,255,2,0,0,0,,,,,
,,,,,,,,,,,,,,,,,,,,
//キラキラ13,,,,,,,,,,,,,,,,,,,,
//SRC定義,(NULL),gr,x,y,w,h,div_x,div_y,cycle,timer,op1,op2,op3,,,,,,,
#SRC_IMAGE,0,3,418,152,27,155,1,5,83,48,0,0,0,,,,,,,
//DST定義,(NULL),time,x,y,w,h,acc,a,r,g,b,blend,filter,angle,center,loop,timer,op1,op2,op3
#DST_IMAGE,0,1400,448,475,27,31,0,255,255,255,255,2,0,0,0,-1,48,0,0,0
#DST_IMAGE,0,1933,469,551,27,31,0,255,255,255,255,2,0,0,0,,,,,
,,,,,,,,,,,,,,,,,,,,
//上昇する光1,,,,,,,,,,,,,,,,,,,,
//SRC定義,(NULL),gr,x,y,w,h,div_x,div_y,cycle,timer,op1,op2,op3,,,,,,,
#SRC_IMAGE,0,3,14,0,2,347,1,1,0,0,0,0,0,,,,,,,
//DST定義,(NULL),time,x,y,w,h,acc,a,r,g,b,blend,filter,angle,center,loop,timer,op1,op2,op3
#DST_IMAGE,0,33,718,482,2,-47,0,255,255,255,255,2,0,0,0,-1,48,0,0,0
#DST_IMAGE,0,133,718,467,2,-347,0,255,255,255,255,2,0,0,0,,,,,
#DST_IMAGE,0,266,718,47,2,-347,0,255,255,255,255,2,0,0,0,,,,,
,,,,,,,,,,,,,,,,,,,,
//上昇する光2,,,,,,,,,,,,,,,,,,,,
//SRC定義,(NULL),gr,x,y,w,h,div_x,div_y,cycle,timer,op1,op2,op3,,,,,,,
#SRC_IMAGE,0,3,14,0,2,347,1,1,0,0,0,0,0,,,,,,,
//DST定義,(NULL),time,x,y,w,h,acc,a,r,g,b,blend,filter,angle,center,loop,timer,op1,op2,op3
#DST_IMAGE,0,33,802,482,2,-12,0,255,255,255,255,2,0,0,0,-1,48,0,0,0
#DST_IMAGE,0,383,802,463,2,-347,0,255,255,255,255,2,0,0,0,,,,,
#DST_IMAGE,0,833,802,9,2,-347,0,255,255,255,255,2,0,0,0,,,,,
,,,,,,,,,,,,,,,,,,,,
//上昇する光3,,,,,,,,,,,,,,,,,,,,
//SRC定義,(NULL),gr,x,y,w,h,div_x,div_y,cycle,timer,op1,op2,op3,,,,,,,
#SRC_IMAGE,0,3,14,0,2,347,1,1,0,0,0,0,0,,,,,,,
//DST定義,(NULL),time,x,y,w,h,acc,a,r,g,b,blend,filter,angle,center,loop,timer,op1,op2,op3
#DST_IMAGE,0,33,829,482,2,-21,0,255,255,255,255,2,0,0,0,-1,48,0,0,0
#DST_IMAGE,0,216,829,475,2,-347,0,255,255,255,255,2,0,0,0,,,,,
#DST_IMAGE,0,466,829,22,2,-347,0,255,255,255,255,2,0,0,0,,,,,
,,,,,,,,,,,,,,,,,,,,
//上昇する光4,,,,,,,,,,,,,,,,,,,,
//SRC定義,(NULL),gr,x,y,w,h,div_x,div_y,cycle,timer,op1,op2,op3,,,,,,,
#SRC_IMAGE,0,3,14,0,2,347,1,1,0,0,0,0,0,,,,,,,
//DST定義,(NULL),time,x,y,w,h,acc,a,r,g,b,blend,filter,angle,center,loop,timer,op1,op2,op3
#DST_IMAGE,0,83,769,482,2,-56,0,255,255,255,255,2,0,0,0,-1,48,0,0,0
#DST_IMAGE,0,166,769,419,2,-347,0,255,255,255,255,2,0,0,0,,,,,
#DST_IMAGE,0,250,769,65,2,-347,0,255,255,255,255,2,0,0,0,,,,,
,,,,,,,,,,,,,,,,,,,,
//上昇する光5,,,,,,,,,,,,,,,,,,,,
//SRC定義,(NULL),gr,x,y,w,h,div_x,div_y,cycle,timer,op1,op2,op3,,,,,,,
#SRC_IMAGE,0,3,14,0,2,347,1,1,0,0,0,0,0,,,,,,,
//DST定義,(NULL),time,x,y,w,h,acc,a,r,g,b,blend,filter,angle,center,loop,timer,op1,op2,op3
#DST_IMAGE,0,116,919,482,2,-29,0,255,255,255,255,2,0,0,0,-1,48,0,0,0
#DST_IMAGE,0,283,919,457,2,-347,0,255,255,255,255,2,0,0,0,,,,,
#DST_IMAGE,0,500,919,11,2,-347,0,255,255,255,255,2,0,0,0,,,,,
,,,,,,,,,,,,,,,,,,,,
//上昇する光6,,,,,,,,,,,,,,,,,,,,
//SRC定義,(NULL),gr,x,y,w,h,div_x,div_y,cycle,timer,op1,op2,op3,,,,,,,
#SRC_IMAGE,0,3,14,0,2,347,1,1,0,0,0,0,0,,,,,,,
//DST定義,(NULL),time,x,y,w,h,acc,a,r,g,b,blend,filter,angle,center,loop,timer,op1,op2,op3
#DST_IMAGE,0,183,879,482,2,-64,0,255,255,255,255,2,0,0,0,-1,48,0,0,0
#DST_IMAGE,0,266,879,414,2,-347,0,255,255,255,255,2,0,0,0,,,,,
#DST_IMAGE,0,350,879,64,2,-347,0,255,255,255,255,2,0,0,0,,,,,
,,,,,,,,,,,,,,,,,,,,
//上昇する光7,,,,,,,,,,,,,,,,,,,,
//SRC定義,(NULL),gr,x,y,w,h,div_x,div_y,cycle,timer,op1,op2,op3,,,,,,,
#SRC_IMAGE,0,3,14,0,2,347,1,1,0,0,0,0,0,,,,,,,
//DST定義,(NULL),time,x,y,w,h,acc,a,r,g,b,blend,filter,angle,center,loop,timer,op1,op2,op3
#DST_IMAGE,0,216,845,482,2,-30,0,255,255,255,255,2,0,0,0,-1,48,0,0,0
#DST_IMAGE,0,383,845,449,2,-347,0,255,255,255,255,2,0,0,0,,,,,
#DST_IMAGE,0,583,845,30,2,-347,0,255,255,255,255,2,0,0,0,,,,,
,,,,,,,,,,,,,,,,,,,,
//上昇する光8,,,,,,,,,,,,,,,,,,,,
//SRC定義,(NULL),gr,x,y,w,h,div_x,div_y,cycle,timer,op1,op2,op3,,,,,,,
#SRC_IMAGE,0,3,14,0,2,347,1,1,0,0,0,0,0,,,,,,,
//DST定義,(NULL),time,x,y,w,h,acc,a,r,g,b,blend,filter,angle,center,loop,timer,op1,op2,op3
#DST_IMAGE,0,233,745,482,2,-46,0,255,255,255,255,2,0,0,0,-1,48,0,0,0
#DST_IMAGE,0,333,745,468,2,-347,0,255,255,255,255,2,0,0,0,,,,,
#DST_IMAGE,0,466,745,47,2,-347,0,255,255,255,255,2,0,0,0,,,,,
,,,,,,,,,,,,,,,,,,,,
//上昇する光9,,,,,,,,,,,,,,,,,,,,
//SRC定義,(NULL),gr,x,y,w,h,div_x,div_y,cycle,timer,op1,op2,op3,,,,,,,
#SRC_IMAGE,0,3,14,0,2,347,1,1,0,0,0,0,0,,,,,,,
//DST定義,(NULL),time,x,y,w,h,acc,a,r,g,b,blend,filter,angle,center,loop,timer,op1,op2,op3
#DST_IMAGE,0,250,708,482,2,-28,0,255,255,255,255,2,0,0,0,-1,48,0,0,0
#DST_IMAGE,0,416,708,464,2,-347,0,255,255,255,255,2,0,0,0,,,,,
#DST_IMAGE,0,633,708,26,2,-347,0,255,255,255,255,2,0,0,0,,,,,
,,,,,,,,,,,,,,,,,,,,
//上昇する光10,,,,,,,,,,,,,,,,,,,,
//SRC定義,(NULL),gr,x,y,w,h,div_x,div_y,cycle,timer,op1,op2,op3,,,,,,,
#SRC_IMAGE,0,3,14,0,2,347,1,1,0,0,0,0,0,,,,,,,
//DST定義,(NULL),time,x,y,w,h,acc,a,r,g,b,blend,filter,angle,center,loop,timer,op1,op2,op3
#DST_IMAGE,0,400,782,482,2,-20,0,255,255,255,255,2,0,0,0,-1,48,0,0,0
#DST_IMAGE,0,616,782,467,2,-347,0,255,255,255,255,2,0,0,0,,,,,
#DST_IMAGE,0,900,782,20,2,-347,0,255,255,255,255,2,0,0,0,,,,,
,,,,,,,,,,,,,,,,,,,,
//上昇する光11,,,,,,,,,,,,,,,,,,,,
//SRC定義,(NULL),gr,x,y,w,h,div_x,div_y,cycle,timer,op1,op2,op3,,,,,,,
#SRC_IMAGE,0,3,14,0,2,347,1,1,0,0,0,0,0,,,,,,,
//DST定義,(NULL),time,x,y,w,h,acc,a,r,g,b,blend,filter,angle,center,loop,timer,op1,op2,op3
#DST_IMAGE,0,416,879,482,2,-44,0,255,255,255,255,2,0,0,0,-1,48,0,0,0
#DST_IMAGE,0,516,879,468,2,-347,0,255,255,255,255,2,0,0,0,,,,,
#DST_IMAGE,0,650,879,45,2,-347,0,255,255,255,255,2,0,0,0,,,,,
,,,,,,,,,,,,,,,,,,,,
//上昇する光12,,,,,,,,,,,,,,,,,,,,
//SRC定義,(NULL),gr,x,y,w,h,div_x,div_y,cycle,timer,op1,op2,op3,,,,,,,
#SRC_IMAGE,0,3,14,0,2,347,1,1,0,0,0,0,0,,,,,,,
//DST定義,(NULL),time,x,y,w,h,acc,a,r,g,b,blend,filter,angle,center,loop,timer,op1,op2,op3
#DST_IMAGE,0,450,954,482,2,-41,0,255,255,255,255,2,0,0,0,-1,48,0,0,0
#DST_IMAGE,0,550,954,470,2,-347,0,255,255,255,255,2,0,0,0,,,,,
#DST_IMAGE,0,683,954,47,2,-347,0,255,255,255,255,2,0,0,0,,,,,
,,,,,,,,,,,,,,,,,,,,
//上昇する光13,,,,,,,,,,,,,,,,,,,,
//SRC定義,(NULL),gr,x,y,w,h,div_x,div_y,cycle,timer,op1,op2,op3,,,,,,,
#SRC_IMAGE,0,3,14,0,2,347,1,1,0,0,0,0,0,,,,,,,
//DST定義,(NULL),time,x,y,w,h,acc,a,r,g,b,blend,filter,angle,center,loop,timer,op1,op2,op3
#DST_IMAGE,0,450,738,482,2,-13,0,255,255,255,255,2,0,0,0,-1,48,0,0,0
#DST_IMAGE,0,750,738,480,2,-347,0,255,255,255,255,2,0,0,0,,,,,
#DST_IMAGE,0,1166,738,14,2,-347,0,255,255,255,255,2,0,0,0,,,,,
,,,,,,,,,,,,,,,,,,,,
//メイン1,,,,,,,,,,,,,,,,,,,,
//SRC定義,(NULL),gr,x,y,w,h,div_x,div_y,cycle,timer,op1,op2,op3,,,,,,,
#SRC_IMAGE,0,3,0,0,4,507,1,1,0,0,0,0,0,,,,,,,
//DST定義,(NULL),time,x,y,w,h,acc,a,r,g,b,blend,filter,angle,center,loop,timer,op1,op2,op3
#DST_IMAGE,0,16,686,482,288,0,0,255,255,255,255,2,0,0,0,-1,48,0,0,0
#DST_IMAGE,0,116,686,482,288,-507,0,255,255,255,255,2,0,0,0,,,,,
#DST_IMAGE,0,583,829,482,2,-507,0,255,255,255,255,2,0,0,0,,,,,
#DST_IMAGE,0,833,829,482,2,-507,0,130,255,255,255,2,0,0,0,,,,,
#DST_IMAGE,0,1233,829,482,2,-507,0,0,255,255,255,2,0,0,0,,,,,
,,,,,,,,,,,,,,,,,,,,
//メイン2,,,,,,,,,,,,,,,,,,,,
//SRC定義,(NULL),gr,x,y,w,h,div_x,div_y,cycle,timer,op1,op2,op3,,,,,,,
#SRC_IMAGE,0,3,5,0,1,482,1,1,0,0,0,0,0,,,,,,,
//DST定義,(NULL),time,x,y,w,h,acc,a,r,g,b,blend,filter,angle,center,loop,timer,op1,op2,op3
#DST_IMAGE,0,16,604,482,288,-482,0,0,255,255,255,2,0,0,0,-1,48,0,0,0
#DST_IMAGE,0,183,604,482,288,-482,0,255,255,255,255,2,0,0,0,,,,,
#DST_IMAGE,0,333,604,482,288,-482,0,255,255,255,255,2,0,0,0,,,,,
#DST_IMAGE,0,683,604,482,288,-482,0,0,255,255,255,2,0,0,0,,,,,
,,,,,,,,,,,,,,,,,,,,
//メイン3,,,,,,,,,,,,,,,,,,,,
//SRC定義,(NULL),gr,x,y,w,h,div_x,div_y,cycle,timer,op1,op2,op3,,,,,,,
#SRC_IMAGE,0,3,17,0,458,151,1,1,0,0,0,0,0,,,,,,,
//DST定義,(NULL),time,x,y,w,h,acc,a,r,g,b,blend,filter,angle,center,loop,timer,op1,op2,op3
#DST_IMAGE,0,33,604,406,458,151,0,40,255,255,255,2,0,0,0,-1,48,0,0,0
#DST_IMAGE,0,133,604,181,458,604,0,255,255,255,255,2,0,0,0,,,,,
#DST_IMAGE,0,516,604,263,458,439,0,250,255,255,255,2,0,0,0,,,,,
#DST_IMAGE,0,833,604,331,458,302,0,150,255,255,255,2,0,0,0,,,,,
#DST_IMAGE,0,1316,604,331,458,302,0,0,255,255,255,2,0,0,0,,,,,
,,,,,,,,,,,,,,,,,,,,
//メイン4,,,,,,,,,,,,,,,,,,,,
//SRC定義,(NULL),gr,x,y,w,h,div_x,div_y,cycle,timer,op1,op2,op3,,,,,,,
#SRC_IMAGE,0,3,211,0,60,151,1,1,0,0,0,0,0,,,,,,,
//DST定義,(NULL),time,x,y,w,h,acc,a,r,g,b,blend,filter,angle,center,loop,timer,op1,op2,op3
#DST_IMAGE,0,366,588,124,482,235,0,30,255,255,255,2,0,90,0,-1,48,0,0,0
#DST_IMAGE,0,500,588,150,482,181,0,255,255,255,255,2,0,90,0,,,,,
#DST_IMAGE,0,816,588,216,482,51,0,100,255,255,255,2,0,90,0,,,,,
#DST_IMAGE,0,1050,588,216,482,51,0,0,255,255,255,2,0,90,0,,,,,
,,,,,,,,,,,,,,,,,,,,
//フラッシュ1,,,,,,,,,,,,,,,,,,,,
//SRC定義,(NULL),gr,x,y,w,h,div_x,div_y,cycle,timer,op1,op2,op3,,,,,,,
#SRC_IMAGE,0,3,17,152,200,173,1,1,0,0,0,0,0,,,,,,,
//DST定義,(NULL),time,x,y,w,h,acc,a,r,g,b,blend,filter,angle,center,loop,timer,op1,op2,op3
#DST_IMAGE,0,16,432,132,800,692,0,255,255,255,255,2,0,0,0,-1,48,0,0,0
#DST_IMAGE,0,116,632,304,400,346,0,255,255,255,255,2,0,0,0,,,,,
#DST_IMAGE,0,283,632,304,400,346,0,0,255,255,255,2,0,0,0,,,,,
#DST_IMAGE,0,515,532,218,600,519,0,0,255,255,2,0,0,0,,,,,,
#DST_IMAGE,0,516,532,218,600,519,0,255,255,255,255,2,0,0,0,,,,,
#DST_IMAGE,0,633,632,304,400,346,0,255,255,255,255,2,0,0,0,,,,,
#DST_IMAGE,0,1016,632,304,400,346,0,0,255,255,255,2,0,0,0,,,,,
,,,,,,,,,,,,,,,,,,,,
//フラッシュ2,,,,,,,,,,,,,,,,,,,,
//SRC定義,(NULL),gr,x,y,w,h,div_x,div_y,cycle,timer,op1,op2,op3,,,,,,,
#SRC_IMAGE,0,3,17,152,400,173,2,1,34,48,0,0,0,,,,,,,
//DST定義,(NULL),time,x,y,w,h,acc,a,r,g,b,blend,filter,angle,center,loop,timer,op1,op2,op3
#DST_IMAGE,0,633,532,218,600,519,0,0,255,255,255,2,0,0,0,-1,48,0,0,0
#DST_IMAGE,0,900,582,256,500,433,0,255,255,255,255,2,0,0,0,,,,,
#DST_IMAGE,0,1566,682,345,300,260,0,255,255,255,255,2,0,0,0,,,,,
#DST_IMAGE,0,1866,732,387,200,173,0,0,255,255,255,2,0,0,0,,,,,
,,,,,,,,,,,,,,,,,,,,
//フラッシュ3,,,,,,,,,,,,,,,,,,,,
//SRC定義,(NULL),gr,x,y,w,h,div_x,div_y,cycle,timer,op1,op2,op3,,,,,,,
#SRC_IMAGE,0,3,17,326,640,640,1,1,0,0,0,0,0,,,,,,,
//DST定義,(NULL),time,x,y,w,h,acc,a,r,g,b,blend,filter,angle,center,loop,timer,op1,op2,op3
#DST_IMAGE,0,16,668,296,320,320,0,255,255,255,255,2,0,0,0,-1,48,0,0,0
#DST_IMAGE,0,183,364,-8,930,930,0,255,255,255,255,2,0,0,0,,,,,
#DST_IMAGE,0,350,188,-184,1280,1280,0,0,255,255,255,2,0,0,0,,,,,
,,,,,,,,,,,,,,,,,,,,
//リング1,,,,,,,,,,,,,,,,,,,,
//SRC定義,(NULL),gr,x,y,w,h,div_x,div_y,cycle,timer,op1,op2,op3,,,,,,,
#SRC_IMAGE,0,3,476,0,368,304,1,1,0,0,0,0,0,,,,,,,
//DST定義,(NULL),time,x,y,w,h,acc,a,r,g,b,blend,filter,angle,center,loop,timer,op1,op2,op3
#DST_IMAGE,0,16,740,383,185,153,0,255,255,255,255,2,0,0,0,-1,48,0,0,0
#DST_IMAGE,0,116,658,315,350,289,0,255,255,255,255,2,0,0,0,,,,,
#DST_IMAGE,0,350,483,171,700,578,0,0,255,255,255,2,0,0,0,,,,,
#DST_IMAGE,0,1015,644,312,368,304,0,0,255,255,255,2,0,0,0,,,,,
#DST_IMAGE,0,1016,644,312,368,304,0,255,255,255,255,2,0,0,0,,,,,
#DST_IMAGE,0,1966,483,171,700,578,0,0,255,255,255,2,0,0,0,,,,,
,,,,,,,,,,,,,,,,,,,,
//リング2,,,,,,,,,,,,,,,,,,,,
//SRC定義,(NULL),gr,x,y,w,h,div_x,div_y,cycle,timer,op1,op2,op3,,,,,,,
#SRC_IMAGE,0,3,658,317,558,308,1,1,0,0,0,0,0,,,,,,,
//DST定義,(NULL),time,x,y,w,h,acc,a,r,g,b,blend,filter,angle,center,loop,timer,op1,op2,op3
#DST_IMAGE,0,516,762,431,150,83,0,255,255,255,255,2,0,0,0,-1,48,0,0,0
#DST_IMAGE,0,1016,569,325,558,308,0,255,255,255,255,2,0,0,0,,,,,
#DST_IMAGE,0,1533,429,260,837,462,0,0,255,255,255,2,0,0,0,,,,,
,,,,,,,,,,,,,,,,,,,,
//リング3,,,,,,,,,,,,,,,,,,,,
//SRC定義,(NULL),gr,x,y,w,h,div_x,div_y,cycle,timer,op1,op2,op3,,,,,,,
#SRC_IMAGE,0,3,0,1666,1406,662,1,1,0,0,0,0,0,,,,,,,
//DST定義,(NULL),time,x,y,w,h,acc,a,r,g,b,blend,filter,angle,center,loop,timer,op1,op2,op3
#DST_IMAGE,0,583,790,453,90,42,0,255,255,255,255,2,0,0,0,-1,48,0,0,0
#DST_IMAGE,0,1083,150,215,1406,662,0,255,255,255,255,2,0,0,0,,,,,
#DST_IMAGE,0,1550,76,188,1547,728,0,0,255,255,255,2,0,0,0,,,,,
,,,,,,,,,,,,,,,,,,,,
//キラキラ1,,,,,,,,,,,,,,,,,,,,
//SRC定義,(NULL),gr,x,y,w,h,div_x,div_y,cycle,timer,op1,op2,op3,,,,,,,
#SRC_IMAGE,0,3,418,152,27,155,1,5,83,48,0,0,0,,,,,,,
//DST定義,(NULL),time,x,y,w,h,acc,a,r,g,b,blend,filter,angle,center,loop,timer,op1,op2,op3
#DST_IMAGE,0,483,818,463,27,31,0,255,255,255,255,2,0,0,0,-1,48,0,0,0
#DST_IMAGE,0,1450,776,496,27,31,0,255,255,255,255,2,0,0,0,,,,,
,,,,,,,,,,,,,,,,,,,,
//キラキラ2,,,,,,,,,,,,,,,,,,,,
//SRC定義,(NULL),gr,x,y,w,h,div_x,div_y,cycle,timer,op1,op2,op3,,,,,,,
#SRC_IMAGE,0,3,418,152,27,155,1,5,83,48,0,0,0,,,,,,,
//DST定義,(NULL),time,x,y,w,h,acc,a,r,g,b,blend,filter,angle,center,loop,timer,op1,op2,op3
#DST_IMAGE,0,633,818,392,27,31,0,255,255,255,255,2,0,0,0,-1,48,0,0,0
#DST_IMAGE,0,1266,842,306,27,31,0,255,255,255,255,2,0,0,0,,,,,
,,,,,,,,,,,,,,,,,,,,
//キラキラ3,,,,,,,,,,,,,,,,,,,,
//SRC定義,(NULL),gr,x,y,w,h,div_x,div_y,cycle,timer,op1,op2,op3,,,,,,,
#SRC_IMAGE,0,3,418,152,27,155,1,5,83,48,0,0,0,,,,,,,
//DST定義,(NULL),time,x,y,w,h,acc,a,r,g,b,blend,filter,angle,center,loop,timer,op1,op2,op3
#DST_IMAGE,0,650,818,426,27,31,0,255,255,255,255,2,0,0,0,-1,48,0,0,0
#DST_IMAGE,0,1433,757,412,27,31,0,255,255,255,255,2,0,0,0,,,,,
,,,,,,,,,,,,,,,,,,,,
//キラキラ4,,,,,,,,,,,,,,,,,,,,
//SRC定義,(NULL),gr,x,y,w,h,div_x,div_y,cycle,timer,op1,op2,op3,,,,,,,
#SRC_IMAGE,0,3,418,152,27,155,1,5,83,48,0,0,0,,,,,,,
//DST定義,(NULL),time,x,y,w,h,acc,a,r,g,b,blend,filter,angle,center,loop,timer,op1,op2,op3
#DST_IMAGE,0,716,818,427,27,31,0,255,255,255,255,2,0,0,0,-1,48,0,0,0
#DST_IMAGE,0,1550,764,358,27,31,0,255,255,255,255,2,0,0,0,,,,,
,,,,,,,,,,,,,,,,,,,,
//キラキラ5,,,,,,,,,,,,,,,,,,,,
//SRC定義,(NULL),gr,x,y,w,h,div_x,div_y,cycle,timer,op1,op2,op3,,,,,,,
#SRC_IMAGE,0,3,418,152,27,155,1,5,83,48,0,0,0,,,,,,,
//DST定義,(NULL),time,x,y,w,h,acc,a,r,g,b,blend,filter,angle,center,loop,timer,op1,op2,op3
#DST_IMAGE,0,733,818,425,27,31,0,255,255,255,255,2,0,0,0,-1,48,0,0,0
#DST_IMAGE,0,1416,952,371,27,31,0,255,255,255,255,2,0,0,0,,,,,
,,,,,,,,,,,,,,,,,,,,
//キラキラ6,,,,,,,,,,,,,,,,,,,,
//SRC定義,(NULL),gr,x,y,w,h,div_x,div_y,cycle,timer,op1,op2,op3,,,,,,,
#SRC_IMAGE,0,3,418,152,27,155,1,5,83,48,0,0,0,,,,,,,
//DST定義,(NULL),time,x,y,w,h,acc,a,r,g,b,blend,filter,angle,center,loop,timer,op1,op2,op3
#DST_IMAGE,0,816,818,389,27,31,0,255,255,255,255,2,0,0,0,-1,48,0,0,0
#DST_IMAGE,0,1767,800,303,27,31,0,255,255,255,255,2,0,0,0,,,,,
,,,,,,,,,,,,,,,,,,,,
//キラキラ7,,,,,,,,,,,,,,,,,,,,
//SRC定義,(NULL),gr,x,y,w,h,div_x,div_y,cycle,timer,op1,op2,op3,,,,,,,
#SRC_IMAGE,0,3,418,152,27,155,1,5,83,48,0,0,0,,,,,,,
//DST定義,(NULL),time,x,y,w,h,acc,a,r,g,b,blend,filter,angle,center,loop,timer,op1,op2,op3
#DST_IMAGE,0,866,818,462,27,31,0,255,255,255,255,2,0,0,0,-1,48,0,0,0
#DST_IMAGE,0,1550,898,411,27,31,0,255,255,255,255,2,0,0,0,,,,,
,,,,,,,,,,,,,,,,,,,,
//キラキラ8,,,,,,,,,,,,,,,,,,,,
//SRC定義,(NULL),gr,x,y,w,h,div_x,div_y,cycle,timer,op1,op2,op3,,,,,,,
#SRC_IMAGE,0,3,418,152,27,155,1,5,83,48,0,0,0,,,,,,,
//DST定義,(NULL),time,x,y,w,h,acc,a,r,g,b,blend,filter,angle,center,loop,timer,op1,op2,op3
#DST_IMAGE,0,883,818,451,27,31,0,255,255,255,255,2,0,0,0,-1,48,0,0,0
#DST_IMAGE,0,2000,933,435,27,31,0,255,255,255,255,2,0,0,0,,,,,
,,,,,,,,,,,,,,,,,,,,
//キラキラ9,,,,,,,,,,,,,,,,,,,,
//SRC定義,(NULL),gr,x,y,w,h,div_x,div_y,cycle,timer,op1,op2,op3,,,,,,,
#SRC_IMAGE,0,3,418,152,27,155,1,5,83,48,0,0,0,,,,,,,
//DST定義,(NULL),time,x,y,w,h,acc,a,r,g,b,blend,filter,angle,center,loop,timer,op1,op2,op3
#DST_IMAGE,0,883,818,477,27,31,0,255,255,255,255,2,0,0,0,-1,48,0,0,0
#DST_IMAGE,0,1566,861,523,27,31,0,255,255,255,255,2,0,0,0,,,,,
,,,,,,,,,,,,,,,,,,,,
//キラキラ10,,,,,,,,,,,,,,,,,,,,
//SRC定義,(NULL),gr,x,y,w,h,div_x,div_y,cycle,timer,op1,op2,op3,,,,,,,
#SRC_IMAGE,0,3,418,152,27,155,1,5,83,48,0,0,0,,,,,,,
//DST定義,(NULL),time,x,y,w,h,acc,a,r,g,b,blend,filter,angle,center,loop,timer,op1,op2,op3
#DST_IMAGE,0,966,818,389,27,31,0,255,255,255,255,2,0,0,0,-1,48,0,0,0
#DST_IMAGE,0,1750,888,321,27,31,0,255,255,255,255,2,0,0,0,,,,,
,,,,,,,,,,,,,,,,,,,,
//キラキラ11,,,,,,,,,,,,,,,,,,,,
//SRC定義,(NULL),gr,x,y,w,h,div_x,div_y,cycle,timer,op1,op2,op3,,,,,,,
#SRC_IMAGE,0,3,418,152,27,155,1,5,83,48,0,0,0,,,,,,,
//DST定義,(NULL),time,x,y,w,h,acc,a,r,g,b,blend,filter,angle,center,loop,timer,op1,op2,op3
#DST_IMAGE,0,1083,818,481,27,31,0,255,255,255,255,2,0,0,0,-1,48,0,0,0
#DST_IMAGE,0,1850,807,550,27,31,0,255,255,255,255,2,0,0,0,,,,,
,,,,,,,,,,,,,,,,,,,,
//キラキラ12,,,,,,,,,,,,,,,,,,,,
//SRC定義,(NULL),gr,x,y,w,h,div_x,div_y,cycle,timer,op1,op2,op3,,,,,,,
#SRC_IMAGE,0,3,418,152,27,155,1,5,83,48,0,0,0,,,,,,,
//DST定義,(NULL),time,x,y,w,h,acc,a,r,g,b,blend,filter,angle,center,loop,timer,op1,op2,op3
#DST_IMAGE,0,1350,818,417,27,31,0,255,255,255,255,2,0,0,0,-1,48,0,0,0
#DST_IMAGE,0,1967,761,382,27,31,0,255,255,255,255,2,0,0,0,,,,,
,,,,,,,,,,,,,,,,,,,,
//キラキラ13,,,,,,,,,,,,,,,,,,,,
//SRC定義,(NULL),gr,x,y,w,h,div_x,div_y,cycle,timer,op1,op2,op3,,,,,,,
#SRC_IMAGE,0,3,418,152,27,155,1,5,83,48,0,0,0,,,,,,,
//DST定義,(NULL),time,x,y,w,h,acc,a,r,g,b,blend,filter,angle,center,loop,timer,op1,op2,op3
#DST_IMAGE,0,1400,818,475,27,31,0,255,255,255,255,2,0,0,0,-1,48,0,0,0
#DST_IMAGE,0,1933,839,551,27,31,0,255,255,255,255,2,0,0,0,,,,,

//ジャッジ表示,,,,,,,,,,,,,,,,,,,,
//基本的に#SRC_IMAGEと同じですが、コンボの幅の半分だけ左に自動的にシフトして表示されます。,,,,,,,,,,,,,,,,,,,,
//シフトをオフにする場合(ジャッジとコンボを二列に分けて表示するときとか)は、noshift=1にして下さい,,,,,,,,,,,,,,,,,,,,
//timer46 ジャッジタイマー 1P,,,,,,,,,,,,,,,,,,,,
//timer47 ジャッジタイマー 2P,,,,,,,,,,,,,,,,,,,,
#SRC_NOWJUDGE_1P,0,13,0,508,248,56,2,1,80,46,0,0,0,,,,,,,,
#DST_NOWJUDGE_1P,0,0,389,351,124,56,0,255,255,255,255,0,0,0,0,-1,46,,,,
#DST_NOWJUDGE_1P,0,500,389,351,124,56,0,255,255,255,255,0,0,0,0,,,,,,
#SRC_NOWJUDGE_1P,1,13,0,508,248,56,2,1,80,46,0,0,0,,,,,,,,
#DST_NOWJUDGE_1P,1,0,389,351,124,56,0,255,255,255,255,0,0,0,0,-1,46,,,,
#DST_NOWJUDGE_1P,1,500,389,351,124,56,0,255,255,255,255,0,0,0,0,,,,,,
#SRC_NOWJUDGE_1P,2,13,0,451,190,56,2,1,80,46,0,0,0,,,,,,,,
#DST_NOWJUDGE_1P,2,0,405,351,95,56,0,255,255,255,255,0,0,0,0,-1,46,,,,
#DST_NOWJUDGE_1P,2,500,405,351,95,56,0,255,255,255,255,0,0,0,0,,,,,,
#SRC_NOWJUDGE_1P,3,13,0,394,248,56,2,1,80,46,0,0,0,,,,,,,,
#DST_NOWJUDGE_1P,3,0,386,351,124,56,0,255,255,255,255,0,0,0,0,-1,46,,,,
#DST_NOWJUDGE_1P,3,500,386,351,124,56,0,255,255,255,255,0,0,0,0,,,,,,
#SRC_NOWJUDGE_1P,4,13,0,337,306,56,2,1,80,46,0,0,0,,,,,,,,
#DST_NOWJUDGE_1P,4,0,371,351,153,56,0,255,255,255,255,0,0,0,0,-1,46,,,,
#DST_NOWJUDGE_1P,4,500,371,351,153,56,0,255,255,255,255,0,0,0,0,,,,,,
#SRC_NOWJUDGE_1P,5,13,0,0,153,336,1,6,100,46,0,0,0,,,,,,,,
#DST_NOWJUDGE_1P,5,0,371,351,153,56,0,255,255,255,255,0,0,0,0,-1,46,,,,
#DST_NOWJUDGE_1P,5,500,371,351,153,56,0,255,255,255,255,0,0,0,0,,,,,,
#SRC_NOWCOMBO_1P,3,13,0,565,370,112,10,2,80,46,0,1,7,,,,,,,,
#DST_NOWCOMBO_1P,3,0,130,0,37,56,0,255,255,255,255,0,0,0,0,-1,46,,,,
#DST_NOWCOMBO_1P,3,500,130,0,37,56,0,255,255,255,255,0,0,0,0,,,,,,
#SRC_NOWCOMBO_1P,4,13,0,565,370,112,10,2,80,46,0,1,7,,,,,,,,
#DST_NOWCOMBO_1P,4,0,159,0,37,56,0,255,255,255,255,0,0,0,0,-1,46,,,,
#DST_NOWCOMBO_1P,4,500,159,0,37,56,0,255,255,255,255,0,0,0,0,,,,,,
#SRC_NOWCOMBO_1P,5,13,154,0,370,336,10,6,100,46,0,1,7,,,,,,,,
#DST_NOWCOMBO_1P,5,0,159,0,37,56,0,255,255,255,255,0,0,0,0,-1,46,,,,
#DST_NOWCOMBO_1P,5,500,159,0,37,56,0,255,255,255,255,0,0,0,0,,,,,,
#SRC_NOWJUDGE_2P,0,13,0,508,248,56,2,1,80,47,0,0,0,,,,,,,,
#DST_NOWJUDGE_2P,0,0,767,351,124,56,0,255,255,255,255,0,0,0,0,-1,47,,,,
#DST_NOWJUDGE_2P,0,500,767,351,124,56,0,255,255,255,255,0,0,0,0,,,,,,
#SRC_NOWJUDGE_2P,1,13,0,508,248,56,2,1,80,47,0,0,0,,,,,,,,
#DST_NOWJUDGE_2P,1,0,767,351,124,56,0,255,255,255,255,0,0,0,0,-1,47,,,,
#DST_NOWJUDGE_2P,1,500,767,351,124,56,0,255,255,255,255,0,0,0,0,,,,,,
#SRC_NOWJUDGE_2P,2,13,0,451,190,56,2,1,80,47,0,0,0,,,,,,,,
#DST_NOWJUDGE_2P,2,0,783,351,95,56,0,255,255,255,255,0,0,0,0,-1,47,,,,
#DST_NOWJUDGE_2P,2,500,783,351,95,56,0,255,255,255,255,0,0,0,0,,,,,,
#SRC_NOWJUDGE_2P,3,13,0,394,248,56,2,1,80,47,0,0,0,,,,,,,,
#DST_NOWJUDGE_2P,3,0,764,351,124,56,0,255,255,255,255,0,0,0,0,-1,47,,,,
#DST_NOWJUDGE_2P,3,500,764,351,124,56,0,255,255,255,255,0,0,0,0,,,,,,
#SRC_NOWJUDGE_2P,4,13,0,337,306,56,2,1,80,47,0,0,0,,,,,,,,
#DST_NOWJUDGE_2P,4,0,749,351,153,56,0,255,255,255,255,0,0,0,0,-1,47,,,,
#DST_NOWJUDGE_2P,4,500,749,351,153,56,0,255,255,255,255,0,0,0,0,,,,,,
#SRC_NOWJUDGE_2P,5,13,0,0,153,336,1,6,100,47,0,0,0,,,,,,,,
#DST_NOWJUDGE_2P,5,0,749,351,153,56,0,255,255,255,255,0,0,0,0,-1,47,,,,
#DST_NOWJUDGE_2P,5,500,749,351,153,56,0,255,255,255,255,0,0,0,0,,,,,,
#SRC_NOWCOMBO_2P,3,13,0,565,370,112,10,2,80,47,0,1,7,,,,,,,,
#DST_NOWCOMBO_2P,3,0,130,0,37,56,0,255,255,255,255,0,0,0,0,-1,47,,,,
#DST_NOWCOMBO_2P,3,500,130,0,37,56,0,255,255,255,255,0,0,0,0,,,,,,
#SRC_NOWCOMBO_2P,4,13,0,565,370,112,10,2,80,47,0,1,7,,,,,,,,
#DST_NOWCOMBO_2P,4,0,159,0,37,56,0,255,255,255,255,0,0,0,0,-1,47,,,,
#DST_NOWCOMBO_2P,4,500,159,0,37,56,0,255,255,255,255,0,0,0,0,,,,,,
#SRC_NOWCOMBO_2P,5,13,154,0,370,336,10,6,100,47,0,1,7,,,,,,,,
#DST_NOWCOMBO_2P,5,0,159,0,37,56,0,255,255,255,255,0,0,0,0,-1,47,,,,
#DST_NOWCOMBO_2P,5,500,159,0,37,56,0,255,255,255,255,0,0,0,0,,,,,,



エフェクタ
//SRC定義,(NULL),gr,x,y,w,h,div_x,div_y,cycle,timer,type,click,panel,plusonly
#SRC_BUTTON,0,2,0,1678,234,243,1,9,0,40,20,0,0,0
//DST定義,(NULL),time,x,y,w,h,acc,a,r,g,b,blend,filter,angle,center,loop,timer,op1,op2,op3
#DST_BUTTON,0,0,523,687,234,27,0,0,255,255,255,1,0,0,0,300,40,0,0,0
#DST_BUTTON,0,300,523,687,234,27,0,255,255,255,255,1,0,0,0

//SRC定義,(NULL),gr,x,y,w,h,div_x,div_y,cycle,timer,type,click,panel,plusonly
#SRC_BUTTON,0,2,0,1678,234,243,1,9,0,140,20,0,0,0
//DST定義,(NULL),time,x,y,w,h,acc,a,r,g,b,blend,filter,angle,center,loop,timer,op1,op2,op3
#DST_BUTTON,0,0,523,687,234,27,0,0,85,255,255,2,0,0,0,0,140,0,0,0
#DST_BUTTON,0,1000,523,687,234,27,0,85,255,255,255,2,0,0,0



//グルーヴゲージ,,,,,,,,,,,,,,,,,,,,
//最初のゲージ,,,,,,,,,,,,,,,,,,,,
//表赤、表緑、裏赤、裏緑の順にsrc分割を行ってください。4の倍数でcycle>0ならちゃんとアニメーションします,,,,,,,,,,,,,,,,,,,,
//次のゲージの相対位置はadd_x、add_yで指定して下さい。,,,,,,,,,,,,,,,,,,,,
//SRC定義,index,gr,x,y,w,h,div_x,div_y,cycle,timer,add_x,add_y,,,,,,,,
#SRC_GROOVEGAUGE,0,4,0,0,20,25,4,1,0,0,6,0,,,,,,,,
//DST定義,index,time,x,y,w,h,acc,a,r,g,b,blend,filter,angle,center,loop,timer,op1,op2,op3
#DST_GROOVEGAUGE,0,1000,491,577,0,21,0,0,255,255,255,1,0,0,0,1300,0,0,0,0
#DST_GROOVEGAUGE,0,1300,491,577,5,21,0,255,255,255,255,1,0,0,0,,,,,

//影//option80 ロード未完了,//option195 BACKBMP有り,,,,,,,,,,,,,,,,,,,
//SRC定義,(NULL),gr,x,y,w,h,div_x,div_y,cycle,timer,op1,op2,op3,,,,,,,
#SRC_IMAGE,0,6,1158,856,1,1,1,1,0,0,0,0,0,,,,,,,
//DST定義,(NULL),time,x,y,w,h,acc,a,r,g,b,blend,filter,angle,center,loop,timer,op1,op2,op3
#DST_IMAGE,0,0,0,0,1280,720,0,0,255,255,255,1,1,0,0,750,0,80,0,0
#DST_IMAGE,0,500,0,0,1280,720,0,0,255,255,255,1,1,0,0,750,0,80,0,0
#DST_IMAGE,0,750,0,0,1280,720,0,95,255,255,255,1,1,0,0,,,,,

//影//option81 ロード完了,//option195 BACKBMP有り,,,,,,,,,,,,,,,,,,,
//SRC定義,(NULL),gr,x,y,w,h,div_x,div_y,cycle,timer,op1,op2,op3,,,,,,,
#SRC_IMAGE,0,6,1158,856,1,1,1,1,0,0,0,0,0,,,,,,,
//DST定義,(NULL),time,x,y,w,h,acc,a,r,g,b,blend,filter,angle,center,loop,timer,op1,op2,op3
#DST_IMAGE,0,0,0,0,1280,720,0,95,255,255,255,1,1,0,0,-1,40,81,0,0
#DST_IMAGE,0,500,0,0,1280,720,0,95,255,255,255,1,1,0,0,-1,40,81,0,0
#DST_IMAGE,0,750,0,0,1280,720,0,0,255,255,255,1,1,0,0,,,,,

//ジャンル,,,,,,,,,,,,,,,,,,,,
//SRC定義,(NULL),font,st,align,edit,,,,,,,,,,,,,,,
#SRC_TEXT,0,1,13,1,0,,,,,,,,,,,,,,,
//DST定義,(NULL),time,x,y,w,size,acc,a,r,g,b,blend,filter,(NULL),(NULL),loop,timer,(NULL),(NULL),(NULL)
#DST_TEXT,0,0,640,129,330,25,0,0,255,255,255,1,1,0,0,750,0,80,194,0
#DST_TEXT,0,500,640,129,330,25,0,0,255,255,255,1,1,0,0,750,0,80,194,0
#DST_TEXT,0,750,640,129,330,25,0,255,255,255,255,1,1,0,0,,,,,

//ジャンル,,,,,,,,,,,,,,,,,,,,
//SRC定義,(NULL),font,st,align,edit,,,,,,,,,,,,,,,
#SRC_TEXT,0,1,13,1,0,,,,,,,,,,,,,,,
//DST定義,(NULL),time,x,y,w,size,acc,a,r,g,b,blend,filter,(NULL),(NULL),loop,timer,(NULL),(NULL),(NULL)
#DST_TEXT,0,0,640,129,330,25,0,255,255,255,255,1,1,0,0,-1,40,81,194,0
#DST_TEXT,0,500,640,129,330,25,0,255,255,255,255,1,1,0,0,-1,40,81,194,0
#DST_TEXT,0,750,640,129,330,25,0,0,255,255,255,1,1,0,0,,,,,



//タイトル,,,,,,,,,,,,,,,,,,,,
//SRC定義,(NULL),font,st,align,edit,,,,,,,,,,,,,,,
#SRC_TEXT,0,0,10,1,0,,,,,,,,,,,,,,,
//DST定義,(NULL),time,x,y,w,size,acc,a,r,g,b,blend,filter,(NULL),(NULL),loop,timer,(NULL),(NULL),(NULL)
#DST_TEXT,0,0,640,180,420,80,0,0,255,255,255,1,1,0,0,750,0,80,194,0
#DST_TEXT,0,500,640,180,420,80,0,0,255,255,255,1,1,0,0,750,0,80,194,0
#DST_TEXT,0,750,640,180,420,80,0,255,255,255,255,1,1,0,0,,,,,

//タイトル,,,,,,,,,,,,,,,,,,,,
//SRC定義,(NULL),font,st,align,edit,,,,,,,,,,,,,,,
#SRC_TEXT,0,0,10,1,0,,,,,,,,,,,,,,,
//DST定義,(NULL),time,x,y,w,size,acc,a,r,g,b,blend,filter,(NULL),(NULL),loop,timer,(NULL),(NULL),(NULL)
#DST_TEXT,0,0,640,180,420,80,0,255,255,255,255,1,1,0,0,-1,40,81,194,0
#DST_TEXT,0,500,640,180,420,80,0,255,255,255,255,1,1,0,0,-1,40,81,194,0
#DST_TEXT,0,750,640,180,420,80,0,0,255,255,255,1,1,0,0,,,,,

//サブタイトル,,,,,,,,,,,,,,,,,,,,
//SRC定義,(NULL),font,st,align,edit,,,,,,,,,,,,,,,
#SRC_TEXT,0,3,11,1,0,,,,,,,,,,,,,,,
//DST定義,(NULL),time,x,y,w,size,acc,a,r,g,b,blend,filter,(NULL),(NULL),loop,timer,(NULL),(NULL),(NULL)
#DST_TEXT,0,0,640,271,320,40,0,0,255,255,255,1,1,0,0,750,0,80,194,0
#DST_TEXT,0,500,640,271,320,40,0,0,255,255,255,1,1,0,0,750,0,80,194,0
#DST_TEXT,0,750,640,271,320,40,0,255,255,255,255,1,1,0,0,,,,,

//サブタイトル,,,,,,,,,,,,,,,,,,,,
//SRC定義,(NULL),font,st,align,edit,,,,,,,,,,,,,,,
#SRC_TEXT,0,3,11,1,0,,,,,,,,,,,,,,,
//DST定義,(NULL),time,x,y,w,size,acc,a,r,g,b,blend,filter,(NULL),(NULL),loop,timer,(NULL),(NULL),(NULL)
#DST_TEXT,0,0,640,271,320,40,0,255,255,255,255,1,1,0,0,-1,40,81,194,0
#DST_TEXT,0,500,640,271,320,40,0,255,255,255,255,1,1,0,0,-1,40,81,194,0
#DST_TEXT,0,750,640,271,320,40,0,0,255,255,255,1,1,0,0,,,,,

//アーティスト,,,,,,,,,,,,,,,,,,,,
//SRC定義,(NULL),font,st,align,edit,,,,,,,,,,,,,,,
#SRC_TEXT,0,3,14,1,0,,,,,,,,,,,,,,,
//DST定義,(NULL),time,x,y,w,size,acc,a,r,g,b,blend,filter,(NULL),(NULL),loop,timer,(NULL),(NULL),(NULL)
#DST_TEXT,0,0,640,445,320,40,0,0,255,255,255,1,1,0,0,750,0,80,194,0
#DST_TEXT,0,500,640,445,320,40,0,0,255,255,255,1,1,0,0,750,0,80,194,0
#DST_TEXT,0,750,640,445,320,40,0,255,255,255,255,1,1,0,0,,,,,

//アーティスト,,,,,,,,,,,,,,,,,,,,
//SRC定義,(NULL),font,st,align,edit,,,,,,,,,,,,,,,
#SRC_TEXT,0,3,14,1,0,,,,,,,,,,,,,,,
//DST定義,(NULL),time,x,y,w,size,acc,a,r,g,b,blend,filter,(NULL),(NULL),loop,timer,(NULL),(NULL),(NULL)
#DST_TEXT,0,0,640,445,320,40,0,255,255,255,255,1,1,0,0,-1,40,81,194,0
#DST_TEXT,0,500,640,445,320,40,0,255,255,255,255,1,1,0,0,-1,40,81,194,0
#DST_TEXT,0,750,640,445,320,40,0,0,255,255,255,1,1,0,0,,,,,

//BGAアーティスト,,,,,,,,,,,,,,,,,,,,
//SRC定義,(NULL),font,st,align,edit,,,,,,,,,,,,,,,
#SRC_TEXT,0,4,15,1,0,,,,,,,,,,,,,,,
//DST定義,(NULL),time,x,y,w,size,acc,a,r,g,b,blend,filter,(NULL),(NULL),loop,timer,(NULL),(NULL),(NULL)
#DST_TEXT,0,0,640,555,320,30,0,0,255,255,255,1,1,0,0,750,0,80,194,0
#DST_TEXT,0,500,640,555,320,30,0,0,255,255,255,1,1,0,0,750,0,80,194,0
#DST_TEXT,0,750,640,555,320,30,0,255,255,255,255,1,1,0,0,,,,,

//BGAアーティスト,,,,,,,,,,,,,,,,,,,,
//SRC定義,(NULL),font,st,align,edit,,,,,,,,,,,,,,,
#SRC_TEXT,0,4,15,1,0,,,,,,,,,,,,,,,
//DST定義,(NULL),time,x,y,w,size,acc,a,r,g,b,blend,filter,(NULL),(NULL),loop,timer,(NULL),(NULL),(NULL)
#DST_TEXT,0,0,640,555,320,30,0,255,255,255,255,1,1,0,0,-1,40,81,194,0
#DST_TEXT,0,500,640,555,320,30,0,255,255,255,255,1,1,0,0,-1,40,81,194,0
#DST_TEXT,0,750,640,555,320,30,0,0,255,255,255,1,1,0,0,,,,,

//BGA枠背景影1(BACKBMP)//option80 ロード未完了,//option195 BACKBMP有り,,,,,,,,,,,,,,,,,,,
//SRC定義,(NULL),gr,x,y,w,h,div_x,div_y,cycle,timer,op1,op2,op3,,,,,,,
#SRC_IMAGE,0,101,0,0,-1,-1,1,1,0,0,0,0,0,,,,,,,
//DST定義,(NULL),time,x,y,w,h,acc,a,r,g,b,blend,filter,angle,center,loop,timer,op1,op2,op3
#DST_IMAGE,0,0,345,56,576,576,0,0,255,255,255,3,1,0,0,750,0,80,195,0
#DST_IMAGE,0,500,345,56,576,576,0,0,255,255,255,3,1,0,0,750,0,80,195,0
#DST_IMAGE,0,750,345,56,576,576,0,255,255,255,255,3,1,0,0,,,,,

//BGA枠背景影1(BACKBMP)//option81 ロード完了,//option195 BACKBMP有り,,,,,,,,,,,,,,,,,,,
//SRC定義,(NULL),gr,x,y,w,h,div_x,div_y,cycle,timer,op1,op2,op3,,,,,,,
#SRC_IMAGE,0,101,0,0,-1,-1,1,1,0,0,0,0,0,,,,,,,
//DST定義,(NULL),time,x,y,w,h,acc,a,r,g,b,blend,filter,angle,center,loop,timer,op1,op2,op3
#DST_IMAGE,0,0,345,56,576,576,0,255,255,255,255,3,1,0,0,-1,40,81,195,0
#DST_IMAGE,0,500,345,56,576,576,0,255,255,255,255,3,1,0,0,-1,40,81,195,0
#DST_IMAGE,0,750,345,56,576,576,0,0,255,255,255,3,1,0,0,,,,,

//BGA枠背景影2(BACKBMP)//option80 ロード未完了,//option195 BACKBMP有り,,,,,,,,,,,,,,,,,,,
//SRC定義,(NULL),gr,x,y,w,h,div_x,div_y,cycle,timer,op1,op2,op3,,,,,,,
#SRC_IMAGE,0,101,0,0,-1,-1,1,1,0,0,0,0,0,,,,,,,
//DST定義,(NULL),time,x,y,w,h,acc,a,r,g,b,blend,filter,angle,center,loop,timer,op1,op2,op3
#DST_IMAGE,0,0,345,56,576,576,0,0,255,255,255,3,1,0,0,750,0,80,195,0
#DST_IMAGE,0,500,345,56,576,576,0,0,255,255,255,3,1,0,0,750,0,80,195,0
#DST_IMAGE,0,750,345,56,576,576,0,255,255,255,255,3,1,0,0,,,,,

//BGA枠背景影2(BACKBMP)//option81 ロード完了,//option195 BACKBMP有り,,,,,,,,,,,,,,,,,,,
//SRC定義,(NULL),gr,x,y,w,h,div_x,div_y,cycle,timer,op1,op2,op3,,,,,,,
#SRC_IMAGE,0,101,0,0,-1,-1,1,1,0,0,0,0,0,,,,,,,
//DST定義,(NULL),time,x,y,w,h,acc,a,r,g,b,blend,filter,angle,center,loop,timer,op1,op2,op3
#DST_IMAGE,0,0,345,56,576,576,0,255,255,255,255,3,1,0,0,-1,40,81,195,0
#DST_IMAGE,0,500,345,56,576,576,0,255,255,255,255,3,1,0,0,-1,40,81,195,0
#DST_IMAGE,0,750,345,56,576,576,0,0,255,255,255,3,1,0,0,,,,,

//BGA枠背景(BACKBMP)//option80 ロード未完了,//option195 BACKBMP有り,,,,,,,,,,,,,,,,,,,
//SRC定義,(NULL),gr,x,y,w,h,div_x,div_y,cycle,timer,op1,op2,op3,,,,,,,
#SRC_IMAGE,0,101,0,0,-1,-1,1,1,0,0,0,0,0,,,,,,,
//DST定義,(NULL),time,x,y,w,h,acc,a,r,g,b,blend,filter,angle,center,loop,timer,op1,op2,op3
#DST_IMAGE,0,0,345,56,576,576,0,0,255,255,255,2,1,0,0,750,0,80,195,0
#DST_IMAGE,0,500,345,56,576,576,0,0,255,255,255,2,1,0,0,750,0,80,195,0
#DST_IMAGE,0,750,345,56,576,576,0,255,255,255,255,2,1,0,0,,,,,

//BGA枠背景(BACKBMP)//option81 ロード完了,//option195 BACKBMP有り,,,,,,,,,,,,,,,,,,,
//SRC定義,(NULL),gr,x,y,w,h,div_x,div_y,cycle,timer,op1,op2,op3,,,,,,,
#SRC_IMAGE,0,101,0,0,-1,-1,1,1,0,0,0,0,0,,,,,,,
//DST定義,(NULL),time,x,y,w,h,acc,a,r,g,b,blend,filter,angle,center,loop,timer,op1,op2,op3
#DST_IMAGE,0,0,345,56,576,576,0,255,255,255,255,2,1,0,0,-1,40,81,195,0
#DST_IMAGE,0,500,345,56,576,576,0,255,255,255,255,2,1,0,0,-1,40,81,195,0
#DST_IMAGE,0,750,345,56,576,576,0,0,255,255,255,2,1,0,0,,,,,


load未
//SRC定義,(NULL),gr,x,y,w,h,div_x,div_y,cycle,timer,type,muki
#SRC_BARGRAPH,0,12,404,414,388,2,1,1,0,0,2,0
//DST定義,(NULL),time,x,y,w,h,acc,a,r,g,b,blend,filter,angle,center,loop,timer,op1,op1,op3
#DST_BARGRAPH,0,0,431,604,388,2,0,0,255,255,255,0,0,0,0,300,0,80,0,0
#DST_BARGRAPH,0,300,431,604,388,2,0,255,255,255,255,0,0,0,0,0,0

わく
//SRC定義,(NULL),gr,x,y,w,h,div_x,div_y,cycle,timer,op1,op2,op3,,,,,,,
#SRC_IMAGE,0,12,0,394,400,24,1,1,0,0,0,0,0,,,,,,,
//DST定義,(NULL),time,x,y,w,h,acc,a,r,g,b,blend,filter,angle,center,loop,timer,op1,op2,op3
#DST_IMAGE,0,0,426,594,400,24,0,0,255,255,255,1,0,0,0,300,0,80,0,0
#DST_IMAGE,0,300,426,594,400,24,0,255,255,255,255,1,0,0,0,,,,,


load完
//SRC定義,(NULL),gr,x,y,w,h,div_x,div_y,cycle,timer,type,muki
#SRC_BARGRAPH,0,12,404,414,388,2,1,1,0,0,2,0
//DST定義,(NULL),time,x,y,w,h,acc,a,r,g,b,blend,filter,angle,center,loop,timer,op1,op1,op3
#DST_BARGRAPH,0,0,431,604,388,2,0,255,255,255,255,1,0,0,0,-1,40,81,0,0
#DST_BARGRAPH,0,500,431,604,388,2,0,0,255,255,255,1,0,0,0,0,0

わく
//SRC定義,(NULL),gr,x,y,w,h,div_x,div_y,cycle,timer,op1,op2,op3,,,,,,,
#SRC_IMAGE,0,12,0,394,400,24,1,1,0,0,0,0,0,,,,,,,
//DST定義,(NULL),time,x,y,w,h,acc,a,r,g,b,blend,filter,angle,center,loop,timer,op1,op2,op3
#DST_IMAGE,0,0,426,594,400,24,0,255,255,255,255,1,0,0,0,-1,40,81,0,0
#DST_IMAGE,0,500,426,594,400,24,0,0,255,255,255,1,0,0,0,,,,,
,,

//TYPE A
//option35 ghost typeA
//option32 autoplay off
//number108 exscore2pとの差
//timer46 ジャッジタイマー 1P
//SRC定義,(null),gr,x,y,w,h,div_x,div_y,cycle,timer,num,align,keta
#SRC_NUMBER,0,9,0,61,144,38,12,2,0,0,108,0,4,,,,,,,,
//DST定義,(NULL),time,x,y,w,h,acc,a,r,g,b,blend,filter,angle,center,loop,timer,op1,op2,op3,
#DST_NUMBER,0,0,420,326,12,19,0,255,255,255,255,1,1,0,0,-1,46,35,32,!985,
#DST_NUMBER,0,500,420,326,12,19,0,255,255,255,255,1,1,0,0,,,,,,

//SRC定義,(null),gr,x,y,w,h,div_x,div_y,cycle,timer,num,align,keta
#SRC_NUMBER,0,9,0,61,144,38,12,2,0,0,108,0,4,,,,,,,,
//DST定義,(NULL),time,x,y,w,h,acc,a,r,g,b,blend,filter,angle,center,loop,timer,op1,op2,op3,
#DST_NUMBER,0,0,798,326,12,19,0,255,255,255,255,1,1,0,0,-1,47,35,32,!985,
#DST_NUMBER,0,500,798,326,12,19,0,255,255,255,255,1,1,0,0,,,,,,

//FAST/SLOW TYPE A is ON
//SRC定義,(null),gr,x,y,w,h,div_x,div_y,cycle,timer,num,align,keta
#SRC_NUMBER,0,9,0,61,144,38,12,2,0,0,108,0,4,,,,,,,,
//DST定義,(NULL),time,x,y,w,h,acc,a,r,g,b,blend,filter,angle,center,loop,timer,op1,op2,op3,
#DST_NUMBER,0,0,387,326,12,19,0,255,255,255,255,1,1,0,0,-1,46,35,32,985,
#DST_NUMBER,0,500,387,326,12,19,0,255,255,255,255,1,1,0,0,,,,,,

//SRC定義,(null),gr,x,y,w,h,div_x,div_y,cycle,timer,num,align,keta
#SRC_NUMBER,0,9,0,61,144,38,12,2,0,0,108,0,4,,,,,,,,
//DST定義,(NULL),time,x,y,w,h,acc,a,r,g,b,blend,filter,angle,center,loop,timer,op1,op2,op3,
#DST_NUMBER,0,0,765,326,12,19,0,255,255,255,255,1,1,0,0,-1,47,35,32,985,
#DST_NUMBER,0,500,765,326,12,19,0,255,255,255,255,1,1,0,0,,,,,,



//TYPE B
//option36 ghost typeB
//option32 autoplay off
//number108 exscore2pとの差
//timer40 READY
//SRC定義,(null),gr,x,y,w,h,div_x,div_y,cycle,timer,num,align,keta
#SRC_NUMBER,0,9,0,61,144,38,12,2,0,0,108,0,4,,,,,,,,
//DST定義,(NULL),time,x,y,w,h,acc,a,r,g,b,blend,filter,angle,center,loop,timer,op1,op2,op3,
#DST_NUMBER,0,0,610,418,12,19,0,255,255,255,255,1,01,0,0,-1,46,36,32,0,
#DST_NUMBER,0,500,610,418,12,19,0,255,255,255,255,1,1,0,0,,,,,,

//option37 TYPE C
//option37 ghost typeC
//option32 autoplay off
//number108 exscore2pとの差
//timer40 READY
//SRC定義,(null),gr,x,y,w,h,div_x,div_y,cycle,timer,num,align,keta
#SRC_NUMBER,0,9,0,61,144,38,12,2,0,0,108,0,4,,,,,,,,
//DST定義,(NULL),time,x,y,w,h,acc,a,r,g,b,blend,filter,angle,center,loop,timer,op1,op2,op3,
#DST_NUMBER,0,1000,610,458,12,19,0,255,255,255,255,1,1,0,0,1000,40,37,32,0,


//FAST,SLOW

#IF,994,32


//FAST,SLOW,TYPE A,GREAT,,,,,,,,,,,,,,,,,
//SRC定義,(null),gr,x,y,w,h,div_x,div_y,cycle,timer,num,align,keta,,,,,,,
#SRC_NUMBER,0,12,367,0,45,190,1,10,0,0,210,0,1,,,,,,,
//DST定義,(NULL),time,x,y,w,h,acc,a,r,g,b,blend,filter,angle,center,loop,timer,op1,op2,op3
#DST_NUMBER,0,0,470,327,45,19,0,255,255,255,255,1,1,0,0,-1,46,985,35,242,
#DST_NUMBER,0,500,470,327,45,19,0,255,255,255,255,1,1,0,0,,,,,,
//FAST,SLOW,TYPE A,GOOD,,,,,,,,,,,,,,,,,
//SRC定義,(null),gr,x,y,w,h,div_x,div_y,cycle,timer,num,align,keta,,,,,,,
#SRC_NUMBER,0,12,367,0,45,190,1,10,0,0,210,0,1,,,,,,,
//DST定義,(NULL),time,x,y,w,h,acc,a,r,g,b,blend,filter,angle,center,loop,timer,op1,op2,op3
#DST_NUMBER,0,0,470,327,45,19,0,255,255,255,255,1,1,0,0,-1,46,985,35,243,
#DST_NUMBER,0,500,470,327,45,19,0,255,255,255,255,1,1,0,0,,,,,,
//FAST,SLOW,TYPE A,BAD,,,,,,,,,,,,,,,,,
//SRC定義,(null),gr,x,y,w,h,div_x,div_y,cycle,timer,num,align,keta,,,,,,,
#SRC_NUMBER,0,12,367,0,45,190,1,10,0,0,210,0,1,,,,,,,
//DST定義,(NULL),time,x,y,w,h,acc,a,r,g,b,blend,filter,angle,center,loop,timer,op1,op2,op3
#DST_NUMBER,0,0,470,327,45,19,0,255,255,255,255,1,1,0,0,-1,46,985,35,244,
#DST_NUMBER,0,500,470,327,45,19,0,255,255,255,255,1,1,0,0,,,,,,
//FAST,SLOW,TYPE A,POOR,,,,,,,,,,,,,,,,,
//SRC定義,(null),gr,x,y,w,h,div_x,div_y,cycle,timer,num,align,keta,,,,,,,
#SRC_NUMBER,0,12,367,0,45,190,1,10,0,0,210,0,1,,,,,,,
//DST定義,(NULL),time,x,y,w,h,acc,a,r,g,b,blend,filter,angle,center,loop,timer,op1,op2,op3
#DST_NUMBER,0,0,470,327,45,19,0,255,255,255,255,1,1,0,0,-1,46,985,35,245,
#DST_NUMBER,0,500,470,327,45,19,0,255,255,255,255,1,1,0,0,,,,,,


//FAST,SLOW,TYPE A,GREAT,,,,,,,,,,,,,,,,,
//SRC定義,(null),gr,x,y,w,h,div_x,div_y,cycle,timer,num,align,keta,,,,,,,
#SRC_NUMBER,0,12,367,0,45,190,1,10,0,0,210,0,1,,,,,,,
//DST定義,(NULL),time,x,y,w,h,acc,a,r,g,b,blend,filter,angle,center,loop,timer,op1,op2,op3
#DST_NUMBER,0,0,430,327,45,19,0,255,255,255,255,1,1,0,0,-1,46,985,!35,242,
#DST_NUMBER,0,500,430,327,45,19,0,255,255,255,255,1,1,0,0,,,,,,
//FAST,SLOW,TYPE A,GOOD,,,,,,,,,,,,,,,,,
//SRC定義,(null),gr,x,y,w,h,div_x,div_y,cycle,timer,num,align,keta,,,,,,,
#SRC_NUMBER,0,12,367,0,45,190,1,10,0,0,210,0,1,,,,,,,
//DST定義,(NULL),time,x,y,w,h,acc,a,r,g,b,blend,filter,angle,center,loop,timer,op1,op2,op3
#DST_NUMBER,0,0,430,327,45,19,0,255,255,255,255,1,1,0,0,-1,46,985,!35,243,
#DST_NUMBER,0,500,430,327,45,19,0,255,255,255,255,1,1,0,0,,,,,,
//FAST,SLOW,TYPE A,BAD,,,,,,,,,,,,,,,,,
//SRC定義,(null),gr,x,y,w,h,div_x,div_y,cycle,timer,num,align,keta,,,,,,,
#SRC_NUMBER,0,12,367,0,45,190,1,10,0,0,210,0,1,,,,,,,
//DST定義,(NULL),time,x,y,w,h,acc,a,r,g,b,blend,filter,angle,center,loop,timer,op1,op2,op3
#DST_NUMBER,0,0,430,327,45,19,0,255,255,255,255,1,1,0,0,-1,46,985,!35,244,
#DST_NUMBER,0,500,430,327,45,19,0,255,255,255,255,1,1,0,0,,,,,,
//FAST,SLOW,TYPE A,POOR,,,,,,,,,,,,,,,,,
//SRC定義,(null),gr,x,y,w,h,div_x,div_y,cycle,timer,num,align,keta,,,,,,,
#SRC_NUMBER,0,12,367,0,45,190,1,10,0,0,210,0,1,,,,,,,
//DST定義,(NULL),time,x,y,w,h,acc,a,r,g,b,blend,filter,angle,center,loop,timer,op1,op2,op3
#DST_NUMBER,0,0,430,327,45,19,0,255,255,255,255,1,1,0,0,-1,46,985,!35,245,
#DST_NUMBER,0,500,430,327,45,19,0,255,255,255,255,1,1,0,0,,,,,,


//FAST,SLOW,TYPE A,GREAT,,,,,,,,,,,,,,,,,
//SRC定義,(null),gr,x,y,w,h,div_x,div_y,cycle,timer,num,align,keta,,,,,,,
#SRC_NUMBER,0,12,367,0,45,190,1,10,0,0,211,0,1,,,,,,,
//DST定義,(NULL),time,x,y,w,h,acc,a,r,g,b,blend,filter,angle,center,loop,timer,op1,op2,op3
#DST_NUMBER,0,0,848,327,45,19,0,255,255,255,255,1,1,0,0,-1,47,985,35,262,
#DST_NUMBER,0,500,848,327,45,19,0,255,255,255,255,1,1,0,0,,,,,,
//FAST,SLOW,TYPE A,GOOD,,,,,,,,,,,,,,,,,
//SRC定義,(null),gr,x,y,w,h,div_x,div_y,cycle,timer,num,align,keta,,,,,,,
#SRC_NUMBER,0,12,367,0,45,190,1,10,0,0,211,0,1,,,,,,,
//DST定義,(NULL),time,x,y,w,h,acc,a,r,g,b,blend,filter,angle,center,loop,timer,op1,op2,op3
#DST_NUMBER,0,0,848,327,45,19,0,255,255,255,255,1,1,0,0,-1,47,985,35,263,
#DST_NUMBER,0,500,848,327,45,19,0,255,255,255,255,1,1,0,0,,,,,,
//FAST,SLOW,TYPE A,BAD,,,,,,,,,,,,,,,,,
//SRC定義,(null),gr,x,y,w,h,div_x,div_y,cycle,timer,num,align,keta,,,,,,,
#SRC_NUMBER,0,12,367,0,45,190,1,10,0,0,211,0,1,,,,,,,
//DST定義,(NULL),time,x,y,w,h,acc,a,r,g,b,blend,filter,angle,center,loop,timer,op1,op2,op3
#DST_NUMBER,0,0,848,327,45,19,0,255,255,255,255,1,1,0,0,-1,47,985,35,264,
#DST_NUMBER,0,500,848,327,45,19,0,255,255,255,255,1,1,0,0,,,,,,
//FAST,SLOW,TYPE A,POOR,,,,,,,,,,,,,,,,,
//SRC定義,(null),gr,x,y,w,h,div_x,div_y,cycle,timer,num,align,keta,,,,,,,
#SRC_NUMBER,0,12,367,0,45,190,1,10,0,0,211,0,1,,,,,,,
//DST定義,(NULL),time,x,y,w,h,acc,a,r,g,b,blend,filter,angle,center,loop,timer,op1,op2,op3
#DST_NUMBER,0,0,848,327,45,19,0,255,255,255,255,1,1,0,0,-1,47,985,35,265,
#DST_NUMBER,0,500,848,327,45,19,0,255,255,255,255,1,1,0,0,,,,,,


//FAST,SLOW,TYPE A,GREAT,,,,,,,,,,,,,,,,,
//SRC定義,(null),gr,x,y,w,h,div_x,div_y,cycle,timer,num,align,keta,,,,,,,
#SRC_NUMBER,0,12,367,0,45,190,1,10,0,0,210,0,1,,,,,,,
//DST定義,(NULL),time,x,y,w,h,acc,a,r,g,b,blend,filter,angle,center,loop,timer,op1,op2,op3
#DST_NUMBER,0,0,808,327,45,19,0,255,255,255,255,1,1,0,0,-1,47,985,!35,242,
#DST_NUMBER,0,500,808,327,45,19,0,255,255,255,255,1,1,0,0,,,,,,
//FAST,SLOW,TYPE A,GOOD,,,,,,,,,,,,,,,,,
//SRC定義,(null),gr,x,y,w,h,div_x,div_y,cycle,timer,num,align,keta,,,,,,,
#SRC_NUMBER,0,12,367,0,45,190,1,10,0,0,210,0,1,,,,,,,
//DST定義,(NULL),time,x,y,w,h,acc,a,r,g,b,blend,filter,angle,center,loop,timer,op1,op2,op3
#DST_NUMBER,0,0,808,327,45,19,0,255,255,255,255,1,1,0,0,-1,47,985,!35,243,
#DST_NUMBER,0,500,808,327,45,19,0,255,255,255,255,1,1,0,0,,,,,,
//FAST,SLOW,TYPE A,BAD,,,,,,,,,,,,,,,,,
//SRC定義,(null),gr,x,y,w,h,div_x,div_y,cycle,timer,num,align,keta,,,,,,,
#SRC_NUMBER,0,12,367,0,45,190,1,10,0,0,210,0,1,,,,,,,
//DST定義,(NULL),time,x,y,w,h,acc,a,r,g,b,blend,filter,angle,center,loop,timer,op1,op2,op3
#DST_NUMBER,0,0,808,327,45,19,0,255,255,255,255,1,1,0,0,-1,47,985,!35,244,
#DST_NUMBER,0,500,798,327,45,19,0,255,255,255,255,1,1,0,0,,,,,,
//FAST,SLOW,TYPE A,POOR,,,,,,,,,,,,,,,,,
//SRC定義,(null),gr,x,y,w,h,div_x,div_y,cycle,timer,num,align,keta,,,,,,,
#SRC_NUMBER,0,12,367,0,45,190,1,10,0,0,210,0,1,,,,,,,
//DST定義,(NULL),time,x,y,w,h,acc,a,r,g,b,blend,filter,angle,center,loop,timer,op1,op2,op3
#DST_NUMBER,0,0,808,327,45,19,0,255,255,255,255,1,1,0,0,-1,47,985,!35,245,
#DST_NUMBER,0,500,808,327,45,19,0,255,255,255,255,1,1,0,0,,,,,,

//FAST,SLOW,TYPE B,GREAT,,,,,,,,,,,,,,,,,
//SRC定義,(null),gr,x,y,w,h,div_x,div_y,cycle,timer,num,align,keta,,,,,,,
#SRC_NUMBER,0,12,414,0,22,190,1,10,0,0,210,0,1,,,,,,,
//DST定義,(NULL),time,x,y,w,h,acc,a,r,g,b,blend,filter,angle,center,loop,timer,op1,op2,op3
#DST_NUMBER,0,0,605,327,22,19,0,255,255,255,255,1,1,0,0,-1,46,986,0,242,
#DST_NUMBER,0,500,605,327,22,19,0,255,255,255,255,1,1,0,0,,,,,,
//FAST,SLOW,TYPE B,GOOD,,,,,,,,,,,,,,,,,
//SRC定義,(null),gr,x,y,w,h,div_x,div_y,cycle,timer,num,align,keta,,,,,,,
#SRC_NUMBER,0,12,414,0,22,190,1,10,0,0,210,0,1,,,,,,,
//DST定義,(NULL),time,x,y,w,h,acc,a,r,g,b,blend,filter,angle,center,loop,timer,op1,op2,op3
#DST_NUMBER,0,0,605,327,22,19,0,255,255,255,255,1,1,0,0,-1,46,986,0,243,
#DST_NUMBER,0,500,605,327,22,19,0,255,255,255,255,1,1,0,0,,,,,,
//FAST,SLOW,TYPE B,BAD,,,,,,,,,,,,,,,,,
//SRC定義,(null),gr,x,y,w,h,div_x,div_y,cycle,timer,num,align,keta,,,,,,,
#SRC_NUMBER,0,12,414,0,22,190,1,10,0,0,210,0,1,,,,,,,
//DST定義,(NULL),time,x,y,w,h,acc,a,r,g,b,blend,filter,angle,center,loop,timer,op1,op2,op3
#DST_NUMBER,0,0,605,327,22,19,0,255,255,255,255,1,1,0,0,-1,46,986,0,244,
#DST_NUMBER,0,500,605,327,22,19,0,255,255,255,255,1,1,0,0,,,,,,
//FAST,SLOW,TYPE B,POOR,,,,,,,,,,,,,,,,,
//SRC定義,(null),gr,x,y,w,h,div_x,div_y,cycle,timer,num,align,keta,,,,,,,
#SRC_NUMBER,0,12,414,0,22,190,1,10,0,0,210,0,1,,,,,,,
//DST定義,(NULL),time,x,y,w,h,acc,a,r,g,b,blend,filter,angle,center,loop,timer,op1,op2,op3
#DST_NUMBER,0,0,605,327,22,19,0,255,255,255,255,1,1,0,0,-1,46,986,0,245,
#DST_NUMBER,0,500,60,327,22,19,0,255,255,255,255,1,1,0,0,,,,,,


//FAST,SLOW,TYPE B,GREAT,,,,,,,,,,,,,,,,,
//SRC定義,(null),gr,x,y,w,h,div_x,div_y,cycle,timer,num,align,keta,,,,,,,
#SRC_NUMBER,0,12,414,0,22,190,1,10,0,0,210,0,1,,,,,,,
//DST定義,(NULL),time,x,y,w,h,acc,a,r,g,b,blend,filter,angle,center,loop,timer,op1,op2,op3
#DST_NUMBER,0,0,655,327,22,19,0,255,255,255,255,1,1,0,0,-1,47,986,0,262,
#DST_NUMBER,0,500,655,327,22,19,0,255,255,255,255,1,1,0,0,,,,,,
//FAST,SLOW,TYPE B,GOOD,,,,,,,,,,,,,,,,,
//SRC定義,(null),gr,x,y,w,h,div_x,div_y,cycle,timer,num,align,keta,,,,,,,
#SRC_NUMBER,0,12,414,0,22,190,1,10,0,0,210,0,1,,,,,,,
//DST定義,(NULL),time,x,y,w,h,acc,a,r,g,b,blend,filter,angle,center,loop,timer,op1,op2,op3
#DST_NUMBER,0,0,655,327,22,19,0,255,255,255,255,1,1,0,0,-1,47,986,0,263,
#DST_NUMBER,0,500,655,327,22,19,0,255,255,255,255,1,1,0,0,,,,,,
//FAST,SLOW,TYPE B,BAD,,,,,,,,,,,,,,,,,
//SRC定義,(null),gr,x,y,w,h,div_x,div_y,cycle,timer,num,align,keta,,,,,,,
#SRC_NUMBER,0,12,414,0,22,190,1,10,0,0,210,0,1,,,,,,,
//DST定義,(NULL),time,x,y,w,h,acc,a,r,g,b,blend,filter,angle,center,loop,timer,op1,op2,op3
#DST_NUMBER,0,0,655,327,22,19,0,255,255,255,255,1,1,0,0,-1,47,986,0,264,
#DST_NUMBER,0,500,655,327,22,19,0,255,255,255,255,1,1,0,0,,,,,,
//FAST,SLOW,TYPE B,POOR,,,,,,,,,,,,,,,,,
//SRC定義,(null),gr,x,y,w,h,div_x,div_y,cycle,timer,num,align,keta,,,,,,,
#SRC_NUMBER,0,12,414,0,22,190,1,10,0,0,210,0,1,,,,,,,
//DST定義,(NULL),time,x,y,w,h,acc,a,r,g,b,blend,filter,angle,center,loop,timer,op1,op2,op3
#DST_NUMBER,0,0,655,327,22,19,0,255,255,255,255,1,1,0,0,-1,47,986,0,265,
#DST_NUMBER,0,500,655,327,22,19,0,255,255,255,255,1,1,0,0,,,,,,

//FAST,SLOW,TYPE C,GREAT,,,,,,,,,,,,,,,,,
//SRC定義,(null),gr,x,y,w,h,div_x,div_y,cycle,timer,num,align,keta,,,,,,,
#SRC_NUMBER,0,12,414,0,22,190,1,10,0,0,210,0,1,,,,,,,
//DST定義,(NULL),time,x,y,w,h,acc,a,r,g,b,blend,filter,angle,center,loop,timer,op1,op2,op3
#DST_NUMBER,0,0,605,437,22,19,0,255,255,255,255,1,1,0,0,-1,46,987,0,242,
#DST_NUMBER,0,500,605,437,22,19,0,255,255,255,255,1,1,0,0,,,,,,
//FAST,SLOW,TYPE C,GOOD,,,,,,,,,,,,,,,,,
//SRC定義,(null),gr,x,y,w,h,div_x,div_y,cycle,timer,num,align,keta,,,,,,,
#SRC_NUMBER,0,12,414,0,22,190,1,10,0,0,210,0,1,,,,,,,
//DST定義,(NULL),time,x,y,w,h,acc,a,r,g,b,blend,filter,angle,center,loop,timer,op1,op2,op3
#DST_NUMBER,0,0,605,437,22,19,0,255,255,255,255,1,1,0,0,-1,46,987,0,243,
#DST_NUMBER,0,500,605,437,22,19,0,255,255,255,255,1,1,0,0,,,,,,
//FAST,SLOW,TYPE C,BAD,,,,,,,,,,,,,,,,,
//SRC定義,(null),gr,x,y,w,h,div_x,div_y,cycle,timer,num,align,keta,,,,,,,
#SRC_NUMBER,0,12,414,0,22,190,1,10,0,0,210,0,1,,,,,,,
//DST定義,(NULL),time,x,y,w,h,acc,a,r,g,b,blend,filter,angle,center,loop,timer,op1,op2,op3
#DST_NUMBER,0,0,605,437,22,19,0,255,255,255,255,1,1,0,0,-1,46,987,0,244,
#DST_NUMBER,0,500,605,437,22,19,0,255,255,255,255,1,1,0,0,,,,,,
//FAST,SLOW,TYPE C,POOR,,,,,,,,,,,,,,,,,
//SRC定義,(null),gr,x,y,w,h,div_x,div_y,cycle,timer,num,align,keta,,,,,,,
#SRC_NUMBER,0,12,414,0,22,190,1,10,0,0,210,0,1,,,,,,,
//DST定義,(NULL),time,x,y,w,h,acc,a,r,g,b,blend,filter,angle,center,loop,timer,op1,op2,op3
#DST_NUMBER,0,0,605,437,22,19,0,255,255,255,255,1,1,0,0,-1,46,987,0,245,
#DST_NUMBER,0,500,605,437,22,19,0,255,255,255,255,1,1,0,0,,,,,,


//FAST,SLOW,TYPE C,GREAT,,,,,,,,,,,,,,,,,
//SRC定義,(null),gr,x,y,w,h,div_x,div_y,cycle,timer,num,align,keta,,,,,,,
#SRC_NUMBER,0,12,414,0,22,190,1,10,0,0,210,0,1,,,,,,,
//DST定義,(NULL),time,x,y,w,h,acc,a,r,g,b,blend,filter,angle,center,loop,timer,op1,op2,op3
#DST_NUMBER,0,0,655,437,22,19,0,255,255,255,255,1,1,0,0,-1,47,987,0,262,
#DST_NUMBER,0,500,655,437,22,19,0,255,255,255,255,1,1,0,0,,,,,,
//FAST,SLOW,TYPE C,GOOD,,,,,,,,,,,,,,,,,
//SRC定義,(null),gr,x,y,w,h,div_x,div_y,cycle,timer,num,align,keta,,,,,,,
#SRC_NUMBER,0,12,414,0,22,190,1,10,0,0,210,0,1,,,,,,,
//DST定義,(NULL),time,x,y,w,h,acc,a,r,g,b,blend,filter,angle,center,loop,timer,op1,op2,op3
#DST_NUMBER,0,0,655,437,22,19,0,255,255,255,255,1,1,0,0,-1,47,987,0,263,
#DST_NUMBER,0,500,655,437,22,19,0,255,255,255,255,1,1,0,0,,,,,,
//FAST,SLOW,TYPE C,BAD,,,,,,,,,,,,,,,,,
//SRC定義,(null),gr,x,y,w,h,div_x,div_y,cycle,timer,num,align,keta,,,,,,,
#SRC_NUMBER,0,12,414,0,22,190,1,10,0,0,210,0,1,,,,,,,
//DST定義,(NULL),time,x,y,w,h,acc,a,r,g,b,blend,filter,angle,center,loop,timer,op1,op2,op3
#DST_NUMBER,0,0,655,437,22,19,0,255,255,255,255,1,1,0,0,-1,47,987,0,264,
#DST_NUMBER,0,500,655,437,22,19,0,255,255,255,255,1,1,0,0,,,,,,
//FAST,SLOW,TYPE C,POOR,,,,,,,,,,,,,,,,,
//SRC定義,(null),gr,x,y,w,h,div_x,div_y,cycle,timer,num,align,keta,,,,,,,
#SRC_NUMBER,0,12,414,0,22,190,1,10,0,0,210,0,1,,,,,,,
//DST定義,(NULL),time,x,y,w,h,acc,a,r,g,b,blend,filter,angle,center,loop,timer,op1,op2,op3
#DST_NUMBER,0,0,655,437,22,19,0,255,255,255,255,1,1,0,0,-1,47,987,0,265,
#DST_NUMBER,0,500,655,437,22,19,0,255,255,255,255,1,1,0,0,,,,,,

#ELSEIF,995,32

//Extended,FAST,SLOW,TYPE A,PGREAT,,,,,,,,,,,,,,,,,
//SRC定義,(null),gr,x,y,w,h,div_x,div_y,cycle,timer,num,align,keta,,,,,,,
#SRC_NUMBER,0,12,1,484,144,38,12,2,0,0,201,0,4,,,,,,,,
#DST_NUMBER,0,0,465,327,12,19,0,255,255,255,255,1,01,0,0,-1,46,985,35,241,
#DST_NUMBER,0,500,465,327,12,19,0,255,255,255,255,1,1,0,0,,,,,,
//Extended,FAST,SLOW,TYPE A,NOT PGREAT,,,,,,,,,,,,,,,,,
//SRC定義,(null),gr,x,y,w,h,div_x,div_y,cycle,timer,num,align,keta,,,,,,,
#SRC_NUMBER,0,12,1,522,144,38,12,2,0,0,201,0,4,,,,,,,,
#DST_NUMBER,0,0,465,327,12,19,0,255,255,255,255,1,01,0,0,-1,46,985,35,!241,
#DST_NUMBER,0,500,465,327,12,19,0,255,255,255,255,1,1,0,0,,,,,,

//Extended,FAST,SLOW,TYPE A,PGREAT,,,,,,,,,,,,,,,,,
//SRC定義,(null),gr,x,y,w,h,div_x,div_y,cycle,timer,num,align,keta,,,,,,,
#SRC_NUMBER,0,12,1,484,144,38,12,2,0,0,201,0,4,,,,,,,,
#DST_NUMBER,0,0,425,327,12,19,0,255,255,255,255,1,01,0,0,-1,46,985,!35,241,
#DST_NUMBER,0,500,425,327,12,19,0,255,255,255,255,1,1,0,0,,,,,,
//Extended,FAST,SLOW,TYPE A,NOT PGREAT,,,,,,,,,,,,,,,,,
//SRC定義,(null),gr,x,y,w,h,div_x,div_y,cycle,timer,num,align,keta,,,,,,,
#SRC_NUMBER,0,12,1,522,144,38,12,2,0,0,201,0,4,,,,,,,,
#DST_NUMBER,0,0,425,327,12,19,0,255,255,255,255,1,01,0,0,-1,46,985,!35,!241,
#DST_NUMBER,0,500,425,327,12,19,0,255,255,255,255,1,1,0,0,,,,,,

//Extended,FAST,SLOW,TYPE A,PGREAT,,,,,,,,,,,,,,,,,
//SRC定義,(null),gr,x,y,w,h,div_x,div_y,cycle,timer,num,align,keta,,,,,,,
#SRC_NUMBER,0,12,1,484,144,38,12,2,0,0,213,0,4,,,,,,,,
#DST_NUMBER,0,0,843,327,12,19,0,255,255,255,255,1,01,0,0,-1,47,985,35,261,
#DST_NUMBER,0,500,843,327,12,19,0,255,255,255,255,1,1,0,0,,,,,,
//Extended,FAST,SLOW,TYPE A,NOT PGREAT,,,,,,,,,,,,,,,,,
//SRC定義,(null),gr,x,y,w,h,div_x,div_y,cycle,timer,num,align,keta,,,,,,,
#SRC_NUMBER,0,12,1,522,144,38,12,2,0,0,213,0,4,,,,,,,,
#DST_NUMBER,0,0,843,327,12,19,0,255,255,255,255,1,01,0,0,-1,47,985,35,!261,
#DST_NUMBER,0,500,843,327,12,19,0,255,255,255,255,1,1,0,0,,,,,,

//Extended,FAST,SLOW,TYPE A,PGREAT,,,,,,,,,,,,,,,,,
//SRC定義,(null),gr,x,y,w,h,div_x,div_y,cycle,timer,num,align,keta,,,,,,,
#SRC_NUMBER,0,12,1,484,144,38,12,2,0,0,213,0,4,,,,,,,,
#DST_NUMBER,0,0,803,327,12,19,0,255,255,255,255,1,01,0,0,-1,47,985,!35,261,
#DST_NUMBER,0,500,803,327,12,19,0,255,255,255,255,1,1,0,0,,,,,,
//Extended,FAST,SLOW,TYPE A,NOT PGREAT,,,,,,,,,,,,,,,,,
//SRC定義,(null),gr,x,y,w,h,div_x,div_y,cycle,timer,num,align,keta,,,,,,,
#SRC_NUMBER,0,12,1,522,144,38,12,2,0,0,213,0,4,,,,,,,,
#DST_NUMBER,0,0,803,327,12,19,0,255,255,255,255,1,01,0,0,-1,47,985,!35,!261,
#DST_NUMBER,0,500,803,327,12,19,0,255,255,255,255,1,1,0,0,,,,,,


//Extended,FAST,SLOW,TYPE B,PGREAT,,,,,,,,,,,,,,,,,
//SRC定義,(null),gr,x,y,w,h,div_x,div_y,cycle,timer,num,align,keta,,,,,,,
#SRC_NUMBER,0,12,1,484,144,38,12,2,0,0,201,0,2,,,,,,,,
#DST_NUMBER,0,0,600,327,12,19,0,255,255,255,255,1,01,0,0,-1,46,986,0,241,
#DST_NUMBER,0,500,600,327,12,19,0,255,255,255,255,1,1,0,0,,,,,,
//Extended,FAST,SLOW,TYPE B,NOT PGREAT,,,,,,,,,,,,,,,,,
//SRC定義,(null),gr,x,y,w,h,div_x,div_y,cycle,timer,num,align,keta,,,,,,,
#SRC_NUMBER,0,12,1,522,144,38,12,2,0,0,201,0,2,,,,,,,,
#DST_NUMBER,0,0,600,327,12,19,0,255,255,255,255,1,01,0,0,-1,46,986,0,!241,
#DST_NUMBER,0,500,600,327,12,19,0,255,255,255,255,1,1,0,0,,,,,,

//Extended,FAST,SLOW,TYPE B,PGREAT,,,,,,,,,,,,,,,,,
//SRC定義,(null),gr,x,y,w,h,div_x,div_y,cycle,timer,num,align,keta,,,,,,,
#SRC_NUMBER,0,12,1,484,144,38,12,2,0,0,213,0,2,,,,,,,,
#DST_NUMBER,0,0,645,327,12,19,0,255,255,255,255,1,01,0,0,-1,47,986,0,261,
#DST_NUMBER,0,500,645,327,12,19,0,255,255,255,255,1,1,0,0,,,,,,
//Extended,FAST,SLOW,TYPE B,NOT PGREAT,,,,,,,,,,,,,,,,,
//SRC定義,(null),gr,x,y,w,h,div_x,div_y,cycle,timer,num,align,keta,,,,,,,
#SRC_NUMBER,0,12,1,522,144,38,12,2,0,0,213,0,2,,,,,,,,
#DST_NUMBER,0,0,645,327,12,19,0,255,255,255,255,1,01,0,0,-1,47,986,0,!261,
#DST_NUMBER,0,500,645,327,12,19,0,255,255,255,255,1,1,0,0,,,,,,


//Extended,FAST,SLOW,TYPE C,PGREAT,,,,,,,,,,,,,,,,,
//SRC定義,(null),gr,x,y,w,h,div_x,div_y,cycle,timer,num,align,keta,,,,,,,
#SRC_NUMBER,0,12,1,484,144,38,12,2,0,0,201,0,2,,,,,,,,
#DST_NUMBER,0,0,600,437,12,19,0,255,255,255,255,1,01,0,0,-1,46,987,0,241,
#DST_NUMBER,0,500,600,437,12,19,0,255,255,255,255,1,1,0,0,,,,,,
//Extended,FAST,SLOW,TYPE C,NOT PGREAT,,,,,,,,,,,,,,,,,
//SRC定義,(null),gr,x,y,w,h,div_x,div_y,cycle,timer,num,align,keta,,,,,,,
#SRC_NUMBER,0,12,1,522,144,38,12,2,0,0,201,0,2,,,,,,,,
#DST_NUMBER,0,0,600,437,12,19,0,255,255,255,255,1,01,0,0,-1,46,987,0,!241,
#DST_NUMBER,0,500,600,437,12,19,0,255,255,255,255,1,1,0,0,,,,,,

//Extended,FAST,SLOW,TYPE C,PGREAT,,,,,,,,,,,,,,,,,
//SRC定義,(null),gr,x,y,w,h,div_x,div_y,cycle,timer,num,align,keta,,,,,,,
#SRC_NUMBER,0,12,1,484,144,38,12,2,0,0,213,0,2,,,,,,,,
#DST_NUMBER,0,0,645,437,12,19,0,255,255,255,255,1,01,0,0,-1,47,987,0,261,
#DST_NUMBER,0,500,645,437,12,19,0,255,255,255,255,1,1,0,0,,,,,,
//Extended,FAST,SLOW,TYPE C,NOT PGREAT,,,,,,,,,,,,,,,,,
//SRC定義,(null),gr,x,y,w,h,div_x,div_y,cycle,timer,num,align,keta,,,,,,,
#SRC_NUMBER,0,12,1,522,144,38,12,2,0,0,213,0,2,,,,,,,,
#DST_NUMBER,0,0,645,437,12,19,0,255,255,255,255,1,01,0,0,-1,47,987,0,!261,
#DST_NUMBER,0,500,645,437,12,19,0,255,255,255,255,1,1,0,0,,,,,,

#ENDIF


//READY,,,,,,,,,,,,,,,,,,,,
//ベース,,,,,,,,,,,,,,,,,,,,
//option81 ロード完了,,,,,,,,,,,,,,,,,,,,
//timer40 READY,,,,,,,,,,,,,,,,,,,,
//SRC定義,(NULL),gr,x,y,w,h,div_x,div_y,cycle,timer,op1,op2,op3,,,,,,,
#SRC_IMAGE,0,12,116,134,216,68,1,2,120,,,,,,,,,,,
//DST定義,(NULL),time,x,y,w,h,acc,a,r,g,b,blend,filter,angle,center,loop,timer,op1,op2,op3
#DST_IMAGE,0,0,346,383,216,34,0,0,255,255,255,1,1,0,0,-1,40,0,0,0
#DST_IMAGE,0,100,346,383,216,34,0,255,255,255,255,1,1,0,0,,,,,
#DST_IMAGE,0,900,346,383,216,34,0,255,255,255,255,1,1,0,0,,,,,
#DST_IMAGE,0,1000,346,393,216,34,0,0,255,255,255,1,1,0,0,,,,,

//READY,,,,,,,,,,,,,,,,,,,,
//ベース,,,,,,,,,,,,,,,,,,,,
//option81 ロード完了,,,,,,,,,,,,,,,,,,,,
//timer40 READY,,,,,,,,,,,,,,,,,,,,
//SRC定義,(NULL),gr,x,y,w,h,div_x,div_y,cycle,timer,op1,op2,op3,,,,,,,
#SRC_IMAGE,0,12,116,134,216,68,1,2,120,,,,,,,,,,,
//DST定義,(NULL),time,x,y,w,h,acc,a,r,g,b,blend,filter,angle,center,loop,timer,op1,op2,op3
#DST_IMAGE,0,0,724,383,216,34,0,0,255,255,255,1,1,0,0,-1,40,0,0,0
#DST_IMAGE,0,100,724,383,216,34,0,255,255,255,255,1,1,0,0,,,,,
#DST_IMAGE,0,900,724,383,216,34,0,255,255,255,255,1,1,0,0,,,,,
#DST_IMAGE,0,1000,724,393,216,34,0,0,255,255,255,1,1,0,0,,,,,





//フェードアウト層,,,,,,,,,,,,,,,,,,,,

//フェードイン,,,,,,,,,,,,,,,,,,,,
//SRC定義,(NULL),gr,x,y,w,h,div_x,div_y,cycle,timer,op1,op2,op3,,,,,,,
#SRC_IMAGE,0,12,13,1,1,1,1,1,0,0,0,0,0,,,,,,,
//DST定義,(NULL),time,x,y,w,h,acc,a,r,g,b,blend,filter,angle,center,loop,timer,op1,op2,op3
#DST_IMAGE,0,0,0,0,1280,720,0,255,255,255,255,1,0,0,0,250,0,0,0,0
#DST_IMAGE,0,250,0,0,1280,720,0,0,255,255,255,1,0,0,0,,,,,

//フェードアウト,,,,,,,,,,,,,,,,,,,,
//timer = 2,,,,,,,,,,,,,,,,,,,,
//SRC定義,(NULL),gr,x,y,w,h,div_x,div_y,cycle,timer,op1,op2,op3,,,,,,,
#SRC_IMAGE,0,12,13,1,1,1,1,1,0,2,0,0,0,,,,,,,
//DST定義,(NULL),time,x,y,w,h,acc,a,r,g,b,blend,filter,angle,center,loop,timer,op1,op2,op3
#DST_IMAGE,0,0,0,0,1280,720,0,0,255,255,255,1,0,0,0,500,2,0,0,0
#DST_IMAGE,0,500,0,0,1280,720,0,255,255,255,255,1,0,0,0,,,,,

//閉店,,,,,,,,,,,,,,,,,,,,
//timer = 3,,,,,,,,,,,,,,,,,,,,

//裏地,,,,,,,,,,,,,,,,,,,,
//SRC定義,(NULL),gr,x,y,w,h,div_x,div_y,cycle,timer,op1,op2,op3,,,,,,,
#SRC_IMAGE,0,111,0,0,1,1,1,1,0,0,0,0,0,,,,,,,
//DST定義,(NULL),time,x,y,w,h,acc,a,r,g,b,blend,filter,angle,center,loop,timer,op1,op2,op3
#DST_IMAGE,0,1100,0,0,1280,720,0,255,255,255,255,1,0,0,0,1100,3,0,0,0

//上段4裏,,,,,,,,,,,,,,,,,,,,
//SRC定義,(NULL),gr,x,y,w,h,div_x,div_y,cycle,timer,op1,op2,op3,,,,,,,
#SRC_IMAGE,0,11,0,498,1680,157,1,1,0,3,0,0,0,,,,,,,
//DST定義,(NULL),time,x,y,w,h,acc,a,r,g,b,blend,filter,angle,center,loop,timer,op1,op2,op3
#DST_IMAGE,0,1001,-200,219,1680,157,0,200,255,255,255,1,0,0,0,1001,3,0,0,0

//上段3裏,,,,,,,,,,,,,,,,,,,,
//SRC定義,(NULL),gr,x,y,w,h,div_x,div_y,cycle,timer,op1,op2,op3,,,,,,,
#SRC_IMAGE,0,11,0,301,1680,196,1,1,0,3,0,0,0,,,,,,,
//DST定義,(NULL),time,x,y,w,h,acc,a,r,g,b,blend,filter,angle,center,loop,timer,op1,op2,op3
#DST_IMAGE,0,1001,-200,140,1680,196,0,200,255,255,255,1,0,0,0,1001,3,0,0,0

//下段3裏,,,,,,,,,,,,,,,,,,,,
//SRC定義,(NULL),gr,x,y,w,h,div_x,div_y,cycle,timer,op1,op2,op3,,,,,,,
#SRC_IMAGE,0,11,0,816,1680,182,1,1,0,3,0,0,0,,,,,,,
//DST定義,(NULL),time,x,y,w,h,acc,a,r,g,b,blend,filter,angle,center,loop,timer,op1,op2,op3
#DST_IMAGE,0,1001,-200,358,1680,182,0,200,255,255,255,1,0,0,0,1001,3,0,0,0

//下段4裏,,,,,,,,,,,,,,,,,,,,
//SRC定義,(NULL),gr,x,y,w,h,div_x,div_y,cycle,timer,op1,op2,op3,,,,,,,
#SRC_IMAGE,0,11,0,656,1680,159,1,1,0,3,0,0,0,,,,,,,
//DST定義,(NULL),time,x,y,w,h,acc,a,r,g,b,blend,filter,angle,center,loop,timer,op1,op2,op3
#DST_IMAGE,0,1001,-200,302,1680,159,0,200,255,255,255,1,0,0,0,1001,3,0,0,0

//上段4,,,,,,,,,,,,,,,,,,,,
//SRC定義,(NULL),gr,x,y,w,h,div_x,div_y,cycle,timer,op1,op2,op3,,,,,,,
#SRC_IMAGE,0,11,0,498,1680,157,1,1,0,3,0,0,0,,,,,,,
//DST定義,(NULL),time,x,y,w,h,acc,a,r,g,b,blend,filter,angle,center,loop,timer,op1,op2,op3
#DST_IMAGE,0,750,-352,67,1680,157,0,255,255,255,255,1,0,0,0,2833,3,0,0,0
#DST_IMAGE,0,833,-278,141,1680,157,0,255,255,255,255,1,0,0,0,,,,,
#DST_IMAGE,0,933,-216,203,1680,157,0,255,255,255,255,1,0,0,0,,,,,
#DST_IMAGE,0,966,-204,215,1680,157,0,255,255,255,255,1,0,0,0,,,,,
#DST_IMAGE,0,983,-201,218,1680,157,0,255,255,255,255,1,0,0,0,,,,,
#DST_IMAGE,0,1000,-200,219,1680,157,0,255,255,255,255,1,0,0,0,,,,,
#DST_IMAGE,0,1166,-200,219,1680,157,0,255,255,255,255,1,0,0,0,,,,,
#DST_IMAGE,0,2833,-84,219,1680,157,0,255,255,255,255,1,0,0,0,,,,,

//上段3,,,,,,,,,,,,,,,,,,,,
//SRC定義,(NULL),gr,x,y,w,h,div_x,div_y,cycle,timer,op1,op2,op3,,,,,,,
#SRC_IMAGE,0,11,0,301,1680,196,1,1,0,3,0,0,0,,,,,,,
//DST定義,(NULL),time,x,y,w,h,acc,a,r,g,b,blend,filter,angle,center,loop,timer,op1,op2,op3
#DST_IMAGE,0,533,-394,-54,1680,196,0,255,255,255,255,1,0,0,0,2717,3,0,0,0
#DST_IMAGE,0,666,-275,65,1680,196,0,255,255,255,255,1,0,0,0,,,,,
#DST_IMAGE,0,766,-215,125,1680,196,0,255,255,255,255,1,0,0,0,,,,,
#DST_IMAGE,0,800,-204,136,1680,196,0,255,255,255,255,1,0,0,0,,,,,
#DST_IMAGE,0,816,-201,139,1680,196,0,255,255,255,255,1,0,0,0,,,,,
#DST_IMAGE,0,833,-200,140,1680,196,0,255,255,255,255,1,0,0,0,,,,,
#DST_IMAGE,0,1516,-200,140,1680,196,0,255,255,255,255,1,0,0,0,,,,,
#DST_IMAGE,0,2000,-214,126,1680,196,0,200,255,255,255,1,0,0,0,,,,,
#DST_IMAGE,0,2717,-231,109,1680,196,0,200,255,255,255,1,0,0,0,,,,,

//上段2,,,,,,,,,,,,,,,,,,,,
//SRC定義,(NULL),gr,x,y,w,h,div_x,div_y,cycle,timer,op1,op2,op3,,,,,,,
#SRC_IMAGE,0,11,0,133,1680,167,1,1,0,3,0,0,0,,,,,,,
//DST定義,(NULL),time,x,y,w,h,acc,a,r,g,b,blend,filter,angle,center,loop,timer,op1,op2,op3
#DST_IMAGE,0,383,-351,-110,1680,167,0,255,255,255,255,1,0,0,0,666,3,0,0,0
#DST_IMAGE,0,500,-275,-24,1680,167,0,255,255,255,255,1,0,0,0,,,,,
#DST_IMAGE,0,600,-215,36,1680,167,0,255,255,255,255,1,0,0,0,,,,,
#DST_IMAGE,0,633,-204,47,1680,167,0,255,255,255,255,1,0,0,0,,,,,
#DST_IMAGE,0,650,-201,50,1680,167,0,255,255,255,255,1,0,0,0,,,,,
#DST_IMAGE,0,666,-200,51,1680,167,0,255,255,255,255,1,0,0,0,,,,,

//上段1,,,,,,,,,,,,,,,,,,,,
//SRC定義,(NULL),gr,x,y,w,h,div_x,div_y,cycle,timer,op1,op2,op3,,,,,,,
#SRC_IMAGE,0,11,0,0,1680,132,1,1,0,3,0,0,0,,,,,,,
//DST定義,(NULL),time,x,y,w,h,acc,a,r,g,b,blend,filter,angle,center,loop,timer,op1,op2,op3
#DST_IMAGE,0,283,-315,-115,1680,132,0,255,255,255,255,1,0,0,0,500,3,0,0,0
#DST_IMAGE,0,333,-275,-74,1680,132,0,255,255,255,255,1,0,0,0,,,,,
#DST_IMAGE,0,433,-215,-15,1680,132,0,255,255,255,255,1,0,0,0,,,,,
#DST_IMAGE,0,466,-204,-4,1680,132,0,255,255,255,255,1,0,0,0,,,,,
#DST_IMAGE,0,483,-201,-1,1680,132,0,255,255,255,255,1,0,0,0,,,,,
#DST_IMAGE,0,500,-200,0,1680,132,0,255,255,255,255,1,0,0,0,,,,,

//下段1,,,,,,,,,,,,,,,,,,,,
//SRC定義,(NULL),gr,x,y,w,h,div_x,div_y,cycle,timer,op1,op2,op3,,,,,,,
#SRC_IMAGE,0,11,0,1226,1680,164,1,1,0,3,0,0,0,,,,,,,
//DST定義,(NULL),time,x,y,w,h,acc,a,r,g,b,blend,filter,angle,center,loop,timer,op1,op2,op3
#DST_IMAGE,0,233,-39,717,1680,164,0,255,255,255,255,1,0,0,0,500,3,0,0,0
#DST_IMAGE,0,333,-126,630,1680,164,0,255,255,255,255,1,0,0,0,,,,,
#DST_IMAGE,0,433,-185,571,1680,164,0,255,255,255,255,1,0,0,0,,,,,
#DST_IMAGE,0,466,-196,560,1680,164,0,255,255,255,255,1,0,0,0,,,,,
#DST_IMAGE,0,483,-199,557,1680,164,0,255,255,255,255,1,0,0,0,,,,,
#DST_IMAGE,0,500,-200,556,1680,164,0,255,255,255,255,1,0,0,0,,,,,

//下段2,,,,,,,,,,,,,,,,,,,,
//SRC定義,(NULL),gr,x,y,w,h,div_x,div_y,cycle,timer,op1,op2,op3,,,,,,,
#SRC_IMAGE,0,11,0,999,1680,226,1,1,0,3,0,0,0,,,,,,,
//DST定義,(NULL),time,x,y,w,h,acc,a,r,g,b,blend,filter,angle,center,loop,timer,op1,op2,op3
#DST_IMAGE,0,316,45,703,1680,226,0,255,255,255,255,1,0,0,0,666,3,0,0,0
#DST_IMAGE,0,500,-126,532,1680,226,0,255,255,255,255,1,0,0,0,,,,,
#DST_IMAGE,0,600,-185,473,1680,226,0,255,255,255,255,1,0,0,0,,,,,
#DST_IMAGE,0,633,-196,462,1680,226,0,255,255,255,255,1,0,0,0,,,,,
#DST_IMAGE,0,650,-199,459,1680,226,0,255,255,255,255,1,0,0,0,,,,,
#DST_IMAGE,0,666,-200,458,1680,226,0,255,255,255,255,1,0,0,0,,,,,

//下段4,,,,,,,,,,,,,,,,,,,,
//SRC定義,(NULL),gr,x,y,w,h,div_x,div_y,cycle,timer,op1,op2,op3,,,,,,,
#SRC_IMAGE,0,11,0,656,1680,159,1,1,0,3,0,0,0,,,,,,,
//DST定義,(NULL),time,x,y,w,h,acc,a,r,g,b,blend,filter,angle,center,loop,timer,op1,op2,op3
#DST_IMAGE,0,516,205,707,1680,159,0,255,255,255,255,1,0,0,0,2833,3,0,0,0
#DST_IMAGE,0,833,-122,380,1680,159,0,255,255,255,255,1,0,0,0,,,,,
#DST_IMAGE,0,933,-184,317,1680,159,0,255,255,255,255,1,0,0,0,,,,,
#DST_IMAGE,0,966,-196,306,1680,159,0,255,255,255,255,1,0,0,0,,,,,
#DST_IMAGE,0,983,-199,303,1680,159,0,255,255,255,255,1,0,0,0,,,,,
#DST_IMAGE,0,1000,-200,302,1680,159,0,255,255,255,255,1,0,0,0,,,,,
#DST_IMAGE,0,1166,-200,302,1680,159,0,255,255,255,255,1,0,0,0,,,,,
#DST_IMAGE,0,2833,-316,302,1680,159,0,255,255,255,255,1,0,0,0,,,,,

//下段3,,,,,,,,,,,,,,,,,,,,
//SRC定義,(NULL),gr,x,y,w,h,div_x,div_y,cycle,timer,op1,op2,op3,,,,,,,
#SRC_IMAGE,0,11,0,816,1680,182,1,1,0,3,0,0,0,,,,,,,
//DST定義,(NULL),time,x,y,w,h,acc,a,r,g,b,blend,filter,angle,center,loop,timer,op1,op2,op3
#DST_IMAGE,0,383,152,710,1680,182,0,255,255,255,255,1,0,0,0,2717,3,0,0,0
#DST_IMAGE,0,666,-126,432,1680,182,0,255,255,255,255,1,0,0,0,,,,,
#DST_IMAGE,0,766,-185,373,1680,182,0,255,255,255,255,1,0,0,0,,,,,
#DST_IMAGE,0,800,-196,362,1680,182,0,255,255,255,255,1,0,0,0,,,,,
#DST_IMAGE,0,816,-199,359,1680,182,0,255,255,255,255,1,0,0,0,,,,,
#DST_IMAGE,0,833,-200,358,1680,182,0,255,255,255,255,1,0,0,0,,,,,
#DST_IMAGE,0,1516,-200,358,1680,182,0,255,255,255,255,1,0,0,0,,,,,
#DST_IMAGE,0,2000,-186,372,1680,182,0,200,255,255,255,1,0,0,0,,,,,
#DST_IMAGE,0,2717,-170,388,1680,182,0,200,255,255,255,1,0,0,0,,,,,

//グラデ,,,,,,,,,,,,,,,,,,,,
//SRC定義,(NULL),gr,x,y,w,h,div_x,div_y,cycle,timer,op1,op2,op3,,,,,,,
#SRC_IMAGE,0,11,1681,455,1,298,1,1,0,3,0,0,0,,,,,,,
//DST定義,(NULL),time,x,y,w,h,acc,a,r,g,b,blend,filter,angle,center,loop,timer,op1,op2,op3
#DST_IMAGE,0,1000,0,359,1280,298,0,0,255,255,255,1,0,0,0,1516,3,0,0,0
#DST_IMAGE,0,1516,0,359,1280,298,0,100,255,255,255,1,0,0,0,,,,,

//中央,,,,,,,,,,,,,,,,,,,,
//SRC定義,(NULL),gr,x,y,w,h,div_x,div_y,cycle,timer,op1,op2,op3,,,,,,,
#SRC_IMAGE,0,11,0,1391,1921,201,1,1,0,3,0,0,0,,,,,,,
//DST定義,(NULL),time,x,y,w,h,acc,a,r,g,b,blend,filter,angle,center,loop,timer,op1,op2,op3
#DST_IMAGE,0,350,1188,274,1921,201,0,255,255,255,255,1,0,0,0,2800,3,0,0,0
#DST_IMAGE,0,516,151,274,1921,201,0,255,255,255,255,1,0,0,0,,,,,
#DST_IMAGE,0,600,-222,274,1921,201,0,255,255,255,255,1,0,0,0,,,,,
#DST_IMAGE,0,633,-312,274,1921,201,0,255,255,255,255,1,0,0,0,,,,,
#DST_IMAGE,0,650,-338,274,1921,201,0,255,255,255,255,1,0,0,0,,,,,
#DST_IMAGE,0,666,-347,274,1921,201,0,255,255,255,255,1,0,0,0,,,,,
#DST_IMAGE,0,1166,-306,274,1921,201,0,255,255,255,255,1,0,0,0,,,,,
#DST_IMAGE,0,2000,-239,274,1921,201,0,150,255,255,255,1,0,0,0,,,,,
#DST_IMAGE,0,2800,-175,274,1921,201,0,150,255,255,255,1,0,0,0,,,,,


//"STAGE FAILED"残像,,,,,,,,,,,,,,,,,,,,
//SRC定義,(NULL),gr,x,y,w,h,div_x,div_y,cycle,timer,op1,op2,op3,,,,,,,
#SRC_IMAGE,0,11,1681,330,732,33,1,1,0,3,0,0,0,,,,,,,
//DST定義,(NULL),time,x,y,w,h,acc,a,r,g,b,blend,filter,angle,center,loop,timer,op1,op2,op3
#DST_IMAGE,0,1016,306,344,732,33,0,70,255,255,255,1,0,0,0,-1,3,0,0,0
#DST_IMAGE,0,1100,311,348,732,33,0,70,255,255,255,1,0,0,0
#DST_IMAGE,0,1216,302,342,732,33,0,70,255,255,255,1,0,0,0
#DST_IMAGE,0,1250,301,344,732,33,0,70,255,255,255,1,0,0,0
#DST_IMAGE,0,1333,301,348,732,33,0,70,255,255,255,1,0,0,0
#DST_IMAGE,0,1383,303,350,732,33,0,70,255,255,255,1,0,0,0
#DST_IMAGE,0,1433,306,347,732,33,0,70,255,255,255,1,0,0,0
#DST_IMAGE,0,1550,308,341,732,33,0,70,255,255,255,1,0,0,0
#DST_IMAGE,0,1600,303,341,732,33,0,70,255,255,255,1,0,0,0
#DST_IMAGE,0,1633,299,343,732,33,0,70,255,255,255,1,0,0,0
#DST_IMAGE,0,1783,308,347,732,33,0,70,255,255,255,1,0,0,0
#DST_IMAGE,0,1867,310,339,732,33,0,70,255,255,255,1,0,0,0
#DST_IMAGE,0,2017,311,353,732,33,0,70,255,255,255,1,0,0,0
#DST_IMAGE,0,2167,314,341,732,33,0,70,255,255,255,1,0,0,0
#DST_IMAGE,0,2217,315,346,732,33,0,70,255,255,255,1,0,0,0
#DST_IMAGE,0,2233,314,347,732,33,0,70,255,255,255,1,0,0,0
#DST_IMAGE,0,2350,300,339,732,33,0,70,255,255,255,1,0,0,0
#DST_IMAGE,0,2433,312,348,732,33,0,70,255,255,255,1,0,0,0
#DST_IMAGE,0,2517,308,339,732,33,0,70,255,255,255,1,0,0,0
#DST_IMAGE,0,2617,300,339,732,33,0,70,255,255,255,1,0,0,0
#DST_IMAGE,0,2733,299,353,732,33,0,70,255,255,255,1,0,0,0

//"STAGE FAILED",,,,,,,,,,,,,,,,,,,,
//SRC定義,(NULL),gr,x,y,w,h,div_x,div_y,cycle,timer,op1,op2,op3,,,,,,,
#SRC_IMAGE,0,11,1681,0,732,330,1,10,452,3,0,0,0,,,,,,,
//DST定義,(NULL),time,x,y,w,h,acc,a,r,g,b,blend,filter,angle,center,loop,timer,op1,op2,op3
#DST_IMAGE,0,500,288,344,732,33,0,255,255,255,255,1,0,0,0,-1,3,0,0,0
#DST_IMAGE,0,800,306,344,732,33,0,255,255,255,255,1,0,0,0,,,,,
#DST_IMAGE,0,950,306,344,732,33,0,255,255,255,255,1,0,0,0,,,,,
//SRC定義,(NULL),gr,x,y,w,h,div_x,div_y,cycle,timer,op1,op2,op3,,,,,,,
#SRC_IMAGE,0,11,1681,297,732,33,1,1,0,3,0,0,0,,,,,,,
//DST定義,(NULL),time,x,y,w,h,acc,a,r,g,b,blend,filter,angle,center,loop,timer,op1,op2,op3
#DST_IMAGE,0,950,306,344,732,33,0,255,255,255,255,1,0,0,0,950,3,0,0,0

//"E",,,,,,,,,,,,,,,,,,,,
//SRC定義,(NULL),gr,x,y,w,h,div_x,div_y,cycle,timer,op1,op2,op3,,,,,,,
#SRC_IMAGE,0,11,2193,330,28,32,1,1,0,3,0,0,0,,,,,,,
//DST定義,(NULL),time,x,y,w,h,acc,a,r,g,b,blend,filter,angle,center,loop,timer,op1,op2,op3
#DST_IMAGE,0,950,820,344,28,32,0,255,255,255,255,1,0,0,0,2000,3,0,0,0
#DST_IMAGE,0,1667,820,344,28,32,0,255,255,255,255,1,0,0,0
#DST_IMAGE,0,2000,820,344,28,32,0,255,255,255,255,1,0,0,0

//"ППП",,,,,,,,,,,,,,,,,,,,
//SRC定義,(NULL),gr,x,y,w,h,div_x,div_y,cycle,timer,op1,op2,op3,,,,,,,
#SRC_IMAGE,0,11,0,1593,1600,5,1,1,0,3,0,0,0,,,,,,,
//DST定義,(NULL),time,x,y,w,h,acc,a,r,g,b,blend,filter,angle,center,loop,timer,op1,op2,op3
#DST_IMAGE,0,500,-151,384,1600,5,0,0,255,255,255,1,0,0,0,-1,3,0,0,0
#DST_IMAGE,0,800,-161,384,1600,5,0,50,255,255,255,1,0,0,0
#DST_IMAGE,0,1000,-155,384,1600,5,0,100,255,255,255,1,0,0,0
#DST_IMAGE,0,1500,-65,384,1600,5,0,100,255,255,255,1,0,0,0
#DST_IMAGE,0,4167,-225,384,1600,5,0,100,255,255,255,1,0,0,0

//フェードアウト,,,,,,,,,,,,,,,,,,,,
//SRC定義,(NULL),gr,x,y,w,h,div_x,div_y,cycle,timer,op1,op2,op3,,,,,,,
#SRC_IMAGE,0,110,0,0,1,1,1,1,0,3,0,0,0,,,,,,,
//DST定義,(NULL),time,x,y,w,h,acc,a,r,g,b,blend,filter,angle,center,loop,timer,op1,op2,op3
#DST_IMAGE,0,2000,0,0,1280,720,0,0,255,255,255,1,0,0,0,2800,3,0,0,0
#DST_IMAGE,0,2800,0,0,1280,720,0,255,255,255,255,1,0,0,0,,,,,

//フェード,,,,,,,,,,,,,,,,,,,,
//SRC定義,(NULL),gr,x,y,w,h,div_x,div_y,cycle,timer,op1,op2,op3,,,,,,,
#SRC_IMAGE,0,12,13,1,1,1,1,1,0,2,0,0,0,,,,,,,
//DST定義,(NULL),time,x,y,w,h,acc,a,r,g,b,blend,filter,angle,center,loop,timer,op1,op2,op3
#DST_IMAGE,0,1500,0,0,1280,720,0,0,255,255,255,1,0,0,0,2500,3,0,0,0
#DST_IMAGE,0,2500,0,0,1280,720,0,255,255,255,255,1,0,0,0,,,,,



//SRC定義,(NULL),gr,x,y,w,h,div_x,div_y,cycle,timer,op1,op2,op3,,,,,,,
#SRC_IMAGE,0,27,0,720,748,720,1,1,0,0,0,0,0,,,,,,,
//DST定義,(NULL),time,x,y,w,h,acc,a,r,g,b,blend,filter,angle,center,loop,timer,op1,op2,op3
#DST_IMAGE,0,0,532,0,748,720,0,255,255,255,255,1,0,0,5,500,0,0,0,0
#DST_IMAGE,0,100,532,0,748,720,0,255,255,255,255,1,0,0,0,,,,,
#DST_IMAGE,0,500,1251,720,748,720,0,255,255,255,255,1,0,0,0,,,,,


//SRC定義,(NULL),gr,x,y,w,h,div_x,div_y,cycle,timer,op1,op2,op3,,,,,,,
#SRC_IMAGE,0,27,0,0,899,720,1,1,0,0,0,0,0,,,,,,,
//DST定義,(NULL),time,x,y,w,h,acc,a,r,g,b,blend,filter,angle,center,loop,timer,op1,op2,op3
#DST_IMAGE,0,0,0,0,899,720,0,255,255,255,255,1,0,0,5,500,0,0,0,0
#DST_IMAGE,0,100,0,0,899,720,0,255,255,255,255,1,0,0,0,,,,,
#DST_IMAGE,0,500,-719,-719,899,720,0,255,255,255,255,1,0,0,0,,,,,
