#ENDOFHEADER,,,

//スクラッチ位置。0は左、1は右。デフォルトは0,1,,
//sc side,1P,2P,
#SCRATCHSIDE,1,0,

//リザルトの1P2P入れ替えを行う場合はコメントを外して下さい,,,
//#FLIPRESULT,,,

//[透過色設定],,,
//必要無くても必ず設定して下さい。(なんかライブラリの仕様でオフに出来ないみたいなので,,,
//透過色,R,G,B
#TRANSCLOLR,0,255,0


//[入力開始時間],,,
//入力開始時間,ms
#STARTINPUT,1000


//[演奏開始時間],
//LOADSTART シーン開始から曲ロード開始までの時間,
//LOADEND ロード開始からロード終了までの最低時間(ロード時間が長ければそれだけ遅れます,
//PLAYSTART ロード終了から曲開始までの時間,

#LOADSTART,0
#LOADEND,3000
#PLAYSTART,1500


//[フェードアウト時間],
//フェードアウト時にこの時間が過ぎると次のシーンに移行します。,
#FADEOUT,500,

//[閉店時間],,
#CLOSE,2900,


//[画像定義],,
//画像定義,filename,
#IMAGE,.\LR2files\Theme\EndlessCirculation\Play\bomb\*.png,"			//0"
#IMAGE,.\LR2files\Theme\EndlessCirculation\Play\disablelane\AC\*.png,"		//1"
#IMAGE,.\LR2files\Theme\EndlessCirculation\Play\frame\SelfEvolution\*.png,"		//2"
#IMAGE,.\LR2files\Theme\EndlessCirculation\Play\fullcombo\*.png,"		//3"
#IMAGE,.\LR2files\Theme\EndlessCirculation\Play\gauge\AC\*.png,"		//4"
#IMAGE,.\LR2files\Theme\EndlessCirculation\Play\lanecover\AC\*.png,"		//5"
#IMAGE,.\LR2files\Theme\EndlessCirculation\Play\object\AC\DEFAULT.png,"		//6"
#IMAGE,.\LR2files\Theme\EndlessCirculation\Play\turntable\N\*.png,"		//7"
#IMAGE,.\LR2files\Theme\EndlessCirculation\Play\parts\note\*.png," //8",,
#IMAGE,.\LR2files\Theme\EndlessCirculation\Play\number\*.png,"			//9",,
#IMAGE,.\LR2files\Theme\EndlessCirculation\Play\progressbar\N\*.png,"		//10",,
#IMAGE,.\LR2files\Theme\EndlessCirculation\Play\_parts\close.png,"		//11",,
#IMAGE,.\LR2files\Theme\EndlessCirculation\Play\_parts\parts.png,"		//12",,
#IMAGE,.\LR2files\Theme\EndlessCirculation\Play\parts\Combo\*.png",,
#IMAGE,.\LR2files\Theme\EndlessCirculation\Play\emblem\*.png,"			//14",,
#IMAGE,.\LR2files\Theme\EndlessCirculation\Play\parts\beam\*.png",,		//15",,
#IMAGE,.\LR2files\Theme\EndlessCirculation\Play\number\P\P.png,"			//16",,
#IMAGE,.\LR2files\Theme\EndlessCirculation\Play\_parts\Graph.png,"		//17",,
#IMAGE,.\LR2files\Theme\EndlessCirculation\Play\Gaugefont\SE.png," //18
#IMAGE,.\LR2files\Theme\EndlessCirculation\Play\load2.mpg," //19
#IMAGE,.\LR2files\Theme\EndlessCirculation\Play\parts\GraphBG\*.png," //20",
#IMAGE,.\LR2files\Theme\EndlessCirculation\Play\DIFFICULT\P.png, //21
#IMAGE,.\LR2files\Theme\EndlessCirculation\Play\DIFFICULT\level.png, //22
#IF,100,,,,,,,,,,
#IMAGE,.\LR2files\Theme\EndlessCirculation\Play\ClearData\NOPLAY.png,,,,,,,,,,//23
#ELSEIF,101,,,,,,,,,,
#IMAGE,.\LR2files\Theme\EndlessCirculation\Play\ClearData\FAILED.png,,,,,,,,,,//23
#ELSEIF,102,,,,,,,,,,
#IMAGE,.\LR2files\Theme\EndlessCirculation\Play\ClearData\EASYCLEAR.png,,,,,,,,,,//23
#ELSEIF,103,,,,,,,,,,
#IMAGE,.\LR2files\Theme\EndlessCirculation\Play\ClearData\CLEAR.png,,,,,,,,,,//23
#ELSEIF,104,,,,,,,,,,
#IMAGE,.\LR2files\Theme\EndlessCirculation\Play\ClearData\HARDCLEAR.png,,,,,,,,,,//23
#ELSEIF,105,,,,,,,,,,
#IMAGE,.\LR2files\Theme\EndlessCirculation\Play\ClearData\FULLCOMBO.png,,,,,,,,,,//23
#ELSE,,,,,,,,,,,
#IMAGE,.\LR2files\Theme\EndlessCirculation\Play\ClearData\dummy.png,,,,,,,,,,//23
#ENDIF,,,,,,,,,,,
#IMAGE,.\LR2files\Theme\EndlessCirculation\Play\parts\keyflash\*.png",,		//24",,
#IMAGE,.\LR2files\Theme\EndlessCirculation\Play\parts\judgeline\*.png",,		//25",,
#IMAGE,.\LR2files\Theme\EndlessCirculation\Play\parts\grow\*.png",,		//26",,
#IMAGE,CONTINUE,,,,,,,,,,//27

//[フォント定義],,,,
//,size,thick,type,name
#FONT,42,5,2,ＤＦＰPOPミックスW3
#FONT,15,5,2,ヒラギノ角ゴ7
#FONT,12,5,2,ヒラギノ角ゴ7

//パスの次を1とすると、画像フォント使用不可設定が無効になり、かならず使用されます,,,,,,,,,,,,,,,,,,,,
#LR2FONT,.\LR2files\Theme\EndlessCirculation\font\Title\font.lr2font,,,,,,,,,,,,,,,,,,,
#LR2FONT,.\LR2files\Theme\EndlessCirculation\font\Play_Genre\font.lr2font,,,,,,,,,,,,,,,,,,,
#LR2FONT,.\LR2files\Theme\EndlessCirculation\Play\font\02\font.lr2font,,,,,,,,,,,,,,,,,,,
#LR2FONT,.\LR2files\Theme\EndlessCirculation\Play\font\03\font.lr2font,,,,,,,,,,,,,,,,,,,
#LR2FONT,.\LR2files\Theme\EndlessCirculation\Play\font\04\font.lr2font,,,,,,,,,,,,,,,,,,,
#LR2FONT,.\LR2files\Theme\EndlessCirculation\Play\font\05\font.lr2font,,,,,,,,,,,,,,,,,,,

///先読み
#SRC_IMAGE,0,0,0,0,0,0,0,0,0,0,0,0,0,,,,,,,
//DST定義,(NULL),time,x,y,w,h,acc,a,r,g,b,blend,filter,angle,center,loop,timer,op1,op2,op3
#DST_IMAGE,0,0,0,0,1,1,0,255,0,0,0,0,0,0,0,0,0,0,0,0
///
#SRC_IMAGE,0,6,0,0,0,0,0,0,0,0,0,0,0,,,,,,,
//DST定義,(NULL),time,x,y,w,h,acc,a,r,g,b,blend,filter,angle,center,loop,timer,op1,op2,op3
#DST_IMAGE,0,0,0,0,1,1,0,255,0,0,0,0,0,0,0,0,0,0,0,0
//SRC定義,(NULL),gr,x,y,w,h,div_x,div_y,cycle,timer,op1,op2,op3,,,,,,,
#SRC_IMAGE,0,17,0,0,66,448,1,1,0,0,80,0,0,,,,,,,
//DST定義,(NULL),time,x,y,w,h,acc,a,r,g,b,blend,filter,angle,center,loop,timer,op1,op2,op3
#DST_IMAGE,0,0,0,720,66,448,0,255,255,255,255,1,0,0,0,-1,0,80,0,0
#DST_IMAGE,0,500,0,720,66,448,0,255,255,255,255,1,0,0,0,,,,,

//[画像配置],,,,,,,,,,,,,,,,,,,,

//コピペ用テンプレート,,,,,,,,,,,,,,,,,,,,
//SRC定義,(NULL),gr,x,y,w,h,div_x,div_y,cycle,timer,op1,op2,op3,,,,,,,
//DST定義,(NULL),time,x,y,w,h,acc,a,r,g,b,blend,filter,angle,center,loop,timer,op1,op2,op3


#IF,38,
///////////////////////////////,,,,,,,,,,,,,,,,,,,,
//フレーム,,,,,,,,,,,,,,,,,,,,

//最下部,,,,,,,,,,,,,,,,,,,,
//SRC定義,(NULL),gr,x,y,w,h,div_x,div_y,cycle,timer,op1,op2,op3,,,,,,,
#SRC_IMAGE,0,2,354,1318,1280,720,1,1,0,0,0,0,0,,,,,,,
//DST定義,(NULL),time,x,y,w,h,acc,a,r,g,b,blend,filter,angle,center,loop,timer,op1,op2,op3
#DST_IMAGE,0,0,0,0,1280,720,0,0,255,255,255,1,0,0,0,300,,,,
#DST_IMAGE,0,300,0,0,1280,720,0,255,255,255,255,1,0,0,0,,,,,


///////////////////////////////////////////////////////////////////////,,,,,,,,,,,,,,,,,,,,
//タイトルテキスト・タイトル画像(backbmp)表示始点,,,,,,,,,,,,,,,,,,,,

//BGA,,,,,,,,,,,,,,,,,,,,
//SRCはほとんど形式を共通にするためのダミーでしかありませんが、一応表示に関するオプションを設定できます。,,,,,,,,,,,,,,,,,,,,
//nobase,nolayer,nopoor 1にするとその階層のBGAは表示されません。,,,,,,,,,,,,,,,,,,
//でかい,,,,,,,,,,,,,,,,,,,,
//SRC定義,(NULL),(NULL),(NULL),(NULL),(NULL),(NULL),(NULL),(NULL),(NULL),(NULL),nobase,nolayer,nopoor,,,,,,,
#SRC_BGA,0,0,0,0,0,0,0,0,0,0,0,0,0,,,,,,,
//DST定義,(NULL),time,x,y,w,h,acc,a,r,g,b,blend,filter,angle,center,loop,timer,op1,op2,op3
#DST_BGA,0,0,80,55,770,578,0,255,255,255,255,0,1,0,0,0,0,31,0,0

///通常,,,,,,,,,,,,,,,,,,,,
//SRC定義,(NULL),(NULL),(NULL),(NULL),(NULL),(NULL),(NULL),(NULL),(NULL),(NULL),nobase,nolayer,nopoor,,,,,,,
#SRC_BGA,0,0,0,0,0,0,0,0,0,0,0,0,0,,,,,,,
//DST定義,(NULL),time,x,y,w,h,acc,a,r,g,b,blend,filter,angle,center,loop,timer,op1,op2,op3
#DST_BGA,0,0,80,55,770,578,0,255,255,255,255,0,1,0,0,0,0,30,0,0

//ジャンル,,,,,,,,,,,,,,,,,,,,
//SRC定義,(NULL),font,st,align,edit,,,,,,,,,,,,,,,
#SRC_TEXT,0,1,13,1,0,,,,,,,,,,,,,,,
//DST定義,(NULL),time,x,y,w,size,acc,a,r,g,b,blend,filter,(NULL),(NULL),loop,timer,(NULL),(NULL),(NULL)
#DST_TEXT,0,0,464,179,330,25,0,0,255,255,255,1,1,0,0,750,0,80,194,0
#DST_TEXT,0,500,464,179,330,25,0,0,255,255,255,1,1,0,0,750,0,80,194,0
#DST_TEXT,0,750,464,179,330,25,0,255,255,255,255,1,1,0,0,,,,,

//ジャンル,,,,,,,,,,,,,,,,,,,,
//SRC定義,(NULL),font,st,align,edit,,,,,,,,,,,,,,,
#SRC_TEXT,0,1,13,1,0,,,,,,,,,,,,,,,
//DST定義,(NULL),time,x,y,w,size,acc,a,r,g,b,blend,filter,(NULL),(NULL),loop,timer,(NULL),(NULL),(NULL)
#DST_TEXT,0,0,464,179,330,25,0,255,255,255,255,1,1,0,0,-1,40,81,194,0
#DST_TEXT,0,500,464,179,330,25,0,255,255,255,255,1,1,0,0,-1,40,81,194,0
#DST_TEXT,0,750,464,179,330,25,0,0,255,255,255,1,1,0,0,,,,,

//タイトル,,,,,,,,,,,,,,,,,,,,
//SRC定義,(NULL),font,st,align,edit,,,,,,,,,,,,,,,
#SRC_TEXT,0,0,10,1,0,,,,,,,,,,,,,,,
//DST定義,(NULL),time,x,y,w,size,acc,a,r,g,b,blend,filter,(NULL),(NULL),loop,timer,(NULL),(NULL),(NULL)
#DST_TEXT,0,0,464,230,520,80,0,0,255,255,255,1,1,0,0,750,0,80,194,0
#DST_TEXT,0,500,464,230,520,80,0,0,255,255,255,1,1,0,0,750,0,80,194,0
#DST_TEXT,0,750,464,230,520,80,0,255,255,255,255,1,1,0,0,,,,,

//タイトル,,,,,,,,,,,,,,,,,,,,
//SRC定義,(NULL),font,st,align,edit,,,,,,,,,,,,,,,
#SRC_TEXT,0,0,10,1,0,,,,,,,,,,,,,,,
//DST定義,(NULL),time,x,y,w,size,acc,a,r,g,b,blend,filter,(NULL),(NULL),loop,timer,(NULL),(NULL),(NULL)
#DST_TEXT,0,0,464,230,520,80,0,255,255,255,255,1,1,0,0,-1,40,81,194,0
#DST_TEXT,0,500,464,230,520,80,0,255,255,255,255,1,1,0,0,-1,40,81,194,0
#DST_TEXT,0,750,464,230,520,80,0,0,255,255,255,1,1,0,0,,,,,

//サブタイトル,,,,,,,,,,,,,,,,,,,,
//SRC定義,(NULL),font,st,align,edit,,,,,,,,,,,,,,,
#SRC_TEXT,0,3,11,1,0,,,,,,,,,,,,,,,
//DST定義,(NULL),time,x,y,w,size,acc,a,r,g,b,blend,filter,(NULL),(NULL),loop,timer,(NULL),(NULL),(NULL)
#DST_TEXT,0,0,464,321,320,40,0,0,255,255,255,1,1,0,0,750,0,80,194,0
#DST_TEXT,0,500,464,321,320,40,0,0,255,255,255,1,1,0,0,750,0,80,194,0
#DST_TEXT,0,750,464,321,320,40,0,255,255,255,255,1,1,0,0,,,,,

//サブタイトル,,,,,,,,,,,,,,,,,,,,
//SRC定義,(NULL),font,st,align,edit,,,,,,,,,,,,,,,
#SRC_TEXT,0,3,11,1,0,,,,,,,,,,,,,,,
//DST定義,(NULL),time,x,y,w,size,acc,a,r,g,b,blend,filter,(NULL),(NULL),loop,timer,(NULL),(NULL),(NULL)
#DST_TEXT,0,0,464,321,320,40,0,255,255,255,255,1,1,0,0,-1,40,81,194,0
#DST_TEXT,0,500,464,321,320,40,0,255,255,255,255,1,1,0,0,-1,40,81,194,0
#DST_TEXT,0,750,464,321,320,40,0,0,255,255,255,1,1,0,0,,,,,

//アーティスト,,,,,,,,,,,,,,,,,,,,
//SRC定義,(NULL),font,st,align,edit,,,,,,,,,,,,,,,
#SRC_TEXT,0,3,14,1,0,,,,,,,,,,,,,,,
//DST定義,(NULL),time,x,y,w,size,acc,a,r,g,b,blend,filter,(NULL),(NULL),loop,timer,(NULL),(NULL),(NULL)
#DST_TEXT,0,0,464,510,320,40,0,0,255,255,255,1,1,0,0,750,0,80,194,0
#DST_TEXT,0,500,464,510,320,40,0,0,255,255,255,1,1,0,0,750,0,80,194,0
#DST_TEXT,0,750,464,510,320,40,0,255,255,255,255,1,1,0,0,,,,,

//アーティスト,,,,,,,,,,,,,,,,,,,,
//SRC定義,(NULL),font,st,align,edit,,,,,,,,,,,,,,,
#SRC_TEXT,0,3,14,1,0,,,,,,,,,,,,,,,
//DST定義,(NULL),time,x,y,w,size,acc,a,r,g,b,blend,filter,(NULL),(NULL),loop,timer,(NULL),(NULL),(NULL)
#DST_TEXT,0,0,464,510,320,40,0,255,255,255,255,1,1,0,0,-1,40,81,194,0
#DST_TEXT,0,500,464,510,320,40,0,255,255,255,255,1,1,0,0,-1,40,81,194,0
#DST_TEXT,0,750,464,510,320,40,0,0,255,255,255,1,1,0,0,,,,,

//BGAアーティスト,,,,,,,,,,,,,,,,,,,,
//SRC定義,(NULL),font,st,align,edit,,,,,,,,,,,,,,,
#SRC_TEXT,0,4,15,1,0,,,,,,,,,,,,,,,
//DST定義,(NULL),time,x,y,w,size,acc,a,r,g,b,blend,filter,(NULL),(NULL),loop,timer,(NULL),(NULL),(NULL)
#DST_TEXT,0,0,464,555,320,30,0,0,255,255,255,1,1,0,0,750,0,80,194,0
#DST_TEXT,0,500,464,555,320,30,0,0,255,255,255,1,1,0,0,750,0,80,194,0
#DST_TEXT,0,750,464,555,320,30,0,255,255,255,255,1,1,0,0,,,,,

//BGAアーティスト,,,,,,,,,,,,,,,,,,,,
//SRC定義,(NULL),font,st,align,edit,,,,,,,,,,,,,,,
#SRC_TEXT,0,4,15,1,0,,,,,,,,,,,,,,,
//DST定義,(NULL),time,x,y,w,size,acc,a,r,g,b,blend,filter,(NULL),(NULL),loop,timer,(NULL),(NULL),(NULL)
#DST_TEXT,0,0,464,555,320,30,0,255,255,255,255,1,1,0,0,-1,40,81,194,0
#DST_TEXT,0,500,464,555,320,30,0,255,255,255,255,1,1,0,0,-1,40,81,194,0
#DST_TEXT,0,750,464,555,320,30,0,0,255,255,255,1,1,0,0,,,,,

//BGA枠背景影1(BACKBMP)//option80 ロード未完了,//option195 BACKBMP有り,,,,,,,,,,,,,,,,,,,
//SRC定義,(NULL),gr,x,y,w,h,div_x,div_y,cycle,timer,op1,op2,op3,,,,,,,
#SRC_IMAGE,0,101,0,0,-1,-1,1,1,0,0,0,0,0,,,,,,,
//DST定義,(NULL),time,x,y,w,h,acc,a,r,g,b,blend,filter,angle,center,loop,timer,op1,op2,op3
#DST_IMAGE,0,0,176,83,576,497,0,0,255,255,255,3,1,0,0,750,0,80,195,0
#DST_IMAGE,0,500,176,83,576,497,0,0,255,255,255,3,1,0,0,750,0,80,195,0
#DST_IMAGE,0,750,176,83,576,497,0,255,255,255,255,3,1,0,0,,,,,

//BGA枠背景影1(BACKBMP)//option81 ロード完了,//option195 BACKBMP有り,,,,,,,,,,,,,,,,,,,
//SRC定義,(NULL),gr,x,y,w,h,div_x,div_y,cycle,timer,op1,op2,op3,,,,,,,
#SRC_IMAGE,0,101,0,0,-1,-1,1,1,0,0,0,0,0,,,,,,,
//DST定義,(NULL),time,x,y,w,h,acc,a,r,g,b,blend,filter,angle,center,loop,timer,op1,op2,op3
#DST_IMAGE,0,0,176,83,576,497,0,255,255,255,255,3,1,0,0,-1,40,81,195,0
#DST_IMAGE,0,500,176,83,576,497,0,255,255,255,255,3,1,0,0,-1,40,81,195,0
#DST_IMAGE,0,750,176,83,576,497,0,0,255,255,255,3,1,0,0,,,,,

//BGA枠背景影2(BACKBMP)//option80 ロード未完了,//option195 BACKBMP有り,,,,,,,,,,,,,,,,,,,
//SRC定義,(NULL),gr,x,y,w,h,div_x,div_y,cycle,timer,op1,op2,op3,,,,,,,
#SRC_IMAGE,0,101,0,0,-1,-1,1,1,0,0,0,0,0,,,,,,,
//DST定義,(NULL),time,x,y,w,h,acc,a,r,g,b,blend,filter,angle,center,loop,timer,op1,op2,op3
#DST_IMAGE,0,0,176,83,576,497,0,0,255,255,255,3,1,0,0,750,0,80,195,0
#DST_IMAGE,0,500,176,83,576,497,0,0,255,255,255,3,1,0,0,750,0,80,195,0
#DST_IMAGE,0,750,176,83,576,497,0,255,255,255,255,3,1,0,0,,,,,

//BGA枠背景影2(BACKBMP)//option81 ロード完了,//option195 BACKBMP有り,,,,,,,,,,,,,,,,,,,
//SRC定義,(NULL),gr,x,y,w,h,div_x,div_y,cycle,timer,op1,op2,op3,,,,,,,
#SRC_IMAGE,0,101,0,0,-1,-1,1,1,0,0,0,0,0,,,,,,,
//DST定義,(NULL),time,x,y,w,h,acc,a,r,g,b,blend,filter,angle,center,loop,timer,op1,op2,op3
#DST_IMAGE,0,0,176,83,576,497,0,255,255,255,255,3,1,0,0,-1,40,81,195,0
#DST_IMAGE,0,500,176,83,576,497,0,255,255,255,255,3,1,0,0,-1,40,81,195,0
#DST_IMAGE,0,750,176,83,576,497,0,0,255,255,255,3,1,0,0,,,,,

//BGA枠背景(BACKBMP)//option80 ロード未完了,//option195 BACKBMP有り,,,,,,,,,,,,,,,,,,,
//SRC定義,(NULL),gr,x,y,w,h,div_x,div_y,cycle,timer,op1,op2,op3,,,,,,,
#SRC_IMAGE,0,101,0,0,-1,-1,1,1,0,0,0,0,0,,,,,,,
//DST定義,(NULL),time,x,y,w,h,acc,a,r,g,b,blend,filter,angle,center,loop,timer,op1,op2,op3
#DST_IMAGE,0,0,176,83,576,497,0,0,255,255,255,2,1,0,0,750,0,80,195,0
#DST_IMAGE,0,500,176,83,576,497,0,0,255,255,255,2,1,0,0,750,0,80,195,0
#DST_IMAGE,0,750,176,83,576,497,0,255,255,255,255,2,1,0,0,,,,,

//BGA枠背景(BACKBMP)//option81 ロード完了,//option195 BACKBMP有り,,,,,,,,,,,,,,,,,,,
//SRC定義,(NULL),gr,x,y,w,h,div_x,div_y,cycle,timer,op1,op2,op3,,,,,,,
#SRC_IMAGE,0,101,0,0,-1,-1,1,1,0,0,0,0,0,,,,,,,
//DST定義,(NULL),time,x,y,w,h,acc,a,r,g,b,blend,filter,angle,center,loop,timer,op1,op2,op3
#DST_IMAGE,0,0,176,83,576,497,0,255,255,255,255,2,1,0,0,-1,40,81,195,0
#DST_IMAGE,0,500,176,83,576,497,0,255,255,255,255,2,1,0,0,-1,40,81,195,0
#DST_IMAGE,0,750,176,83,576,497,0,0,255,255,255,2,1,0,0,,,,,




load未
//SRC定義,(NULL),gr,x,y,w,h,div_x,div_y,cycle,timer,type,muki
#SRC_BARGRAPH,0,12,404,414,388,2,1,1,0,0,2,0
//DST定義,(NULL),time,x,y,w,h,acc,a,r,g,b,blend,filter,angle,center,loop,timer,op1,op1,op3
#DST_BARGRAPH,0,0,270,604,388,2,0,0,255,255,255,0,0,0,0,300,0,80,0,0
#DST_BARGRAPH,0,300,270,604,388,2,0,255,255,255,255,0,0,0,0,0,0

わく
//SRC定義,(NULL),gr,x,y,w,h,div_x,div_y,cycle,timer,op1,op2,op3,,,,,,,
#SRC_IMAGE,0,12,0,394,400,24,1,1,0,0,0,0,0,,,,,,,
//DST定義,(NULL),time,x,y,w,h,acc,a,r,g,b,blend,filter,angle,center,loop,timer,op1,op2,op3
#DST_IMAGE,0,0,265,594,400,24,0,0,255,255,255,1,0,0,0,300,0,80,0,0
#DST_IMAGE,0,300,265,594,400,24,0,255,255,255,255,1,0,0,0,,,,,


load完
//SRC定義,(NULL),gr,x,y,w,h,div_x,div_y,cycle,timer,type,muki
#SRC_BARGRAPH,0,12,404,414,388,2,1,1,0,0,2,0
//DST定義,(NULL),time,x,y,w,h,acc,a,r,g,b,blend,filter,angle,center,loop,timer,op1,op1,op3
#DST_BARGRAPH,0,0,270,604,388,2,0,255,255,255,255,1,0,0,0,-1,40,81,0,0
#DST_BARGRAPH,0,500,270,604,388,2,0,0,255,255,255,1,0,0,0,0,0

わく
//SRC定義,(NULL),gr,x,y,w,h,div_x,div_y,cycle,timer,op1,op2,op3,,,,,,,
#SRC_IMAGE,0,12,0,394,400,24,1,1,0,0,0,0,0,,,,,,,
//DST定義,(NULL),time,x,y,w,h,acc,a,r,g,b,blend,filter,angle,center,loop,timer,op1,op2,op3
#DST_IMAGE,0,0,265,594,400,24,0,255,255,255,255,1,0,0,0,-1,40,81,0,0
#DST_IMAGE,0,500,265,594,400,24,0,0,255,255,255,1,0,0,0,,,,,


#ENDIF



//数値関連,,,,,,,,,,,,,,,,,,,,
#IF,38,970,,,,,,,,,,,,,,,,,,,
//ノーマルスコア(6桁) 1P 100,number100 score 1P,,,,,,,,,,,,,,,,,,,
//SRC定義,(null),gr,x,y,w,h,div_x,div_y,cycle,timer,num,align,keta,,,,,,,
#SRC_NUMBER,0,16,0,0,308,19,11,1,0,0,100,0,6,,,,,,,
//DST定義,(NULL),time,x,y,w,h,acc,a,r,g,b,blend,filter,angle,center,loop,timer,op1,op2,op3
#DST_NUMBER,0,700,624,654,28,19,0,0,255,255,255,1,0,0,0,1000,0,0,0,0
#DST_NUMBER,0,1000,624,654,28,19,0,255,255,255,255,1,0,0,0,,,,,
#ENDIF,,,,,,,,,,,,,,,,,,,,

//EXスコア(6桁) 1P 100,number100 score 1P,,,,,,,,,,,,,,,,,,,
#IF,38,971,,,,,,,,,,,,,,,,,,,
//SRC定義,(null),gr,x,y,w,h,div_x,div_y,cycle,timer,num,align,keta,,,,,,,
#SRC_NUMBER,0,16,0,0,308,19,11,1,0,0,101,0,6,,,,,,,
//DST定義,(NULL),time,x,y,w,h,acc,a,r,g,b,blend,filter,angle,center,loop,timer,op1,op2,op3
#DST_NUMBER,0,700,624,654,28,19,0,0,255,255,255,1,0,0,0,1000,0,0,0,0
#DST_NUMBER,0,1000,624,654,28,19,0,255,255,255,255,1,0,0,0,,,,,
#ENDIF,,,,,,,,,,,,,,,,,,,,

#IF,38,

//マックスコンボ(4桁),number105 maxcombo 1P,,,,,,,,,,,,,,,,,,,
//SRC定義,(null),gr,x,y,w,h,div_x,div_y,cycle,timer,num,align,keta,,,,,,,
#SRC_NUMBER,0,16,0,0,308,19,11,1,0,0,105,0,4,,,,,,,
//DST定義,(NULL),time,x,y,w,h,acc,a,r,g,b,blend,filter,angle,center,loop,timer,op1,op2,op3
#DST_NUMBER,0,1000,194,654,28,19,0,0,255,255,255,1,0,0,0,1200,0,0,0,0
#DST_NUMBER,0,1200,194,654,28,19,0,255,255,255,255,1,0,0,0,,,,,

//BPM,number160 bpm,,,,,,,,,,,,,,,,,,,
//SRC定義,(null),gr,x,y,w,h,div_x,div_y,cycle,timer,num,align,keta,,,,,,,
#SRC_NUMBER,0,16,0,0,308,19,11,1,0,0,160,0,3,,,,,,,
//DST定義,(NULL),time,x,y,w,h,acc,a,r,g,b,blend,filter,angle,center,loop,timer,op1,op2,op3
#DST_NUMBER,0,850,423,642,28,19,0,0,255,255,255,1,0,0,0,1200,0,0,0,0
#DST_NUMBER,0,1200,423,642,28,19,0,255,255,255,255,1,0,0,0,,,,,

#ENDIF,,,,,,,,,,,,,,,,,,,,

#IF,906,38

//BPM,number160 bpm,,,,,,,,,,,,,,,,,,,
//SRC定義,(null),gr,x,y,w,h,div_x,div_y,cycle,timer,num,align,keta,,,,,,,
#SRC_NUMBER,0,16,0,0,308,19,11,1,0,0,160,0,3,,,,,,,
//DST定義,(NULL),time,x,y,w,h,acc,a,r,g,b,blend,filter,angle,center,loop,timer,op1,op2,op3
#DST_NUMBER,0,850,423,642,28,19,0,0,255,255,255,1,0,0,0,1200,0,0,0,0
#DST_NUMBER,0,1200,423,642,28,19,0,255,255,255,255,1,0,0,0,,,,,

//MIN MAX,,,,,,,,,,,,,,,,,,,,
//SRC定義,(NULL),gr,x,y,w,h,div_x,div_y,cycle,timer,op1,op2,op3,,,,,,,
#SRC_IMAGE,0,12,111,229,173,10,1,1,0,0,0,0,0,,,,,,,
//DST定義,(NULL),time,x,y,w,h,acc,a,r,g,b,blend,filter,angle,center,loop,timer,op1,op2,op3
#DST_IMAGE,0,0,380,663,173,10,0,0,255,255,255,1,0,0,0,500,,,,
#DST_IMAGE,0,500,380,663,173,10,0,255,255,255,255,1,0,0,0,,,,,

//BPM,number160 MIN,,,,,,,,,,,,,,,,,,,
//SRC定義,(null),gr,x,y,w,h,div_x,div_y,cycle,timer,num,align,keta,,,,,,,
#SRC_NUMBER,0,16,0,0,308,19,11,1,0,0,91,0,3,,,,,,,
//DST定義,(NULL),time,x,y,w,h,acc,a,r,g,b,blend,filter,angle,center,loop,timer,op1,op2,op3
#DST_NUMBER,0,850,368,648,15,12,0,0,255,255,255,1,1,0,0,1200,0,0,0,0
#DST_NUMBER,0,1200,368,648,15,12,0,255,255,255,255,1,1,0,0,,,,,

//BPM,number160 MAX,,,,,,,,,,,,,,,,,,,
//SRC定義,(null),gr,x,y,w,h,div_x,div_y,cycle,timer,num,align,keta,,,,,,,
#SRC_NUMBER,0,16,0,0,308,19,11,1,0,0,90,0,3,,,,,,,
//DST定義,(NULL),time,x,y,w,h,acc,a,r,g,b,blend,filter,angle,center,loop,timer,op1,op2,op3
#DST_NUMBER,0,850,516,648,15,12,0,0,255,255,255,1,1,0,0,1200,0,0,0,0
#DST_NUMBER,0,1200,516,648,15,12,0,255,255,255,255,1,1,0,0,,,,,

#ENDIF

////////////////////////////////////////////////////////////////////////////////



#IF,39,950,

///////////////////////////////,,,,,,,,,,,,,,,,,,,,
//フレーム,,,,,,,,,,,,,,,,,,,,

//最下部,,,,,,,,,,,,,,,,,,,,
//SRC定義,(NULL),gr,x,y,w,h,div_x,div_y,cycle,timer,op1,op2,op3,,,,,,,
#SRC_IMAGE,0,2,1003,2049,647,720,1,1,0,0,0,0,0,,,,,,,
//DST定義,(NULL),time,x,y,w,h,acc,a,r,g,b,blend,filter,angle,center,loop,timer,op1,op2,op3
#DST_IMAGE,0,0,281,0,647,720,0,0,255,255,255,1,0,0,0,500,,,,
#DST_IMAGE,0,500,281,0,647,720,0,255,255,255,255,1,0,0,0,,,,,

///////////////////////////////////////////////////////////////////////,,,,,,,,,,,,,,,,,,,,
//タイトルテキスト・タイトル画像(backbmp)表示始点,,,,,,,,,,,,,,,,,,,,

//BGA,,,,,,,,,,,,,,,,,,,,
//SRCはほとんど形式を共通にするためのダミーでしかありませんが、一応表示に関するオプションを設定できます。,,,,,,,,,,,,,,,,,,,,
//nobase,nolayer,nopoor 1にするとその階層のBGAは表示されません。,,,,,,,,,,,,,,,,,,
//でかい,,,,,,,,,,,,,,,,,,,,
//SRC定義,(NULL),(NULL),(NULL),(NULL),(NULL),(NULL),(NULL),(NULL),(NULL),(NULL),nobase,nolayer,nopoor,,,,,,,
#SRC_BGA,0,0,0,0,0,0,0,0,0,0,0,0,0,,,,,,,
//DST定義,(NULL),time,x,y,w,h,acc,a,r,g,b,blend,filter,angle,center,loop,timer,op1,op2,op3
#DST_BGA,0,0,282,128,643,504,0,255,255,255,255,0,1,0,0,0,0,31,0,0

///通常,,,,,,,,,,,,,,,,,,,,
//SRC定義,(NULL),(NULL),(NULL),(NULL),(NULL),(NULL),(NULL),(NULL),(NULL),(NULL),nobase,nolayer,nopoor,,,,,,,
#SRC_BGA,0,0,0,0,0,0,0,0,0,0,0,0,0,,,,,,,
//DST定義,(NULL),time,x,y,w,h,acc,a,r,g,b,blend,filter,angle,center,loop,timer,op1,op2,op3
#DST_BGA,0,0,282,128,643,504,0,255,255,255,255,0,1,0,0,0,0,30,0,0

//ジャンル,,,,,,,,,,,,,,,,,,,,
//SRC定義,(NULL),font,st,align,edit,,,,,,,,,,,,,,,
#SRC_TEXT,0,1,13,1,0,,,,,,,,,,,,,,,
//DST定義,(NULL),time,x,y,w,size,acc,a,r,g,b,blend,filter,(NULL),(NULL),loop,timer,(NULL),(NULL),(NULL)
#DST_TEXT,0,0,604,179,330,25,0,0,255,255,255,1,1,0,0,750,0,80,194,0
#DST_TEXT,0,500,604,179,330,25,0,0,255,255,255,1,1,0,0,750,0,80,194,0
#DST_TEXT,0,750,604,179,330,25,0,255,255,255,255,1,1,0,0,,,,,

//ジャンル,,,,,,,,,,,,,,,,,,,,
//SRC定義,(NULL),font,st,align,edit,,,,,,,,,,,,,,,
#SRC_TEXT,0,1,13,1,0,,,,,,,,,,,,,,,
//DST定義,(NULL),time,x,y,w,size,acc,a,r,g,b,blend,filter,(NULL),(NULL),loop,timer,(NULL),(NULL),(NULL)
#DST_TEXT,0,0,604,179,330,25,0,255,255,255,255,1,1,0,0,-1,40,81,194,0
#DST_TEXT,0,500,604,179,330,25,0,255,255,255,255,1,1,0,0,-1,40,81,194,0
#DST_TEXT,0,750,604,179,330,25,0,0,255,255,255,1,1,0,0,,,,,

//タイトル,,,,,,,,,,,,,,,,,,,,
//SRC定義,(NULL),font,st,align,edit,,,,,,,,,,,,,,,
#SRC_TEXT,0,0,10,1,0,,,,,,,,,,,,,,,
//DST定義,(NULL),time,x,y,w,size,acc,a,r,g,b,blend,filter,(NULL),(NULL),loop,timer,(NULL),(NULL),(NULL)
#DST_TEXT,0,0,604,230,420,80,0,0,255,255,255,1,1,0,0,750,0,80,194,0
#DST_TEXT,0,500,604,230,420,80,0,0,255,255,255,1,1,0,0,750,0,80,194,0
#DST_TEXT,0,750,604,230,420,80,0,255,255,255,255,1,1,0,0,,,,,

//タイトル,,,,,,,,,,,,,,,,,,,,
//SRC定義,(NULL),font,st,align,edit,,,,,,,,,,,,,,,
#SRC_TEXT,0,0,10,1,0,,,,,,,,,,,,,,,
//DST定義,(NULL),time,x,y,w,size,acc,a,r,g,b,blend,filter,(NULL),(NULL),loop,timer,(NULL),(NULL),(NULL)
#DST_TEXT,0,0,604,230,420,80,0,255,255,255,255,1,1,0,0,-1,40,81,194,0
#DST_TEXT,0,500,604,230,420,80,0,255,255,255,255,1,1,0,0,-1,40,81,194,0
#DST_TEXT,0,750,604,230,420,80,0,0,255,255,255,1,1,0,0,,,,,

//サブタイトル,,,,,,,,,,,,,,,,,,,,
//SRC定義,(NULL),font,st,align,edit,,,,,,,,,,,,,,,
#SRC_TEXT,0,3,11,1,0,,,,,,,,,,,,,,,
//DST定義,(NULL),time,x,y,w,size,acc,a,r,g,b,blend,filter,(NULL),(NULL),loop,timer,(NULL),(NULL),(NULL)
#DST_TEXT,0,0,604,321,320,40,0,0,255,255,255,1,1,0,0,750,0,80,194,0
#DST_TEXT,0,500,604,321,320,40,0,0,255,255,255,1,1,0,0,750,0,80,194,0
#DST_TEXT,0,750,604,321,320,40,0,255,255,255,255,1,1,0,0,,,,,

//サブタイトル,,,,,,,,,,,,,,,,,,,,
//SRC定義,(NULL),font,st,align,edit,,,,,,,,,,,,,,,
#SRC_TEXT,0,3,11,1,0,,,,,,,,,,,,,,,
//DST定義,(NULL),time,x,y,w,size,acc,a,r,g,b,blend,filter,(NULL),(NULL),loop,timer,(NULL),(NULL),(NULL)
#DST_TEXT,0,0,604,321,320,40,0,255,255,255,255,1,1,0,0,-1,40,81,194,0
#DST_TEXT,0,500,604,321,320,40,0,255,255,255,255,1,1,0,0,-1,40,81,194,0
#DST_TEXT,0,750,604,321,320,40,0,0,255,255,255,1,1,0,0,,,,,

//アーティスト,,,,,,,,,,,,,,,,,,,,
//SRC定義,(NULL),font,st,align,edit,,,,,,,,,,,,,,,
#SRC_TEXT,0,3,14,1,0,,,,,,,,,,,,,,,
//DST定義,(NULL),time,x,y,w,size,acc,a,r,g,b,blend,filter,(NULL),(NULL),loop,timer,(NULL),(NULL),(NULL)
#DST_TEXT,0,0,604,510,320,40,0,0,255,255,255,1,1,0,0,750,0,80,194,0
#DST_TEXT,0,500,604,510,320,40,0,0,255,255,255,1,1,0,0,750,0,80,194,0
#DST_TEXT,0,750,604,510,320,40,0,255,255,255,255,1,1,0,0,,,,,

//アーティスト,,,,,,,,,,,,,,,,,,,,
//SRC定義,(NULL),font,st,align,edit,,,,,,,,,,,,,,,
#SRC_TEXT,0,3,14,1,0,,,,,,,,,,,,,,,
//DST定義,(NULL),time,x,y,w,size,acc,a,r,g,b,blend,filter,(NULL),(NULL),loop,timer,(NULL),(NULL),(NULL)
#DST_TEXT,0,0,604,510,320,40,0,255,255,255,255,1,1,0,0,-1,40,81,194,0
#DST_TEXT,0,500,604,510,320,40,0,255,255,255,255,1,1,0,0,-1,40,81,194,0
#DST_TEXT,0,750,604,510,320,40,0,0,255,255,255,1,1,0,0,,,,,

//BGAアーティスト,,,,,,,,,,,,,,,,,,,,
//SRC定義,(NULL),font,st,align,edit,,,,,,,,,,,,,,,
#SRC_TEXT,0,4,15,1,0,,,,,,,,,,,,,,,
//DST定義,(NULL),time,x,y,w,size,acc,a,r,g,b,blend,filter,(NULL),(NULL),loop,timer,(NULL),(NULL),(NULL)
#DST_TEXT,0,0,604,555,320,30,0,0,255,255,255,1,1,0,0,750,0,80,194,0
#DST_TEXT,0,500,604,555,320,30,0,0,255,255,255,1,1,0,0,750,0,80,194,0
#DST_TEXT,0,750,604,555,320,30,0,255,255,255,255,1,1,0,0,,,,,

//BGAアーティスト,,,,,,,,,,,,,,,,,,,,
//SRC定義,(NULL),font,st,align,edit,,,,,,,,,,,,,,,
#SRC_TEXT,0,4,15,1,0,,,,,,,,,,,,,,,
//DST定義,(NULL),time,x,y,w,size,acc,a,r,g,b,blend,filter,(NULL),(NULL),loop,timer,(NULL),(NULL),(NULL)
#DST_TEXT,0,0,604,555,320,30,0,255,255,255,255,1,1,0,0,-1,40,81,194,0
#DST_TEXT,0,500,604,555,320,30,0,255,255,255,255,1,1,0,0,-1,40,81,194,0
#DST_TEXT,0,750,604,555,320,30,0,0,255,255,255,1,1,0,0,,,,,

//BGA枠背景影1(BACKBMP)//option80 ロード未完了,//option195 BACKBMP有り,,,,,,,,,,,,,,,,,,,
//SRC定義,(NULL),gr,x,y,w,h,div_x,div_y,cycle,timer,op1,op2,op3,,,,,,,
#SRC_IMAGE,0,101,0,0,-1,-1,1,1,0,0,0,0,0,,,,,,,
//DST定義,(NULL),time,x,y,w,h,acc,a,r,g,b,blend,filter,angle,center,loop,timer,op1,op2,op3
#DST_IMAGE,0,0,316,132,576,497,0,0,255,255,255,3,1,0,0,750,0,80,195,0
#DST_IMAGE,0,500,316,132,576,497,0,0,255,255,255,3,1,0,0,750,0,80,195,0
#DST_IMAGE,0,750,316,132,576,497,0,255,255,255,255,3,1,0,0,,,,,

//BGA枠背景影1(BACKBMP)//option81 ロード完了,//option195 BACKBMP有り,,,,,,,,,,,,,,,,,,,
//SRC定義,(NULL),gr,x,y,w,h,div_x,div_y,cycle,timer,op1,op2,op3,,,,,,,
#SRC_IMAGE,0,101,0,0,-1,-1,1,1,0,0,0,0,0,,,,,,,
//DST定義,(NULL),time,x,y,w,h,acc,a,r,g,b,blend,filter,angle,center,loop,timer,op1,op2,op3
#DST_IMAGE,0,0,316,132,576,497,0,255,255,255,255,3,1,0,0,-1,40,81,195,0
#DST_IMAGE,0,500,316,132,576,497,0,255,255,255,255,3,1,0,0,-1,40,81,195,0
#DST_IMAGE,0,750,316,132,576,497,0,0,255,255,255,3,1,0,0,,,,,

//BGA枠背景影2(BACKBMP)//option80 ロード未完了,//option195 BACKBMP有り,,,,,,,,,,,,,,,,,,,
//SRC定義,(NULL),gr,x,y,w,h,div_x,div_y,cycle,timer,op1,op2,op3,,,,,,,
#SRC_IMAGE,0,101,0,0,-1,-1,1,1,0,0,0,0,0,,,,,,,
//DST定義,(NULL),time,x,y,w,h,acc,a,r,g,b,blend,filter,angle,center,loop,timer,op1,op2,op3
#DST_IMAGE,0,0,316,132,576,497,0,0,255,255,255,3,1,0,0,750,0,80,195,0
#DST_IMAGE,0,500,316,132,576,497,0,0,255,255,255,3,1,0,0,750,0,80,195,0
#DST_IMAGE,0,750,316,132,576,497,0,255,255,255,255,3,1,0,0,,,,,

//BGA枠背景影2(BACKBMP)//option81 ロード完了,//option195 BACKBMP有り,,,,,,,,,,,,,,,,,,,
//SRC定義,(NULL),gr,x,y,w,h,div_x,div_y,cycle,timer,op1,op2,op3,,,,,,,
#SRC_IMAGE,0,101,0,0,-1,-1,1,1,0,0,0,0,0,,,,,,,
//DST定義,(NULL),time,x,y,w,h,acc,a,r,g,b,blend,filter,angle,center,loop,timer,op1,op2,op3
#DST_IMAGE,0,0,316,132,576,497,0,255,255,255,255,3,1,0,0,-1,40,81,195,0
#DST_IMAGE,0,500,316,132,576,497,0,255,255,255,255,3,1,0,0,-1,40,81,195,0
#DST_IMAGE,0,750,316,132,576,497,0,0,255,255,255,3,1,0,0,,,,,

//BGA枠背景(BACKBMP)//option80 ロード未完了,//option195 BACKBMP有り,,,,,,,,,,,,,,,,,,,
//SRC定義,(NULL),gr,x,y,w,h,div_x,div_y,cycle,timer,op1,op2,op3,,,,,,,
#SRC_IMAGE,0,101,0,0,-1,-1,1,1,0,0,0,0,0,,,,,,,
//DST定義,(NULL),time,x,y,w,h,acc,a,r,g,b,blend,filter,angle,center,loop,timer,op1,op2,op3
#DST_IMAGE,0,0,316,132,576,497,0,0,255,255,255,2,1,0,0,750,0,80,195,0
#DST_IMAGE,0,500,316,132,576,497,0,0,255,255,255,2,1,0,0,750,0,80,195,0
#DST_IMAGE,0,750,316,132,576,497,0,255,255,255,255,2,1,0,0,,,,,

//BGA枠背景(BACKBMP)//option81 ロード完了,//option195 BACKBMP有り,,,,,,,,,,,,,,,,,,,
//SRC定義,(NULL),gr,x,y,w,h,div_x,div_y,cycle,timer,op1,op2,op3,,,,,,,
#SRC_IMAGE,0,101,0,0,-1,-1,1,1,0,0,0,0,0,,,,,,,
//DST定義,(NULL),time,x,y,w,h,acc,a,r,g,b,blend,filter,angle,center,loop,timer,op1,op2,op3
#DST_IMAGE,0,0,316,132,576,497,0,255,255,255,255,2,1,0,0,-1,40,81,195,0
#DST_IMAGE,0,500,316,132,576,497,0,255,255,255,255,2,1,0,0,-1,40,81,195,0
#DST_IMAGE,0,750,316,132,576,497,0,0,255,255,255,2,1,0,0,,,,,



load未
//SRC定義,(NULL),gr,x,y,w,h,div_x,div_y,cycle,timer,type,muki
#SRC_BARGRAPH,0,12,404,414,388,2,1,1,0,0,2,0
//DST定義,(NULL),time,x,y,w,h,acc,a,r,g,b,blend,filter,angle,center,loop,timer,op1,op1,op3
#DST_BARGRAPH,0,0,416,604,388,2,0,0,255,255,255,0,0,0,0,300,0,80,0,0
#DST_BARGRAPH,0,300,416,604,388,2,0,255,255,255,255,0,0,0,0,0,0

わく
//SRC定義,(NULL),gr,x,y,w,h,div_x,div_y,cycle,timer,op1,op2,op3,,,,,,,
#SRC_IMAGE,0,12,0,394,400,24,1,1,0,0,0,0,0,,,,,,,
//DST定義,(NULL),time,x,y,w,h,acc,a,r,g,b,blend,filter,angle,center,loop,timer,op1,op2,op3
#DST_IMAGE,0,0,411,594,400,24,0,0,255,255,255,1,0,0,0,300,0,80,0,0
#DST_IMAGE,0,300,411,594,400,24,0,255,255,255,255,1,0,0,0,,,,,


load完
//SRC定義,(NULL),gr,x,y,w,h,div_x,div_y,cycle,timer,type,muki
#SRC_BARGRAPH,0,12,404,414,388,2,1,1,0,0,2,0
//DST定義,(NULL),time,x,y,w,h,acc,a,r,g,b,blend,filter,angle,center,loop,timer,op1,op1,op3
#DST_BARGRAPH,0,0,416,604,388,2,0,255,255,255,255,1,0,0,0,-1,40,81,0,0
#DST_BARGRAPH,0,500,416,604,388,2,0,0,255,255,255,1,0,0,0,0,0

わく
//SRC定義,(NULL),gr,x,y,w,h,div_x,div_y,cycle,timer,op1,op2,op3,,,,,,,
#SRC_IMAGE,0,12,0,394,400,24,1,1,0,0,0,0,0,,,,,,,
//DST定義,(NULL),time,x,y,w,h,acc,a,r,g,b,blend,filter,angle,center,loop,timer,op1,op2,op3
#DST_IMAGE,0,0,411,594,400,24,0,255,255,255,255,1,0,0,0,-1,40,81,0,0
#DST_IMAGE,0,500,411,594,400,24,0,0,255,255,255,1,0,0,0,,,,,






//スコアグラフ,,,,,,,,,,,,,,,,,,,,
//上方向に伸ばすために、hを負の値に、mukiを1に指定します。,,,,,,,,,,,,,,,,,,,,
//option32 autoplay off,,,,,,,,,,,,,,,,,,,,
//option39 scoregraph on,,,,,,,,,,,,,,,,,,,,
//timer40 READY,,,,,,,,,,,,,,,,,,,,
//スコアグラフ背景,,,,,,,,,,,,,,,,,,,,
//SRC定義,(NULL),gr,x,y,w,h,div_x,div_y,cycle,timer,op1,op2,op3,,,,,,,
#SRC_IMAGE,0,20,0,0,277,583,1,1,0,0,0,0,0,,,,,,,
//DST定義,(NULL),time,x,y,w,h,acc,a,r,g,b,blend,filter,angle,center,loop,timer,op1,op2,op3
#DST_IMAGE,0,100,2,100,277,583,0,0,255,255,255,1,0,0,0,400,0,32,39,0
#DST_IMAGE,0,400,2,100,277,583,0,255,255,255,255,1,0,0,0,0,0,32,39,0

//スコアグラフフレーム,,,,,,,,,,,,,,,,,,,,
//SRC定義,(NULL),gr,x,y,w,h,div_x,div_y,cycle,timer,op1,op2,op3,,,,,,,
#SRC_IMAGE,0,2,1283,0,281,720,1,1,0,0,0,0,0,,,,,,,
//DST定義,(NULL),time,x,y,w,h,acc,a,r,g,b,blend,filter,angle,center,loop,timer,op1,op2,op3
#DST_IMAGE,0,100,0,0,281,720,0,0,255,255,255,1,0,0,0,400,0,32,39,0
#DST_IMAGE,0,400,0,0,281,720,0,255,255,255,255,1,0,0,0,0,0,32,39,0

//白
//SRC定義,(NULL),gr,x,y,w,h,div_x,div_y,cycle,timer,op1,op2,op3,,,,,,,
#SRC_IMAGE,0,111,0,0,1,1,1,1,0,0,0,0,0,,,,,,,
//DST定義,(NULL),time,x,y,w,h,acc,a,r,g,b,blend,filter,angle,center,loop,timer,op1,op2,op3
#DST_IMAGE,0,0,0,0,281,720,0,0,255,255,255,1,0,0,0,400,0,32,39,0
#DST_IMAGE,0,400,0,0,281,720,0,0,255,255,255,1,0,0,0,0,0,32,39,0

//AAA確定,//option220 AAA確定,,,,,,,,,,,,,,,,,,,
//SRC定義,(NULL),gr,x,y,w,h,div_x,div_y,cycle,timer,op1,op2,op3,,,,,,,
#SRC_IMAGE,0,2,0,2245,277,14,1,1,0,40,0,0,0,,,,,,,
//DST定義,(NULL),time,x,y,w,h,acc,a,r,g,b,blend,filter,angle,center,loop,timer,op1,op2,op3
#DST_IMAGE,0,0,2,136,277,14,0,255,255,255,255,1,0,0,0,0,40,32,39,220

//AA確定,//option221 AA確定,,,,,,,,,,,,,,,,,,,
//SRC定義,(NULL),gr,x,y,w,h,div_x,div_y,cycle,timer,op1,op2,op3,,,,,,,
#SRC_IMAGE,0,2,0,2260,277,14,1,1,0,40,0,0,0,,,,,,,
//DST定義,(NULL),time,x,y,w,h,acc,a,r,g,b,blend,filter,angle,center,loop,timer,op1,op2,op3
#DST_IMAGE,0,0,2,184,277,14,0,255,255,255,255,1,0,0,0,0,40,32,39,221

//A確定,//option222 A確定,,,,,,,,,,,,,,,,,,,
//SRC定義,(NULL),gr,x,y,w,h,div_x,div_y,cycle,timer,op1,op2,op3,,,,,,,
#SRC_IMAGE,0,2,0,2275,277,14,1,1,0,40,0,0,0,,,,,,,
//DST定義,(NULL),time,x,y,w,h,acc,a,r,g,b,blend,filter,angle,center,loop,timer,op1,op2,op3
#DST_IMAGE,0,0,2,232,277,14,0,255,255,255,255,1,0,0,0,0,40,32,39,222

//now score,//type10 1P EXSCORE,,,,,,,,,,,,,,,,,,,
//SRC定義,(NULL),gr,x,y,w,h,div_x,div_y,cycle,timer,type,muki,op3,,,,,,,
#SRC_BARGRAPH,0,17,0,0,896,448,896,1,10000,0,10,1,0,,,,,,,
//DST定義,(NULL),time,x,y,w,h,acc,a,r,g,b,blend,filter,angle,center,loop,timer,op1,op2,op3
#DST_BARGRAPH,0,1350,202,544,75,0,2,255,255,255,255,1,0,0,0,1850,0,32,39,0
#DST_BARGRAPH,0,1850,202,544,75,-444,2,255,255,255,255,1,0,0,0,,,,,

//mybest bg,//type13 1P HIGHSCORE最終値,,,,,,,,,,,,,,,,,,,
//SRC定義,(NULL),gr,x,y,w,h,div_x,div_y,cycle,timer,type,muki,op3,,,,,,,
#SRC_BARGRAPH,0,12,50,0,34,249,1,1,0,0,13,1,0,,,,,,,
//DST定義,(NULL),time,x,y,w,h,acc,a,r,g,b,blend,filter,angle,center,loop,timer,op1,op2,op3
#DST_BARGRAPH,0,1350,122,544,77,0,2,255,255,255,255,1,0,0,0,1850,0,32,39,0
#DST_BARGRAPH,0,1850,122,544,77,-444,2,255,255,255,255,1,0,0,0,,,,,

//mybest(FirstTry),//type10 1P EXSCORE,,,,//option100 NOT PLAYED,,,,,,,,,,,,,,,
//SRC定義,(NULL),gr,x,y,w,h,div_x,div_y,cycle,timer,type,muki,op3,,,,,,,
#SRC_BARGRAPH,0,17,0,449,896,448,896,1,10000,0,10,1,0,,,,,,,
//DST定義,(NULL),time,x,y,w,h,acc,a,r,g,b,blend,filter,angle,center,loop,timer,op1,op2,op3
#DST_BARGRAPH,0,1350,123,544,75,0,2,255,255,255,255,1,0,0,0,1850,0,32,39,100
#DST_BARGRAPH,0,1850,123,544,75,-444,2,255,255,255,255,1,0,0,0,,,,,

//mybest,//type12 1P HIGHSCORE現在値,,,,,,,,,,,,,,,,,,,
//SRC定義,(NULL),gr,x,y,w,h,div_x,div_y,cycle,timer,type,muki,op3,,,,,,,
#SRC_BARGRAPH,0,17,0,449,896,448,896,1,10000,0,12,1,0,,,,,,,
//DST定義,(NULL),time,x,y,w,h,acc,a,r,g,b,blend,filter,angle,center,loop,timer,op1,op2,op3
#DST_BARGRAPH,0,1350,123,544,75,0,2,255,255,255,255,1,0,0,0,1850,0,32,39,0
#DST_BARGRAPH,0,1850,123,544,75,-444,2,255,255,255,255,1,0,0,0,,,,,

//target bg,//type15 2P(target) EXSCORE最終値,,,,,,,,,,,,,,,,,,,
//SRC定義,(NULL),gr,x,y,w,h,div_x,div_y,cycle,timer,type,muki,op3,,,,,,,
#SRC_BARGRAPH,0,12,50,0,34,249,1,1,0,0,15,1,0,,,,,,,
//DST定義,(NULL),time,x,y,w,h,acc,a,r,g,b,blend,filter,angle,center,loop,timer,op1,op2,op3
#DST_BARGRAPH,0,1350,43,544,77,0,2,255,255,255,255,1,0,0,0,1850,0,32,39,0
#DST_BARGRAPH,0,1850,43,544,77,-444,2,255,255,255,255,1,0,0,0,,,,,

//target,//type14 2P(target) EXSCORE現在値,,,,,,,,,,,,,,,,,,,
//SRC定義,(NULL),gr,x,y,w,h,div_x,div_y,cycle,timer,type,muki,op3,,,,,,,
#SRC_BARGRAPH,0,17,0,898,896,448,896,1,10000,0,14,1,0,,,,,,,
//DST定義,(NULL),time,x,y,w,h,acc,a,r,g,b,blend,filter,angle,center,loop,timer,op1,op2,op3
#DST_BARGRAPH,0,1350,44,544,75,0,2,255,255,255,255,1,0,0,0,1850,0,32,39,0
#DST_BARGRAPH,0,1850,44,544,75,-444,2,255,255,255,255,1,0,0,0,,,,,


//MY EXSCORE,//number101 exscore,,,,,,,,,,,,,,,,,,,
//SRC定義,(null),gr,x,y,w,h,div_x,div_y,cycle,timer,num,align,keta,,,,,,,
#SRC_NUMBER,0,6,0,1298,253,20,11,1,0,0,101,0,4,,,,,,,
//DST定義,(NULL),time,x,y,w,h,acc,a,r,g,b,blend,filter,angle,center,loop,timer,op1,op2,op3
#DST_NUMBER,0,1350,186,37,20,17,0,0,255,255,255,1,1,0,0,1550,0,32,39,0
#DST_NUMBER,0,1550,186,37,20,17,0,255,255,255,255,1,1,0,0,0,0

//TARGET EXSCORE,//number151 ターゲット現在値,,,,,,,,,,,,,,,,,,,
//SRC定義,(null),gr,x,y,w,h,div_x,div_y,cycle,timer,num,align,keta,,,,,,,
#SRC_NUMBER,0,6,0,1298,253,20,11,1,0,0,151,0,4,,,,,,,
//DST定義,(NULL),time,x,y,w,h,acc,a,r,g,b,blend,filter,angle,center,loop,timer,op1,op2,op3
#DST_NUMBER,0,1350,186,63,20,17,0,0,255,255,255,1,1,0,0,1550,0,32,39,0
#DST_NUMBER,0,1550,186,63,20,17,0,255,255,255,255,1,1,0,0,0,0

#ENDIF

//数値関連,,,,,,,,,,,,,,,,,,,,
#IF,970,950,39,,,,,,,,,,,,,,,,,
//ノーマルスコア(6桁) 1P 100,number100 score 1P,,,,,,,,,,,,,,,,,,,
//SRC定義,(null),gr,x,y,w,h,div_x,div_y,cycle,timer,num,align,keta,,,,,,,
#SRC_NUMBER,0,16,0,0,308,19,11,1,0,0,100,0,6,,,,,,,
//DST定義,(NULL),time,x,y,w,h,acc,a,r,g,b,blend,filter,angle,center,loop,timer,op1,op2,op3
#DST_NUMBER,0,700,675,59,28,19,0,0,255,255,255,1,0,0,0,1000,0,0,0,0
#DST_NUMBER,0,1000,675,59,28,19,0,255,255,255,255,1,0,0,0,,,,,
#ENDIF,,,,,,,,,,,,,,,,,,,,

//EXスコア(6桁) 1P 100,number100 score 1P,,,,,,,,,,,,,,,,,,,
#IF,971,950,39,,,,,,,,,,,,,,,,,
//SRC定義,(null),gr,x,y,w,h,div_x,div_y,cycle,timer,num,align,keta,,,,,,,
#SRC_NUMBER,0,16,0,0,308,19,11,1,0,0,101,0,6,,,,,,,
//DST定義,(NULL),time,x,y,w,h,acc,a,r,g,b,blend,filter,angle,center,loop,timer,op1,op2,op3
#DST_NUMBER,0,700,675,59,28,19,0,0,255,255,255,1,0,0,0,1000,0,0,0,0
#DST_NUMBER,0,1000,675,59,28,19,0,255,255,255,255,1,0,0,0,,,,,
#ENDIF,,,,,,,,,,,,,,,,,,,,

#IF,950,39,,,,,,,,,,,,,,,,,

//マックスコンボ(4桁),number105 maxcombo 1P,,,,,,,,,,,,,,,,,,,
//SRC定義,(null),gr,x,y,w,h,div_x,div_y,cycle,timer,num,align,keta,,,,,,,
#SRC_NUMBER,0,16,0,0,308,19,11,1,0,0,105,0,4,,,,,,,
//DST定義,(NULL),time,x,y,w,h,acc,a,r,g,b,blend,filter,angle,center,loop,timer,op1,op2,op3
#DST_NUMBER,0,1000,675,89,28,19,0,0,255,255,255,1,0,0,0,1200,0,0,0,0
#DST_NUMBER,0,1200,675,89,28,19,0,255,255,255,255,1,0,0,0,,,,,

//BPM,number160 bpm,,,,,,,,,,,,,,,,,,,
//SRC定義,(null),gr,x,y,w,h,div_x,div_y,cycle,timer,num,align,keta,,,,,,,
#SRC_NUMBER,0,16,0,0,308,19,11,1,0,0,160,0,3,,,,,,,
//DST定義,(NULL),time,x,y,w,h,acc,a,r,g,b,blend,filter,angle,center,loop,timer,op1,op2,op3
#DST_NUMBER,0,850,563,642,28,19,0,0,255,255,255,1,0,0,0,1200,0,0,0,0
#DST_NUMBER,0,1200,563,642,28,19,0,255,255,255,255,1,0,0,0,,,,,

#ENDIF

#IF,906,39,950

//BPM,number160 bpm,,,,,,,,,,,,,,,,,,,
//SRC定義,(null),gr,x,y,w,h,div_x,div_y,cycle,timer,num,align,keta,,,,,,,
#SRC_NUMBER,0,16,0,0,308,19,11,1,0,0,160,0,3,,,,,,,
//DST定義,(NULL),time,x,y,w,h,acc,a,r,g,b,blend,filter,angle,center,loop,timer,op1,op2,op3
#DST_NUMBER,0,850,563,642,28,19,0,0,255,255,255,1,0,0,0,1200,0,0,0,0
#DST_NUMBER,0,1200,563,642,28,19,0,255,255,255,255,1,0,0,0,,,,,

//MIN MAX,,,,,,,,,,,,,,,,,,,,
//SRC定義,(NULL),gr,x,y,w,h,div_x,div_y,cycle,timer,op1,op2,op3,,,,,,,
#SRC_IMAGE,0,12,111,229,173,10,1,1,0,0,0,0,0,,,,,,,
//DST定義,(NULL),time,x,y,w,h,acc,a,r,g,b,blend,filter,angle,center,loop,timer,op1,op2,op3
#DST_IMAGE,0,0,520,663,173,10,0,0,255,255,255,1,0,0,0,500,,,,
#DST_IMAGE,0,500,520,663,173,10,0,255,255,255,255,1,0,0,0,,,,,

//BPM,number160 MIN,,,,,,,,,,,,,,,,,,,
//SRC定義,(null),gr,x,y,w,h,div_x,div_y,cycle,timer,num,align,keta,,,,,,,
#SRC_NUMBER,0,16,0,0,308,19,11,1,0,0,91,0,3,,,,,,,
//DST定義,(NULL),time,x,y,w,h,acc,a,r,g,b,blend,filter,angle,center,loop,timer,op1,op2,op3
#DST_NUMBER,0,850,508,648,15,12,0,0,255,255,255,1,1,0,0,1200,0,0,0,0
#DST_NUMBER,0,1200,508,648,15,12,0,255,255,255,255,1,1,0,0,,,,,

//BPM,number160 MAX,,,,,,,,,,,,,,,,,,,
//SRC定義,(null),gr,x,y,w,h,div_x,div_y,cycle,timer,num,align,keta,,,,,,,
#SRC_NUMBER,0,16,0,0,308,19,11,1,0,0,90,0,3,,,,,,,
//DST定義,(NULL),time,x,y,w,h,acc,a,r,g,b,blend,filter,angle,center,loop,timer,op1,op2,op3
#DST_NUMBER,0,850,656,648,15,12,0,0,255,255,255,1,1,0,0,1200,0,0,0,0
#DST_NUMBER,0,1200,656,648,15,12,0,255,255,255,255,1,1,0,0,,,,,

#ENDIF



#IF,39,951,

///////////////////////////////,,,,,,,,,,,,,,,,,,,,
//フレーム,,,,,,,,,,,,,,,,,,,,

//最下部,,,,,,,,,,,,,,,,,,,,
//SRC定義,(NULL),gr,x,y,w,h,div_x,div_y,cycle,timer,op1,op2,op3,,,,,,,
#SRC_IMAGE,0,2,1003,2049,647,720,1,1,0,0,0,0,0,,,,,,,
//DST定義,(NULL),time,x,y,w,h,acc,a,r,g,b,blend,filter,angle,center,loop,timer,op1,op2,op3
#DST_IMAGE,0,0,0,0,647,720,0,0,255,255,255,1,0,0,0,500,,,,
#DST_IMAGE,0,500,0,0,647,720,0,255,255,255,255,1,0,0,0,,,,,

///////////////////////////////////////////////////////////////////////,,,,,,,,,,,,,,,,,,,,
//タイトルテキスト・タイトル画像(backbmp)表示始点,,,,,,,,,,,,,,,,,,,,

//BGA,,,,,,,,,,,,,,,,,,,,
//SRCはほとんど形式を共通にするためのダミーでしかありませんが、一応表示に関するオプションを設定できます。,,,,,,,,,,,,,,,,,,,,
//nobase,nolayer,nopoor 1にするとその階層のBGAは表示されません。,,,,,,,,,,,,,,,,,,
//でかい,,,,,,,,,,,,,,,,,,,,
//SRC定義,(NULL),(NULL),(NULL),(NULL),(NULL),(NULL),(NULL),(NULL),(NULL),(NULL),nobase,nolayer,nopoor,,,,,,,
#SRC_BGA,0,0,0,0,0,0,0,0,0,0,0,0,0,,,,,,,
//DST定義,(NULL),time,x,y,w,h,acc,a,r,g,b,blend,filter,angle,center,loop,timer,op1,op2,op3
#DST_BGA,0,0,1,128,643,504,0,255,255,255,255,0,1,0,0,0,0,31,0,0

///通常,,,,,,,,,,,,,,,,,,,,
//SRC定義,(NULL),(NULL),(NULL),(NULL),(NULL),(NULL),(NULL),(NULL),(NULL),(NULL),nobase,nolayer,nopoor,,,,,,,
#SRC_BGA,0,0,0,0,0,0,0,0,0,0,0,0,0,,,,,,,
//DST定義,(NULL),time,x,y,w,h,acc,a,r,g,b,blend,filter,angle,center,loop,timer,op1,op2,op3
#DST_BGA,0,0,1,128,643,504,0,255,255,255,255,0,1,0,0,0,0,30,0,0

//ジャンル,,,,,,,,,,,,,,,,,,,,
//SRC定義,(NULL),font,st,align,edit,,,,,,,,,,,,,,,
#SRC_TEXT,0,1,13,1,0,,,,,,,,,,,,,,,
//DST定義,(NULL),time,x,y,w,size,acc,a,r,g,b,blend,filter,(NULL),(NULL),loop,timer,(NULL),(NULL),(NULL)
#DST_TEXT,0,0,322,179,330,25,0,0,255,255,255,1,1,0,0,750,0,80,194,0
#DST_TEXT,0,500,322,179,330,25,0,0,255,255,255,1,1,0,0,750,0,80,194,0
#DST_TEXT,0,750,322,179,330,25,0,255,255,255,255,1,1,0,0,,,,,

//ジャンル,,,,,,,,,,,,,,,,,,,,
//SRC定義,(NULL),font,st,align,edit,,,,,,,,,,,,,,,
#SRC_TEXT,0,1,13,1,0,,,,,,,,,,,,,,,
//DST定義,(NULL),time,x,y,w,size,acc,a,r,g,b,blend,filter,(NULL),(NULL),loop,timer,(NULL),(NULL),(NULL)
#DST_TEXT,0,0,322,179,330,25,0,255,255,255,255,1,1,0,0,-1,40,81,194,0
#DST_TEXT,0,500,322,179,330,25,0,255,255,255,255,1,1,0,0,-1,40,81,194,0
#DST_TEXT,0,750,322,179,330,25,0,0,255,255,255,1,1,0,0,,,,,

//タイトル,,,,,,,,,,,,,,,,,,,,
//SRC定義,(NULL),font,st,align,edit,,,,,,,,,,,,,,,
#SRC_TEXT,0,0,10,1,0,,,,,,,,,,,,,,,
//DST定義,(NULL),time,x,y,w,size,acc,a,r,g,b,blend,filter,(NULL),(NULL),loop,timer,(NULL),(NULL),(NULL)
#DST_TEXT,0,0,322,230,420,80,0,0,255,255,255,1,1,0,0,750,0,80,194,0
#DST_TEXT,0,500,322,230,420,80,0,0,255,255,255,1,1,0,0,750,0,80,194,0
#DST_TEXT,0,750,322,230,420,80,0,255,255,255,255,1,1,0,0,,,,,

//タイトル,,,,,,,,,,,,,,,,,,,,
//SRC定義,(NULL),font,st,align,edit,,,,,,,,,,,,,,,
#SRC_TEXT,0,0,10,1,0,,,,,,,,,,,,,,,
//DST定義,(NULL),time,x,y,w,size,acc,a,r,g,b,blend,filter,(NULL),(NULL),loop,timer,(NULL),(NULL),(NULL)
#DST_TEXT,0,0,322,230,420,80,0,255,255,255,255,1,1,0,0,-1,40,81,194,0
#DST_TEXT,0,500,322,230,420,80,0,255,255,255,255,1,1,0,0,-1,40,81,194,0
#DST_TEXT,0,750,322,230,420,80,0,0,255,255,255,1,1,0,0,,,,,

//サブタイトル,,,,,,,,,,,,,,,,,,,,
//SRC定義,(NULL),font,st,align,edit,,,,,,,,,,,,,,,
#SRC_TEXT,0,3,11,1,0,,,,,,,,,,,,,,,
//DST定義,(NULL),time,x,y,w,size,acc,a,r,g,b,blend,filter,(NULL),(NULL),loop,timer,(NULL),(NULL),(NULL)
#DST_TEXT,0,0,322,321,320,40,0,0,255,255,255,1,1,0,0,750,0,80,194,0
#DST_TEXT,0,500,322,321,320,40,0,0,255,255,255,1,1,0,0,750,0,80,194,0
#DST_TEXT,0,750,322,321,320,40,0,255,255,255,255,1,1,0,0,,,,,

//サブタイトル,,,,,,,,,,,,,,,,,,,,
//SRC定義,(NULL),font,st,align,edit,,,,,,,,,,,,,,,
#SRC_TEXT,0,3,11,1,0,,,,,,,,,,,,,,,
//DST定義,(NULL),time,x,y,w,size,acc,a,r,g,b,blend,filter,(NULL),(NULL),loop,timer,(NULL),(NULL),(NULL)
#DST_TEXT,0,0,322,321,320,40,0,255,255,255,255,1,1,0,0,-1,40,81,194,0
#DST_TEXT,0,500,322,321,320,40,0,255,255,255,255,1,1,0,0,-1,40,81,194,0
#DST_TEXT,0,750,322,321,320,40,0,0,255,255,255,1,1,0,0,,,,,

//アーティスト,,,,,,,,,,,,,,,,,,,,
//SRC定義,(NULL),font,st,align,edit,,,,,,,,,,,,,,,
#SRC_TEXT,0,3,14,1,0,,,,,,,,,,,,,,,
//DST定義,(NULL),time,x,y,w,size,acc,a,r,g,b,blend,filter,(NULL),(NULL),loop,timer,(NULL),(NULL),(NULL)
#DST_TEXT,0,0,322,510,320,40,0,0,255,255,255,1,1,0,0,750,0,80,194,0
#DST_TEXT,0,500,322,510,320,40,0,0,255,255,255,1,1,0,0,750,0,80,194,0
#DST_TEXT,0,750,322,510,320,40,0,255,255,255,255,1,1,0,0,,,,,

//アーティスト,,,,,,,,,,,,,,,,,,,,
//SRC定義,(NULL),font,st,align,edit,,,,,,,,,,,,,,,
#SRC_TEXT,0,3,14,1,0,,,,,,,,,,,,,,,
//DST定義,(NULL),time,x,y,w,size,acc,a,r,g,b,blend,filter,(NULL),(NULL),loop,timer,(NULL),(NULL),(NULL)
#DST_TEXT,0,0,322,510,320,40,0,255,255,255,255,1,1,0,0,-1,40,81,194,0
#DST_TEXT,0,500,322,510,320,40,0,255,255,255,255,1,1,0,0,-1,40,81,194,0
#DST_TEXT,0,750,322,510,320,40,0,0,255,255,255,1,1,0,0,,,,,

//BGAアーティスト,,,,,,,,,,,,,,,,,,,,
//SRC定義,(NULL),font,st,align,edit,,,,,,,,,,,,,,,
#SRC_TEXT,0,4,15,1,0,,,,,,,,,,,,,,,
//DST定義,(NULL),time,x,y,w,size,acc,a,r,g,b,blend,filter,(NULL),(NULL),loop,timer,(NULL),(NULL),(NULL)
#DST_TEXT,0,0,322,555,320,30,0,0,255,255,255,1,1,0,0,750,0,80,194,0
#DST_TEXT,0,500,322,555,320,30,0,0,255,255,255,1,1,0,0,750,0,80,194,0
#DST_TEXT,0,750,322,555,320,30,0,255,255,255,255,1,1,0,0,,,,,

//BGAアーティスト,,,,,,,,,,,,,,,,,,,,
//SRC定義,(NULL),font,st,align,edit,,,,,,,,,,,,,,,
#SRC_TEXT,0,4,15,1,0,,,,,,,,,,,,,,,
//DST定義,(NULL),time,x,y,w,size,acc,a,r,g,b,blend,filter,(NULL),(NULL),loop,timer,(NULL),(NULL),(NULL)
#DST_TEXT,0,0,322,555,320,30,0,255,255,255,255,1,1,0,0,-1,40,81,194,0
#DST_TEXT,0,500,322,555,320,30,0,255,255,255,255,1,1,0,0,-1,40,81,194,0
#DST_TEXT,0,750,322,555,320,30,0,0,255,255,255,1,1,0,0,,,,,

//BGA枠背景影1(BACKBMP)//option80 ロード未完了,//option195 BACKBMP有り,,,,,,,,,,,,,,,,,,,
//SRC定義,(NULL),gr,x,y,w,h,div_x,div_y,cycle,timer,op1,op2,op3,,,,,,,
#SRC_IMAGE,0,101,0,0,-1,-1,1,1,0,0,0,0,0,,,,,,,
//DST定義,(NULL),time,x,y,w,h,acc,a,r,g,b,blend,filter,angle,center,loop,timer,op1,op2,op3
#DST_IMAGE,0,0,35,132,576,497,0,0,255,255,255,3,1,0,0,750,0,80,195,0
#DST_IMAGE,0,500,35,132,576,497,0,0,255,255,255,3,1,0,0,750,0,80,195,0
#DST_IMAGE,0,750,35,132,576,497,0,255,255,255,255,3,1,0,0,,,,,

//BGA枠背景影1(BACKBMP)//option81 ロード完了,//option195 BACKBMP有り,,,,,,,,,,,,,,,,,,,
//SRC定義,(NULL),gr,x,y,w,h,div_x,div_y,cycle,timer,op1,op2,op3,,,,,,,
#SRC_IMAGE,0,101,0,0,-1,-1,1,1,0,0,0,0,0,,,,,,,
//DST定義,(NULL),time,x,y,w,h,acc,a,r,g,b,blend,filter,angle,center,loop,timer,op1,op2,op3
#DST_IMAGE,0,0,35,132,576,497,0,255,255,255,255,3,1,0,0,-1,40,81,195,0
#DST_IMAGE,0,500,35,132,576,497,0,255,255,255,255,3,1,0,0,-1,40,81,195,0
#DST_IMAGE,0,750,35,132,576,497,0,0,255,255,255,3,1,0,0,,,,,

//BGA枠背景影2(BACKBMP)//option80 ロード未完了,//option195 BACKBMP有り,,,,,,,,,,,,,,,,,,,
//SRC定義,(NULL),gr,x,y,w,h,div_x,div_y,cycle,timer,op1,op2,op3,,,,,,,
#SRC_IMAGE,0,101,0,0,-1,-1,1,1,0,0,0,0,0,,,,,,,
//DST定義,(NULL),time,x,y,w,h,acc,a,r,g,b,blend,filter,angle,center,loop,timer,op1,op2,op3
#DST_IMAGE,0,0,35,132,576,497,0,0,255,255,255,3,1,0,0,750,0,80,195,0
#DST_IMAGE,0,500,35,132,576,497,0,0,255,255,255,3,1,0,0,750,0,80,195,0
#DST_IMAGE,0,750,35,132,576,497,0,255,255,255,255,3,1,0,0,,,,,

//BGA枠背景影2(BACKBMP)//option81 ロード完了,//option195 BACKBMP有り,,,,,,,,,,,,,,,,,,,
//SRC定義,(NULL),gr,x,y,w,h,div_x,div_y,cycle,timer,op1,op2,op3,,,,,,,
#SRC_IMAGE,0,101,0,0,-1,-1,1,1,0,0,0,0,0,,,,,,,
//DST定義,(NULL),time,x,y,w,h,acc,a,r,g,b,blend,filter,angle,center,loop,timer,op1,op2,op3
#DST_IMAGE,0,0,35,132,576,497,0,255,255,255,255,3,1,0,0,-1,40,81,195,0
#DST_IMAGE,0,500,35,132,576,497,0,255,255,255,255,3,1,0,0,-1,40,81,195,0
#DST_IMAGE,0,750,35,132,576,497,0,0,255,255,255,3,1,0,0,,,,,

//BGA枠背景(BACKBMP)//option80 ロード未完了,//option195 BACKBMP有り,,,,,,,,,,,,,,,,,,,
//SRC定義,(NULL),gr,x,y,w,h,div_x,div_y,cycle,timer,op1,op2,op3,,,,,,,
#SRC_IMAGE,0,101,0,0,-1,-1,1,1,0,0,0,0,0,,,,,,,
//DST定義,(NULL),time,x,y,w,h,acc,a,r,g,b,blend,filter,angle,center,loop,timer,op1,op2,op3
#DST_IMAGE,0,0,35,132,576,497,0,0,255,255,255,2,1,0,0,750,0,80,195,0
#DST_IMAGE,0,500,35,132,576,497,0,0,255,255,255,2,1,0,0,750,0,80,195,0
#DST_IMAGE,0,750,35,132,576,497,0,255,255,255,255,2,1,0,0,,,,,

//BGA枠背景(BACKBMP)//option81 ロード完了,//option195 BACKBMP有り,,,,,,,,,,,,,,,,,,,
//SRC定義,(NULL),gr,x,y,w,h,div_x,div_y,cycle,timer,op1,op2,op3,,,,,,,
#SRC_IMAGE,0,101,0,0,-1,-1,1,1,0,0,0,0,0,,,,,,,
//DST定義,(NULL),time,x,y,w,h,acc,a,r,g,b,blend,filter,angle,center,loop,timer,op1,op2,op3
#DST_IMAGE,0,0,35,132,576,497,0,255,255,255,255,2,1,0,0,-1,40,81,195,0
#DST_IMAGE,0,500,35,132,576,497,0,255,255,255,255,2,1,0,0,-1,40,81,195,0
#DST_IMAGE,0,750,35,132,576,497,0,0,255,255,255,2,1,0,0,,,,,



load未
//SRC定義,(NULL),gr,x,y,w,h,div_x,div_y,cycle,timer,type,muki
#SRC_BARGRAPH,0,12,404,414,388,2,1,1,0,0,2,0
//DST定義,(NULL),time,x,y,w,h,acc,a,r,g,b,blend,filter,angle,center,loop,timer,op1,op1,op3
#DST_BARGRAPH,0,0,135,604,388,2,0,0,255,255,255,0,0,0,0,300,0,80,0,0
#DST_BARGRAPH,0,300,135,604,388,2,0,255,255,255,255,0,0,0,0,0,0

わく
//SRC定義,(NULL),gr,x,y,w,h,div_x,div_y,cycle,timer,op1,op2,op3,,,,,,,
#SRC_IMAGE,0,12,0,394,400,24,1,1,0,0,0,0,0,,,,,,,
//DST定義,(NULL),time,x,y,w,h,acc,a,r,g,b,blend,filter,angle,center,loop,timer,op1,op2,op3
#DST_IMAGE,0,0,130,594,400,24,0,0,255,255,255,1,0,0,0,300,0,80,0,0
#DST_IMAGE,0,300,130,594,400,24,0,255,255,255,255,1,0,0,0,,,,,


load完
//SRC定義,(NULL),gr,x,y,w,h,div_x,div_y,cycle,timer,type,muki
#SRC_BARGRAPH,0,12,404,414,388,2,1,1,0,0,2,0
//DST定義,(NULL),time,x,y,w,h,acc,a,r,g,b,blend,filter,angle,center,loop,timer,op1,op1,op3
#DST_BARGRAPH,0,0,135,604,388,2,0,255,255,255,255,1,0,0,0,-1,40,81,0,0
#DST_BARGRAPH,0,500,135,604,388,2,0,0,255,255,255,1,0,0,0,0,0

わく
//SRC定義,(NULL),gr,x,y,w,h,div_x,div_y,cycle,timer,op1,op2,op3,,,,,,,
#SRC_IMAGE,0,12,0,394,400,24,1,1,0,0,0,0,0,,,,,,,
//DST定義,(NULL),time,x,y,w,h,acc,a,r,g,b,blend,filter,angle,center,loop,timer,op1,op2,op3
#DST_IMAGE,0,0,130,594,400,24,0,255,255,255,255,1,0,0,0,-1,40,81,0,0
#DST_IMAGE,0,500,130,594,400,24,0,0,255,255,255,1,0,0,0,,,,,






//スコアグラフ,,,,,,,,,,,,,,,,,,,,
//上方向に伸ばすために、hを負の値に、mukiを1に指定します。,,,,,,,,,,,,,,,,,,,,
//option32 autoplay off,,,,,,,,,,,,,,,,,,,,
//option39 scoregraph on,,,,,,,,,,,,,,,,,,,,
//timer40 READY,,,,,,,,,,,,,,,,,,,,
//スコアグラフ背景,,,,,,,,,,,,,,,,,,,,
//SRC定義,(NULL),gr,x,y,w,h,div_x,div_y,cycle,timer,op1,op2,op3,,,,,,,
#SRC_IMAGE,0,20,0,0,277,583,1,1,0,0,0,0,0,,,,,,,
//DST定義,(NULL),time,x,y,w,h,acc,a,r,g,b,blend,filter,angle,center,loop,timer,op1,op2,op3
#DST_IMAGE,0,100,649,100,277,583,0,0,255,255,255,1,0,0,0,400,0,32,39,0
#DST_IMAGE,0,400,649,100,277,583,0,255,255,255,255,1,0,0,0,0,0,32,39,0

//スコアグラフフレーム,,,,,,,,,,,,,,,,,,,,
//SRC定義,(NULL),gr,x,y,w,h,div_x,div_y,cycle,timer,op1,op2,op3,,,,,,,
#SRC_IMAGE,0,2,1283,0,281,720,1,1,0,0,0,0,0,,,,,,,
//DST定義,(NULL),time,x,y,w,h,acc,a,r,g,b,blend,filter,angle,center,loop,timer,op1,op2,op3
#DST_IMAGE,0,100,647,0,281,720,0,0,255,255,255,1,0,0,0,400,0,32,39,0
#DST_IMAGE,0,400,647,0,281,720,0,255,255,255,255,1,0,0,0,0,0,32,39,0

//白
//SRC定義,(NULL),gr,x,y,w,h,div_x,div_y,cycle,timer,op1,op2,op3,,,,,,,
#SRC_IMAGE,0,111,0,0,1,1,1,1,0,0,0,0,0,,,,,,,
//DST定義,(NULL),time,x,y,w,h,acc,a,r,g,b,blend,filter,angle,center,loop,timer,op1,op2,op3
#DST_IMAGE,0,0,647,0,281,720,0,0,255,255,255,1,0,0,0,400,0,32,39,0
#DST_IMAGE,0,400,647,0,281,720,0,0,255,255,255,1,0,0,0,0,0,32,39,0

//AAA確定,//option220 AAA確定,,,,,,,,,,,,,,,,,,,
//SRC定義,(NULL),gr,x,y,w,h,div_x,div_y,cycle,timer,op1,op2,op3,,,,,,,
#SRC_IMAGE,0,2,0,2245,277,14,1,1,0,40,0,0,0,,,,,,,
//DST定義,(NULL),time,x,y,w,h,acc,a,r,g,b,blend,filter,angle,center,loop,timer,op1,op2,op3
#DST_IMAGE,0,0,649,136,277,14,0,255,255,255,255,1,0,0,0,0,40,32,39,220

//AA確定,//option221 AA確定,,,,,,,,,,,,,,,,,,,
//SRC定義,(NULL),gr,x,y,w,h,div_x,div_y,cycle,timer,op1,op2,op3,,,,,,,
#SRC_IMAGE,0,2,0,2260,277,14,1,1,0,40,0,0,0,,,,,,,
//DST定義,(NULL),time,x,y,w,h,acc,a,r,g,b,blend,filter,angle,center,loop,timer,op1,op2,op3
#DST_IMAGE,0,0,649,184,277,14,0,255,255,255,255,1,0,0,0,0,40,32,39,221

//A確定,//option222 A確定,,,,,,,,,,,,,,,,,,,
//SRC定義,(NULL),gr,x,y,w,h,div_x,div_y,cycle,timer,op1,op2,op3,,,,,,,
#SRC_IMAGE,0,2,0,2275,277,14,1,1,0,40,0,0,0,,,,,,,
//DST定義,(NULL),time,x,y,w,h,acc,a,r,g,b,blend,filter,angle,center,loop,timer,op1,op2,op3
#DST_IMAGE,0,0,649,232,277,14,0,255,255,255,255,1,0,0,0,0,40,32,39,222

//now score,//type10 1P EXSCORE,,,,,,,,,,,,,,,,,,,
//SRC定義,(NULL),gr,x,y,w,h,div_x,div_y,cycle,timer,type,muki,op3,,,,,,,
#SRC_BARGRAPH,0,17,0,0,896,448,896,1,10000,0,10,1,0,,,,,,,
//DST定義,(NULL),time,x,y,w,h,acc,a,r,g,b,blend,filter,angle,center,loop,timer,op1,op2,op3
#DST_BARGRAPH,0,1350,849,544,75,0,2,255,255,255,255,1,0,0,0,1850,0,32,39,0
#DST_BARGRAPH,0,1850,849,544,75,-444,2,255,255,255,255,1,0,0,0,,,,,

//mybest bg,//type13 1P HIGHSCORE最終値,,,,,,,,,,,,,,,,,,,
//SRC定義,(NULL),gr,x,y,w,h,div_x,div_y,cycle,timer,type,muki,op3,,,,,,,
#SRC_BARGRAPH,0,12,50,0,34,249,1,1,0,0,13,1,0,,,,,,,
//DST定義,(NULL),time,x,y,w,h,acc,a,r,g,b,blend,filter,angle,center,loop,timer,op1,op2,op3
#DST_BARGRAPH,0,1350,769,544,77,0,2,255,255,255,255,1,0,0,0,1850,0,32,39,0
#DST_BARGRAPH,0,1850,769,544,77,-444,2,255,255,255,255,1,0,0,0,,,,,

//mybest(FirstTry),//type10 1P EXSCORE,,,,//option100 NOT PLAYED,,,,,,,,,,,,,,,
//SRC定義,(NULL),gr,x,y,w,h,div_x,div_y,cycle,timer,type,muki,op3,,,,,,,
#SRC_BARGRAPH,0,17,0,449,896,448,896,1,10000,0,10,1,0,,,,,,,
//DST定義,(NULL),time,x,y,w,h,acc,a,r,g,b,blend,filter,angle,center,loop,timer,op1,op2,op3
#DST_BARGRAPH,0,1350,770,544,75,0,2,255,255,255,255,1,0,0,0,1850,0,32,39,100
#DST_BARGRAPH,0,1850,770,544,75,-444,2,255,255,255,255,1,0,0,0,,,,,

//mybest,//type12 1P HIGHSCORE現在値,,,,,,,,,,,,,,,,,,,
//SRC定義,(NULL),gr,x,y,w,h,div_x,div_y,cycle,timer,type,muki,op3,,,,,,,
#SRC_BARGRAPH,0,17,0,449,896,448,896,1,10000,0,12,1,0,,,,,,,
//DST定義,(NULL),time,x,y,w,h,acc,a,r,g,b,blend,filter,angle,center,loop,timer,op1,op2,op3
#DST_BARGRAPH,0,1350,770,544,75,0,2,255,255,255,255,1,0,0,0,1850,0,32,39,0
#DST_BARGRAPH,0,1850,770,544,75,-444,2,255,255,255,255,1,0,0,0,,,,,

//target bg,//type15 2P(target) EXSCORE最終値,,,,,,,,,,,,,,,,,,,
//SRC定義,(NULL),gr,x,y,w,h,div_x,div_y,cycle,timer,type,muki,op3,,,,,,,
#SRC_BARGRAPH,0,12,50,0,34,249,1,1,0,0,15,1,0,,,,,,,
//DST定義,(NULL),time,x,y,w,h,acc,a,r,g,b,blend,filter,angle,center,loop,timer,op1,op2,op3
#DST_BARGRAPH,0,1350,690,544,77,0,2,255,255,255,255,1,0,0,0,1850,0,32,39,0
#DST_BARGRAPH,0,1850,690,544,77,-444,2,255,255,255,255,1,0,0,0,,,,,

//target,//type14 2P(target) EXSCORE現在値,,,,,,,,,,,,,,,,,,,
//SRC定義,(NULL),gr,x,y,w,h,div_x,div_y,cycle,timer,type,muki,op3,,,,,,,
#SRC_BARGRAPH,0,17,0,898,896,448,896,1,10000,0,14,1,0,,,,,,,
//DST定義,(NULL),time,x,y,w,h,acc,a,r,g,b,blend,filter,angle,center,loop,timer,op1,op2,op3
#DST_BARGRAPH,0,1350,691,544,75,0,2,255,255,255,255,1,0,0,0,1850,0,32,39,0
#DST_BARGRAPH,0,1850,691,544,75,-444,2,255,255,255,255,1,0,0,0,,,,,


//MY EXSCORE,//number101 exscore,,,,,,,,,,,,,,,,,,,
//SRC定義,(null),gr,x,y,w,h,div_x,div_y,cycle,timer,num,align,keta,,,,,,,
#SRC_NUMBER,0,6,0,1298,253,20,11,1,0,0,101,0,4,,,,,,,
//DST定義,(NULL),time,x,y,w,h,acc,a,r,g,b,blend,filter,angle,center,loop,timer,op1,op2,op3
#DST_NUMBER,0,1350,833,37,20,17,0,0,255,255,255,1,1,0,0,1550,0,32,39,0
#DST_NUMBER,0,1550,833,37,20,17,0,255,255,255,255,1,1,0,0,0,0

//TARGET EXSCORE,//number151 ターゲット現在値,,,,,,,,,,,,,,,,,,,
//SRC定義,(null),gr,x,y,w,h,div_x,div_y,cycle,timer,num,align,keta,,,,,,,
#SRC_NUMBER,0,6,0,1298,253,20,11,1,0,0,151,0,4,,,,,,,
//DST定義,(NULL),time,x,y,w,h,acc,a,r,g,b,blend,filter,angle,center,loop,timer,op1,op2,op3
#DST_NUMBER,0,1350,833,63,20,17,0,0,255,255,255,1,1,0,0,1550,0,32,39,0
#DST_NUMBER,0,1550,833,63,20,17,0,255,255,255,255,1,1,0,0,0,0

#ENDIF

//数値関連,,,,,,,,,,,,,,,,,,,,
#IF,970,951,39,,,,,,,,,,,,,,,,,
//ノーマルスコア(6桁) 1P 100,number100 score 1P,,,,,,,,,,,,,,,,,,,
//SRC定義,(null),gr,x,y,w,h,div_x,div_y,cycle,timer,num,align,keta,,,,,,,
#SRC_NUMBER,0,16,0,0,308,19,11,1,0,0,100,0,6,,,,,,,
//DST定義,(NULL),time,x,y,w,h,acc,a,r,g,b,blend,filter,angle,center,loop,timer,op1,op2,op3
#DST_NUMBER,0,700,394,59,28,19,0,0,255,255,255,1,0,0,0,1000,0,0,0,0
#DST_NUMBER,0,1000,394,59,28,19,0,255,255,255,255,1,0,0,0,,,,,
#ENDIF,,,,,,,,,,,,,,,,,,,,

//EXスコア(6桁) 1P 100,number100 score 1P,,,,,,,,,,,,,,,,,,,
#IF,971,951,39,,,,,,,,,,,,,,,,,
//SRC定義,(null),gr,x,y,w,h,div_x,div_y,cycle,timer,num,align,keta,,,,,,,
#SRC_NUMBER,0,16,0,0,308,19,11,1,0,0,101,0,6,,,,,,,
//DST定義,(NULL),time,x,y,w,h,acc,a,r,g,b,blend,filter,angle,center,loop,timer,op1,op2,op3
#DST_NUMBER,0,700,394,59,28,19,0,0,255,255,255,1,0,0,0,1000,0,0,0,0
#DST_NUMBER,0,1000,394,59,28,19,0,255,255,255,255,1,0,0,0,,,,,
#ENDIF,,,,,,,,,,,,,,,,,,,,

#IF,951,39,,,,,,,,,,,,,,,,,

//マックスコンボ(4桁),number105 maxcombo 1P,,,,,,,,,,,,,,,,,,,
//SRC定義,(null),gr,x,y,w,h,div_x,div_y,cycle,timer,num,align,keta,,,,,,,
#SRC_NUMBER,0,16,0,0,308,19,11,1,0,0,105,0,4,,,,,,,
//DST定義,(NULL),time,x,y,w,h,acc,a,r,g,b,blend,filter,angle,center,loop,timer,op1,op2,op3
#DST_NUMBER,0,1000,394,89,28,19,0,0,255,255,255,1,0,0,0,1200,0,0,0,0
#DST_NUMBER,0,1200,394,89,28,19,0,255,255,255,255,1,0,0,0,,,,,

//BPM,number160 bpm,,,,,,,,,,,,,,,,,,,
//SRC定義,(null),gr,x,y,w,h,div_x,div_y,cycle,timer,num,align,keta,,,,,,,
#SRC_NUMBER,0,16,0,0,308,19,11,1,0,0,160,0,3,,,,,,,
//DST定義,(NULL),time,x,y,w,h,acc,a,r,g,b,blend,filter,angle,center,loop,timer,op1,op2,op3
#DST_NUMBER,0,850,282,642,28,19,0,0,255,255,255,1,0,0,0,1200,0,0,0,0
#DST_NUMBER,0,1200,282,642,28,19,0,255,255,255,255,1,0,0,0,,,,,

#ENDIF

#IF,906,39,951


//BPM,number160 bpm,,,,,,,,,,,,,,,,,,,
//SRC定義,(null),gr,x,y,w,h,div_x,div_y,cycle,timer,num,align,keta,,,,,,,
#SRC_NUMBER,0,16,0,0,308,19,11,1,0,0,160,0,3,,,,,,,
//DST定義,(NULL),time,x,y,w,h,acc,a,r,g,b,blend,filter,angle,center,loop,timer,op1,op2,op3
#DST_NUMBER,0,850,282,642,28,19,0,0,255,255,255,1,0,0,0,1200,0,0,0,0
#DST_NUMBER,0,1200,282,642,28,19,0,255,255,255,255,1,0,0,0,,,,,

//MIN MAX,,,,,,,,,,,,,,,,,,,,
//SRC定義,(NULL),gr,x,y,w,h,div_x,div_y,cycle,timer,op1,op2,op3,,,,,,,
#SRC_IMAGE,0,12,111,229,173,10,1,1,0,0,0,0,0,,,,,,,
//DST定義,(NULL),time,x,y,w,h,acc,a,r,g,b,blend,filter,angle,center,loop,timer,op1,op2,op3
#DST_IMAGE,0,0,239,663,173,10,0,0,255,255,255,1,0,0,0,500,,,,
#DST_IMAGE,0,500,239,663,173,10,0,255,255,255,255,1,0,0,0,,,,,

//BPM,number160 MIN,,,,,,,,,,,,,,,,,,,
//SRC定義,(null),gr,x,y,w,h,div_x,div_y,cycle,timer,num,align,keta,,,,,,,
#SRC_NUMBER,0,16,0,0,308,19,11,1,0,0,91,0,3,,,,,,,
//DST定義,(NULL),time,x,y,w,h,acc,a,r,g,b,blend,filter,angle,center,loop,timer,op1,op2,op3
#DST_NUMBER,0,850,227,648,15,12,0,0,255,255,255,1,1,0,0,1200,0,0,0,0
#DST_NUMBER,0,1200,227,648,15,12,0,255,255,255,255,1,1,0,0,,,,,

//BPM,number160 MAX,,,,,,,,,,,,,,,,,,,
//SRC定義,(null),gr,x,y,w,h,div_x,div_y,cycle,timer,num,align,keta,,,,,,,
#SRC_NUMBER,0,16,0,0,308,19,11,1,0,0,90,0,3,,,,,,,
//DST定義,(NULL),time,x,y,w,h,acc,a,r,g,b,blend,filter,angle,center,loop,timer,op1,op2,op3
#DST_NUMBER,0,850,375,648,15,12,0,0,255,255,255,1,1,0,0,1200,0,0,0,0
#DST_NUMBER,0,1200,375,648,15,12,0,255,255,255,255,1,1,0,0,,,,,

#ENDIF




#IF,38,
//SRC定義,(NULL),gr,x,y,w,h,div_x,div_y,cycle,timer,op1,op2,op3,,,,,,,
#SRC_IMAGE,0,2,0,2405,165,42,1,1,0,0,0,0,0,,,,,,,
//DST定義,(NULL),time,x,y,w,h,acc,a,r,g,b,blend,filter,angle,center,loop,timer,op1,op2,op3
#DST_IMAGE,0,0,382,0,165,42,0,0,255,255,255,1,0,0,0,500,0,280,290,0
#DST_IMAGE,0,500,382,0,165,42,0,255,255,255,255,1,0,0,0,2500
#DST_IMAGE,0,2500,382,0,165,42,0,255,255,255,255,1,0,0,0
#DST_IMAGE,0,3000,382,0,165,42,0,70,255,255,255,1,0,0,0
#DST_IMAGE,0,3500,382,0,165,42,0,255,255,255,255,1,0,0,0
//SRC定義,(NULL),gr,x,y,w,h,div_x,div_y,cycle,timer,op1,op2,op3,,,,,,,
#SRC_IMAGE,0,2,0,2447,165,42,1,1,0,0,0,0,0,,,,,,,
//DST定義,(NULL),time,x,y,w,h,acc,a,r,g,b,blend,filter,angle,center,loop,timer,op1,op2,op3
#DST_IMAGE,0,0,382,0,165,42,0,0,255,255,255,1,0,0,0,500,0,281,290,0
#DST_IMAGE,0,500,382,0,165,42,0,255,255,255,255,1,0,0,0,2500
#DST_IMAGE,0,2500,382,0,165,42,0,255,255,255,255,1,0,0,0
#DST_IMAGE,0,3000,382,0,165,42,0,70,255,255,255,1,0,0,0
#DST_IMAGE,0,3500,382,0,165,42,0,255,255,255,255,1,0,0,0
//SRC定義,(NULL),gr,x,y,w,h,div_x,div_y,cycle,timer,op1,op2,op3,,,,,,,
#SRC_IMAGE,0,2,0,2489,165,42,1,1,0,0,0,0,0,,,,,,,
//DST定義,(NULL),time,x,y,w,h,acc,a,r,g,b,blend,filter,angle,center,loop,timer,op1,op2,op3
#DST_IMAGE,0,0,382,0,165,42,0,0,255,255,255,1,0,0,0,500,0,282,290,0
#DST_IMAGE,0,500,382,0,165,42,0,255,255,255,255,1,0,0,0,2500
#DST_IMAGE,0,2500,382,0,165,42,0,255,255,255,255,1,0,0,0
#DST_IMAGE,0,3000,382,0,165,42,0,70,255,255,255,1,0,0,0
#DST_IMAGE,0,3500,382,0,165,42,0,255,255,255,255,1,0,0,0
//SRC定義,(NULL),gr,x,y,w,h,div_x,div_y,cycle,timer,op1,op2,op3,,,,,,,
#SRC_IMAGE,0,2,0,2154,165,42,1,1,0,0,0,0,0,,,,,,,
//DST定義,(NULL),time,x,y,w,h,acc,a,r,g,b,blend,filter,angle,center,loop,timer,op1,op2,op3
#DST_IMAGE,0,0,382,0,165,42,0,0,255,255,255,1,0,0,0,500,0,283,290,0
#DST_IMAGE,0,500,382,0,165,42,0,255,255,255,255,1,0,0,0,2500
#DST_IMAGE,0,2500,382,0,165,42,0,255,255,255,255,1,0,0,0
#DST_IMAGE,0,3000,382,0,165,42,0,70,255,255,255,1,0,0,0
#DST_IMAGE,0,3500,382,0,165,42,0,255,255,255,255,1,0,0,0
//SRC定義,(NULL),gr,x,y,w,h,div_x,div_y,cycle,timer,op1,op2,op3,,,,,,,
#SRC_IMAGE,0,2,0,2196,165,42,1,1,0,0,0,0,0,,,,,,,
//DST定義,(NULL),time,x,y,w,h,acc,a,r,g,b,blend,filter,angle,center,loop,timer,op1,op2,op3
#DST_IMAGE,0,0,382,0,165,42,0,0,255,255,255,1,0,0,0,500,0,289,290,0
#DST_IMAGE,0,500,382,0,165,42,0,255,255,255,255,1,0,0,0,2500
#DST_IMAGE,0,2500,382,0,165,42,0,255,255,255,255,1,0,0,0
#DST_IMAGE,0,3000,382,0,165,42,0,70,255,255,255,1,0,0,0
#DST_IMAGE,0,3500,382,0,165,42,0,255,255,255,255,1,0,0,0
#ENDIF


#IF,39,950,
//SRC定義,(NULL),gr,x,y,w,h,div_x,div_y,cycle,timer,op1,op2,op3,,,,,,,
#SRC_IMAGE,0,2,0,2405,165,42,1,1,0,0,0,0,0,,,,,,,
//DST定義,(NULL),time,x,y,w,h,acc,a,r,g,b,blend,filter,angle,center,loop,timer,op1,op2,op3
#DST_IMAGE,0,0,520,0,165,42,0,0,255,255,255,1,0,0,0,500,0,280,290,0
#DST_IMAGE,0,500,520,0,165,42,0,255,255,255,255,1,0,0,0,2500
#DST_IMAGE,0,2500,520,0,165,42,0,255,255,255,255,1,0,0,0
#DST_IMAGE,0,3000,520,0,165,42,0,70,255,255,255,1,0,0,0
#DST_IMAGE,0,3500,520,0,165,42,0,255,255,255,255,1,0,0,0
//SRC定義,(NULL),gr,x,y,w,h,div_x,div_y,cycle,timer,op1,op2,op3,,,,,,,
#SRC_IMAGE,0,2,0,2447,165,42,1,1,0,0,0,0,0,,,,,,,
//DST定義,(NULL),time,x,y,w,h,acc,a,r,g,b,blend,filter,angle,center,loop,timer,op1,op2,op3
#DST_IMAGE,0,0,520,0,165,42,0,0,255,255,255,1,0,0,0,500,0,281,290,0
#DST_IMAGE,0,500,520,0,165,42,0,255,255,255,255,1,0,0,0,2500
#DST_IMAGE,0,2500,520,0,165,42,0,255,255,255,255,1,0,0,0
#DST_IMAGE,0,3000,520,0,165,42,0,70,255,255,255,1,0,0,0
#DST_IMAGE,0,3500,520,0,165,42,0,255,255,255,255,1,0,0,0
//SRC定義,(NULL),gr,x,y,w,h,div_x,div_y,cycle,timer,op1,op2,op3,,,,,,,
#SRC_IMAGE,0,2,0,2489,165,42,1,1,0,0,0,0,0,,,,,,,
//DST定義,(NULL),time,x,y,w,h,acc,a,r,g,b,blend,filter,angle,center,loop,timer,op1,op2,op3
#DST_IMAGE,0,0,520,0,165,42,0,0,255,255,255,1,0,0,0,500,0,282,290,0
#DST_IMAGE,0,500,520,0,165,42,0,255,255,255,255,1,0,0,0,2500
#DST_IMAGE,0,2500,520,0,165,42,0,255,255,255,255,1,0,0,0
#DST_IMAGE,0,3000,520,0,165,42,0,70,255,255,255,1,0,0,0
#DST_IMAGE,0,3500,520,0,165,42,0,255,255,255,255,1,0,0,0
//SRC定義,(NULL),gr,x,y,w,h,div_x,div_y,cycle,timer,op1,op2,op3,,,,,,,
#SRC_IMAGE,0,2,0,2154,165,42,1,1,0,0,0,0,0,,,,,,,
//DST定義,(NULL),time,x,y,w,h,acc,a,r,g,b,blend,filter,angle,center,loop,timer,op1,op2,op3
#DST_IMAGE,0,0,520,0,165,42,0,0,255,255,255,1,0,0,0,500,0,283,290,0
#DST_IMAGE,0,500,520,0,165,42,0,255,255,255,255,1,0,0,0,2500
#DST_IMAGE,0,2500,520,0,165,42,0,255,255,255,255,1,0,0,0
#DST_IMAGE,0,3000,520,0,165,42,0,70,255,255,255,1,0,0,0
#DST_IMAGE,0,3500,520,0,165,42,0,255,255,255,255,1,0,0,0
//SRC定義,(NULL),gr,x,y,w,h,div_x,div_y,cycle,timer,op1,op2,op3,,,,,,,
#SRC_IMAGE,0,2,0,2196,165,42,1,1,0,0,0,0,0,,,,,,,
//DST定義,(NULL),time,x,y,w,h,acc,a,r,g,b,blend,filter,angle,center,loop,timer,op1,op2,op3
#DST_IMAGE,0,0,520,0,165,42,0,0,255,255,255,1,0,0,0,500,0,289,290,0
#DST_IMAGE,0,500,520,0,165,42,0,255,255,255,255,1,0,0,0,2500
#DST_IMAGE,0,2500,520,0,165,42,0,255,255,255,255,1,0,0,0
#DST_IMAGE,0,3000,520,0,165,42,0,70,255,255,255,1,0,0,0
#DST_IMAGE,0,3500,520,0,165,42,0,255,255,255,255,1,0,0,0
#ENDIF


#IF,39,951,
//SRC定義,(NULL),gr,x,y,w,h,div_x,div_y,cycle,timer,op1,op2,op3,,,,,,,
#SRC_IMAGE,0,2,0,2405,165,42,1,1,0,0,0,0,0,,,,,,,
//DST定義,(NULL),time,x,y,w,h,acc,a,r,g,b,blend,filter,angle,center,loop,timer,op1,op2,op3
#DST_IMAGE,0,0,240,0,165,42,0,0,255,255,255,1,0,0,0,500,0,280,290,0
#DST_IMAGE,0,500,240,0,165,42,0,255,255,255,255,1,0,0,0,2500
#DST_IMAGE,0,2500,240,0,165,42,0,255,255,255,255,1,0,0,0
#DST_IMAGE,0,3000,240,0,165,42,0,70,255,255,255,1,0,0,0
#DST_IMAGE,0,3500,240,0,165,42,0,255,255,255,255,1,0,0,0
//SRC定義,(NULL),gr,x,y,w,h,div_x,div_y,cycle,timer,op1,op2,op3,,,,,,,
#SRC_IMAGE,0,2,0,2447,165,42,1,1,0,0,0,0,0,,,,,,,
//DST定義,(NULL),time,x,y,w,h,acc,a,r,g,b,blend,filter,angle,center,loop,timer,op1,op2,op3
#DST_IMAGE,0,0,240,0,165,42,0,0,255,255,255,1,0,0,0,500,0,281,290,0
#DST_IMAGE,0,500,240,0,165,42,0,255,255,255,255,1,0,0,0,2500
#DST_IMAGE,0,2500,240,0,165,42,0,255,255,255,255,1,0,0,0
#DST_IMAGE,0,3000,240,0,165,42,0,70,255,255,255,1,0,0,0
#DST_IMAGE,0,3500,240,0,165,42,0,255,255,255,255,1,0,0,0
//SRC定義,(NULL),gr,x,y,w,h,div_x,div_y,cycle,timer,op1,op2,op3,,,,,,,
#SRC_IMAGE,0,2,0,2489,165,42,1,1,0,0,0,0,0,,,,,,,
//DST定義,(NULL),time,x,y,w,h,acc,a,r,g,b,blend,filter,angle,center,loop,timer,op1,op2,op3
#DST_IMAGE,0,0,240,0,165,42,0,0,255,255,255,1,0,0,0,500,0,282,290,0
#DST_IMAGE,0,500,240,0,165,42,0,255,255,255,255,1,0,0,0,2500
#DST_IMAGE,0,2500,240,0,165,42,0,255,255,255,255,1,0,0,0
#DST_IMAGE,0,3000,240,0,165,42,0,70,255,255,255,1,0,0,0
#DST_IMAGE,0,3500,240,0,165,42,0,255,255,255,255,1,0,0,0
//SRC定義,(NULL),gr,x,y,w,h,div_x,div_y,cycle,timer,op1,op2,op3,,,,,,,
#SRC_IMAGE,0,2,0,2154,165,42,1,1,0,0,0,0,0,,,,,,,
//DST定義,(NULL),time,x,y,w,h,acc,a,r,g,b,blend,filter,angle,center,loop,timer,op1,op2,op3
#DST_IMAGE,0,0,240,0,165,42,0,0,255,255,255,1,0,0,0,500,0,283,290,0
#DST_IMAGE,0,500,240,0,165,42,0,255,255,255,255,1,0,0,0,2500
#DST_IMAGE,0,2500,240,0,165,42,0,255,255,255,255,1,0,0,0
#DST_IMAGE,0,3000,240,0,165,42,0,70,255,255,255,1,0,0,0
#DST_IMAGE,0,3500,240,0,165,42,0,255,255,255,255,1,0,0,0
//SRC定義,(NULL),gr,x,y,w,h,div_x,div_y,cycle,timer,op1,op2,op3,,,,,,,
#SRC_IMAGE,0,2,0,2196,165,42,1,1,0,0,0,0,0,,,,,,,
//DST定義,(NULL),time,x,y,w,h,acc,a,r,g,b,blend,filter,angle,center,loop,timer,op1,op2,op3
#DST_IMAGE,0,0,240,0,165,42,0,0,255,255,255,1,0,0,0,500,0,289,290,0
#DST_IMAGE,0,500,240,0,165,42,0,255,255,255,255,1,0,0,0,2500
#DST_IMAGE,0,2500,240,0,165,42,0,255,255,255,255,1,0,0,0
#DST_IMAGE,0,3000,240,0,165,42,0,70,255,255,255,1,0,0,0
#DST_IMAGE,0,3500,240,0,165,42,0,255,255,255,255,1,0,0,0
#ENDIF


//SRC定義,(NULL),gr,x,y,w,h,div_x,div_y,cycle,timer,op1,op2,op3,,,,,,,
#SRC_IMAGE,0,2,0,2321,165,42,1,1,0,0,0,0,0,,,,,,,

#IF,38
//DST定義,(NULL),time,x,y,w,h,acc,a,r,g,b,blend,filter,angle,center,loop,timer,op1,op2,op3
#DST_IMAGE,0,0,382,0,165,42,0,0,255,255,255,1,0,0,0,500,0,-290,0,0
#DST_IMAGE,0,500,382,0,165,42,0,255,255,255,255,1,0,0,0,2500
#DST_IMAGE,0,2500,382,0,165,42,0,255,255,255,255,1,0,0,0
#DST_IMAGE,0,3000,382,0,165,42,0,70,255,255,255,1,0,0,0
#DST_IMAGE,0,3500,382,0,165,42,0,255,255,255,255,1,0,0,0
#ENDIF

#IF,39,950,
//DST定義,(NULL),time,x,y,w,h,acc,a,r,g,b,blend,filter,angle,center,loop,timer,op1,op2,op3
#DST_IMAGE,0,0,520,0,165,42,0,0,255,255,255,1,0,0,0,500,0,-290,0,0
#DST_IMAGE,0,500,520,0,165,42,0,255,255,255,255,1,0,0,0,2500
#DST_IMAGE,0,2500,520,0,165,42,0,255,255,255,255,1,0,0,0
#DST_IMAGE,0,3000,520,0,165,42,0,70,255,255,255,1,0,0,0
#DST_IMAGE,0,3500,520,0,165,42,0,255,255,255,255,1,0,0,0
#ENDIF

#IF,39,951,
//DST定義,(NULL),time,x,y,w,h,acc,a,r,g,b,blend,filter,angle,center,loop,timer,op1,op2,op3
#DST_IMAGE,0,0,240,0,165,42,0,0,255,255,255,1,0,0,0,500,0,-290,0,0
#DST_IMAGE,0,500,240,0,165,42,0,255,255,255,255,1,0,0,0,2500
#DST_IMAGE,0,2500,240,0,165,42,0,255,255,255,255,1,0,0,0
#DST_IMAGE,0,3000,240,0,165,42,0,70,255,255,255,1,0,0,0
#DST_IMAGE,0,3500,240,0,165,42,0,255,255,255,255,1,0,0,0
#ENDIF





//フレーム最下部(グルーヴゲージと進行を同じにすること推奨),,,,,,,,,,,,,,,,,,,,
//SRC定義,(NULL),gr,x,y,w,h,div_x,div_y,cycle,timer,op1,op2,op3,,,,,,,
#SRC_IMAGE,0,2,769,724,347,169,1,1,0,0,0,0,0,,,,,,,
//DST定義,(NULL),time,x,y,w,h,acc,a,r,g,b,blend,filter,angle,center,loop,timer,op1,op2,op3
#DST_IMAGE,0,500,928,951,347,169,0,255,255,255,255,1,0,0,0,1100,,,,
#DST_IMAGE,0,1100,928,551,347,169,0,255,255,255,255,1,0,0,0,,,,,

//進行バー,,,,,,,,,,,,,,,,,,,,
//SRC定義,(NULL),gr,x,y,w,h,div_x,div_y,cycle,timer,op1,op2,op3,,,,,,,
#SRC_IMAGE,0,2,734,724,33,507,1,1,0,0,0,0,0,,,,,,,
//DST定義,(NULL),time,x,y,w,h,acc,a,r,g,b,blend,filter,angle,center,loop,timer,op1,op2,op3
#DST_IMAGE,0,0,1233,1200,33,507,0,255,255,255,255,1,0,0,0,700,,,,
#DST_IMAGE,0,700,1233,0,33,507,0,255,255,255,255,1,0,0,0,,,,,

//フレーム上(鍵盤側),,,,,,,,,,,,,,,,,,,,
//SRC定義,(NULL),gr,x,y,w,h,div_x,div_y,cycle,timer,op1,op2,op3,,,,,,,
#SRC_IMAGE,0,2,1118,724,346,585,1,1,0,0,0,0,0,,,,,,,
//DST定義,(NULL),time,x,y,w,h,acc,a,r,g,b,blend,filter,angle,center,loop,timer,op1,op2,op3
#DST_IMAGE,0,600,1090,0,346,585,0,0,255,255,255,1,0,0,0,1000,,,,
#DST_IMAGE,0,1000,928,0,346,585,0,255,255,255,255,1,0,0,0,,,,,

//フレーム上(鍵盤側)フラッシュ,,,,,,,,,,,,,,,,,,,,
//SRC定義,(NULL),gr,x,y,w,h,div_x,div_y,cycle,timer,op1,op2,op3,,,,,,,
#SRC_IMAGE,0,2,1118,724,346,585,1,1,0,0,0,0,0,,,,,,,
//DST定義,(NULL),time,x,y,w,h,acc,a,r,g,b,blend,filter,angle,center,loop,timer,op1,op2,op3
#DST_IMAGE,0,900,928,0,346,585,0,0,255,255,255,2,0,0,0,1500,,,,
#DST_IMAGE,0,1200,928,0,346,585,0,175,255,255,255,2,0,0,0,,,,,
#DST_IMAGE,0,1500,928,0,346,585,0,0,255,255,255,2,0,0,0,,,,


//鍵盤,,,,,,,,,,,,,,,,,,,,
//SRC定義,(NULL),gr,x,y,w,h,div_x,div_y,cycle,timer,op1,op2,op3,,,,,,,
#SRC_IMAGE,0,2,769,895,333,113,1,1,0,0,0,0,0,,,,,,,
//DST定義,(NULL),time,x,y,w,h,acc,a,r,g,b,blend,filter,angle,center,loop,timer,op1,op2,op3
#DST_IMAGE,0,0,892,1500,333,113,0,255,255,255,255,1,1,90,6,1200,,,,
#DST_IMAGE,0,600,892,508,333,113,0,255,255,255,255,1,1,90,6,,,,,
#DST_IMAGE,0,1200,936,468,333,113,0,255,255,255,255,1,1,0,6,,,,,

//グルーヴゲージ,インフォ,,,,,,,,,,,,,,,,,,,,
//SRC定義,(NULL),gr,x,y,w,h,div_x,div_y,cycle,timer,op1,op2,op3,,,,,,,
#SRC_IMAGE,0,2,769,1017,331,154,1,1,0,0,0,0,0,,,,,,,
//DST定義,(NULL),time,x,y,w,h,acc,a,r,g,b,blend,filter,angle,center,loop,timer,op1,op2,op3
#DST_IMAGE,0,300,928,951,331,154,0,0,255,255,255,1,1,-90,6,1100,,,,
#DST_IMAGE,0,600,928,551,331,154,0,0,255,255,255,1,1,-90,6,1100,,,,
#DST_IMAGE,0,1100,928,551,331,154,0,255,255,255,255,1,1,0,6,,,,,

//グルーヴゲージアニメーション本体,,,,,,,,,,,,,,,,,,,,
//SRC定義,(NULL),gr,x,y,w,h,div_x,div_y,cycle,timer,op1,op2,op3,,,,,,,
#SRC_IMAGE,0,2,348,1188,304,2,1,1,0,0,0,0,0,,,,,,,,
//DST定義,(NULL),time,x,y,w,h,acc,a,r,g,b,blend,filter,angle,center,loop,timer,op1,op2,op3
#DST_IMAGE,0,900,941,587,304,0,0,0,255,255,255,0,0,0,0,1100,0,0,0,0,
#DST_IMAGE,0,1100,941,587,304,2,0,255,255,255,255,0,0,0,0,,,,,,

//グルーヴゲージアニメーション,,,,,,,,,,,,,,,,,,,,
//SRC定義,(NULL),gr,x,y,w,h,div_x,div_y,cycle,timer,op1,op2,op3,,,,,,,35
#SRC_IMAGE,0,2,348,1191,312,10,1,1,0,0,0,0,0,,,,,,,,
//DST定義,(NULL),time,x,y,w,h,acc,a,r,g,b,blend,filter,angle,center,loop,timer,op1,op2,op3
#DST_IMAGE,0,0,1093,583,0,10,0,0,255,255,255,2,0,0,0,0,40,0,0,0,
#DST_IMAGE,0,50,1093,583,0,10,0,0,255,255,255,2,0,0,0,,,,,,
#DST_IMAGE,0,83,1061,583,60,10,0,255,255,255,255,2,0,0,0,,,,,,
#DST_IMAGE,0,100,1061,583,60,10,0,0,255,255,255,2,0,0,0,,,,,,
#DST_IMAGE,0,150,1031,583,124,10,0,255,255,255,255,2,0,0,0,,,,,,
#DST_IMAGE,0,200,1031,583,124,10,0,0,255,255,255,2,0,0,0,,,,,,
#DST_IMAGE,0,250,1001,583,184,10,0,255,255,255,255,2,0,0,0,,,,,,
#DST_IMAGE,0,300,1001,583,184,10,0,0,255,255,255,2,0,0,0,,,,,,
#DST_IMAGE,0,350,971,583,244,10,0,255,255,255,255,2,0,0,0,,,,,,
#DST_IMAGE,0,400,971,583,244,10,0,0,255,255,255,2,0,0,0,,,,,,
#DST_IMAGE,0,450,937,583,312,10,0,255,255,255,255,2,0,0,0,,,,,,
#DST_IMAGE,0,500,937,583,312,10,0,0,255,255,255,2,0,0,0,,,,,,
#DST_IMAGE,0,550,937,583,312,10,0,255,255,255,255,2,0,0,0,,,,,,
#DST_IMAGE,0,600,937,583,312,10,0,0,255,255,255,2,0,0,0,,,,,,
#DST_IMAGE,0,650,937,583,312,10,0,255,255,255,255,2,0,0,0,,,,,,
#DST_IMAGE,0,700,937,583,312,10,0,0,255,255,255,2,0,0,0,,,,,,
#DST_IMAGE,0,750,937,583,312,10,0,255,255,255,255,2,0,0,0,,,,,,
#DST_IMAGE,0,800,937,583,312,10,0,0,255,255,255,2,0,0,0,,,,,,
#DST_IMAGE,0,850,937,583,312,10,0,255,255,255,255,2,0,0,0,,,,,,
#DST_IMAGE,0,900,937,583,312,10,0,0,255,255,255,2,0,0,0,,,,,,
#DST_IMAGE,0,950,937,583,312,10,0,255,255,255,255,2,0,0,0,,,,,,
#DST_IMAGE,0,1000,937,583,312,10,0,0,255,255,255,2,0,0,0,,,,,,

//オブジェクトベース1P,,,,,,,,,,,,,,,,,,,,
//SRC定義,(NULL),gr,x,y,w,h,div_x,div_y,cycle,timer,op1,op2,op3,,,,,,,
#SRC_IMAGE,0,6,592,852,288,482,1,1,0,0,0,0,0,,,,,,,,
//DST定義,(NULL),time,x,y,w,h,acc,a,r,g,b,blend,filter,angle,center,loop,timer,op1,op2,op3
#DST_IMAGE,0,1400,942,482,288,0,0,0,255,255,255,1,0,0,0,1800,,,,
#DST_IMAGE,0,1800,942,0,288,482,0,255,255,255,255,1,0,0,0,,,,,

#IF,930
//オブジェクトベース1P,,,,,,,,,,,,,,,,,,,,
//SRC定義,(NULL),gr,x,y,w,h,div_x,div_y,cycle,timer,op1,op2,op3,,,,,,,
#SRC_IMAGE,0,110,0,0,1,1,1,1,0,0,0,0,0,,,,,,,
//DST定義,(NULL),time,x,y,w,h,acc,a,r,g,b,blend,filter,angle,center,loop,timer,op1,op2,op3
#DST_IMAGE,0,1400,942,482,288,0,0,0,255,255,255,1,0,0,0,1800,,,,
#DST_IMAGE,0,1800,942,0,288,482,0,0,255,255,255,1,0,0,0,,,,,
#ENDIF
#IF,931
//オブジェクトベース1P,,,,,,,,,,,,,,,,,,,,
//SRC定義,(NULL),gr,x,y,w,h,div_x,div_y,cycle,timer,op1,op2,op3,,,,,,,
#SRC_IMAGE,0,110,0,0,1,1,1,1,0,0,0,0,0,,,,,,,
//DST定義,(NULL),time,x,y,w,h,acc,a,r,g,b,blend,filter,angle,center,loop,timer,op1,op2,op3
#DST_IMAGE,0,1400,942,482,288,0,0,0,255,255,255,1,0,0,0,1800,,,,
#DST_IMAGE,0,1800,942,0,288,482,0,255,255,255,255,1,0,0,0,,,,,
#ENDIF
#IF,932
//オブジェクトベース1P,,,,,,,,,,,,,,,,,,,,
//SRC定義,(NULL),gr,x,y,w,h,div_x,div_y,cycle,timer,op1,op2,op3,,,,,,,
#SRC_IMAGE,0,110,0,0,1,1,1,1,0,0,0,0,0,,,,,,,
//DST定義,(NULL),time,x,y,w,h,acc,a,r,g,b,blend,filter,angle,center,loop,timer,op1,op2,op3
#DST_IMAGE,0,1400,942,482,288,0,0,0,255,255,255,1,0,0,0,1800,,,,
#DST_IMAGE,0,1800,942,0,288,482,0,175,255,255,255,1,0,0,0,,,,,
#ENDIF
#IF,933
//オブジェクトベース1P,,,,,,,,,,,,,,,,,,,,
//SRC定義,(NULL),gr,x,y,w,h,div_x,div_y,cycle,timer,op1,op2,op3,,,,,,,
#SRC_IMAGE,0,110,0,0,1,1,1,1,0,0,0,0,0,,,,,,,
//DST定義,(NULL),time,x,y,w,h,acc,a,r,g,b,blend,filter,angle,center,loop,timer,op1,op2,op3
#DST_IMAGE,0,1400,942,482,288,0,0,0,255,255,255,1,0,0,0,1800,,,,
#DST_IMAGE,0,1800,942,0,288,482,0,125,255,255,255,1,0,0,0,,,,,
#ENDIF
#IF,934
//オブジェクトベース1P,,,,,,,,,,,,,,,,,,,,
//SRC定義,(NULL),gr,x,y,w,h,div_x,div_y,cycle,timer,op1,op2,op3,,,,,,,
#SRC_IMAGE,0,110,0,0,1,1,1,1,0,0,0,0,0,,,,,,,
//DST定義,(NULL),time,x,y,w,h,acc,a,r,g,b,blend,filter,angle,center,loop,timer,op1,op2,op3
#DST_IMAGE,0,1400,942,482,288,0,0,0,255,255,255,1,0,0,0,1800,,,,
#DST_IMAGE,0,1800,942,0,288,482,0,35,255,255,255,1,0,0,0,,,,,
#ENDIF





//判定ラインエフェクト,//timer140 リズムタイマー,,,,,,,,,,,,,,,,,,,
//SRC定義,(NULL),gr,x,y,w,h,div_x,div_y,cycle,timer,op1,op2,op3,,,,,,,
#SRC_IMAGE,0,26,0,0,144,20,1,1,0,140,0,0,0,,,,,,,
//DST定義,(NULL),time,x,y,w,h,acc,a,r,g,b,blend,filter,angle,center,loop,timer,op1,op2,op3
#DST_IMAGE,0,0,942,446,288,30,0,255,255,255,255,2,0,0,0,0,140,0,0,0
#DST_IMAGE,0,700,942,446,288,30,0,0,255,255,255,2,0,0,0,,,,,
#DST_IMAGE,0,1000,942,446,288,30,0,0,255,255,255,2,0,0,0,,,,,
//SRC定義,(NULL),gr,x,y,w,h,div_x,div_y,cycle,timer,op1,op2,op3,,,,,,,
#SRC_IMAGE,0,26,0,0,144,20,1,1,0,140,0,0,0,,,,,,,
//DST定義,(NULL),time,x,y,w,h,acc,a,r,g,b,blend,filter,angle,center,loop,timer,op1,op2,op3
#DST_IMAGE,0,1700,942,446,288,30,0,0,255,255,255,2,0,0,0,2000,,,,
#DST_IMAGE,0,2000,942,446,288,30,0,75,255,255,255,2,0,0,0,,,,,

//////////////////////////////////////////////////////,,,,,,,,,,,,,,,,,,,,
//皿,,,,,,,,,,,,,,,,,,,,

//ベース,,,,,,,,,,,,,,,,,,,,
//SRC定義,(NULL),gr,x,y,w,h,div_x,div_y,cycle,timer,op1,op2,op3,,,,,,,
#SRC_IMAGE,0,7,0,0,25,28,1,1,0,0,0,0,0,,,,,,,
//DST定義,(NULL),time,x,y,w,h,acc,a,r,g,b,blend,filter,angle,center,loop,timer,op1,op2,op3
#DST_IMAGE,0,1300,1200,510,25,28,0,0,255,255,255,1,0,0,0,1550,,,,
#DST_IMAGE,0,1550,1200,510,25,28,0,255,255,255,255,1,0,0,0,,,,,
//回転部分,,,,,,,,,,,,,,,,,,,,,
//op4=1で皿回転が加わります(元の回転は無視されます),,,,,,,,,,,,,,,,,,,,,
//SRC定義,(NULL),gr,x,y,w,h,div_x,div_y,cycle,timer,op1,op2,op3,,,,,,,,
#SRC_IMAGE,0,7,25,0,25,28,1,1,0,0,0,0,0,,,,,,,,
//DST定義,(NULL),time,x,y,w,h,acc,a,r,g,b,blend,filter,angle,center,loop,timer,op1,op2,op3,op4
#DST_IMAGE,0,1300,1199,510,25,28,0,0,255,255,255,1,0,0,0,1550,0,0,0,0,1
#DST_IMAGE,0,1550,1199,510,25,28,0,255,255,255,255,1,0,0,0,0,0,0,0,0

//[判定ライン],,,,,,,,,,,,,,,,,,,,,
//SRC定義,(NULL),gr,x,y,w,h,div_x,div_y,cycle,timer,op1,op2,op3,,,,,,,,
#SRC_JUDGELINE,0,25,0,0,144,6,1,1,0,0,0,0,0,,,,,,,,
//DST定義,(NULL),time,x,y,w,h,acc,a,r,g,b,blend,filter,angle,center,loop,timer,op1,op2,op3,
#DST_JUDGELINE,0,1250,942,476,288,0,0,255,255,255,255,1,0,0,0,1550,0,0,0,0,
#DST_JUDGELINE,0,1550,942,476,288,6,0,255,255,255,255,1,0,0,0,,,,,,

///////////////////////////////////////////////////////////////////////////////////////////////////////////////,,,,,,,,,,,,,,,,,,,,,
//レーザー,,,,,,,,,,,,,,,,,,,,,
,,,,,,,,,,,,,,,,,,,,,
#SRC_IMAGE,0,15,0,0,60,482,1,1,0,100,0,0,0,,,,,,,,
#DST_IMAGE,0,0,1170,482,60,0,0,255,255,255,255,1,0,0,0,-1,100,32,0,0,
#DST_IMAGE,0,50,1170,482,60,-482,0,255,255,255,255,1,0,0,0,,,,,,
#DST_IMAGE,0,83,1170,482,60,-482,0,255,255,255,255,1,0,0,0,,,,,,
#DST_IMAGE,0,167,1200,482,0,-482,0,0,255,255,255,1,0,0,0,,,,,,
#SRC_IMAGE,0,15,0,0,60,482,1,1,0,100,0,0,0,,,,,,,,
#DST_IMAGE,0,0,1170,482,60,0,0,255,255,255,255,1,0,0,0,50,100,33,0,0,
#DST_IMAGE,0,50,1170,482,60,-482,0,255,255,255,255,1,0,0,0,,,,,,
#SRC_IMAGE,0,15,0,0,60,482,1,1,0,120,0,0,0,,,,,,,,
#DST_IMAGE,0,0,1170,482,60,-482,0,255,255,255,255,1,0,0,0,-1,120,33,0,0,
#DST_IMAGE,0,83,1200,482,0,-482,0,0,255,255,255,1,0,0,0,,,,,,
#SRC_IMAGE,0,15,61,0,34,482,1,1,0,101,0,0,0,,,,,,,,
#DST_IMAGE,0,0,942,482,34,-482,0,255,255,255,255,1,0,0,0,0,101,0,0,0,
#SRC_IMAGE,0,15,61,0,34,482,1,1,0,121,0,0,0,,,,,,,,
#DST_IMAGE,0,0,942,482,34,-482,0,255,255,255,255,1,0,0,0,-1,121,0,0,0,
#DST_IMAGE,0,83,959,482,0,-482,0,0,255,255,255,1,0,0,0,,,,,,
#SRC_IMAGE,0,15,96,0,26,482,1,1,0,102,0,0,0,,,,,,,,
#DST_IMAGE,0,0,978,482,26,-482,0,255,255,255,255,1,0,0,0,0,102,0,0,0,
#SRC_IMAGE,0,15,96,0,26,482,1,1,0,122,0,0,0,,,,,,,,
#DST_IMAGE,0,0,978,482,26,-482,0,255,255,255,255,1,0,0,0,-1,122,0,0,0,
#DST_IMAGE,0,83,991,482,0,-482,0,0,255,255,255,1,0,0,0,,,,,,
#SRC_IMAGE,0,15,61,0,34,482,1,1,0,103,0,0,0,,,,,,,,
#DST_IMAGE,0,0,1006,482,34,-482,0,255,255,255,255,1,0,0,0,0,103,0,0,0,
#SRC_IMAGE,0,15,61,0,34,482,1,1,0,123,0,0,0,,,,,,,,
#DST_IMAGE,0,0,1006,482,34,-482,0,255,255,255,255,1,0,0,0,-1,123,0,0,0,
#DST_IMAGE,0,83,1023,482,0,-482,0,0,255,255,255,1,0,0,0,,,,,,
#SRC_IMAGE,0,15,96,0,26,482,1,1,0,104,0,0,0,,,,,,,,
#DST_IMAGE,0,0,1042,482,26,-482,0,255,255,255,255,1,0,0,0,0,104,0,0,0,
#SRC_IMAGE,0,15,96,0,26,482,1,1,0,124,0,0,0,,,,,,,,
#DST_IMAGE,0,0,1042,482,26,-482,0,255,255,255,255,1,0,0,0,-1,124,0,0,0,
#DST_IMAGE,0,83,1055,482,0,-482,0,0,255,255,255,1,0,0,0,,,,,,
#SRC_IMAGE,0,15,61,0,34,482,1,1,0,105,0,0,0,,,,,,,,
#DST_IMAGE,0,0,1070,482,34,-482,0,255,255,255,255,1,0,0,0,0,105,0,0,0,
#SRC_IMAGE,0,15,61,0,34,482,1,1,0,125,0,0,0,,,,,,,,
#DST_IMAGE,0,0,1070,482,34,-482,0,255,255,255,255,1,0,0,0,-1,125,0,0,0,
#DST_IMAGE,0,83,1087,482,0,-482,0,0,255,255,255,1,0,0,0,,,,,,
#SRC_IMAGE,0,15,96,0,26,482,1,1,0,106,0,0,0,,,,,,,,
#DST_IMAGE,0,0,1106,482,26,-482,0,255,255,255,255,1,0,0,0,0,106,0,0,0,
#SRC_IMAGE,0,15,96,0,26,482,1,1,0,126,0,0,0,,,,,,,,
#DST_IMAGE,0,0,1106,482,26,-482,0,255,255,255,255,1,0,0,0,-1,126,0,0,0,
#DST_IMAGE,0,83,1119,482,0,-482,0,0,255,255,255,1,0,0,0,,,,,,
#SRC_IMAGE,0,15,61,0,34,482,1,1,0,107,0,0,0,,,,,,,,
#DST_IMAGE,0,0,1134,482,34,-482,0,255,255,255,255,1,0,0,0,0,107,0,0,0,
#SRC_IMAGE,0,15,61,0,34,482,1,1,0,127,0,0,0,,,,,,,,
#DST_IMAGE,0,0,1134,482,34,-482,0,255,255,255,255,1,0,0,0,-1,127,0,0,0,
#DST_IMAGE,0,83,1151,482,0,-482,0,0,255,255,255,1,0,0,0,,,,,,
,,,,,,,,,,,,,,,,,,,,,
/////////////////////////////////////////////////////////////////////////////////////////////////,,,,,,,,,,,,,,,,,,,,,
//ノート関連定義,,,,,,,,,,,,,,,,,,,,,
//[小節線],,,,,,,,,,,,,,,,,,,,,
//小節線0が1P側、1が2P側,,,,,,,,,,,,,,,,,,,,,
#IF,920,,,,,,,,,,,,,,,,,,,,
//SRC定義,(NULL),gr,x,y,w,h,div_x,div_y,cycle,timer,op1,op2,op3,,,,,,,,
#SRC_LINE,0,6,248,322,144,1,1,1,0,0,0,0,0,,,,,,,,
//DST定義,(NULL),time,x,y,w,h,acc,a,r,g,b,blend,filter,angle,center,loop,timer,op1,op2,op3,
#DST_LINE,0,0,25,320,144,1,0,255,255,255,255,1,0,0,0,0,0,0,0,0,
#ELSEIF,921,,,,,,,,,,,,,,,,,,,,
//SRC定義,(NULL),gr,x,y,w,h,div_x,div_y,cycle,timer,op1,op2,op3,,,,,,,,
#SRC_LINE,0,6,0,390,1,1,1,1,0,0,0,0,0,,,,,,,,
//DST定義,(NULL),time,x,y,w,h,acc,a,r,g,b,blend,filter,angle,center,loop,timer,op1,op2,op3,
#DST_LINE,0,0,942,480,288,2,0,255,255,255,255,1,0,0,0,0,0,0,0,0,
#ENDIF,,,,,,,,,,,,,,,,,,,,,
,,,,,,,,,,,,,,,,,,,,,
//[ノート関連定義],,,,,,,,,,,,,,,,,,,,,
//indexは、0がスクラッチ、1～9が鍵盤です,,,,,,,,,,,,,,,,,,,,,
//pmsの場合は、index1-9で定義して下さい。pms本体の記述形式とは異なり、2P側のレーンは使用していません。,,,,,,,,,,,,,,,,,,,,,
//+10で2P側,,,,,,,,,,,,,,,,,,,,,
#SRC_NOTE,0,8,0,0,60,24,1,1,0,0,0,0,0,,,,,,,,
#SRC_NOTE,1,8,61,0,34,24,1,1,0,0,0,0,0,,,,,,,,
#SRC_NOTE,2,8,96,0,26,24,1,1,0,0,0,0,0,,,,,,,,
#SRC_NOTE,3,8,61,0,34,24,1,1,0,0,0,0,0,,,,,,,,
#SRC_NOTE,4,8,96,0,26,24,1,1,0,0,0,0,0,,,,,,,,
#SRC_NOTE,5,8,61,0,34,24,1,1,0,0,0,0,0,,,,,,,,
#SRC_NOTE,6,8,96,0,26,24,1,1,0,0,0,0,0,,,,,,,,
#SRC_NOTE,7,8,61,0,34,24,1,1,0,0,0,0,0,,,,,,,,
#SRC_AUTO_NOTE,0,8,123,0,60,24,1,1,0,0,0,0,0,,,,,,,,
#SRC_LN_END,0,8,0,51,60,24,1,1,0,0,0,0,0,,,,,,,,
#SRC_LN_END,1,8,61,51,34,24,1,1,0,0,0,0,0,,,,,,,,
#SRC_LN_END,2,8,96,51,26,24,1,1,0,0,0,0,0,,,,,,,,
#SRC_LN_END,3,8,61,51,34,24,1,1,0,0,0,0,0,,,,,,,,
#SRC_LN_END,4,8,96,51,26,24,1,1,0,0,0,0,0,,,,,,,,
#SRC_LN_END,5,8,61,51,34,24,1,1,0,0,0,0,0,,,,,,,,
#SRC_LN_END,6,8,96,51,26,24,1,1,0,0,0,0,0,,,,,,,,
#SRC_LN_END,7,8,61,51,34,24,1,1,0,0,0,0,0,,,,,,,,
#SRC_AUTO_LN_END,0,8,123,51,60,24,1,1,0,0,0,0,0,,,,,,,,
#SRC_LN_START,0,8,0,76,60,24,1,1,0,0,0,0,0,,,,,,,,
#SRC_LN_START,1,8,61,76,34,24,1,1,0,0,0,0,0,,,,,,,,
#SRC_LN_START,2,8,96,76,26,24,1,1,0,0,0,0,0,,,,,,,,
#SRC_LN_START,3,8,61,76,34,24,1,1,0,0,0,0,0,,,,,,,,
#SRC_LN_START,4,8,96,76,26,24,1,1,0,0,0,0,0,,,,,,,,
#SRC_LN_START,5,8,61,76,34,24,1,1,0,0,0,0,0,,,,,,,,
#SRC_LN_START,6,8,96,76,26,24,1,1,0,0,0,0,0,,,,,,,,
#SRC_LN_START,7,8,61,76,34,24,1,1,0,0,0,0,0,,,,,,,,
#SRC_AUTO_LN_START,0,8,123,76,60,24,1,1,0,0,0,0,0,,,,,,,,
#SRC_LN_BODY,0,8,0,101,60,24,1,24,266,70,0,0,0,,,,,,,,
#SRC_LN_BODY,1,8,61,101,34,24,1,24,266,71,0,0,0,,,,,,,,
#SRC_LN_BODY,2,8,96,101,26,24,1,24,266,72,0,0,0,,,,,,,,
#SRC_LN_BODY,3,8,61,101,34,24,1,24,266,73,0,0,0,,,,,,,,
#SRC_LN_BODY,4,8,96,101,26,24,1,24,266,74,0,0,0,,,,,,,,
#SRC_LN_BODY,5,8,61,101,34,24,1,24,266,75,0,0,0,,,,,,,,
#SRC_LN_BODY,6,8,96,101,26,24,1,24,266,76,0,0,0,,,,,,,,
#SRC_LN_BODY,7,8,61,101,34,24,1,24,266,77,0,0,0,,,,,,,,
#SRC_AUTO_LN_BODY,0,8,123,101,60,24,1,24,266,70,0,0,0,,,,,,,,
#SRC_MINE,0,8,0,25,60,24,1,1,0,0,0,0,0,,,,,,,,
#SRC_MINE,1,8,61,25,34,24,1,1,0,0,0,0,0,,,,,,,,
#SRC_MINE,2,8,96,25,26,24,1,1,0,0,0,0,0,,,,,,,,
#SRC_MINE,3,8,61,25,34,24,1,1,0,0,0,0,0,,,,,,,,
#SRC_MINE,4,8,96,25,26,24,1,1,0,0,0,0,0,,,,,,,,
#SRC_MINE,5,8,61,25,34,24,1,1,0,0,0,0,0,,,,,,,,
#SRC_MINE,6,8,96,25,26,24,1,1,0,0,0,0,0,,,,,,,,
#SRC_MINE,7,8,61,25,34,24,1,1,0,0,0,0,0,,,,,,,,
#SRC_AUTO_MINE,0,8,123,25,60,24,1,1,0,0,0,0,0,,,,,,,,
#DST_NOTE,0,0,1170,466,60,24,0,255,255,255,255,0,0,0,0,0,0,0,0,0,
#DST_NOTE,1,0,942,466,34,24,0,255,255,255,255,0,0,0,0,0,0,0,0,0,
#DST_NOTE,2,0,978,466,26,24,0,255,255,255,255,0,0,0,0,0,0,0,0,0,
#DST_NOTE,3,0,1006,466,34,24,0,255,255,255,255,0,0,0,0,0,0,0,0,0,
#DST_NOTE,4,0,1042,466,26,24,0,255,255,255,255,0,0,0,0,0,0,0,0,0,
#DST_NOTE,5,0,1070,466,34,24,0,255,255,255,255,0,0,0,0,0,0,0,0,0,
#DST_NOTE,6,0,1106,466,26,24,0,255,255,255,255,0,0,0,0,0,0,0,0,0,
#DST_NOTE,7,0,1134,466,34,24,0,255,255,255,255,0,0,0,0,0,0,0,0,0,




///////////////////////////////////////////////////////////////////////////////////////////////////////////////,,,,,,,,,,,,,,,,,,,,



//DIFFICULTY,,,,,,,,,,,,,,,

//DIFFICULTY,,,,,,,,,,,,,,,

#IF,150
//BEGINNER,option151 difficulty1 (easy),,,,,,,,,,,,,,
//SRC定義,(NULL),gr,x,y,w,h,div_x,div_y,cycle,timer,op1,op2,op3,,
#SRC_IMAGE,0,2,0,1374,167,47,1,1,0,0,0,0,0,,
#ENDIF,,,,,,,,,,,,,

#IF,151
//BEGINNER,option151 difficulty1 (easy),,,,,,,,,,,,,,
//SRC定義,(NULL),gr,x,y,w,h,div_x,div_y,cycle,timer,op1,op2,op3,,
#SRC_IMAGE,0,2,0,1422,167,47,1,1,0,0,0,0,0,,
#ENDIF,,,,,,,,,,,,,

#IF,152,,,,,,,,,,,,,,
//NORMAL,option152 difficulty2 (normal),,,,,,,,,,,,,,
//SRC定義,(NULL),gr,x,y,w,h,div_x,div_y,cycle,timer,op1,op2,op3,,
#SRC_IMAGE,0,2,0,1469,167,47,1,1,0,0,0,0,0,,
#ENDIF,,,,,,,,,,,,,

#IF,153,,,,,,,,,,,,
//HYPER,option153 difficulty3 (hyper),,,,,,,,,,,,
//SRC定義,(NULL),gr,x,y,w,h,div_x,div_y,cycle,timer,op1,op2,op3
#SRC_IMAGE,0,2,0,1516,167,47,1,1,0,0,0,0,0
#ENDIF,,,,,,,,,,,,,

#IF,154,,,,,,,,,,,,
//ANOTHER,option154 difficulty4 (another),,,,,,,,,,,,
//SRC定義,(NULL),gr,x,y,w,h,div_x,div_y,cycle,timer,op1,op2,op3
#SRC_IMAGE,0,2,0,1563,167,47,1,1,0,0,0,0,0
#ENDIF,,,,,,,,,,,,,

#IF,155,,,,,,,,,,,,
//MANIAC,option155 difficulty5 (maniac),,,,,,,,,,,,
//SRC定義,(NULL),gr,x,y,w,h,div_x,div_y,cycle,timer,op1,op2,op3,,,,,,,
#SRC_IMAGE,0,2,0,1610,167,47,1,1,0,0,0,0,0,,,,,,,
#ENDIF,,,,,,,,,,,,,,,,,,,,

//DST定義,(NULL),time,x,y,w,h,acc,a,r,g,b,blend,filter,angle,center,loop,timer,op1,op2,op3
#DST_IMAGE,0,1200,1089,639,167,47,0,0,255,255,255,1,0,0,0,1500,0,0,0,0
#DST_IMAGE,0,1500,1089,639,167,47,0,255,255,255,255,1,0,0,0,0,0,0,0,0

//レベル表示
-Beginner-
#SRC_NUMBER,0,2,0,1346,160,11,10,1,0,0,45,0,2,,,,,,,
//DST定義,(NULL),time,x,y,w,h,acc,a,r,g,b,blend,filter,angle,center,loop,timer,op1,op2,op3
#DST_NUMBER,0,1000,1204,657,16,11,0,0,255,255,255,1,0,0,0,1500,0,151,0,0
#DST_NUMBER,0,1500,1204,657,16,11,0,255,255,255,255,1,0,0,0,,,,,
-Normal-
#SRC_NUMBER,0,2,0,1346,160,11,10,1,0,0,46,0,2,,,,,,,
//DST定義,(NULL),time,x,y,w,h,acc,a,r,g,b,blend,filter,angle,center,loop,timer,op1,op2,op3
#DST_NUMBER,0,1000,1204,657,16,11,0,0,255,255,255,1,0,0,0,1500,0,152,0,0
#DST_NUMBER,0,1500,1204,657,16,11,0,255,255,255,255,1,0,0,0,,,,,
-Hyper-
#SRC_NUMBER,0,2,0,1346,160,11,10,1,0,0,47,0,2,,,,,,,
//DST定義,(NULL),time,x,y,w,h,acc,a,r,g,b,blend,filter,angle,center,loop,timer,op1,op2,op3
#DST_NUMBER,0,1000,1204,657,16,11,0,0,255,255,255,1,0,0,0,1500,0,153,0,0
#DST_NUMBER,0,1500,1204,657,16,11,0,255,255,255,255,1,0,0,0,,,,,
-Another-
#SRC_NUMBER,0,2,0,1346,160,11,10,1,0,0,48,0,2,,,,,,,
//DST定義,(NULL),time,x,y,w,h,acc,a,r,g,b,blend,filter,angle,center,loop,timer,op1,op2,op3
#DST_NUMBER,0,1000,1204,657,16,11,0,0,255,255,255,1,0,0,0,1500,0,154,0,0
#DST_NUMBER,0,1500,1204,657,16,11,0,255,255,255,255,1,0,0,0,,,,,
-Insane-
#SRC_NUMBER,0,2,0,1346,160,11,10,1,0,0,49,0,2,,,,,,,
//DST定義,(NULL),time,x,y,w,h,acc,a,r,g,b,blend,filter,angle,center,loop,timer,op1,op2,op3
#DST_NUMBER,0,1000,1204,657,16,11,0,0,255,255,255,1,0,0,0,1500,0,155,0,0
#DST_NUMBER,0,1500,1204,657,16,11,0,255,255,255,255,1,0,0,0,,,,,
,,,,,,,,,,,,,,,,,,,,
//カバー,,,,,,,,,,,,,,,,,,,,




//キーフラッシュ,//timer100- キーオンタイマー,,,,,,,,,,,,,,,,,,,,
,,,,,,,,,,,,,,,,,,,,,
//1,,,,,,,,,,,,,,,,,,,,,
//SRC定義,(NULL),gr,x,y,w,h,div_x,div_y,cycle,timer,op1,op2,op3,,,,,,,,
#SRC_IMAGE,0,24,0,0,13,31,1,1,0,101,0,0,0,,,,,,,,
//DST定義,(NULL),time,x,y,w,h,acc,a,r,g,b,blend,filter,angle,center,loop,timer,op1,op2,op3,
#DST_IMAGE,0,0,944,494,28,47,0,255,255,255,255,2,0,0,0,0,101,0,0,0,
,,,,,,,,,,,,,,,,,,,,,
//2,,,,,,,,,,,,,,,,,,,,,
//SRC定義,(NULL),gr,x,y,w,h,div_x,div_y,cycle,timer,op1,op2,op3,,,,,,,,
#SRC_IMAGE,0,24,0,0,13,31,1,1,0,102,0,0,0,,,,,,,,
//DST定義,(NULL),time,x,y,w,h,acc,a,r,g,b,blend,filter,angle,center,loop,timer,op1,op2,op3,
#DST_IMAGE,0,0,980,488,20,40,0,255,255,255,255,2,0,0,0,0,102,0,0,0,
,,,,,,,,,,,,,,,,,,,,,
//3,,,,,,,,,,,,,,,,,,,,,
//SRC定義,(NULL),gr,x,y,w,h,div_x,div_y,cycle,timer,op1,op2,op3,,,,,,,,
#SRC_IMAGE,0,24,0,0,13,31,1,1,0,103,0,0,0,,,,,,,,
//DST定義,(NULL),time,x,y,w,h,acc,a,r,g,b,blend,filter,angle,center,loop,timer,op1,op2,op3,
#DST_IMAGE,0,0,1008,494,28,47,0,255,255,255,255,2,0,0,0,0,103,0,0,0,
,,,,,,,,,,,,,,,,,,,,,
//4,,,,,,,,,,,,,,,,,,,,,
//SRC定義,(NULL),gr,x,y,w,h,div_x,div_y,cycle,timer,op1,op2,op3,,,,,,,,
#SRC_IMAGE,0,24,0,0,13,31,1,1,0,104,0,0,0,,,,,,,,
//DST定義,(NULL),time,x,y,w,h,acc,a,r,g,b,blend,filter,angle,center,loop,timer,op1,op2,op3,
#DST_IMAGE,0,0,1044,488,20,40,0,255,255,255,255,2,0,0,0,0,104,0,0,0,
,,,,,,,,,,,,,,,,,,,,,
//5,,,,,,,,,,,,,,,,,,,,,
//SRC定義,(NULL),gr,x,y,w,h,div_x,div_y,cycle,timer,op1,op2,op3,,,,,,,,
#SRC_IMAGE,0,24,0,0,13,31,1,1,0,105,0,0,0,,,,,,,,
//DST定義,(NULL),time,x,y,w,h,acc,a,r,g,b,blend,filter,angle,center,loop,timer,op1,op2,op3,
#DST_IMAGE,0,0,1072,494,28,47,0,255,255,255,255,2,0,0,0,0,105,0,0,0,
,,,,,,,,,,,,,,,,,,,,,
//6,,,,,,,,,,,,,,,,,,,,,
//SRC定義,(NULL),gr,x,y,w,h,div_x,div_y,cycle,timer,op1,op2,op3,,,,,,,,
#SRC_IMAGE,0,24,0,0,13,31,1,1,0,106,0,0,0,,,,,,,,
//DST定義,(NULL),time,x,y,w,h,acc,a,r,g,b,blend,filter,angle,center,loop,timer,op1,op2,op3,
#DST_IMAGE,0,0,1108,488,20,40,0,255,255,255,255,2,0,0,0,0,106,0,0,0,
,,,,,,,,,,,,,,,,,,,,,
//7,,,,,,,,,,,,,,,,,,,,,
//SRC定義,(NULL),gr,x,y,w,h,div_x,div_y,cycle,timer,op1,op2,op3,,,,,,,,
#SRC_IMAGE,0,24,0,0,13,31,1,1,0,107,0,0,0,,,,,,,,
//DST定義,(NULL),time,x,y,w,h,acc,a,r,g,b,blend,filter,angle,center,loop,timer,op1,op2,op3,
#DST_IMAGE,0,0,1136,494,28,47,0,255,255,255,255,2,0,0,0,0,107,0,0,0,
,,,,,,,,,,,,,,,,,,,,,
//レーンカバー (161 5keys時のみ,,,,,,,,,,,,,,,,,,,,
//SRC定義,(NULL),gr,x,y,w,h,div_x,div_y,cycle,timer,op1,op2,op3,,,,,,,
#SRC_IMAGE,0,12,796,0,65,545,1,1,0,0,0,0,0,,,,,,,
//DST定義,(NULL),time,x,y,w,h,acc,a,r,g,b,blend,filter,angle,center,loop,timer,op1,op2,op3
#DST_IMAGE,0,800,939,-545,65,545,2,0,255,255,255,1,1,0,0,1500,0,161,0,0
#DST_IMAGE,0,1500,939,0,65,545,2,255,255,255,255,1,1,0,0,0,0,

#IF,941
//レーンカバー (161 5keys時のみ,,,,,,,,,,,,,,,,,,,,
//SRC定義,(NULL),gr,x,y,w,h,div_x,div_y,cycle,timer,op1,op2,op3,,,,,,,
#SRC_IMAGE,0,12,796,0,65,545,1,1,0,0,0,0,0,,,,,,,
//DST定義,(NULL),time,x,y,w,h,acc,a,r,g,b,blend,filter,angle,center,loop,timer,op1,op2,op3
#DST_IMAGE,0,800,1170,-545,60,545,2,0,255,255,255,1,1,0,0,1500,0,55,0,0
#DST_IMAGE,0,1500,1170,0,60,545,2,255,255,255,255,1,1,0,0,
#ENDIF
,,,,,,,,,,,,,,,,,,,,,
//サドプラ,,,,,,,,,,,,,,,,,,,,,
//スライダーの一種として扱います,,,,,,,,,,,,,,,,,,,,,
//1P 4 2P 5,,,,,,,,,,,,,,,,,,,,,
//SRC定義,index,gr,x,y,w,h,div_x,div_y,cycle,timer,muki,range,type,disable,,,,,,,
#SRC_SLIDER,0,5,0,0,288,484,1,1,0,0,2,484,4,1,,,,,,,
//DST定義,index,time,x,y,w,h,acc,a,r,g,b,blend,filter,angle,center,loop,timer,op1,op2,op3,
#DST_SLIDER,0,1750,942,-968,288,484,2,255,255,255,255,1,0,0,0,2050,0,0,0,0,
#DST_SLIDER,0,2050,942,-484,288,484,2,255,255,255,255,1,0,0,0,,,,,,

//曲進行状態,,,,,,,,,,,,,,,,,,,,
//スライダーとして扱います,,,,,,,,,,,,,,,,,,,,

//leftアルファ,,,,,,,,,,,,,,,,,,,,
//SRC定義,(null),gr,x,y,w,h,div_x,div_y,cycle,timer,muki,range,type,disable,,,,,,
#SRC_SLIDER,0,10,0,0,66,72,1,1,0,0,2,406,6,1,,,,,,
//DST定義,(null),time,x,y,w,h,acc,a,r,g,b,blend,filter,angle,center,loop,timer,op1,op2,op3
#DST_SLIDER,0,850,1212,252,66,72,2,255,255,255,255,1,1,0,0,1950,0,0,0,0
#DST_SLIDER,0,1950,1212,9,66,72,2,255,255,255,255,1,1,,,,,,,

//left加算 ロード中,,,,,,,,,,,,,,,,,,,,
//SRC定義,(null),gr,x,y,w,h,div_x,div_y,cycle,timer,muki,range,type,disable,,,,,,
#SRC_SLIDER,0,10,66,0,66,72,1,1,0,0,2,406,6,1,,,,,,
//DST定義,(null),time,x,y,w,h,acc,a,r,g,b,blend,filter,angle,center,loop,timer,op1,op2,op3
#DST_SLIDER,0,850,1212,252,66,72,2,255,255,255,255,2,1,0,0,2100,0,0,0,0
#DST_SLIDER,0,1850,1212,9,66,72,2,255,255,255,255,2,1,,,,,,,
#DST_SLIDER,0,2100,1212,9,66,72,2,128,255,255,255,2,1,,,,,,,

//left加算 ゲーム中,,,,,,,,,,,,,,,,,,,,
//SRC定義,(null),gr,x,y,w,h,div_x,div_y,cycle,timer,muki,range,type,disable,,,,,,
#SRC_SLIDER,0,10,66,0,66,72,1,1,0,140,2,406,6,1,,,,,,
//DST定義,(null),time,x,y,w,h,acc,a,r,g,b,blend,filter,angle,center,loop,timer,op1,op2,op3
#DST_SLIDER,0,0,1212,9,66,72,0,128,255,255,255,2,1,0,0,0,140,0,0,0
#DST_SLIDER,0,750,1212,9,66,72,0,0,255,255,255,2,1,,,,,,,
#DST_SLIDER,0,1000,1212,9,66,72,0,0,255,255,255,2,1,,,,,,,
,,,,,,,,,,,,,,,,,,,,,
//ボム,,,,,,,,,,,,,,,,,,,,,
//今回からIMAGEに統合しました,,,,,,,,,,,,,,,,,,,,,
//タイマー50-70はそれぞれのレーンのボムタイマー,,,,,,,,,,,,,,,,,,,,,
//70-90はロングノートボムタイマーになってます,,,,,,,,,,,,,,,,,,,,,
//BOM,timer50- 1PBOM,,,,,,,,,,,,,,,,,,,,
,,,,,,,,,,,,,,,,,,,,,
//SC,,,,,,,,,,,,,,,,,,,,,
//SRC定義,(NULL),gr,x,y,w,h,div_x,div_y,cycle,timer,op1,op2,op3,,,,,,,,
#SRC_IMAGE,0,0,0,0,2896,192,16,0,251,50,0,0,0,,,,,,,,
//DST定義,(NULL),time,x,y,w,h,acc,a,r,g,b,blend,filter,angle,center,loop,timer,op1,op2,op3,
#DST_IMAGE,0,0,1085,355,262,288,0,255,255,255,255,2,1,0,0,-1,50,0,0,0,
#DST_IMAGE,0,250,1085,355,262,288,0,255,255,255,255,2,1,0,0,,,,,,
,,,,,,,,,,,,,,,,,,,,,
//1,,,,,,,,,,,,,,,,,,,,,
//SRC定義,(NULL),gr,x,y,w,h,div_x,div_y,cycle,timer,op1,op2,op3,,,,,,,,
#SRC_IMAGE,0,0,0,0,2896,192,16,0,251,51,0,0,0,,,,,,,,
//DST定義,(NULL),time,x,y,w,h,acc,a,r,g,b,blend,filter,angle,center,loop,timer,op1,op2,op3,
#DST_IMAGE,0,0,844,355,262,288,0,255,255,255,255,2,1,0,0,-1,51,0,0,0,
#DST_IMAGE,0,250,844,355,262,288,0,255,255,255,255,2,1,0,0,,,,,,
,,,,,,,,,,,,,,,,,,,,,
//2,,,,,,,,,,,,,,,,,,,,,
//SRC定義,(NULL),gr,x,y,w,h,div_x,div_y,cycle,timer,op1,op2,op3,,,,,,,,
#SRC_IMAGE,0,0,0,0,2896,192,16,0,251,52,0,0,0,,,,,,,,
//DST定義,(NULL),time,x,y,w,h,acc,a,r,g,b,blend,filter,angle,center,loop,timer,op1,op2,op3,
#DST_IMAGE,0,0,876,355,262,288,0,255,255,255,255,2,1,0,0,-1,52,0,0,0,
#DST_IMAGE,0,250,876,355,262,288,0,255,255,255,255,2,1,0,0,,,,,,
,,,,,,,,,,,,,,,,,,,,,
//3,,,,,,,,,,,,,,,,,,,,,
//SRC定義,(NULL),gr,x,y,w,h,div_x,div_y,cycle,timer,op1,op2,op3,,,,,,,,
#SRC_IMAGE,0,0,0,0,2896,192,16,0,251,53,0,0,0,,,,,,,,
//DST定義,(NULL),time,x,y,w,h,acc,a,r,g,b,blend,filter,angle,center,loop,timer,op1,op2,op3,
#DST_IMAGE,0,0,908,355,262,288,0,255,255,255,255,2,1,0,0,-1,53,0,0,0,
#DST_IMAGE,0,250,908,355,262,288,0,255,255,255,255,2,1,0,0,,,,,,
,,,,,,,,,,,,,,,,,,,,,
//4,,,,,,,,,,,,,,,,,,,,,
//SRC定義,(NULL),gr,x,y,w,h,div_x,div_y,cycle,timer,op1,op2,op3,,,,,,,,
#SRC_IMAGE,0,0,0,0,2896,192,16,0,251,54,0,0,0,,,,,,,,
//DST定義,(NULL),time,x,y,w,h,acc,a,r,g,b,blend,filter,angle,center,loop,timer,op1,op2,op3,
#DST_IMAGE,0,0,940,355,262,288,0,255,255,255,255,2,1,0,0,-1,54,0,0,0,
#DST_IMAGE,0,250,940,355,262,288,0,255,255,255,255,2,1,0,0,,,,,,
,,,,,,,,,,,,,,,,,,,,,
//5,,,,,,,,,,,,,,,,,,,,,
//SRC定義,(NULL),gr,x,y,w,h,div_x,div_y,cycle,timer,op1,op2,op3,,,,,,,,
#SRC_IMAGE,0,0,0,0,2896,192,16,0,251,55,0,0,0,,,,,,,,
//DST定義,(NULL),time,x,y,w,h,acc,a,r,g,b,blend,filter,angle,center,loop,timer,op1,op2,op3,
#DST_IMAGE,0,0,972,355,262,288,0,255,255,255,255,2,1,0,0,-1,55,0,0,0,
#DST_IMAGE,0,250,972,355,262,288,0,255,255,255,255,2,1,0,0,,,,,,
,,,,,,,,,,,,,,,,,,,,,
//6 ,,,,,,,,,,,,,,,,,,,,,
//SRC定義,(NULL),gr,x,y,w,h,div_x,div_y,cycle,timer,op1,op2,op3,,,,,,,,
#SRC_IMAGE,0,0,0,0,2896,192,16,0,251,56,0,0,0,,,,,,,,
//DST定義,(NULL),time,x,y,w,h,acc,a,r,g,b,blend,filter,angle,center,loop,timer,op1,op2,op3,
#DST_IMAGE,0,0,1004,355,262,288,0,255,255,255,255,2,1,0,0,-1,56,0,0,0,
#DST_IMAGE,0,250,1004,355,262,288,0,255,255,255,255,2,1,0,0,,,,,,
,,,,,,,,,,,,,,,,,,,,,
//7,,,,,,,,,,,,,,,,,,,,,
//SRC定義,(NULL),gr,x,y,w,h,div_x,div_y,cycle,timer,op1,op2,op3,,,,,,,,
#SRC_IMAGE,0,0,0,0,2896,192,16,0,251,57,0,0,0,,,,,,,,
//DST定義,(NULL),time,x,y,w,h,acc,a,r,g,b,blend,filter,angle,center,loop,timer,op1,op2,op3,
#DST_IMAGE,0,0,1036,355,262,288,0,255,255,255,255,2,1,0,0,-1,57,0,0,0,
#DST_IMAGE,0,250,1036,355,262,288,0,255,255,255,255,2,1,0,0,,,,,,
,,,,,,,,,,,,,,,,,,,,,
//LN EFFECT,timer70- 1P LN BOM,,,,,,,,,,,,,,,,,,,,
//SC,,,,,,,,,,,,,,,,,,,,,
//SRC定義,(NULL),gr,x,y,w,h,div_x,div_y,cycle,timer,op1,op2,op3,,,,,,,,
#SRC_IMAGE,0,0,0,0,724,192,4,1,80,70,0,0,0,,,,,,,,
//DST定義,(NULL),time,x,y,w,h,acc,a,r,g,b,blend,filter,angle,center,loop,timer,op1,op2,op3,
#DST_IMAGE,0,0,1085,355,262,288,0,255,255,255,255,2,1,0,0,0,70,0,0,0,
,,,,,,,,,,,,,,,,,,,,,
//1,,,,,,,,,,,,,,,,,,,,,
//SRC定義,(NULL),gr,x,y,w,h,div_x,div_y,cycle,timer,op1,op2,op3,,,,,,,,
#SRC_IMAGE,0,0,0,0,724,192,4,1,80,71,0,0,0,,,,,,,,
//DST定義,(NULL),time,x,y,w,h,acc,a,r,g,b,blend,filter,angle,center,loop,timer,op1,op2,op3,
#DST_IMAGE,0,0,844,355,262,288,0,255,255,255,255,2,1,0,0,0,71,0,0,0,
,,,,,,,,,,,,,,,,,,,,,
//2,,,,,,,,,,,,,,,,,,,,,
//SRC定義,(NULL),gr,x,y,w,h,div_x,div_y,cycle,timer,op1,op2,op3,,,,,,,,
#SRC_IMAGE,0,0,0,0,724,192,4,1,80,72,0,0,0,,,,,,,,
//DST定義,(NULL),time,x,y,w,h,acc,a,r,g,b,blend,filter,angle,center,loop,timer,op1,op2,op3,
#DST_IMAGE,0,0,876,355,262,288,0,255,255,255,255,2,1,0,0,0,72,0,0,0,
,,,,,,,,,,,,,,,,,,,,,
//3,,,,,,,,,,,,,,,,,,,,,
//SRC定義,(NULL),gr,x,y,w,h,div_x,div_y,cycle,timer,op1,op2,op3,,,,,,,,
#SRC_IMAGE,0,0,0,0,724,192,4,1,80,73,0,0,0,,,,,,,,
//DST定義,(NULL),time,x,y,w,h,acc,a,r,g,b,blend,filter,angle,center,loop,timer,op1,op2,op3,
#DST_IMAGE,0,0,908,355,262,288,0,255,255,255,255,2,1,0,0,0,73,0,0,0,
,,,,,,,,,,,,,,,,,,,,,
//4,,,,,,,,,,,,,,,,,,,,,
//SRC定義,(NULL),gr,x,y,w,h,div_x,div_y,cycle,timer,op1,op2,op3,,,,,,,,
#SRC_IMAGE,0,0,0,0,724,192,4,1,80,74,0,0,0,,,,,,,,
//DST定義,(NULL),time,x,y,w,h,acc,a,r,g,b,blend,filter,angle,center,loop,timer,op1,op2,op3,
#DST_IMAGE,0,0,940,355,262,288,0,255,255,255,255,2,1,0,0,0,74,0,0,0,
,,,,,,,,,,,,,,,,,,,,,
//5,,,,,,,,,,,,,,,,,,,,,
//SRC定義,(NULL),gr,x,y,w,h,div_x,div_y,cycle,timer,op1,op2,op3,,,,,,,,
#SRC_IMAGE,0,0,0,0,724,192,4,1,80,75,0,0,0,,,,,,,,
//DST定義,(NULL),time,x,y,w,h,acc,a,r,g,b,blend,filter,angle,center,loop,timer,op1,op2,op3,
#DST_IMAGE,0,0,972,355,262,288,0,255,255,255,255,2,1,0,0,0,75,0,0,0,
,,,,,,,,,,,,,,,,,,,,,
//6 ,,,,,,,,,,,,,,,,,,,,,
//SRC定義,(NULL),gr,x,y,w,h,div_x,div_y,cycle,timer,op1,op2,op3,,,,,,,,
#SRC_IMAGE,0,0,0,0,724,192,4,1,80,76,0,0,0,,,,,,,,
//DST定義,(NULL),time,x,y,w,h,acc,a,r,g,b,blend,filter,angle,center,loop,timer,op1,op2,op3,
#DST_IMAGE,0,0,1004,355,262,288,0,255,255,255,255,2,1,0,0,0,76,0,0,0,
,,,,,,,,,,,,,,,,,,,,,
//7,,,,,,,,,,,,,,,,,,,,,
//SRC定義,(NULL),gr,x,y,w,h,div_x,div_y,cycle,timer,op1,op2,op3,,,,,,,,
#SRC_IMAGE,0,0,0,0,724,192,4,1,80,77,0,0,0,,,,,,,,
//DST定義,(NULL),time,x,y,w,h,acc,a,r,g,b,blend,filter,angle,center,loop,timer,op1,op2,op3,
#DST_IMAGE,0,0,1036,355,262,288,0,255,255,255,255,2,1,0,0,0,77,0,0,0,
,,,,,,,,,,,,,,,,,,,,,

//グルーブゲージ,number107 groovegauge 1P,,,,,,,,,,,,,,,,,,,
//SRC定義,(null),gr,x,y,w,h,div_x,div_y,cycle,timer,num,align,keta,,,,,,,
#SRC_NUMBER,0,18,0,0,290,22,10,1,0,0,107,0,3,,,,,,,
//DST定義,(NULL),time,x,y,w,h,acc,a,r,g,b,blend,filter,angle,center,loop,timer,op1,op2,op3
#DST_NUMBER,0,1000,931,562,29,22,0,0,255,255,255,1,0,0,0,1300,0,0,0,0
#DST_NUMBER,0,1300,931,562,29,22,0,255,255,255,255,1,0,0,0,,,,,


//ハイスピード,,,,,,,,,,,,,,,,,,,,
//数値,number10 HS-1P,,,,,,,,,,,,,,,,,,,
//SRC定義,(null),gr,x,y,w,h,div_x,div_y,cycle,timer,num,align,keta,,,,,,,
#SRC_NUMBER,0,9,0,99,120,11,10,1,0,0,10,0,3,,,,,,,
//DST定義,(NULL),time,x,y,w,h,acc,a,r,g,b,blend,filter,angle,center,loop,timer,op1,op2,op3
#DST_NUMBER,0,1150,1056,637,12,11,0,0,255,255,255,1,1,0,0,1400,0,0,0,0
#DST_NUMBER,0,1400,1056,637,12,11,0,255,255,255,255,1,1,0,0,,,,,

//サドプラ数値,,,,,,,,,,,,,,,,,,,,
//option270 1Pサドプラ調整中に発動,,,,,,,,,,,,,,,,,,,,
//SRC定義,(null),gr,x,y,w,h,div_x,div_y,cycle,timer,num,align,keta,,,,,,,
#SRC_NUMBER,0,9,0,62,120,18,10,1,0,0,14,0,3,,,,,,,
//DST定義,(NULL),time,x,y,w,h,acc,a,r,g,b,blend,filter,angle,center,loop,timer,op1,op2,op3
#DST_NUMBER,0,0,1065,4,12,18,0,255,255,255,255,1,1,0,0,1000,0,270,0,
#DST_NUMBER,0,1000,1065,4,12,19,0,255,255,255,255,1,1,0,0,,,,,


#IF,38,
エフェクタ
//SRC定義,(NULL),gr,x,y,w,h,div_x,div_y,cycle,timer,type,click,panel,plusonly
#SRC_BUTTON,0,2,0,1678,234,243,1,9,0,40,20,0,0,0
//DST定義,(NULL),time,x,y,w,h,acc,a,r,g,b,blend,filter,angle,center,loop,timer,op1,op2,op3
#DST_BUTTON,0,0,349,688,234,27,0,0,255,255,255,1,0,0,0,300,40,0,0,0
#DST_BUTTON,0,300,349,688,234,27,0,255,255,255,255,1,0,0,0

//SRC定義,(NULL),gr,x,y,w,h,div_x,div_y,cycle,timer,type,click,panel,plusonly
#SRC_BUTTON,0,2,0,1678,234,243,1,9,0,140,20,0,0,0
//DST定義,(NULL),time,x,y,w,h,acc,a,r,g,b,blend,filter,angle,center,loop,timer,op1,op2,op3
#DST_BUTTON,0,0,349,688,234,27,0,0,85,255,255,2,0,0,0,0,140,0,0,0
#DST_BUTTON,0,1000,349,688,234,27,0,85,255,255,255,2,0,0,0

#ENDIF


#IF,39,950
エフェクタ
//SRC定義,(NULL),gr,x,y,w,h,div_x,div_y,cycle,timer,type,click,panel,plusonly
#SRC_BUTTON,0,2,0,1678,234,243,1,9,0,40,20,0,0,0
//DST定義,(NULL),time,x,y,w,h,acc,a,r,g,b,blend,filter,angle,center,loop,timer,op1,op2,op3
#DST_BUTTON,0,0,486,688,234,27,0,0,255,255,255,1,0,0,0,300,40,0,0,0
#DST_BUTTON,0,300,486,688,234,27,0,255,255,255,255,1,0,0,0

//SRC定義,(NULL),gr,x,y,w,h,div_x,div_y,cycle,timer,type,click,panel,plusonly
#SRC_BUTTON,0,2,0,1678,234,243,1,9,0,140,20,0,0,0
//DST定義,(NULL),time,x,y,w,h,acc,a,r,g,b,blend,filter,angle,center,loop,timer,op1,op2,op3
#DST_BUTTON,0,0,486,688,234,27,0,0,85,255,255,2,0,0,0,0,140,0,0,0
#DST_BUTTON,0,1000,486,688,234,27,0,85,255,255,255,2,0,0,0

#ENDIF


#IF,39,951
エフェクタ
//SRC定義,(NULL),gr,x,y,w,h,div_x,div_y,cycle,timer,type,click,panel,plusonly
#SRC_BUTTON,0,2,0,1678,234,243,1,9,0,40,20,0,0,0
//DST定義,(NULL),time,x,y,w,h,acc,a,r,g,b,blend,filter,angle,center,loop,timer,op1,op2,op3
#DST_BUTTON,0,0,208,688,234,27,0,0,255,255,255,1,0,0,0,300,40,0,0,0
#DST_BUTTON,0,300,208,688,234,27,0,255,255,255,255,1,0,0,0

//SRC定義,(NULL),gr,x,y,w,h,div_x,div_y,cycle,timer,type,click,panel,plusonly
#SRC_BUTTON,0,2,0,1678,234,243,1,9,0,140,20,0,0,0
//DST定義,(NULL),time,x,y,w,h,acc,a,r,g,b,blend,filter,angle,center,loop,timer,op1,op2,op3
#DST_BUTTON,0,0,208,688,234,27,0,0,85,255,255,2,0,0,0,0,140,0,0,0
#DST_BUTTON,0,1000,208,688,234,27,0,85,255,255,255,2,0,0,0

#ENDIF

//display judge,,,,,,,,,,,,,,,,,,,,

#IF,981,38,
//フレーム,,,,,,,,,,,,,,,,,,,,
//SRC定義,(NULL),gr,x,y,w,h,div_x,div_y,cycle,timer,op1,op2,op3,,,,,,,
#SRC_IMAGE,0,6,368,850,168,63,1,1,0,0,0,0,0,,,,,,,
//DST定義,(NULL),time,x,y,w,h,acc,a,r,g,b,blend,filter,angle,center,loop,timer,op1,op2,op3
#DST_IMAGE,0,1000,752,586,168,63,0,255,255,255,255,1,0,0,0,1000,40,0,0,0

//PERFECT,number110 perfect 1P,,,,,,,,,,,,,,,,,,,
//SRC定義,(null),gr,x,y,w,h,div_x,div_y,cycle,timer,num,align,keta,,,,,,,
#SRC_NUMBER,0,9,0,62,120,18,10,1,0,0,110,0,4,,,,,,,
//DST定義,(NULL),time,x,y,w,h,acc,a,r,g,b,blend,filter,angle,center,loop,timer,op1,op2,op3
#DST_NUMBER,0,1000,782,589,12,18,0,255,255,255,255,1,0,0,0,1000,40,0,0,0

//GREAT,number111 great 1P,,,,,,,,,,,,,,,,,,,
//SRC定義,(null),gr,x,y,w,h,div_x,div_y,cycle,timer,num,align,keta,,,,,,,
#SRC_NUMBER,0,9,0,62,120,18,10,1,0,0,111,0,4,,,,,,,
//DST定義,(NULL),time,x,y,w,h,acc,a,r,g,b,blend,filter,angle,center,loop,timer,op1,op2,op3
#DST_NUMBER,0,1000,782,608,12,18,0,255,255,255,255,1,0,0,0,1000,40,0,0,0

//GOOD,number112 good 1P,,,,,,,,,,,,,,,,,,,
//SRC定義,(null),gr,x,y,w,h,div_x,div_y,cycle,timer,num,align,keta,,,,,,,
#SRC_NUMBER,0,9,0,62,120,18,10,1,0,0,112,0,4,,,,,,,
//DST定義,(NULL),time,x,y,w,h,acc,a,r,g,b,blend,filter,angle,center,loop,timer,op1,op2,op3
#DST_NUMBER,0,1000,782,627,12,18,0,255,255,255,255,1,0,0,0,1000,40,0,0,0

//Bad,number113 bad 1P,,,,,,,,,,,,,,,,,,,
//SRC定義,(null),gr,x,y,w,h,div_x,div_y,cycle,timer,num,align,keta,,,,,,,
#SRC_NUMBER,0,9,0,62,120,18,10,1,0,0,113,0,4,,,,,,,
//DST定義,(NULL),time,x,y,w,h,acc,a,r,g,b,blend,filter,angle,center,loop,timer,op1,op2,op3
#DST_NUMBER,0,1000,863,589,12,18,0,255,255,255,255,1,0,0,0,1000,40,0,0,0

//Poor,number114 poor 1P,,,,,,,,,,,,,,,,,,,
//SRC定義,(null),gr,x,y,w,h,div_x,div_y,cycle,timer,num,align,keta,,,,,,,
#SRC_NUMBER,0,9,0,62,120,18,10,1,0,0,114,0,4,,,,,,,
//DST定義,(NULL),time,x,y,w,h,acc,a,r,g,b,blend,filter,angle,center,loop,timer,op1,op2,op3
#DST_NUMBER,0,1000,863,608,12,18,0,255,255,255,255,1,0,0,0,1000,40,0,0,0

#ENDIF


#IF,981,39,950
//フレーム,,,,,,,,,,,,,,,,,,,,
//SRC定義,(NULL),gr,x,y,w,h,div_x,div_y,cycle,timer,op1,op2,op3,,,,,,,
#SRC_IMAGE,0,6,368,850,168,63,1,1,0,0,0,0,0,,,,,,,
//DST定義,(NULL),time,x,y,w,h,acc,a,r,g,b,blend,filter,angle,center,loop,timer,op1,op2,op3
#DST_IMAGE,0,1000,752,646,168,63,0,255,255,255,255,1,0,0,0,1000,40,0,0,0

//PERFECT,number110 perfect 1P,,,,,,,,,,,,,,,,,,,
//SRC定義,(null),gr,x,y,w,h,div_x,div_y,cycle,timer,num,align,keta,,,,,,,
#SRC_NUMBER,0,9,0,62,120,18,10,1,0,0,110,0,4,,,,,,,
//DST定義,(NULL),time,x,y,w,h,acc,a,r,g,b,blend,filter,angle,center,loop,timer,op1,op2,op3
#DST_NUMBER,0,1000,782,649,12,18,0,255,255,255,255,1,0,0,0,1000,40,0,0,0

//GREAT,number111 great 1P,,,,,,,,,,,,,,,,,,,
//SRC定義,(null),gr,x,y,w,h,div_x,div_y,cycle,timer,num,align,keta,,,,,,,
#SRC_NUMBER,0,9,0,62,120,18,10,1,0,0,111,0,4,,,,,,,
//DST定義,(NULL),time,x,y,w,h,acc,a,r,g,b,blend,filter,angle,center,loop,timer,op1,op2,op3
#DST_NUMBER,0,1000,782,668,12,18,0,255,255,255,255,1,0,0,0,1000,40,0,0,0

//GOOD,number112 good 1P,,,,,,,,,,,,,,,,,,,
//SRC定義,(null),gr,x,y,w,h,div_x,div_y,cycle,timer,num,align,keta,,,,,,,
#SRC_NUMBER,0,9,0,62,120,18,10,1,0,0,112,0,4,,,,,,,
//DST定義,(NULL),time,x,y,w,h,acc,a,r,g,b,blend,filter,angle,center,loop,timer,op1,op2,op3
#DST_NUMBER,0,1000,782,687,12,18,0,255,255,255,255,1,0,0,0,1000,40,0,0,0

//Bad,number113 bad 1P,,,,,,,,,,,,,,,,,,,
//SRC定義,(null),gr,x,y,w,h,div_x,div_y,cycle,timer,num,align,keta,,,,,,,
#SRC_NUMBER,0,9,0,62,120,18,10,1,0,0,113,0,4,,,,,,,
//DST定義,(NULL),time,x,y,w,h,acc,a,r,g,b,blend,filter,angle,center,loop,timer,op1,op2,op3
#DST_NUMBER,0,1000,863,649,12,18,0,255,255,255,255,1,0,0,0,1000,40,0,0,0

//Poor,number114 poor 1P,,,,,,,,,,,,,,,,,,,
//SRC定義,(null),gr,x,y,w,h,div_x,div_y,cycle,timer,num,align,keta,,,,,,,
#SRC_NUMBER,0,9,0,62,120,18,10,1,0,0,114,0,4,,,,,,,
//DST定義,(NULL),time,x,y,w,h,acc,a,r,g,b,blend,filter,angle,center,loop,timer,op1,op2,op3
#DST_NUMBER,0,1000,863,668,12,18,0,255,255,255,255,1,0,0,0,1000,40,0,0,0

#ENDIF

#IF,981,39,951
//フレーム,,,,,,,,,,,,,,,,,,,,
//SRC定義,(NULL),gr,x,y,w,h,div_x,div_y,cycle,timer,op1,op2,op3,,,,,,,752
#SRC_IMAGE,0,6,368,850,168,63,1,1,0,0,0,0,0,,,,,,,
//DST定義,(NULL),time,x,y,w,h,acc,a,r,g,b,blend,filter,angle,center,loop,timer,op1,op2,op3
#DST_IMAGE,0,1000,471,646,168,63,0,255,255,255,255,1,0,0,0,1000,40,0,0,0

//PERFECT,number110 perfect 1P,,,,,,,,,,,,,,,,,,,
//SRC定義,(null),gr,x,y,w,h,div_x,div_y,cycle,timer,num,align,keta,,,,,,,
#SRC_NUMBER,0,9,0,62,120,18,10,1,0,0,110,0,4,,,,,,,
//DST定義,(NULL),time,x,y,w,h,acc,a,r,g,b,blend,filter,angle,center,loop,timer,op1,op2,op3
#DST_NUMBER,0,1000,501,649,12,18,0,255,255,255,255,1,0,0,0,1000,40,0,0,0

//GREAT,number111 great 1P,,,,,,,,,,,,,,,,,,,
//SRC定義,(null),gr,x,y,w,h,div_x,div_y,cycle,timer,num,align,keta,,,,,,,
#SRC_NUMBER,0,9,0,62,120,18,10,1,0,0,111,0,4,,,,,,,
//DST定義,(NULL),time,x,y,w,h,acc,a,r,g,b,blend,filter,angle,center,loop,timer,op1,op2,op3
#DST_NUMBER,0,1000,501,668,12,18,0,255,255,255,255,1,0,0,0,1000,40,0,0,0

//GOOD,number112 good 1P,,,,,,,,,,,,,,,,,,,
//SRC定義,(null),gr,x,y,w,h,div_x,div_y,cycle,timer,num,align,keta,,,,,,,
#SRC_NUMBER,0,9,0,62,120,18,10,1,0,0,112,0,4,,,,,,,
//DST定義,(NULL),time,x,y,w,h,acc,a,r,g,b,blend,filter,angle,center,loop,timer,op1,op2,op3
#DST_NUMBER,0,1000,501,687,12,18,0,255,255,255,255,1,0,0,0,1000,40,0,0,0

//Bad,number113 bad 1P,,,,,,,,,,,,,,,,,,,
//SRC定義,(null),gr,x,y,w,h,div_x,div_y,cycle,timer,num,align,keta,,,,,,,
#SRC_NUMBER,0,9,0,62,120,18,10,1,0,0,113,0,4,,,,,,,
//DST定義,(NULL),time,x,y,w,h,acc,a,r,g,b,blend,filter,angle,center,loop,timer,op1,op2,op3
#DST_NUMBER,0,1000,582,649,12,18,0,255,255,255,255,1,0,0,0,1000,40,0,0,0

//Poor,number114 poor 1P,,,,,,,,,,,,,,,,,,,
//SRC定義,(null),gr,x,y,w,h,div_x,div_y,cycle,timer,num,align,keta,,,,,,,
#SRC_NUMBER,0,9,0,62,120,18,10,1,0,0,114,0,4,,,,,,,
//DST定義,(NULL),time,x,y,w,h,acc,a,r,g,b,blend,filter,angle,center,loop,timer,op1,op2,op3
#DST_NUMBER,0,1000,582,668,12,18,0,255,255,255,255,1,0,0,0,1000,40,0,0,0

#ENDIF

/////////////////////////////////////////////////////////////////////////////////////////////////////////////////////////////////////////////,,,,,,,,,,,,,,,,,,,,
//フルコンエフェクト他,,,,,,,,,,,,,,,,,,,,,
//全ノートの処理の終了時に、タイマーが発動します,,,,,,,,,,,,,,,,,,,,,
#SRC_IMAGE,0,3,0,2330,217,92,1,2,34,0,0,0,0,,,,,,,,
#DST_IMAGE,0,516,820,225,217,46,0,0,255,255,255,1,0,0,0,-1,48,0,0,0,
#DST_IMAGE,0,683,910,225,217,46,0,255,255,255,255,1,0,0,0,,,,,,
#DST_IMAGE,0,850,915,225,217,46,0,255,255,255,255,1,0,0,0,,,,,,
#DST_IMAGE,0,1150,925,225,217,46,0,255,255,255,255,1,0,0,0,,,,,,
#DST_IMAGE,0,1683,942,225,217,46,0,255,255,255,255,1,0,0,0,,,,,,
#DST_IMAGE,0,1850,1116,225,217,46,0,0,255,255,255,1,0,0,0,,,,,,
,,,,,,,,,,,,,,,,,,,,,
#SRC_IMAGE,0,3,218,2330,274,92,1,2,34,0,0,0,0,,,,,,,,
#DST_IMAGE,0,516,1066,261,274,46,0,0,255,255,255,1,0,0,0,-1,48,0,0,0,
#DST_IMAGE,0,683,976,261,274,46,0,255,255,255,255,1,0,0,0,,,,,,
#DST_IMAGE,0,850,971,261,274,46,0,255,255,255,255,1,0,0,0,,,,,,
#DST_IMAGE,0,1150,961,261,274,46,0,255,255,255,255,1,0,0,0,,,,,,
#DST_IMAGE,0,1683,944,261,274,46,0,255,255,255,255,1,0,0,0,,,,,,
#DST_IMAGE,0,1850,768,261,274,46,0,0,255,255,255,1,0,0,0,,,,,,
,,,,,,,,,,,,,,,,,,,,,
//上昇する光1,,,,,,,,,,,,,,,,,,,,,
//SRC定義,(NULL),gr,x,y,w,h,div_x,div_y,cycle,timer,op1,op2,op3,,,,,,,,
#SRC_IMAGE,0,3,14,0,2,347,1,1,0,0,0,0,0,,,,,,,,
//DST定義,(NULL),time,x,y,w,h,acc,a,r,g,b,blend,filter,angle,center,loop,timer,op1,op2,op3,
#DST_IMAGE,0,33,974,482,2,-47,0,255,255,255,255,2,0,0,0,-1,48,0,0,0,
#DST_IMAGE,0,133,974,467,2,-347,0,255,255,255,255,2,0,0,0,,,,,,
#DST_IMAGE,0,266,974,47,2,-347,0,255,255,255,255,2,0,0,0,,,,,,
,,,,,,,,,,,,,,,,,,,,,
//上昇する光2,,,,,,,,,,,,,,,,,,,,,
//SRC定義,(NULL),gr,x,y,w,h,div_x,div_y,cycle,timer,op1,op2,op3,,,,,,,,
#SRC_IMAGE,0,3,14,0,2,347,1,1,0,0,0,0,0,,,,,,,,
//DST定義,(NULL),time,x,y,w,h,acc,a,r,g,b,blend,filter,angle,center,loop,timer,op1,op2,op3,
#DST_IMAGE,0,33,1058,482,2,-12,0,255,255,255,255,2,0,0,0,-1,48,0,0,0,
#DST_IMAGE,0,383,1058,463,2,-347,0,255,255,255,255,2,0,0,0,,,,,,
#DST_IMAGE,0,833,1058,9,2,-347,0,255,255,255,255,2,0,0,0,,,,,,
,,,,,,,,,,,,,,,,,,,,,
//上昇する光3,,,,,,,,,,,,,,,,,,,,,
//SRC定義,(NULL),gr,x,y,w,h,div_x,div_y,cycle,timer,op1,op2,op3,,,,,,,,
#SRC_IMAGE,0,3,14,0,2,347,1,1,0,0,0,0,0,,,,,,,,
//DST定義,(NULL),time,x,y,w,h,acc,a,r,g,b,blend,filter,angle,center,loop,timer,op1,op2,op3,
#DST_IMAGE,0,33,1085,482,2,-21,0,255,255,255,255,2,0,0,0,-1,48,0,0,0,
#DST_IMAGE,0,216,1085,475,2,-347,0,255,255,255,255,2,0,0,0,,,,,,
#DST_IMAGE,0,466,1085,22,2,-347,0,255,255,255,255,2,0,0,0,,,,,,
,,,,,,,,,,,,,,,,,,,,,
//上昇する光4,,,,,,,,,,,,,,,,,,,,,
//SRC定義,(NULL),gr,x,y,w,h,div_x,div_y,cycle,timer,op1,op2,op3,,,,,,,,
#SRC_IMAGE,0,3,14,0,2,347,1,1,0,0,0,0,0,,,,,,,,
//DST定義,(NULL),time,x,y,w,h,acc,a,r,g,b,blend,filter,angle,center,loop,timer,op1,op2,op3,
#DST_IMAGE,0,83,1025,482,2,-56,0,255,255,255,255,2,0,0,0,-1,48,0,0,0,
#DST_IMAGE,0,166,1025,419,2,-347,0,255,255,255,255,2,0,0,0,,,,,,
#DST_IMAGE,0,250,1025,65,2,-347,0,255,255,255,255,2,0,0,0,,,,,,
,,,,,,,,,,,,,,,,,,,,,
//上昇する光5,,,,,,,,,,,,,,,,,,,,,
//SRC定義,(NULL),gr,x,y,w,h,div_x,div_y,cycle,timer,op1,op2,op3,,,,,,,,
#SRC_IMAGE,0,3,14,0,2,347,1,1,0,0,0,0,0,,,,,,,,
//DST定義,(NULL),time,x,y,w,h,acc,a,r,g,b,blend,filter,angle,center,loop,timer,op1,op2,op3,
#DST_IMAGE,0,116,1175,482,2,-29,0,255,255,255,255,2,0,0,0,-1,48,0,0,0,
#DST_IMAGE,0,283,1175,457,2,-347,0,255,255,255,255,2,0,0,0,,,,,,
#DST_IMAGE,0,500,1175,11,2,-347,0,255,255,255,255,2,0,0,0,,,,,,
,,,,,,,,,,,,,,,,,,,,,
//上昇する光6,,,,,,,,,,,,,,,,,,,,,
//SRC定義,(NULL),gr,x,y,w,h,div_x,div_y,cycle,timer,op1,op2,op3,,,,,,,,
#SRC_IMAGE,0,3,14,0,2,347,1,1,0,0,0,0,0,,,,,,,,
//DST定義,(NULL),time,x,y,w,h,acc,a,r,g,b,blend,filter,angle,center,loop,timer,op1,op2,op3,
#DST_IMAGE,0,183,1135,482,2,-64,0,255,255,255,255,2,0,0,0,-1,48,0,0,0,
#DST_IMAGE,0,266,1135,414,2,-347,0,255,255,255,255,2,0,0,0,,,,,,
#DST_IMAGE,0,350,1135,64,2,-347,0,255,255,255,255,2,0,0,0,,,,,,
,,,,,,,,,,,,,,,,,,,,,
//上昇する光7,,,,,,,,,,,,,,,,,,,,,
//SRC定義,(NULL),gr,x,y,w,h,div_x,div_y,cycle,timer,op1,op2,op3,,,,,,,,
#SRC_IMAGE,0,3,14,0,2,347,1,1,0,0,0,0,0,,,,,,,,
//DST定義,(NULL),time,x,y,w,h,acc,a,r,g,b,blend,filter,angle,center,loop,timer,op1,op2,op3,
#DST_IMAGE,0,216,1101,482,2,-30,0,255,255,255,255,2,0,0,0,-1,48,0,0,0,
#DST_IMAGE,0,383,1101,449,2,-347,0,255,255,255,255,2,0,0,0,,,,,,
#DST_IMAGE,0,583,1101,30,2,-347,0,255,255,255,255,2,0,0,0,,,,,,
,,,,,,,,,,,,,,,,,,,,,
//上昇する光8,,,,,,,,,,,,,,,,,,,,,
//SRC定義,(NULL),gr,x,y,w,h,div_x,div_y,cycle,timer,op1,op2,op3,,,,,,,,
#SRC_IMAGE,0,3,14,0,2,347,1,1,0,0,0,0,0,,,,,,,,
//DST定義,(NULL),time,x,y,w,h,acc,a,r,g,b,blend,filter,angle,center,loop,timer,op1,op2,op3,
#DST_IMAGE,0,233,1001,482,2,-46,0,255,255,255,255,2,0,0,0,-1,48,0,0,0,
#DST_IMAGE,0,333,1001,468,2,-347,0,255,255,255,255,2,0,0,0,,,,,,
#DST_IMAGE,0,466,1001,47,2,-347,0,255,255,255,255,2,0,0,0,,,,,,
,,,,,,,,,,,,,,,,,,,,,
//上昇する光9,,,,,,,,,,,,,,,,,,,,,
//SRC定義,(NULL),gr,x,y,w,h,div_x,div_y,cycle,timer,op1,op2,op3,,,,,,,,
#SRC_IMAGE,0,3,14,0,2,347,1,1,0,0,0,0,0,,,,,,,,
//DST定義,(NULL),time,x,y,w,h,acc,a,r,g,b,blend,filter,angle,center,loop,timer,op1,op2,op3,
#DST_IMAGE,0,250,964,482,2,-28,0,255,255,255,255,2,0,0,0,-1,48,0,0,0,
#DST_IMAGE,0,416,964,464,2,-347,0,255,255,255,255,2,0,0,0,,,,,,
#DST_IMAGE,0,633,964,26,2,-347,0,255,255,255,255,2,0,0,0,,,,,,
,,,,,,,,,,,,,,,,,,,,,
//上昇する光10,,,,,,,,,,,,,,,,,,,,,
//SRC定義,(NULL),gr,x,y,w,h,div_x,div_y,cycle,timer,op1,op2,op3,,,,,,,,
#SRC_IMAGE,0,3,14,0,2,347,1,1,0,0,0,0,0,,,,,,,,
//DST定義,(NULL),time,x,y,w,h,acc,a,r,g,b,blend,filter,angle,center,loop,timer,op1,op2,op3,
#DST_IMAGE,0,400,1038,482,2,-20,0,255,255,255,255,2,0,0,0,-1,48,0,0,0,
#DST_IMAGE,0,616,1038,467,2,-347,0,255,255,255,255,2,0,0,0,,,,,,
#DST_IMAGE,0,900,1038,20,2,-347,0,255,255,255,255,2,0,0,0,,,,,,
,,,,,,,,,,,,,,,,,,,,,
//上昇する光11,,,,,,,,,,,,,,,,,,,,,
//SRC定義,(NULL),gr,x,y,w,h,div_x,div_y,cycle,timer,op1,op2,op3,,,,,,,,
#SRC_IMAGE,0,3,14,0,2,347,1,1,0,0,0,0,0,,,,,,,,
//DST定義,(NULL),time,x,y,w,h,acc,a,r,g,b,blend,filter,angle,center,loop,timer,op1,op2,op3,
#DST_IMAGE,0,416,1135,482,2,-44,0,255,255,255,255,2,0,0,0,-1,48,0,0,0,
#DST_IMAGE,0,516,1135,468,2,-347,0,255,255,255,255,2,0,0,0,,,,,,
#DST_IMAGE,0,650,1135,45,2,-347,0,255,255,255,255,2,0,0,0,,,,,,
,,,,,,,,,,,,,,,,,,,,,
//上昇する光12,,,,,,,,,,,,,,,,,,,,,
//SRC定義,(NULL),gr,x,y,w,h,div_x,div_y,cycle,timer,op1,op2,op3,,,,,,,,
#SRC_IMAGE,0,3,14,0,2,347,1,1,0,0,0,0,0,,,,,,,,
//DST定義,(NULL),time,x,y,w,h,acc,a,r,g,b,blend,filter,angle,center,loop,timer,op1,op2,op3,
#DST_IMAGE,0,450,1210,482,2,-41,0,255,255,255,255,2,0,0,0,-1,48,0,0,0,
#DST_IMAGE,0,550,1210,470,2,-347,0,255,255,255,255,2,0,0,0,,,,,,
#DST_IMAGE,0,683,1210,47,2,-347,0,255,255,255,255,2,0,0,0,,,,,,
,,,,,,,,,,,,,,,,,,,,,
//上昇する光13,,,,,,,,,,,,,,,,,,,,,
//SRC定義,(NULL),gr,x,y,w,h,div_x,div_y,cycle,timer,op1,op2,op3,,,,,,,,
#SRC_IMAGE,0,3,14,0,2,347,1,1,0,0,0,0,0,,,,,,,,
//DST定義,(NULL),time,x,y,w,h,acc,a,r,g,b,blend,filter,angle,center,loop,timer,op1,op2,op3,
#DST_IMAGE,0,450,994,482,2,-13,0,255,255,255,255,2,0,0,0,-1,48,0,0,0,
#DST_IMAGE,0,750,994,480,2,-347,0,255,255,255,255,2,0,0,0,,,,,,
#DST_IMAGE,0,1166,994,14,2,-347,0,255,255,255,255,2,0,0,0,,,,,,
,,,,,,,,,,,,,,,,,,,,,
//メイン1,,,,,,,,,,,,,,,,,,,,,
//SRC定義,(NULL),gr,x,y,w,h,div_x,div_y,cycle,timer,op1,op2,op3,,,,,,,,
#SRC_IMAGE,0,3,0,0,4,507,1,1,0,0,0,0,0,,,,,,,,
//DST定義,(NULL),time,x,y,w,h,acc,a,r,g,b,blend,filter,angle,center,loop,timer,op1,op2,op3,
#DST_IMAGE,0,16,942,482,288,0,0,255,255,255,255,2,0,0,0,-1,48,0,0,0,
#DST_IMAGE,0,116,942,482,288,-507,0,255,255,255,255,2,0,0,0,,,,,,
#DST_IMAGE,0,583,1085,482,2,-507,0,255,255,255,255,2,0,0,0,,,,,,
#DST_IMAGE,0,833,1085,482,2,-507,0,130,255,255,255,2,0,0,0,,,,,,
#DST_IMAGE,0,1233,1085,482,2,-507,0,0,255,255,255,2,0,0,0,,,,,,
,,,,,,,,,,,,,,,,,,,,,
//メイン2,,,,,,,,,,,,,,,,,,,,,
//SRC定義,(NULL),gr,x,y,w,h,div_x,div_y,cycle,timer,op1,op2,op3,,,,,,,,
#SRC_IMAGE,0,3,5,0,1,482,1,1,0,0,0,0,0,,,,,,,,
//DST定義,(NULL),time,x,y,w,h,acc,a,r,g,b,blend,filter,angle,center,loop,timer,op1,op2,op3,
#DST_IMAGE,0,16,942,482,288,-482,0,0,255,255,255,2,0,0,0,-1,48,0,0,0,
#DST_IMAGE,0,183,942,482,288,-482,0,255,255,255,255,2,0,0,0,,,,,,
#DST_IMAGE,0,333,942,482,288,-482,0,255,255,255,255,2,0,0,0,,,,,,
#DST_IMAGE,0,683,942,482,288,-482,0,0,255,255,255,2,0,0,0,,,,,,
,,,,,,,,,,,,,,,,,,,,,
//メイン3,,,,,,,,,,,,,,,,,,,,,
//SRC定義,(NULL),gr,x,y,w,h,div_x,div_y,cycle,timer,op1,op2,op3,,,,,,,,
#SRC_IMAGE,0,3,17,0,458,151,1,1,0,0,0,0,0,,,,,,,,
//DST定義,(NULL),time,x,y,w,h,acc,a,r,g,b,blend,filter,angle,center,loop,timer,op1,op2,op3,
#DST_IMAGE,0,33,860,406,458,151,0,40,255,255,255,2,0,0,0,-1,48,0,0,0,
#DST_IMAGE,0,133,860,181,458,604,0,255,255,255,255,2,0,0,0,,,,,,
#DST_IMAGE,0,516,860,263,458,439,0,250,255,255,255,2,0,0,0,,,,,,
#DST_IMAGE,0,833,860,331,458,302,0,150,255,255,255,2,0,0,0,,,,,,
#DST_IMAGE,0,1316,860,331,458,302,0,0,255,255,255,2,0,0,0,,,,,,
,,,,,,,,,,,,,,,,,,,,,
//メイン4,,,,,,,,,,,,,,,,,,,,,
//SRC定義,(NULL),gr,x,y,w,h,div_x,div_y,cycle,timer,op1,op2,op3,,,,,,,,
#SRC_IMAGE,0,3,211,0,60,151,1,1,0,0,0,0,0,,,,,,,,
//DST定義,(NULL),time,x,y,w,h,acc,a,r,g,b,blend,filter,angle,center,loop,timer,op1,op2,op3,
#DST_IMAGE,0,366,844,124,482,235,0,30,255,255,255,2,0,90,0,-1,48,0,0,0,
#DST_IMAGE,0,500,844,150,482,181,0,255,255,255,255,2,0,90,0,,,,,,
#DST_IMAGE,0,816,844,216,482,51,0,100,255,255,255,2,0,90,0,,,,,,
#DST_IMAGE,0,1050,844,216,482,51,0,0,255,255,255,2,0,90,0,,,,,,
,,,,,,,,,,,,,,,,,,,,,
//フラッシュ1,,,,,,,,,,,,,,,,,,,,,
//SRC定義,(NULL),gr,x,y,w,h,div_x,div_y,cycle,timer,op1,op2,op3,,,,,,,,
#SRC_IMAGE,0,3,17,152,200,173,1,1,0,0,0,0,0,,,,,,,,
//DST定義,(NULL),time,x,y,w,h,acc,a,r,g,b,blend,filter,angle,center,loop,timer,op1,op2,op3,
#DST_IMAGE,0,16,688,132,800,692,0,255,255,255,255,2,0,0,0,-1,48,0,0,0,
#DST_IMAGE,0,116,888,304,400,346,0,255,255,255,255,2,0,0,0,,,,,,
#DST_IMAGE,0,283,888,304,400,346,0,0,255,255,255,2,0,0,0,,,,,,
#DST_IMAGE,0,515,788,218,600,519,0,0,255,255,2,0,0,0,,,,,,,
#DST_IMAGE,0,516,788,218,600,519,0,255,255,255,255,2,0,0,0,,,,,,
#DST_IMAGE,0,633,888,304,400,346,0,255,255,255,255,2,0,0,0,,,,,,
#DST_IMAGE,0,1016,888,304,400,346,0,0,255,255,255,2,0,0,0,,,,,,
,,,,,,,,,,,,,,,,,,,,,
//フラッシュ2,,,,,,,,,,,,,,,,,,,,,
//SRC定義,(NULL),gr,x,y,w,h,div_x,div_y,cycle,timer,op1,op2,op3,,,,,,,,
#SRC_IMAGE,0,3,17,152,400,173,2,1,34,48,0,0,0,,,,,,,,
//DST定義,(NULL),time,x,y,w,h,acc,a,r,g,b,blend,filter,angle,center,loop,timer,op1,op2,op3,
#DST_IMAGE,0,633,788,218,600,519,0,0,255,255,255,2,0,0,0,-1,48,0,0,0,
#DST_IMAGE,0,900,838,256,500,433,0,255,255,255,255,2,0,0,0,,,,,,
#DST_IMAGE,0,1566,938,345,300,260,0,255,255,255,255,2,0,0,0,,,,,,
#DST_IMAGE,0,1866,988,387,200,173,0,0,255,255,255,2,0,0,0,,,,,,
,,,,,,,,,,,,,,,,,,,,,
//フラッシュ3,,,,,,,,,,,,,,,,,,,,,
//SRC定義,(NULL),gr,x,y,w,h,div_x,div_y,cycle,timer,op1,op2,op3,,,,,,,,
#SRC_IMAGE,0,3,17,326,640,640,1,1,0,0,0,0,0,,,,,,,,
//DST定義,(NULL),time,x,y,w,h,acc,a,r,g,b,blend,filter,angle,center,loop,timer,op1,op2,op3,
#DST_IMAGE,0,16,924,296,320,320,0,255,255,255,255,2,0,0,0,-1,48,0,0,0,
#DST_IMAGE,0,183,620,-8,930,930,0,255,255,255,255,2,0,0,0,,,,,,
#DST_IMAGE,0,350,444,-184,1280,1280,0,0,255,255,255,2,0,0,0,,,,,,
,,,,,,,,,,,,,,,,,,,,,
//リング1,,,,,,,,,,,,,,,,,,,,,
//SRC定義,(NULL),gr,x,y,w,h,div_x,div_y,cycle,timer,op1,op2,op3,,,,,,,,
#SRC_IMAGE,0,3,476,0,368,304,1,1,0,0,0,0,0,,,,,,,,
//DST定義,(NULL),time,x,y,w,h,acc,a,r,g,b,blend,filter,angle,center,loop,timer,op1,op2,op3,
#DST_IMAGE,0,16,996,383,185,153,0,255,255,255,255,2,0,0,0,-1,48,0,0,0,
#DST_IMAGE,0,116,914,315,350,289,0,255,255,255,255,2,0,0,0,,,,,,
#DST_IMAGE,0,350,739,171,700,578,0,0,255,255,255,2,0,0,0,,,,,,
#DST_IMAGE,0,1015,900,312,368,304,0,0,255,255,255,2,0,0,0,,,,,,
#DST_IMAGE,0,1016,900,312,368,304,0,255,255,255,255,2,0,0,0,,,,,,
#DST_IMAGE,0,1966,739,171,700,578,0,0,255,255,255,2,0,0,0,,,,,,
,,,,,,,,,,,,,,,,,,,,,
//リング2,,,,,,,,,,,,,,,,,,,,,
//SRC定義,(NULL),gr,x,y,w,h,div_x,div_y,cycle,timer,op1,op2,op3,,,,,,,,
#SRC_IMAGE,0,3,658,317,558,308,1,1,0,0,0,0,0,,,,,,,,
//DST定義,(NULL),time,x,y,w,h,acc,a,r,g,b,blend,filter,angle,center,loop,timer,op1,op2,op3,
#DST_IMAGE,0,516,1018,431,150,83,0,255,255,255,255,2,0,0,0,-1,48,0,0,0,
#DST_IMAGE,0,1016,825,325,558,308,0,255,255,255,255,2,0,0,0,,,,,,
#DST_IMAGE,0,1533,685,260,837,462,0,0,255,255,255,2,0,0,0,,,,,,
,,,,,,,,,,,,,,,,,,,,,
//リング3,,,,,,,,,,,,,,,,,,,,,
//SRC定義,(NULL),gr,x,y,w,h,div_x,div_y,cycle,timer,op1,op2,op3,,,,,,,,
#SRC_IMAGE,0,3,0,1666,1406,662,1,1,0,0,0,0,0,,,,,,,,
//DST定義,(NULL),time,x,y,w,h,acc,a,r,g,b,blend,filter,angle,center,loop,timer,op1,op2,op3,
#DST_IMAGE,0,583,1046,453,90,42,0,255,255,255,255,2,0,0,0,-1,48,0,0,0,
#DST_IMAGE,0,1083,406,215,1406,662,0,255,255,255,255,2,0,0,0,,,,,,
#DST_IMAGE,0,1550,332,188,1547,728,0,0,255,255,255,2,0,0,0,,,,,,
,,,,,,,,,,,,,,,,,,,,,
//キラキラ1,,,,,,,,,,,,,,,,,,,,,
//SRC定義,(NULL),gr,x,y,w,h,div_x,div_y,cycle,timer,op1,op2,op3,,,,,,,,
#SRC_IMAGE,0,3,418,152,27,155,1,5,83,48,0,0,0,,,,,,,,
//DST定義,(NULL),time,x,y,w,h,acc,a,r,g,b,blend,filter,angle,center,loop,timer,op1,op2,op3,
#DST_IMAGE,0,483,1074,463,27,31,0,255,255,255,255,2,0,0,0,-1,48,0,0,0,
#DST_IMAGE,0,1450,1032,496,27,31,0,255,255,255,255,2,0,0,0,,,,,,
,,,,,,,,,,,,,,,,,,,,,
//キラキラ2,,,,,,,,,,,,,,,,,,,,,
//SRC定義,(NULL),gr,x,y,w,h,div_x,div_y,cycle,timer,op1,op2,op3,,,,,,,,
#SRC_IMAGE,0,3,418,152,27,155,1,5,83,48,0,0,0,,,,,,,,
//DST定義,(NULL),time,x,y,w,h,acc,a,r,g,b,blend,filter,angle,center,loop,timer,op1,op2,op3,
#DST_IMAGE,0,633,1074,392,27,31,0,255,255,255,255,2,0,0,0,-1,48,0,0,0,
#DST_IMAGE,0,1266,1098,306,27,31,0,255,255,255,255,2,0,0,0,,,,,,
,,,,,,,,,,,,,,,,,,,,,
//キラキラ3,,,,,,,,,,,,,,,,,,,,,
//SRC定義,(NULL),gr,x,y,w,h,div_x,div_y,cycle,timer,op1,op2,op3,,,,,,,,
#SRC_IMAGE,0,3,418,152,27,155,1,5,83,48,0,0,0,,,,,,,,
//DST定義,(NULL),time,x,y,w,h,acc,a,r,g,b,blend,filter,angle,center,loop,timer,op1,op2,op3,
#DST_IMAGE,0,650,1074,426,27,31,0,255,255,255,255,2,0,0,0,-1,48,0,0,0,
#DST_IMAGE,0,1433,1013,412,27,31,0,255,255,255,255,2,0,0,0,,,,,,
,,,,,,,,,,,,,,,,,,,,,
//キラキラ4,,,,,,,,,,,,,,,,,,,,,
//SRC定義,(NULL),gr,x,y,w,h,div_x,div_y,cycle,timer,op1,op2,op3,,,,,,,,
#SRC_IMAGE,0,3,418,152,27,155,1,5,83,48,0,0,0,,,,,,,,
//DST定義,(NULL),time,x,y,w,h,acc,a,r,g,b,blend,filter,angle,center,loop,timer,op1,op2,op3,
#DST_IMAGE,0,716,1074,427,27,31,0,255,255,255,255,2,0,0,0,-1,48,0,0,0,
#DST_IMAGE,0,1550,1020,358,27,31,0,255,255,255,255,2,0,0,0,,,,,,
,,,,,,,,,,,,,,,,,,,,,
//キラキラ5,,,,,,,,,,,,,,,,,,,,,
//SRC定義,(NULL),gr,x,y,w,h,div_x,div_y,cycle,timer,op1,op2,op3,,,,,,,,
#SRC_IMAGE,0,3,418,152,27,155,1,5,83,48,0,0,0,,,,,,,,
//DST定義,(NULL),time,x,y,w,h,acc,a,r,g,b,blend,filter,angle,center,loop,timer,op1,op2,op3,
#DST_IMAGE,0,733,1074,425,27,31,0,255,255,255,255,2,0,0,0,-1,48,0,0,0,
#DST_IMAGE,0,1416,1208,371,27,31,0,255,255,255,255,2,0,0,0,,,,,,
,,,,,,,,,,,,,,,,,,,,,
//キラキラ6,,,,,,,,,,,,,,,,,,,,,
//SRC定義,(NULL),gr,x,y,w,h,div_x,div_y,cycle,timer,op1,op2,op3,,,,,,,,
#SRC_IMAGE,0,3,418,152,27,155,1,5,83,48,0,0,0,,,,,,,,
//DST定義,(NULL),time,x,y,w,h,acc,a,r,g,b,blend,filter,angle,center,loop,timer,op1,op2,op3,
#DST_IMAGE,0,816,1074,389,27,31,0,255,255,255,255,2,0,0,0,-1,48,0,0,0,
#DST_IMAGE,0,1767,1056,303,27,31,0,255,255,255,255,2,0,0,0,,,,,,
,,,,,,,,,,,,,,,,,,,,,
//キラキラ7,,,,,,,,,,,,,,,,,,,,,
//SRC定義,(NULL),gr,x,y,w,h,div_x,div_y,cycle,timer,op1,op2,op3,,,,,,,,
#SRC_IMAGE,0,3,418,152,27,155,1,5,83,48,0,0,0,,,,,,,,
//DST定義,(NULL),time,x,y,w,h,acc,a,r,g,b,blend,filter,angle,center,loop,timer,op1,op2,op3,
#DST_IMAGE,0,866,1074,462,27,31,0,255,255,255,255,2,0,0,0,-1,48,0,0,0,
#DST_IMAGE,0,1550,1154,411,27,31,0,255,255,255,255,2,0,0,0,,,,,,
,,,,,,,,,,,,,,,,,,,,,
//キラキラ8,,,,,,,,,,,,,,,,,,,,,
//SRC定義,(NULL),gr,x,y,w,h,div_x,div_y,cycle,timer,op1,op2,op3,,,,,,,,
#SRC_IMAGE,0,3,418,152,27,155,1,5,83,48,0,0,0,,,,,,,,
//DST定義,(NULL),time,x,y,w,h,acc,a,r,g,b,blend,filter,angle,center,loop,timer,op1,op2,op3,
#DST_IMAGE,0,883,1074,451,27,31,0,255,255,255,255,2,0,0,0,-1,48,0,0,0,
#DST_IMAGE,0,2000,1189,435,27,31,0,255,255,255,255,2,0,0,0,,,,,,
,,,,,,,,,,,,,,,,,,,,,
//キラキラ9,,,,,,,,,,,,,,,,,,,,,
//SRC定義,(NULL),gr,x,y,w,h,div_x,div_y,cycle,timer,op1,op2,op3,,,,,,,,
#SRC_IMAGE,0,3,418,152,27,155,1,5,83,48,0,0,0,,,,,,,,
//DST定義,(NULL),time,x,y,w,h,acc,a,r,g,b,blend,filter,angle,center,loop,timer,op1,op2,op3,
#DST_IMAGE,0,883,1074,477,27,31,0,255,255,255,255,2,0,0,0,-1,48,0,0,0,
#DST_IMAGE,0,1566,1117,523,27,31,0,255,255,255,255,2,0,0,0,,,,,,
,,,,,,,,,,,,,,,,,,,,,
//キラキラ10,,,,,,,,,,,,,,,,,,,,,
//SRC定義,(NULL),gr,x,y,w,h,div_x,div_y,cycle,timer,op1,op2,op3,,,,,,,,
#SRC_IMAGE,0,3,418,152,27,155,1,5,83,48,0,0,0,,,,,,,,
//DST定義,(NULL),time,x,y,w,h,acc,a,r,g,b,blend,filter,angle,center,loop,timer,op1,op2,op3,
#DST_IMAGE,0,966,1074,389,27,31,0,255,255,255,255,2,0,0,0,-1,48,0,0,0,
#DST_IMAGE,0,1750,1144,321,27,31,0,255,255,255,255,2,0,0,0,,,,,,
,,,,,,,,,,,,,,,,,,,,,
//キラキラ11,,,,,,,,,,,,,,,,,,,,,
//SRC定義,(NULL),gr,x,y,w,h,div_x,div_y,cycle,timer,op1,op2,op3,,,,,,,,
#SRC_IMAGE,0,3,418,152,27,155,1,5,83,48,0,0,0,,,,,,,,
//DST定義,(NULL),time,x,y,w,h,acc,a,r,g,b,blend,filter,angle,center,loop,timer,op1,op2,op3,
#DST_IMAGE,0,1083,1074,481,27,31,0,255,255,255,255,2,0,0,0,-1,48,0,0,0,
#DST_IMAGE,0,1850,1063,550,27,31,0,255,255,255,255,2,0,0,0,,,,,,
,,,,,,,,,,,,,,,,,,,,,
//キラキラ12,,,,,,,,,,,,,,,,,,,,,
//SRC定義,(NULL),gr,x,y,w,h,div_x,div_y,cycle,timer,op1,op2,op3,,,,,,,,
#SRC_IMAGE,0,3,418,152,27,155,1,5,83,48,0,0,0,,,,,,,,
//DST定義,(NULL),time,x,y,w,h,acc,a,r,g,b,blend,filter,angle,center,loop,timer,op1,op2,op3,
#DST_IMAGE,0,1350,1074,417,27,31,0,255,255,255,255,2,0,0,0,-1,48,0,0,0,
#DST_IMAGE,0,1967,1017,382,27,31,0,255,255,255,255,2,0,0,0,,,,,,
,,,,,,,,,,,,,,,,,,,,,
//キラキラ13,,,,,,,,,,,,,,,,,,,,,
//SRC定義,(NULL),gr,x,y,w,h,div_x,div_y,cycle,timer,op1,op2,op3,,,,,,,,
#SRC_IMAGE,0,3,418,152,27,155,1,5,83,48,0,0,0,,,,,,,,
//DST定義,(NULL),time,x,y,w,h,acc,a,r,g,b,blend,filter,angle,center,loop,timer,op1,op2,op3,
#DST_IMAGE,0,1400,1074,475,27,31,0,255,255,255,255,2,0,0,0,-1,48,0,0,0,
#DST_IMAGE,0,1933,1095,551,27,31,0,255,255,255,255,2,0,0,0,,,,,,
,,,,,,,,,,,,,,,,,,,,,
,,,,,,,,,,,,,,,,,,,,,
,,,,,,,,,,,,,,,,,,,,,
,,,,,,,,,,,,,,,,,,,,,
//ジャッジ表示,,,,,,,,,,,,,,,,,,,,,
//基本的に#SRC_IMAGEと同じですが、コンボの幅の半分だけ左に自動的にシフトして表示されます。,,,,,,,,,,,,,,,,,,,,,
//シフトをオフにする場合(ジャッジとコンボを二列に分けて表示するときとか)は、noshift=1にして下さい,,,,,,,,,,,,,,,,,,,,,
//timer46 ジャッジタイマー 1P,,,,,,,,,,,,,,,,,,,,,
//timer47 ジャッジタイマー 2P,,,,,,,,,,,,,,,,,,,,,
,,,,,,,,,,,,,,,,,,,,,
#SRC_NOWJUDGE_1P,0,13,0,508,248,56,2,1,80,46,0,0,0,,,,,,,,
#DST_NOWJUDGE_1P,0,0,1024,351,124,56,0,255,255,255,255,0,0,0,0,-1,46,,,,
#DST_NOWJUDGE_1P,0,500,1024,351,124,56,0,255,255,255,255,0,0,0,0,,,,,,
#SRC_NOWJUDGE_1P,1,13,0,508,248,56,2,1,80,46,0,0,0,,,,,,,,
#DST_NOWJUDGE_1P,1,0,1024,351,124,56,0,255,255,255,255,0,0,0,0,-1,46,,,,
#DST_NOWJUDGE_1P,1,500,1024,351,124,56,0,255,255,255,255,0,0,0,0,,,,,,
#SRC_NOWJUDGE_1P,2,13,0,451,190,56,2,1,80,46,0,0,0,,,,,,,,
#DST_NOWJUDGE_1P,2,0,1040,351,95,56,0,255,255,255,255,0,0,0,0,-1,46,,,,
#DST_NOWJUDGE_1P,2,500,1040,351,95,56,0,255,255,255,255,0,0,0,0,,,,,,
#SRC_NOWJUDGE_1P,3,13,0,394,248,56,2,1,80,46,0,0,0,,,,,,,,
#DST_NOWJUDGE_1P,3,0,1021,351,124,56,0,255,255,255,255,0,0,0,0,-1,46,,,,
#DST_NOWJUDGE_1P,3,500,1021,351,124,56,0,255,255,255,255,0,0,0,0,,,,,,
#SRC_NOWJUDGE_1P,4,13,0,337,306,56,2,1,80,46,0,0,0,,,,,,,,
#DST_NOWJUDGE_1P,4,0,1006,351,153,56,0,255,255,255,255,0,0,0,0,-1,46,,,,
#DST_NOWJUDGE_1P,4,500,1006,351,153,56,0,255,255,255,255,0,0,0,0,,,,,,
#SRC_NOWJUDGE_1P,5,13,0,0,153,336,1,6,100,46,0,0,0,,,,,,,,
#DST_NOWJUDGE_1P,5,0,1006,351,153,56,0,255,255,255,255,0,0,0,0,-1,46,,,,
#DST_NOWJUDGE_1P,5,500,1006,351,153,56,0,255,255,255,255,0,0,0,0,,,,,,
#SRC_NOWCOMBO_1P,3,13,0,565,370,112,10,2,80,46,0,1,7,,,,,,,,
#DST_NOWCOMBO_1P,3,0,130,0,37,56,0,255,255,255,255,0,0,0,0,-1,46,,,,
#DST_NOWCOMBO_1P,3,500,130,0,37,56,0,255,255,255,255,0,0,0,0,,,,,,
#SRC_NOWCOMBO_1P,4,13,0,565,370,112,10,2,80,46,0,1,7,,,,,,,,
#DST_NOWCOMBO_1P,4,0,159,0,37,56,0,255,255,255,255,0,0,0,0,-1,46,,,,
#DST_NOWCOMBO_1P,4,500,159,0,37,56,0,255,255,255,255,0,0,0,0,,,,,,
#SRC_NOWCOMBO_1P,5,13,154,0,370,336,10,6,100,46,0,1,7,,,,,,,,
#DST_NOWCOMBO_1P,5,0,159,0,37,56,0,255,255,255,255,0,0,0,0,-1,46,,,,
#DST_NOWCOMBO_1P,5,500,159,0,37,56,0,255,255,255,255,0,0,0,0,,,,,,

//グルーヴゲージ,,,,,,,,,,,,,,,,,,,,
//最初のゲージ,,,,,,,,,,,,,,,,,,,,
//表赤、表緑、裏赤、裏緑の順にsrc分割を行ってください。4の倍数でcycle>0ならちゃんとアニメーションします,,,,,,,,,,,,,,,,,,,,
//次のゲージの相対位置はadd_x、add_yで指定して下さい。,,,,,,,,,,,,,,,,,,,,
//SRC定義,index,gr,x,y,w,h,div_x,div_y,cycle,timer,add_x,add_y,,,,,,,,
#SRC_GROOVEGAUGE,0,4,0,0,20,25,4,1,0,0,-6,0,,,,,,,,
//DST定義,index,time,x,y,w,h,acc,a,r,g,b,blend,filter,angle,center,loop,timer,op1,op2,op3
#DST_GROOVEGAUGE,0,1100,1238,591,1,21,0,0,255,255,255,1,0,0,0,1400,0,0,0,0
#DST_GROOVEGAUGE,0,1400,1238,591,5,21,0,255,255,255,255,1,0,0,0,,,,,

//TYPE A,,,,,,,,,,,,,,,,,,,,,
//option35 ghost typeA,,,,,,,,,,,,,,,,,,,,,
//option32 autoplay off,,,,,,,,,,,,,,,,,,,,,
//number108 exscore2pとの差,,,,,,,,,,,,,,,,,,,,,
//timer46 ジャッジタイマー 1P,,,,,,,,,,,,,,,,,,,,,
//SRC定義,(null),gr,x,y,w,h,div_x,div_y,cycle,timer,num,align,keta,,,,,,,,
#SRC_NUMBER,0,9,0,61,144,38,12,2,0,0,108,0,4,,,,,,,,
//DST定義,(NULL),time,x,y,w,h,acc,a,r,g,b,blend,filter,angle,center,loop,timer,op1,op2,op3,
#DST_NUMBER,0,0,1050,326,12,19,0,255,255,255,255,1,1,0,0,-1,46,35,32,!985,
#DST_NUMBER,0,500,1050,326,12,19,0,255,255,255,255,1,1,0,0,,,,,,

//FAST/SLOW Type A is ON
//SRC定義,(null),gr,x,y,w,h,div_x,div_y,cycle,timer,num,align,keta
#SRC_NUMBER,0,9,0,61,144,38,12,2,0,0,108,0,4,,,,,,,,
//DST定義,(NULL),time,x,y,w,h,acc,a,r,g,b,blend,filter,angle,center,loop,timer,op1,op2,op3,
#DST_NUMBER,0,0,1023,326,12,19,0,255,255,255,255,1,1,0,0,-1,46,35,32,985,
#DST_NUMBER,0,500,1023,326,12,19,0,255,255,255,255,1,1,0,0,,,,,,
,,,,,,,,,,,,,,,,,,,,,
//TYPE B,,,,,,,,,,,,,,,,,,,,,
//option36 ghost typeB,,,,,,,,,,,,,,,,,,,,,
//option32 autoplay off,,,,,,,,,,,,,,,,,,,,,
//number108 exscore2pとの差,,,,,,,,,,,,,,,,,,,,,
//timer40 READY,,,,,,,,,,,,,,,,,,,,,
//SRC定義,(null),gr,x,y,w,h,div_x,div_y,cycle,timer,num,align,keta,,,,,,,,
#SRC_NUMBER,0,9,0,61,144,38,12,2,0,0,108,0,4,,,,,,,,
//DST定義,(NULL),time,x,y,w,h,acc,a,r,g,b,blend,filter,angle,center,loop,timer,op1,op2,op3,
#DST_NUMBER,0,0,1050,410,12,19,0,255,255,255,255,1,1,0,0,-1,46,36,32,!986,
#DST_NUMBER,0,500,1050,410,12,19,0,255,255,255,255,1,1,0,0,,,,,,

//FAST/SLOW Type B is ON
//SRC定義,(null),gr,x,y,w,h,div_x,div_y,cycle,timer,num,align,keta
#SRC_NUMBER,0,9,0,61,144,38,12,2,0,0,108,0,4,,,,,,,,
//DST定義,(NULL),time,x,y,w,h,acc,a,r,g,b,blend,filter,angle,center,loop,timer,op1,op2,op3,
#DST_NUMBER,0,0,1023,410,12,19,0,255,255,255,255,1,01,0,0,-1,46,36,32,986,
#DST_NUMBER,0,500,1023,410,12,19,0,255,255,255,255,1,1,0,0,,,,,,

,,,,,,,,,,,,,,,,,,,,,
//option37 TYPE C,,,,,,,,,,,,,,,,,,,,,
//option37 ghost typeC,,,,,,,,,,,,,,,,,,,,,
//option32 autoplay off,,,,,,,,,,,,,,,,,,,,,
//number108 exscore2pとの差,,,,,,,,,,,,,,,,,,,,,
//timer40 READY,,,,,,,,,,,,,,,,,,,,,
//SRC定義,(null),gr,x,y,w,h,div_x,div_y,cycle,timer,num,align,keta,,,,,,,,
#SRC_NUMBER,0,9,0,61,144,38,12,2,0,0,108,0,4,,,,,,,,
//DST定義,(NULL),time,x,y,w,h,acc,a,r,g,b,blend,filter,angle,center,loop,timer,op1,op2,op3,
#DST_NUMBER,0,1000,863,369,12,19,0,255,255,255,255,1,1,0,0,1000,40,37,32,0,



#IF,994,32

//FAST,SLOW,TYPE A,GREAT,,,,,,,,,,,,,,,,,
//SRC定義,(null),gr,x,y,w,h,div_x,div_y,cycle,timer,num,align,keta,,,,,,,
#SRC_NUMBER,0,12,367,0,45,190,1,10,0,0,210,0,1,,,,,,,
//DST定義,(NULL),time,x,y,w,h,acc,a,r,g,b,blend,filter,angle,center,loop,timer,op1,op2,op3
#DST_NUMBER,0,0,1100,327,45,19,0,255,255,255,255,1,1,0,0,-1,46,985,35,242,
#DST_NUMBER,0,500,1100,327,45,19,0,255,255,255,255,1,1,0,0,,,,,,
//FAST,SLOW,TYPE A,GOOD,,,,,,,,,,,,,,,,,
//SRC定義,(null),gr,x,y,w,h,div_x,div_y,cycle,timer,num,align,keta,,,,,,,
#SRC_NUMBER,0,12,367,0,45,190,1,10,0,0,210,0,1,,,,,,,
//DST定義,(NULL),time,x,y,w,h,acc,a,r,g,b,blend,filter,angle,center,loop,timer,op1,op2,op3
#DST_NUMBER,0,0,1100,327,45,19,0,255,255,255,255,1,1,0,0,-1,46,985,35,243,
#DST_NUMBER,0,500,1100,327,45,19,0,255,255,255,255,1,1,0,0,,,,,,
//FAST,SLOW,TYPE A,BAD,,,,,,,,,,,,,,,,,
//SRC定義,(null),gr,x,y,w,h,div_x,div_y,cycle,timer,num,align,keta,,,,,,,
#SRC_NUMBER,0,12,367,0,45,190,1,10,0,0,210,0,1,,,,,,,
//DST定義,(NULL),time,x,y,w,h,acc,a,r,g,b,blend,filter,angle,center,loop,timer,op1,op2,op3
#DST_NUMBER,0,0,1100,327,45,19,0,255,255,255,255,1,1,0,0,-1,46,985,35,244,
#DST_NUMBER,0,500,1100,327,45,19,0,255,255,255,255,1,1,0,0,,,,,,
//FAST,SLOW,TYPE A,POOR,,,,,,,,,,,,,,,,,
//SRC定義,(null),gr,x,y,w,h,div_x,div_y,cycle,timer,num,align,keta,,,,,,,
#SRC_NUMBER,0,12,367,0,45,190,1,10,0,0,210,0,1,,,,,,,
//DST定義,(NULL),time,x,y,w,h,acc,a,r,g,b,blend,filter,angle,center,loop,timer,op1,op2,op3
#DST_NUMBER,0,0,1100,327,45,19,0,255,255,255,255,1,1,0,0,-1,46,985,35,245,
#DST_NUMBER,0,500,1100,327,45,19,0,255,255,255,255,1,1,0,0,,,,,,

//FAST,SLOW,TYPE A,GREAT,,,,,,,,,,,,,,,,,
//SRC定義,(null),gr,x,y,w,h,div_x,div_y,cycle,timer,num,align,keta,,,,,,,
#SRC_NUMBER,0,12,367,0,45,190,1,10,0,0,210,0,1,,,,,,,
//DST定義,(NULL),time,x,y,w,h,acc,a,r,g,b,blend,filter,angle,center,loop,timer,op1,op2,op3
#DST_NUMBER,0,0,1050,327,45,19,0,255,255,255,255,1,1,0,0,-1,46,985,!35,242,
#DST_NUMBER,0,500,1050,327,45,19,0,255,255,255,255,1,1,0,0,,,,,,
//FAST,SLOW,TYPE A,GOOD,,,,,,,,,,,,,,,,,
//SRC定義,(null),gr,x,y,w,h,div_x,div_y,cycle,timer,num,align,keta,,,,,,,
#SRC_NUMBER,0,12,367,0,45,190,1,10,0,0,210,0,1,,,,,,,
//DST定義,(NULL),time,x,y,w,h,acc,a,r,g,b,blend,filter,angle,center,loop,timer,op1,op2,op3
#DST_NUMBER,0,0,1050,327,45,19,0,255,255,255,255,1,1,0,0,-1,46,985,!35,243,
#DST_NUMBER,0,500,1050,327,45,19,0,255,255,255,255,1,1,0,0,,,,,,
//FAST,SLOW,TYPE A,BAD,,,,,,,,,,,,,,,,,
//SRC定義,(null),gr,x,y,w,h,div_x,div_y,cycle,timer,num,align,keta,,,,,,,
#SRC_NUMBER,0,12,367,0,45,190,1,10,0,0,210,0,1,,,,,,,
//DST定義,(NULL),time,x,y,w,h,acc,a,r,g,b,blend,filter,angle,center,loop,timer,op1,op2,op3
#DST_NUMBER,0,0,1050,327,45,19,0,255,255,255,255,1,1,0,0,-1,46,985,!35,244,
#DST_NUMBER,0,500,1050,327,45,19,0,255,255,255,255,1,1,0,0,,,,,,
//FAST,SLOW,TYPE A,BAD,,,,,,,,,,,,,,,,,
//SRC定義,(null),gr,x,y,w,h,div_x,div_y,cycle,timer,num,align,keta,,,,,,,
#SRC_NUMBER,0,12,367,0,45,190,1,10,0,0,210,0,1,,,,,,,
//DST定義,(NULL),time,x,y,w,h,acc,a,r,g,b,blend,filter,angle,center,loop,timer,op1,op2,op3
#DST_NUMBER,0,0,1050,327,45,19,0,255,255,255,255,1,1,0,0,-1,46,985,!35,245,
#DST_NUMBER,0,500,1050,327,45,19,0,255,255,255,255,1,1,0,0,,,,,,

//FAST,SLOW,TYPE B,GREAT,,,,,,,,,,,,,,,,,
//SRC定義,(null),gr,x,y,w,h,div_x,div_y,cycle,timer,num,align,keta,,,,,,,
#SRC_NUMBER,0,12,367,0,45,190,1,10,0,0,210,0,1,,,,,,,
//DST定義,(NULL),time,x,y,w,h,acc,a,r,g,b,blend,filter,angle,center,loop,timer,op1,op2,op3
#DST_NUMBER,0,0,1100,411,45,19,0,255,255,255,255,1,1,0,0,-1,46,986,36,242,
#DST_NUMBER,0,500,1100,411,45,19,0,255,255,255,255,1,1,0,0,,,,,,
//FAST,SLOW,TYPE B,GOOD,,,,,,,,,,,,,,,,,
//SRC定義,(null),gr,x,y,w,h,div_x,div_y,cycle,timer,num,align,keta,,,,,,,
#SRC_NUMBER,0,12,367,0,45,190,1,10,0,0,210,0,1,,,,,,,
//DST定義,(NULL),time,x,y,w,h,acc,a,r,g,b,blend,filter,angle,center,loop,timer,op1,op2,op3
#DST_NUMBER,0,0,1100,411,45,19,0,255,255,255,255,1,1,0,0,-1,46,986,36,243,
#DST_NUMBER,0,500,1100,411,45,19,0,255,255,255,255,1,1,0,0,,,,,,
//FAST,SLOW,TYPE B,BAD,,,,,,,,,,,,,,,,,
//SRC定義,(null),gr,x,y,w,h,div_x,div_y,cycle,timer,num,align,keta,,,,,,,
#SRC_NUMBER,0,12,367,0,45,190,1,10,0,0,210,0,1,,,,,,,
//DST定義,(NULL),time,x,y,w,h,acc,a,r,g,b,blend,filter,angle,center,loop,timer,op1,op2,op3
#DST_NUMBER,0,0,1100,411,45,19,0,255,255,255,255,1,1,0,0,-1,46,986,36,244,
#DST_NUMBER,0,500,1100,411,45,19,0,255,255,255,255,1,1,0,0,,,,,,
//FAST,SLOW,TYPE B,POOR,,,,,,,,,,,,,,,,,
//SRC定義,(null),gr,x,y,w,h,div_x,div_y,cycle,timer,num,align,keta,,,,,,,
#SRC_NUMBER,0,12,367,0,45,190,1,10,0,0,210,0,1,,,,,,,
//DST定義,(NULL),time,x,y,w,h,acc,a,r,g,b,blend,filter,angle,center,loop,timer,op1,op2,op3
#DST_NUMBER,0,0,1100,411,45,19,0,255,255,255,255,1,1,0,0,-1,46,986,36,245,
#DST_NUMBER,0,500,1100,411,45,19,0,255,255,255,255,1,1,0,0,,,,,,

//FAST,SLOW,TYPE B,GREAT,,,,,,,,,,,,,,,,,
//SRC定義,(null),gr,x,y,w,h,div_x,div_y,cycle,timer,num,align,keta,,,,,,,
#SRC_NUMBER,0,12,367,0,45,190,1,10,0,0,210,0,1,,,,,,,
//DST定義,(NULL),time,x,y,w,h,acc,a,r,g,b,blend,filter,angle,center,loop,timer,op1,op2,op3
#DST_NUMBER,0,0,1050,411,45,19,0,255,255,255,255,1,1,0,0,-1,46,986,!36,242,
#DST_NUMBER,0,500,1050,411,45,19,0,255,255,255,255,1,1,0,0,,,,,,
//FAST,SLOW,TYPE B,GOOD,,,,,,,,,,,,,,,,,
//SRC定義,(null),gr,x,y,w,h,div_x,div_y,cycle,timer,num,align,keta,,,,,,,
#SRC_NUMBER,0,12,367,0,45,190,1,10,0,0,210,0,1,,,,,,,
//DST定義,(NULL),time,x,y,w,h,acc,a,r,g,b,blend,filter,angle,center,loop,timer,op1,op2,op3
#DST_NUMBER,0,0,1050,411,45,19,0,255,255,255,255,1,1,0,0,-1,46,986,!36,243,
#DST_NUMBER,0,500,1050,411,45,19,0,255,255,255,255,1,1,0,0,,,,,,
//FAST,SLOW,TYPE B,BAD,,,,,,,,,,,,,,,,,
//SRC定義,(null),gr,x,y,w,h,div_x,div_y,cycle,timer,num,align,keta,,,,,,,
#SRC_NUMBER,0,12,367,0,45,190,1,10,0,0,210,0,1,,,,,,,
//DST定義,(NULL),time,x,y,w,h,acc,a,r,g,b,blend,filter,angle,center,loop,timer,op1,op2,op3
#DST_NUMBER,0,0,1050,411,45,19,0,255,255,255,255,1,1,0,0,-1,46,986,!36,244,
#DST_NUMBER,0,500,1050,411,45,19,0,255,255,255,255,1,1,0,0,,,,,,
//FAST,SLOW,TYPE B,POOR,,,,,,,,,,,,,,,,,
//SRC定義,(null),gr,x,y,w,h,div_x,div_y,cycle,timer,num,align,keta,,,,,,,
#SRC_NUMBER,0,12,367,0,45,190,1,10,0,0,210,0,1,,,,,,,
//DST定義,(NULL),time,x,y,w,h,acc,a,r,g,b,blend,filter,angle,center,loop,timer,op1,op2,op3
#DST_NUMBER,0,0,1050,411,45,19,0,255,255,255,255,1,1,0,0,-1,46,986,!36,245,
#DST_NUMBER,0,500,1050,411,45,19,0,255,255,255,255,1,1,0,0,,,,,,

//FAST,SLOW,TYPE C,GREAT,,,,,,,,,,,,,,,,,
//SRC定義,(null),gr,x,y,w,h,div_x,div_y,cycle,timer,num,align,keta,,,,,,,
#SRC_NUMBER,0,12,367,0,45,190,1,10,0,0,210,0,1,,,,,,,
//DST定義,(NULL),time,x,y,w,h,acc,a,r,g,b,blend,filter,angle,center,loop,timer,op1,op2,op3
#DST_NUMBER,0,0,878,350,45,19,0,255,255,255,255,1,1,0,0,-1,46,987,0,242,
#DST_NUMBER,0,500,878,350,45,19,0,255,255,255,255,1,1,0,0,,,,,,
//FAST,SLOW,TYPE C,GOOD,,,,,,,,,,,,,,,,,
//SRC定義,(null),gr,x,y,w,h,div_x,div_y,cycle,timer,num,align,keta,,,,,,,
#SRC_NUMBER,0,12,367,0,45,190,1,10,0,0,210,0,1,,,,,,,
//DST定義,(NULL),time,x,y,w,h,acc,a,r,g,b,blend,filter,angle,center,loop,timer,op1,op2,op3
#DST_NUMBER,0,0,878,350,45,19,0,255,255,255,255,1,1,0,0,-1,46,987,0,243,
#DST_NUMBER,0,500,878,350,45,19,0,255,255,255,255,1,1,0,0,,,,,,
//FAST,SLOW,TYPE C,BAD,,,,,,,,,,,,,,,,,
//SRC定義,(null),gr,x,y,w,h,div_x,div_y,cycle,timer,num,align,keta,,,,,,,
#SRC_NUMBER,0,12,367,0,45,190,1,10,0,0,210,0,1,,,,,,,
//DST定義,(NULL),time,x,y,w,h,acc,a,r,g,b,blend,filter,angle,center,loop,timer,op1,op2,op3
#DST_NUMBER,0,0,878,350,45,19,0,255,255,255,255,1,1,0,0,-1,46,987,0,244,
#DST_NUMBER,0,500,878,350,45,19,0,255,255,255,255,1,1,0,0,,,,,,
//FAST,SLOW,TYPE C,POOR,,,,,,,,,,,,,,,,,
//SRC定義,(null),gr,x,y,w,h,div_x,div_y,cycle,timer,num,align,keta,,,,,,,
#SRC_NUMBER,0,12,367,0,45,190,1,10,0,0,210,0,1,,,,,,,
//DST定義,(NULL),time,x,y,w,h,acc,a,r,g,b,blend,filter,angle,center,loop,timer,op1,op2,op3
#DST_NUMBER,0,0,878,350,45,19,0,255,255,255,255,1,1,0,0,-1,46,987,0,245,
#DST_NUMBER,0,500,878,350,45,19,0,255,255,255,255,1,1,0,0,,,,,,

//FAST,SLOW,TYPE IIDX C,GREAT,,,,,,,,,,,,,,,,,
//SRC定義,(null),gr,x,y,w,h,div_x,div_y,cycle,timer,num,align,keta,,,,,,,
#SRC_NUMBER,0,12,367,0,45,190,1,10,0,0,210,0,1,,,,,,,
//DST定義,(NULL),time,x,y,w,h,acc,a,r,g,b,blend,filter,angle,center,loop,timer,op1,op2,op3
#DST_NUMBER,0,0,878,463,45,19,0,255,255,255,255,1,1,0,0,-1,46,988,0,242,
#DST_NUMBER,0,500,878,463,45,19,0,255,255,255,255,1,1,0,0,,,,,,
//FAST,SLOW,TYPE IIDX C,GOOD,,,,,,,,,,,,,,,,,
//SRC定義,(null),gr,x,y,w,h,div_x,div_y,cycle,timer,num,align,keta,,,,,,,
#SRC_NUMBER,0,12,367,0,45,190,1,10,0,0,210,0,1,,,,,,,
//DST定義,(NULL),time,x,y,w,h,acc,a,r,g,b,blend,filter,angle,center,loop,timer,op1,op2,op3
#DST_NUMBER,0,0,878,363,45,19,0,255,255,255,255,1,1,0,0,-1,46,988,0,243,
#DST_NUMBER,0,500,878,363,45,19,0,255,255,255,255,1,1,0,0,,,,,,
//FAST,SLOW,TYPE IIDX C,BAD,,,,,,,,,,,,,,,,,
//SRC定義,(null),gr,x,y,w,h,div_x,div_y,cycle,timer,num,align,keta,,,,,,,
#SRC_NUMBER,0,12,367,0,45,190,1,10,0,0,210,0,1,,,,,,,
//DST定義,(NULL),time,x,y,w,h,acc,a,r,g,b,blend,filter,angle,center,loop,timer,op1,op2,op3
#DST_NUMBER,0,0,878,463,45,19,0,255,255,255,255,1,1,0,0,-1,46,988,0,244,
#DST_NUMBER,0,500,878,463,45,19,0,255,255,255,255,1,1,0,0,,,,,,
//FAST,SLOW,TYPE IIDX C,POOR,,,,,,,,,,,,,,,,,
//SRC定義,(null),gr,x,y,w,h,div_x,div_y,cycle,timer,num,align,keta,,,,,,,
#SRC_NUMBER,0,12,367,0,45,190,1,10,0,0,210,0,1,,,,,,,
//DST定義,(NULL),time,x,y,w,h,acc,a,r,g,b,blend,filter,angle,center,loop,timer,op1,op2,op3
#DST_NUMBER,0,0,878,463,45,19,0,255,255,255,255,1,1,0,0,-1,46,988,0,245,
#DST_NUMBER,0,500,878,463,45,19,0,255,255,255,255,1,1,0,0,,,,,,

#ELSEIF,995,32

//Extended,FAST,SLOW,TYPE A,PGREAT,,,,,,,,,,,,,,,,,
//SRC定義,(null),gr,x,y,w,h,div_x,div_y,cycle,timer,num,align,keta,,,,,,,
#SRC_NUMBER,0,12,1,484,144,38,12,2,0,0,201,0,4,,,,,,,,
#DST_NUMBER,0,0,1100,327,12,19,0,255,255,255,255,1,01,0,0,-1,46,985,35,241,
#DST_NUMBER,0,500,1100,327,12,19,0,255,255,255,255,1,1,0,0,,,,,,
//Extended,FAST,SLOW,TYPE A,NOT PGREAT,,,,,,,,,,,,,,,,,
//SRC定義,(null),gr,x,y,w,h,div_x,div_y,cycle,timer,num,align,keta,,,,,,,
#SRC_NUMBER,0,12,1,522,144,38,12,2,0,0,201,0,4,,,,,,,,
#DST_NUMBER,0,0,1100,327,12,19,0,255,255,255,255,1,01,0,0,-1,46,985,35,!241,
#DST_NUMBER,0,500,1100,327,12,19,0,255,255,255,255,1,1,0,0,,,,,,

//Extended,FAST,SLOW,TYPE A,PGREAT,,,,,,,,,,,,,,,,,
//SRC定義,(null),gr,x,y,w,h,div_x,div_y,cycle,timer,num,align,keta,,,,,,,
#SRC_NUMBER,0,12,1,484,144,38,12,2,0,0,201,0,4,,,,,,,,
#DST_NUMBER,0,0,1050,327,12,19,0,255,255,255,255,1,01,0,0,-1,46,985,!35,241,
#DST_NUMBER,0,500,1050,327,12,19,0,255,255,255,255,1,1,0,0,,,,,,
//Extended,FAST,SLOW,TYPE A,NOT PGREAT,,,,,,,,,,,,,,,,,
//SRC定義,(null),gr,x,y,w,h,div_x,div_y,cycle,timer,num,align,keta,,,,,,,
#SRC_NUMBER,0,12,1,522,144,38,12,2,0,0,201,0,4,,,,,,,,
#DST_NUMBER,0,0,1050,327,12,19,0,255,255,255,255,1,01,0,0,-1,46,985,!35,!241,
#DST_NUMBER,0,500,1050,327,12,19,0,255,255,255,255,1,1,0,0,,,,,,

//Extended,FAST,SLOW,TYPE B,PGREAT,,,,,,,,,,,,,,,,,
//SRC定義,(null),gr,x,y,w,h,div_x,div_y,cycle,timer,num,align,keta,,,,,,,
#SRC_NUMBER,0,12,1,484,144,38,12,2,0,0,201,0,4,,,,,,,,
#DST_NUMBER,0,0,1100,410,12,19,0,255,255,255,255,1,01,0,0,-1,46,986,36,241,
#DST_NUMBER,0,500,1100,410,12,19,0,255,255,255,255,1,1,0,0,,,,,,
//Extended,FAST,SLOW,TYPE B,NOT PGREAT,,,,,,,,,,,,,,,,,
//SRC定義,(null),gr,x,y,w,h,div_x,div_y,cycle,timer,num,align,keta,,,,,,,
#SRC_NUMBER,0,12,1,522,144,38,12,2,0,0,201,0,4,,,,,,,,
#DST_NUMBER,0,0,1100,410,12,19,0,255,255,255,255,1,01,0,0,-1,46,986,36,!241,
#DST_NUMBER,0,500,1100,410,12,19,0,255,255,255,255,1,1,0,0,,,,,,

//Extended,FAST,SLOW,TYPE B,PGREAT,,,,,,,,,,,,,,,,,
//SRC定義,(null),gr,x,y,w,h,div_x,div_y,cycle,timer,num,align,keta,,,,,,,
#SRC_NUMBER,0,12,1,484,144,38,12,2,0,0,201,0,4,,,,,,,,
#DST_NUMBER,0,0,1050,410,12,19,0,255,255,255,255,1,01,0,0,-1,46,986,!36,241,
#DST_NUMBER,0,500,1050,410,12,19,0,255,255,255,255,1,1,0,0,,,,,,
//Extended,FAST,SLOW,TYPE B,NOT PGREAT,,,,,,,,,,,,,,,,,
//SRC定義,(null),gr,x,y,w,h,div_x,div_y,cycle,timer,num,align,keta,,,,,,,
#SRC_NUMBER,0,12,1,522,144,38,12,2,0,0,201,0,4,,,,,,,,
#DST_NUMBER,0,0,1050,410,12,19,0,255,255,255,255,1,01,0,0,-1,46,986,!36,!241,
#DST_NUMBER,0,500,1050,410,12,19,0,255,255,255,255,1,1,0,0,,,,,,

//Extended,FAST,SLOW,TYPE C,PGREAT,,,,,,,,,,,,,,,,,
//SRC定義,(null),gr,x,y,w,h,div_x,div_y,cycle,timer,num,align,keta,,,,,,,
#SRC_NUMBER,0,12,1,484,144,38,12,2,0,0,201,0,4,,,,,,,,
#DST_NUMBER,0,0,864,350,12,19,0,255,255,255,255,1,01,0,0,-1,46,987,0,241,
#DST_NUMBER,0,500,864,350,12,19,0,255,255,255,255,1,1,0,0,,,,,,
//Extended,FAST,SLOW,TYPE C,NOT PGREAT,,,,,,,,,,,,,,,,,
//SRC定義,(null),gr,x,y,w,h,div_x,div_y,cycle,timer,num,align,keta,,,,,,,
#SRC_NUMBER,0,12,1,522,144,38,12,2,0,0,201,0,4,,,,,,,,
#DST_NUMBER,0,0,864,350,12,19,0,255,255,255,255,1,01,0,0,-1,46,987,0,!241,
#DST_NUMBER,0,500,864,350,12,19,0,255,255,255,255,1,1,0,0,,,,,,

//Extended,FAST,SLOW,TYPE IIDX C,PGREAT,,,,,,,,,,,,,,,,,
//SRC定義,(null),gr,x,y,w,h,div_x,div_y,cycle,timer,num,align,keta,,,,,,,
#SRC_NUMBER,0,12,1,484,144,38,12,2,0,0,201,0,4,,,,,,,,
#DST_NUMBER,0,0,864,463,12,19,0,255,255,255,255,1,01,0,0,-1,46,988,0,241,
#DST_NUMBER,0,500,864,463,12,19,0,255,255,255,255,1,1,0,0,,,,,,
//Extended,FAST,SLOW,TYPE IIDX C,NOT PGREAT,,,,,,,,,,,,,,,,,
//SRC定義,(null),gr,x,y,w,h,div_x,div_y,cycle,timer,num,align,keta,,,,,,,
#SRC_NUMBER,0,12,1,522,144,38,12,2,0,0,201,0,4,,,,,,,,
#DST_NUMBER,0,0,864,463,12,19,0,255,255,255,255,1,01,0,0,-1,46,988,0,!241,
#DST_NUMBER,0,500,864,463,12,19,0,255,255,255,255,1,1,0,0,,,,,,

#ENDIF



//タイトルとか表示,,,,,,,,,,,,,,,,,,,,

//READY,,,,,,,,,,,,,,,,,,,,
//ベース,,,,,,,,,,,,,,,,,,,,
//option81 ロード完了,,,,,,,,,,,,,,,,,,,,
//timer40 READY,,,,,,,,,,,,,,,,,,,,
//SRC定義,(NULL),gr,x,y,w,h,div_x,div_y,cycle,timer,op1,op2,op3,,,,,,,
#SRC_IMAGE,0,12,116,134,216,68,1,2,120,,,,,,,,,,,
//DST定義,(NULL),time,x,y,w,h,acc,a,r,g,b,blend,filter,angle,center,loop,timer,op1,op2,op3
#DST_IMAGE,0,0,978,383,216,34,0,0,255,255,255,1,1,0,0,-1,40,0,0,0
#DST_IMAGE,0,100,978,383,216,34,0,255,255,255,255,1,1,0,0,,,,,
#DST_IMAGE,0,900,978,383,216,34,0,255,255,255,255,1,1,0,0,,,,,
#DST_IMAGE,0,1000,978,393,216,34,0,0,255,255,255,1,1,0,0,,,,,


//READY,,,,,,,,,,,,,,,,,,,,

//SRC定義,(NULL),gr,x,y,w,h,div_x,div_y,cycle,timer,op1,op2,op3,,,,,,,
#SRC_IMAGE,0,2,0,2548,244,221,1,1,0,,,,,,,,,,,
//DST定義,(NULL),time,x,y,w,h,acc,a,r,g,b,blend,filter,angle,center,loop,timer,op1,op2,op3
#DST_IMAGE,0,1200,964,177,244,221,0,0,255,255,255,1,1,0,0,1400,0,80,0,0
#DST_IMAGE,0,1400,964,177,244,221,0,255,255,255,255,1,1,0,0,3600,,,,
#DST_IMAGE,0,2200,964,177,244,221,0,255,255,255,255,1,1,0,0,,,,,
#DST_IMAGE,0,3000,964,177,244,221,0,80,255,255,255,1,1,0,0,,,,,
#DST_IMAGE,0,3600,964,177,244,221,0,255,255,255,255,1,1,0,0,,,,,

//フェードアウト層,,,,,,,,,,,,,,,,,,,,

//フェードイン,,,,,,,,,,,,,,,,,,,,
//SRC定義,(NULL),gr,x,y,w,h,div_x,div_y,cycle,timer,op1,op2,op3,,,,,,,
#SRC_IMAGE,0,12,13,1,1,1,1,1,0,0,0,0,0,,,,,,,
//DST定義,(NULL),time,x,y,w,h,acc,a,r,g,b,blend,filter,angle,center,loop,timer,op1,op2,op3
#DST_IMAGE,0,0,0,0,1280,720,0,255,255,255,255,1,0,0,0,250,0,0,0,0
#DST_IMAGE,0,250,0,0,1280,720,0,0,255,255,255,1,0,0,0,,,,,

//フェードアウト,,,,,,,,,,,,,,,,,,,,
//timer = 2,,,,,,,,,,,,,,,,,,,,
//SRC定義,(NULL),gr,x,y,w,h,div_x,div_y,cycle,timer,op1,op2,op3,,,,,,,
#SRC_IMAGE,0,12,13,1,1,1,1,1,0,2,0,0,0,,,,,,,
//DST定義,(NULL),time,x,y,w,h,acc,a,r,g,b,blend,filter,angle,center,loop,timer,op1,op2,op3
#DST_IMAGE,0,0,0,0,1280,720,0,0,255,255,255,1,0,0,0,500,2,0,0,0
#DST_IMAGE,0,500,0,0,1280,720,0,255,255,255,255,1,0,0,0,,,,,

//閉店,,,,,,,,,,,,,,,,,,,,
//timer = 3,,,,,,,,,,,,,,,,,,,,

//裏地,,,,,,,,,,,,,,,,,,,,
//SRC定義,(NULL),gr,x,y,w,h,div_x,div_y,cycle,timer,op1,op2,op3,,,,,,,
#SRC_IMAGE,0,111,0,0,1,1,1,1,0,0,0,0,0,,,,,,,
//DST定義,(NULL),time,x,y,w,h,acc,a,r,g,b,blend,filter,angle,center,loop,timer,op1,op2,op3
#DST_IMAGE,0,1100,0,0,1280,720,0,255,255,255,255,1,0,0,0,1100,3,0,0,0

//上段4裏,,,,,,,,,,,,,,,,,,,,
//SRC定義,(NULL),gr,x,y,w,h,div_x,div_y,cycle,timer,op1,op2,op3,,,,,,,
#SRC_IMAGE,0,11,0,498,1680,157,1,1,0,3,0,0,0,,,,,,,
//DST定義,(NULL),time,x,y,w,h,acc,a,r,g,b,blend,filter,angle,center,loop,timer,op1,op2,op3
#DST_IMAGE,0,1001,-200,219,1680,157,0,200,255,255,255,1,0,0,0,1001,3,0,0,0

//上段3裏,,,,,,,,,,,,,,,,,,,,
//SRC定義,(NULL),gr,x,y,w,h,div_x,div_y,cycle,timer,op1,op2,op3,,,,,,,
#SRC_IMAGE,0,11,0,301,1680,196,1,1,0,3,0,0,0,,,,,,,
//DST定義,(NULL),time,x,y,w,h,acc,a,r,g,b,blend,filter,angle,center,loop,timer,op1,op2,op3
#DST_IMAGE,0,1001,-200,140,1680,196,0,200,255,255,255,1,0,0,0,1001,3,0,0,0

//下段3裏,,,,,,,,,,,,,,,,,,,,
//SRC定義,(NULL),gr,x,y,w,h,div_x,div_y,cycle,timer,op1,op2,op3,,,,,,,
#SRC_IMAGE,0,11,0,816,1680,182,1,1,0,3,0,0,0,,,,,,,
//DST定義,(NULL),time,x,y,w,h,acc,a,r,g,b,blend,filter,angle,center,loop,timer,op1,op2,op3
#DST_IMAGE,0,1001,-200,358,1680,182,0,200,255,255,255,1,0,0,0,1001,3,0,0,0

//下段4裏,,,,,,,,,,,,,,,,,,,,
//SRC定義,(NULL),gr,x,y,w,h,div_x,div_y,cycle,timer,op1,op2,op3,,,,,,,
#SRC_IMAGE,0,11,0,656,1680,159,1,1,0,3,0,0,0,,,,,,,
//DST定義,(NULL),time,x,y,w,h,acc,a,r,g,b,blend,filter,angle,center,loop,timer,op1,op2,op3
#DST_IMAGE,0,1001,-200,302,1680,159,0,200,255,255,255,1,0,0,0,1001,3,0,0,0

//上段4,,,,,,,,,,,,,,,,,,,,
//SRC定義,(NULL),gr,x,y,w,h,div_x,div_y,cycle,timer,op1,op2,op3,,,,,,,
#SRC_IMAGE,0,11,0,498,1680,157,1,1,0,3,0,0,0,,,,,,,
//DST定義,(NULL),time,x,y,w,h,acc,a,r,g,b,blend,filter,angle,center,loop,timer,op1,op2,op3
#DST_IMAGE,0,750,-352,67,1680,157,0,255,255,255,255,1,0,0,0,2833,3,0,0,0
#DST_IMAGE,0,833,-278,141,1680,157,0,255,255,255,255,1,0,0,0,,,,,
#DST_IMAGE,0,933,-216,203,1680,157,0,255,255,255,255,1,0,0,0,,,,,
#DST_IMAGE,0,966,-204,215,1680,157,0,255,255,255,255,1,0,0,0,,,,,
#DST_IMAGE,0,983,-201,218,1680,157,0,255,255,255,255,1,0,0,0,,,,,
#DST_IMAGE,0,1000,-200,219,1680,157,0,255,255,255,255,1,0,0,0,,,,,
#DST_IMAGE,0,1166,-200,219,1680,157,0,255,255,255,255,1,0,0,0,,,,,
#DST_IMAGE,0,2833,-84,219,1680,157,0,255,255,255,255,1,0,0,0,,,,,

//上段3,,,,,,,,,,,,,,,,,,,,
//SRC定義,(NULL),gr,x,y,w,h,div_x,div_y,cycle,timer,op1,op2,op3,,,,,,,
#SRC_IMAGE,0,11,0,301,1680,196,1,1,0,3,0,0,0,,,,,,,
//DST定義,(NULL),time,x,y,w,h,acc,a,r,g,b,blend,filter,angle,center,loop,timer,op1,op2,op3
#DST_IMAGE,0,533,-394,-54,1680,196,0,255,255,255,255,1,0,0,0,2717,3,0,0,0
#DST_IMAGE,0,666,-275,65,1680,196,0,255,255,255,255,1,0,0,0,,,,,
#DST_IMAGE,0,766,-215,125,1680,196,0,255,255,255,255,1,0,0,0,,,,,
#DST_IMAGE,0,800,-204,136,1680,196,0,255,255,255,255,1,0,0,0,,,,,
#DST_IMAGE,0,816,-201,139,1680,196,0,255,255,255,255,1,0,0,0,,,,,
#DST_IMAGE,0,833,-200,140,1680,196,0,255,255,255,255,1,0,0,0,,,,,
#DST_IMAGE,0,1516,-200,140,1680,196,0,255,255,255,255,1,0,0,0,,,,,
#DST_IMAGE,0,2000,-214,126,1680,196,0,200,255,255,255,1,0,0,0,,,,,
#DST_IMAGE,0,2717,-231,109,1680,196,0,200,255,255,255,1,0,0,0,,,,,

//上段2,,,,,,,,,,,,,,,,,,,,
//SRC定義,(NULL),gr,x,y,w,h,div_x,div_y,cycle,timer,op1,op2,op3,,,,,,,
#SRC_IMAGE,0,11,0,133,1680,167,1,1,0,3,0,0,0,,,,,,,
//DST定義,(NULL),time,x,y,w,h,acc,a,r,g,b,blend,filter,angle,center,loop,timer,op1,op2,op3
#DST_IMAGE,0,383,-351,-110,1680,167,0,255,255,255,255,1,0,0,0,666,3,0,0,0
#DST_IMAGE,0,500,-275,-24,1680,167,0,255,255,255,255,1,0,0,0,,,,,
#DST_IMAGE,0,600,-215,36,1680,167,0,255,255,255,255,1,0,0,0,,,,,
#DST_IMAGE,0,633,-204,47,1680,167,0,255,255,255,255,1,0,0,0,,,,,
#DST_IMAGE,0,650,-201,50,1680,167,0,255,255,255,255,1,0,0,0,,,,,
#DST_IMAGE,0,666,-200,51,1680,167,0,255,255,255,255,1,0,0,0,,,,,

//上段1,,,,,,,,,,,,,,,,,,,,
//SRC定義,(NULL),gr,x,y,w,h,div_x,div_y,cycle,timer,op1,op2,op3,,,,,,,
#SRC_IMAGE,0,11,0,0,1680,132,1,1,0,3,0,0,0,,,,,,,
//DST定義,(NULL),time,x,y,w,h,acc,a,r,g,b,blend,filter,angle,center,loop,timer,op1,op2,op3
#DST_IMAGE,0,283,-315,-115,1680,132,0,255,255,255,255,1,0,0,0,500,3,0,0,0
#DST_IMAGE,0,333,-275,-74,1680,132,0,255,255,255,255,1,0,0,0,,,,,
#DST_IMAGE,0,433,-215,-15,1680,132,0,255,255,255,255,1,0,0,0,,,,,
#DST_IMAGE,0,466,-204,-4,1680,132,0,255,255,255,255,1,0,0,0,,,,,
#DST_IMAGE,0,483,-201,-1,1680,132,0,255,255,255,255,1,0,0,0,,,,,
#DST_IMAGE,0,500,-200,0,1680,132,0,255,255,255,255,1,0,0,0,,,,,

//下段1,,,,,,,,,,,,,,,,,,,,
//SRC定義,(NULL),gr,x,y,w,h,div_x,div_y,cycle,timer,op1,op2,op3,,,,,,,
#SRC_IMAGE,0,11,0,1226,1680,164,1,1,0,3,0,0,0,,,,,,,
//DST定義,(NULL),time,x,y,w,h,acc,a,r,g,b,blend,filter,angle,center,loop,timer,op1,op2,op3
#DST_IMAGE,0,233,-39,717,1680,164,0,255,255,255,255,1,0,0,0,500,3,0,0,0
#DST_IMAGE,0,333,-126,630,1680,164,0,255,255,255,255,1,0,0,0,,,,,
#DST_IMAGE,0,433,-185,571,1680,164,0,255,255,255,255,1,0,0,0,,,,,
#DST_IMAGE,0,466,-196,560,1680,164,0,255,255,255,255,1,0,0,0,,,,,
#DST_IMAGE,0,483,-199,557,1680,164,0,255,255,255,255,1,0,0,0,,,,,
#DST_IMAGE,0,500,-200,556,1680,164,0,255,255,255,255,1,0,0,0,,,,,

//下段2,,,,,,,,,,,,,,,,,,,,
//SRC定義,(NULL),gr,x,y,w,h,div_x,div_y,cycle,timer,op1,op2,op3,,,,,,,
#SRC_IMAGE,0,11,0,999,1680,226,1,1,0,3,0,0,0,,,,,,,
//DST定義,(NULL),time,x,y,w,h,acc,a,r,g,b,blend,filter,angle,center,loop,timer,op1,op2,op3
#DST_IMAGE,0,316,45,703,1680,226,0,255,255,255,255,1,0,0,0,666,3,0,0,0
#DST_IMAGE,0,500,-126,532,1680,226,0,255,255,255,255,1,0,0,0,,,,,
#DST_IMAGE,0,600,-185,473,1680,226,0,255,255,255,255,1,0,0,0,,,,,
#DST_IMAGE,0,633,-196,462,1680,226,0,255,255,255,255,1,0,0,0,,,,,
#DST_IMAGE,0,650,-199,459,1680,226,0,255,255,255,255,1,0,0,0,,,,,
#DST_IMAGE,0,666,-200,458,1680,226,0,255,255,255,255,1,0,0,0,,,,,

//下段4,,,,,,,,,,,,,,,,,,,,
//SRC定義,(NULL),gr,x,y,w,h,div_x,div_y,cycle,timer,op1,op2,op3,,,,,,,
#SRC_IMAGE,0,11,0,656,1680,159,1,1,0,3,0,0,0,,,,,,,
//DST定義,(NULL),time,x,y,w,h,acc,a,r,g,b,blend,filter,angle,center,loop,timer,op1,op2,op3
#DST_IMAGE,0,516,205,707,1680,159,0,255,255,255,255,1,0,0,0,2833,3,0,0,0
#DST_IMAGE,0,833,-122,380,1680,159,0,255,255,255,255,1,0,0,0,,,,,
#DST_IMAGE,0,933,-184,317,1680,159,0,255,255,255,255,1,0,0,0,,,,,
#DST_IMAGE,0,966,-196,306,1680,159,0,255,255,255,255,1,0,0,0,,,,,
#DST_IMAGE,0,983,-199,303,1680,159,0,255,255,255,255,1,0,0,0,,,,,
#DST_IMAGE,0,1000,-200,302,1680,159,0,255,255,255,255,1,0,0,0,,,,,
#DST_IMAGE,0,1166,-200,302,1680,159,0,255,255,255,255,1,0,0,0,,,,,
#DST_IMAGE,0,2833,-316,302,1680,159,0,255,255,255,255,1,0,0,0,,,,,

//下段3,,,,,,,,,,,,,,,,,,,,
//SRC定義,(NULL),gr,x,y,w,h,div_x,div_y,cycle,timer,op1,op2,op3,,,,,,,
#SRC_IMAGE,0,11,0,816,1680,182,1,1,0,3,0,0,0,,,,,,,
//DST定義,(NULL),time,x,y,w,h,acc,a,r,g,b,blend,filter,angle,center,loop,timer,op1,op2,op3
#DST_IMAGE,0,383,152,710,1680,182,0,255,255,255,255,1,0,0,0,2717,3,0,0,0
#DST_IMAGE,0,666,-126,432,1680,182,0,255,255,255,255,1,0,0,0,,,,,
#DST_IMAGE,0,766,-185,373,1680,182,0,255,255,255,255,1,0,0,0,,,,,
#DST_IMAGE,0,800,-196,362,1680,182,0,255,255,255,255,1,0,0,0,,,,,
#DST_IMAGE,0,816,-199,359,1680,182,0,255,255,255,255,1,0,0,0,,,,,
#DST_IMAGE,0,833,-200,358,1680,182,0,255,255,255,255,1,0,0,0,,,,,
#DST_IMAGE,0,1516,-200,358,1680,182,0,255,255,255,255,1,0,0,0,,,,,
#DST_IMAGE,0,2000,-186,372,1680,182,0,200,255,255,255,1,0,0,0,,,,,
#DST_IMAGE,0,2717,-170,388,1680,182,0,200,255,255,255,1,0,0,0,,,,,

//グラデ,,,,,,,,,,,,,,,,,,,,
//SRC定義,(NULL),gr,x,y,w,h,div_x,div_y,cycle,timer,op1,op2,op3,,,,,,,
#SRC_IMAGE,0,11,1681,455,1,298,1,1,0,3,0,0,0,,,,,,,
//DST定義,(NULL),time,x,y,w,h,acc,a,r,g,b,blend,filter,angle,center,loop,timer,op1,op2,op3
#DST_IMAGE,0,1000,0,359,1280,298,0,0,255,255,255,1,0,0,0,1516,3,0,0,0
#DST_IMAGE,0,1516,0,359,1280,298,0,100,255,255,255,1,0,0,0,,,,,

//中央,,,,,,,,,,,,,,,,,,,,
//SRC定義,(NULL),gr,x,y,w,h,div_x,div_y,cycle,timer,op1,op2,op3,,,,,,,
#SRC_IMAGE,0,11,0,1391,1921,201,1,1,0,3,0,0,0,,,,,,,
//DST定義,(NULL),time,x,y,w,h,acc,a,r,g,b,blend,filter,angle,center,loop,timer,op1,op2,op3
#DST_IMAGE,0,350,1188,274,1921,201,0,255,255,255,255,1,0,0,0,2800,3,0,0,0
#DST_IMAGE,0,516,151,274,1921,201,0,255,255,255,255,1,0,0,0,,,,,
#DST_IMAGE,0,600,-222,274,1921,201,0,255,255,255,255,1,0,0,0,,,,,
#DST_IMAGE,0,633,-312,274,1921,201,0,255,255,255,255,1,0,0,0,,,,,
#DST_IMAGE,0,650,-338,274,1921,201,0,255,255,255,255,1,0,0,0,,,,,
#DST_IMAGE,0,666,-347,274,1921,201,0,255,255,255,255,1,0,0,0,,,,,
#DST_IMAGE,0,1166,-306,274,1921,201,0,255,255,255,255,1,0,0,0,,,,,
#DST_IMAGE,0,2000,-239,274,1921,201,0,150,255,255,255,1,0,0,0,,,,,
#DST_IMAGE,0,2800,-175,274,1921,201,0,150,255,255,255,1,0,0,0,,,,,


//"STAGE FAILED"残像,,,,,,,,,,,,,,,,,,,,
//SRC定義,(NULL),gr,x,y,w,h,div_x,div_y,cycle,timer,op1,op2,op3,,,,,,,
#SRC_IMAGE,0,11,1681,330,732,33,1,1,0,3,0,0,0,,,,,,,
//DST定義,(NULL),time,x,y,w,h,acc,a,r,g,b,blend,filter,angle,center,loop,timer,op1,op2,op3
#DST_IMAGE,0,1016,306,344,732,33,0,70,255,255,255,1,0,0,0,-1,3,0,0,0
#DST_IMAGE,0,1100,311,348,732,33,0,70,255,255,255,1,0,0,0
#DST_IMAGE,0,1216,302,342,732,33,0,70,255,255,255,1,0,0,0
#DST_IMAGE,0,1250,301,344,732,33,0,70,255,255,255,1,0,0,0
#DST_IMAGE,0,1333,301,348,732,33,0,70,255,255,255,1,0,0,0
#DST_IMAGE,0,1383,303,350,732,33,0,70,255,255,255,1,0,0,0
#DST_IMAGE,0,1433,306,347,732,33,0,70,255,255,255,1,0,0,0
#DST_IMAGE,0,1550,308,341,732,33,0,70,255,255,255,1,0,0,0
#DST_IMAGE,0,1600,303,341,732,33,0,70,255,255,255,1,0,0,0
#DST_IMAGE,0,1633,299,343,732,33,0,70,255,255,255,1,0,0,0
#DST_IMAGE,0,1783,308,347,732,33,0,70,255,255,255,1,0,0,0
#DST_IMAGE,0,1867,310,339,732,33,0,70,255,255,255,1,0,0,0
#DST_IMAGE,0,2017,311,353,732,33,0,70,255,255,255,1,0,0,0
#DST_IMAGE,0,2167,314,341,732,33,0,70,255,255,255,1,0,0,0
#DST_IMAGE,0,2217,315,346,732,33,0,70,255,255,255,1,0,0,0
#DST_IMAGE,0,2233,314,347,732,33,0,70,255,255,255,1,0,0,0
#DST_IMAGE,0,2350,300,339,732,33,0,70,255,255,255,1,0,0,0
#DST_IMAGE,0,2433,312,348,732,33,0,70,255,255,255,1,0,0,0
#DST_IMAGE,0,2517,308,339,732,33,0,70,255,255,255,1,0,0,0
#DST_IMAGE,0,2617,300,339,732,33,0,70,255,255,255,1,0,0,0
#DST_IMAGE,0,2733,299,353,732,33,0,70,255,255,255,1,0,0,0

//"STAGE FAILED",,,,,,,,,,,,,,,,,,,,
//SRC定義,(NULL),gr,x,y,w,h,div_x,div_y,cycle,timer,op1,op2,op3,,,,,,,
#SRC_IMAGE,0,11,1681,0,732,330,1,10,452,3,0,0,0,,,,,,,
//DST定義,(NULL),time,x,y,w,h,acc,a,r,g,b,blend,filter,angle,center,loop,timer,op1,op2,op3
#DST_IMAGE,0,500,288,344,732,33,0,255,255,255,255,1,0,0,0,-1,3,0,0,0
#DST_IMAGE,0,800,306,344,732,33,0,255,255,255,255,1,0,0,0,,,,,
#DST_IMAGE,0,950,306,344,732,33,0,255,255,255,255,1,0,0,0,,,,,
//SRC定義,(NULL),gr,x,y,w,h,div_x,div_y,cycle,timer,op1,op2,op3,,,,,,,
#SRC_IMAGE,0,11,1681,297,732,33,1,1,0,3,0,0,0,,,,,,,
//DST定義,(NULL),time,x,y,w,h,acc,a,r,g,b,blend,filter,angle,center,loop,timer,op1,op2,op3
#DST_IMAGE,0,950,306,344,732,33,0,255,255,255,255,1,0,0,0,950,3,0,0,0

//"E",,,,,,,,,,,,,,,,,,,,
//SRC定義,(NULL),gr,x,y,w,h,div_x,div_y,cycle,timer,op1,op2,op3,,,,,,,
#SRC_IMAGE,0,11,2193,330,28,32,1,1,0,3,0,0,0,,,,,,,
//DST定義,(NULL),time,x,y,w,h,acc,a,r,g,b,blend,filter,angle,center,loop,timer,op1,op2,op3
#DST_IMAGE,0,950,820,344,28,32,0,255,255,255,255,1,0,0,0,2000,3,0,0,0
#DST_IMAGE,0,1667,820,344,28,32,0,255,255,255,255,1,0,0,0
#DST_IMAGE,0,2000,820,344,28,32,0,255,255,255,255,1,0,0,0
//"ППП",,,,,,,,,,,,,,,,,,,,
//SRC定義,(NULL),gr,x,y,w,h,div_x,div_y,cycle,timer,op1,op2,op3,,,,,,,
#SRC_IMAGE,0,11,0,1593,1600,5,1,1,0,3,0,0,0,,,,,,,
//DST定義,(NULL),time,x,y,w,h,acc,a,r,g,b,blend,filter,angle,center,loop,timer,op1,op2,op3
#DST_IMAGE,0,500,-151,384,1600,5,0,0,255,255,255,1,0,0,0,-1,3,0,0,0
#DST_IMAGE,0,800,-161,384,1600,5,0,50,255,255,255,1,0,0,0
#DST_IMAGE,0,1000,-155,384,1600,5,0,100,255,255,255,1,0,0,0
#DST_IMAGE,0,1500,-65,384,1600,5,0,100,255,255,255,1,0,0,0
#DST_IMAGE,0,4167,-225,384,1600,5,0,100,255,255,255,1,0,0,0

//フェードアウト,,,,,,,,,,,,,,,,,,,,
//SRC定義,(NULL),gr,x,y,w,h,div_x,div_y,cycle,timer,op1,op2,op3,,,,,,,
#SRC_IMAGE,0,110,0,0,1,1,1,1,0,3,0,0,0,,,,,,,
//DST定義,(NULL),time,x,y,w,h,acc,a,r,g,b,blend,filter,angle,center,loop,timer,op1,op2,op3
#DST_IMAGE,0,2000,0,0,1280,720,0,0,255,255,255,1,0,0,0,2800,3,0,0,0
#DST_IMAGE,0,2800,0,0,1280,720,0,255,255,255,255,1,0,0,0,,,,,

//フェード,,,,,,,,,,,,,,,,,,,,
//SRC定義,(NULL),gr,x,y,w,h,div_x,div_y,cycle,timer,op1,op2,op3,,,,,,,
#SRC_IMAGE,0,12,13,1,1,1,1,1,0,2,0,0,0,,,,,,,
//DST定義,(NULL),time,x,y,w,h,acc,a,r,g,b,blend,filter,angle,center,loop,timer,op1,op2,op3
#DST_IMAGE,0,1500,0,0,1280,720,0,0,255,255,255,1,0,0,0,2500,3,0,0,0
#DST_IMAGE,0,2500,0,0,1280,720,0,255,255,255,255,1,0,0,0,,,,,


//SRC定義,(NULL),gr,x,y,w,h,div_x,div_y,cycle,timer,op1,op2,op3,,,,,,,
#SRC_IMAGE,0,27,0,720,748,720,1,1,0,0,0,0,0,,,,,,,
//DST定義,(NULL),time,x,y,w,h,acc,a,r,g,b,blend,filter,angle,center,loop,timer,op1,op2,op3
#DST_IMAGE,0,0,532,0,748,720,0,255,255,255,255,1,0,0,5,500,0,0,0,0
#DST_IMAGE,0,100,532,0,748,720,0,255,255,255,255,1,0,0,0,,,,,
#DST_IMAGE,0,500,1251,720,748,720,0,255,255,255,255,1,0,0,0,,,,,


//SRC定義,(NULL),gr,x,y,w,h,div_x,div_y,cycle,timer,op1,op2,op3,,,,,,,
#SRC_IMAGE,0,27,0,0,899,720,1,1,0,0,0,0,0,,,,,,,
//DST定義,(NULL),time,x,y,w,h,acc,a,r,g,b,blend,filter,angle,center,loop,timer,op1,op2,op3
#DST_IMAGE,0,0,0,0,899,720,0,255,255,255,255,1,0,0,5,500,0,0,0,0
#DST_IMAGE,0,100,0,0,899,720,0,255,255,255,255,1,0,0,0,,,,,
#DST_IMAGE,0,500,-719,-719,899,720,0,255,255,255,255,1,0,0,0,,,,,
