#ENDOFHEADER,,,

//スクラッチ位置。0は左、1は右。デフォルトは0,1,,
//sc side,1P,2P,
#SCRATCHSIDE,0,0,

//リザルトの1P2P入れ替えを行う場合はコメントを外して下さい,,,
//#FLIPRESULT,,,

//[透過色設定],,,
//必要無くても必ず設定して下さい。(なんかライブラリの仕様でオフに出来ないみたいなので,,,
//透過色,R,G,B
#TRANSCLOLR,0,255,0


//[入力開始時間],,,
//入力開始時間,ms
#STARTINPUT,1000


//[演奏開始時間],
//LOADSTART シーン開始から曲ロード開始までの時間,
//LOADEND ロード開始からロード終了までの最低時間(ロード時間が長ければそれだけ遅れます,
//PLAYSTART ロード終了から曲開始までの時間,

#LOADSTART,0
#LOADEND,3000
#PLAYSTART,1500


//[フェードアウト時間],
//フェードアウト時にこの時間が過ぎると次のシーンに移行します。,
#FADEOUT,500,

//[閉店時間],,
#CLOSE,2900,


//[画像定義],,
//画像定義,filename,
#IMAGE,.\LR2files\Theme\EndlessCirculation\Play\bomb\*.png,"			//0"
#IMAGE,.\LR2files\Theme\EndlessCirculation\Play\disablelane\AC\*.png,"		//1"
#IMAGE,.\LR2files\Theme\EndlessCirculation\Play\frame\SelfEvolution\*.png,"		//2"
#IMAGE,.\LR2files\Theme\EndlessCirculation\Play\fullcombo\*.png,"		//3"
#IMAGE,.\LR2files\Theme\EndlessCirculation\Play\gauge\AC\*.png,"		//4"
#IMAGE,.\LR2files\Theme\EndlessCirculation\Play\lanecover\AC\*.png,"		//5"
#IMAGE,.\LR2files\Theme\EndlessCirculation\Play\object\AC\DEFAULT.png,"		//6"
#IMAGE,.\LR2files\Theme\EndlessCirculation\Play\turntable\N\*.png,"		//7"
#IMAGE,.\LR2files\Theme\EndlessCirculation\Play\parts\note\*.png," //8",,
#IMAGE,.\LR2files\Theme\EndlessCirculation\Play\number\*.png,"			//9",,
#IMAGE,.\LR2files\Theme\EndlessCirculation\Play\progressbar\N\*.png,"		//10",,
#IMAGE,.\LR2files\Theme\EndlessCirculation\Play\_parts\close.png,"		//11",,
#IMAGE,.\LR2files\Theme\EndlessCirculation\Play\_parts\parts.png,"		//12",,
#IMAGE,.\LR2files\Theme\EndlessCirculation\Play\parts\Combo\*.png",,
#IMAGE,.\LR2files\Theme\EndlessCirculation\Play\emblem\*.png,"			//14",,
#IMAGE,.\LR2files\Theme\EndlessCirculation\Play\parts\beam\*.png",,		//15",,
#IMAGE,.\LR2files\Theme\EndlessCirculation\Play\number\P\P.png,"			//16",,
#IMAGE,.\LR2files\Theme\EndlessCirculation\Play\_parts\Graph.png,"		//17",,
#IMAGE,.\LR2files\Theme\EndlessCirculation\Play\Gaugefont\SE.png," //18
#IMAGE,.\LR2files\Theme\EndlessCirculation\Play\load2.mpg," //19
#IMAGE,.\LR2files\Theme\EndlessCirculation\Play\parts\GraphBG\*.png",,
#IMAGE,.\LR2files\Theme\EndlessCirculation\Play\DIFFICULT\P.png, //21
#IMAGE,.\LR2files\Theme\EndlessCirculation\Play\DIFFICULT\level.png, //22
#IF,100,,,,,,,,,,
#IMAGE,.\LR2files\Theme\EndlessCirculation\Play\ClearData\NOPLAY.png,,,,,,,,,,//23
#ELSEIF,101,,,,,,,,,,
#IMAGE,.\LR2files\Theme\EndlessCirculation\Play\ClearData\FAILED.png,,,,,,,,,,//23
#ELSEIF,102,,,,,,,,,,
#IMAGE,.\LR2files\Theme\EndlessCirculation\Play\ClearData\EASYCLEAR.png,,,,,,,,,,//23
#ELSEIF,103,,,,,,,,,,
#IMAGE,.\LR2files\Theme\EndlessCirculation\Play\ClearData\CLEAR.png,,,,,,,,,,//23
#ELSEIF,104,,,,,,,,,,
#IMAGE,.\LR2files\Theme\EndlessCirculation\Play\ClearData\HARDCLEAR.png,,,,,,,,,,//23
#ELSEIF,105,,,,,,,,,,
#IMAGE,.\LR2files\Theme\EndlessCirculation\Play\ClearData\FULLCOMBO.png,,,,,,,,,,//23
#ELSE,,,,,,,,,,,
#IMAGE,.\LR2files\Theme\EndlessCirculation\Play\ClearData\dummy.png,,,,,,,,,,//23
#ENDIF,,,,,,,,,,,
#IMAGE,.\LR2files\Theme\EndlessCirculation\Play\parts\keyflash\*.png",,		//24",,
#IMAGE,.\LR2files\Theme\EndlessCirculation\Play\parts\judgeline\*.png",,		//25",,
#IMAGE,.\LR2files\Theme\EndlessCirculation\Play\parts\grow\*.png",,		//26",,
#IMAGE,CONTINUE,,,,,,,,,,//27


//[フォント定義],,,,
//,size,thick,type,name
#FONT,42,5,2,ＤＦＰPOPミックスW3
#FONT,15,5,2,ヒラギノ角ゴ7
#FONT,12,5,2,ヒラギノ角ゴ7

//パスの次を1とすると、画像フォント使用不可設定が無効になり、かならず使用されます,,,,,,,,,,,,,,,,,,,,
#LR2FONT,.\LR2files\Theme\EndlessCirculation\font\Title\font.lr2font,,,,,,,,,,,,,,,,,,,
#LR2FONT,.\LR2files\Theme\EndlessCirculation\font\Play_Genre\font.lr2font,,,,,,,,,,,,,,,,,,,
#LR2FONT,.\LR2files\Theme\EndlessCirculation\Play\font\02\font.lr2font,,,,,,,,,,,,,,,,,,,
#LR2FONT,.\LR2files\Theme\EndlessCirculation\Play\font\03\font.lr2font,,,,,,,,,,,,,,,,,,,
#LR2FONT,.\LR2files\Theme\EndlessCirculation\Play\font\04\font.lr2font,,,,,,,,,,,,,,,,,,,
#LR2FONT,.\LR2files\Theme\EndlessCirculation\Play\font\05\font.lr2font,,,,,,,,,,,,,,,,,,,

///先読み
#SRC_IMAGE,0,0,0,0,0,0,0,0,0,0,0,0,0,,,,,,,
//DST定義,(NULL),time,x,y,w,h,acc,a,r,g,b,blend,filter,angle,center,loop,timer,op1,op2,op3
#DST_IMAGE,0,0,0,0,1,1,0,255,0,0,0,0,0,0,0,0,0,0,0,0
///
#SRC_IMAGE,0,6,0,0,0,0,0,0,0,0,0,0,0,,,,,,,
//DST定義,(NULL),time,x,y,w,h,acc,a,r,g,b,blend,filter,angle,center,loop,timer,op1,op2,op3
#DST_IMAGE,0,0,0,0,1,1,0,255,0,0,0,0,0,0,0,0,0,0,0,0
//SRC定義,(NULL),gr,x,y,w,h,div_x,div_y,cycle,timer,op1,op2,op3,,,,,,,
#SRC_IMAGE,0,17,0,0,66,448,1,1,0,0,80,0,0,,,,,,,
//DST定義,(NULL),time,x,y,w,h,acc,a,r,g,b,blend,filter,angle,center,loop,timer,op1,op2,op3
#DST_IMAGE,0,0,0,720,66,448,0,255,255,255,255,1,0,0,0,-1,0,80,0,0
#DST_IMAGE,0,500,0,720,66,448,0,255,255,255,255,1,0,0,0,,,,,

//[画像配置],,,,,,,,,,,,,,,,,,,,

//コピペ用テンプレート,,,,,,,,,,,,,,,,,,,,
//SRC定義,(NULL),gr,x,y,w,h,div_x,div_y,cycle,timer,op1,op2,op3,,,,,,,
//DST定義,(NULL),time,x,y,w,h,acc,a,r,g,b,blend,filter,angle,center,loop,timer,op1,op2,op3

#IF,38,
///////////////////////////////,,,,,,,,,,,,,,,,,,,,
//フレーム,,,,,,,,,,,,,,,,,,,,

//最下部,,,,,,,,,,,,,,,,,,,,
//SRC定義,(NULL),gr,x,y,w,h,div_x,div_y,cycle,timer,op1,op2,op3,,,,,,,
#SRC_IMAGE,0,2,0,0,1280,720,1,1,0,0,0,0,0,,,,,,,
//DST定義,(NULL),time,x,y,w,h,acc,a,r,g,b,blend,filter,angle,center,loop,timer,op1,op2,op3
#DST_IMAGE,0,0,0,0,1280,720,0,0,255,255,255,1,0,0,0,300,,,,
#DST_IMAGE,0,300,0,0,1280,720,0,255,255,255,255,1,0,0,0,,,,,

///////////////////////////////////////////////////////////////////////,,,,,,,,,,,,,,,,,,,,
//タイトルテキスト・タイトル画像(backbmp)表示始点,,,,,,,,,,,,,,,,,,,,

//BGA,,,,,,,,,,,,,,,,,,,,
//SRCはほとんど形式を共通にするためのダミーでしかありませんが、一応表示に関するオプションを設定できます。,,,,,,,,,,,,,,,,,,,,
//nobase,nolayer,nopoor 1にするとその階層のBGAは表示されません。,,,,,,,,,,,,,,,,,,
//でかい,,,,,,,,,,,,,,,,,,,,
//SRC定義,(NULL),(NULL),(NULL),(NULL),(NULL),(NULL),(NULL),(NULL),(NULL),(NULL),nobase,nolayer,nopoor,,,,,,,
#SRC_BGA,0,0,0,0,0,0,0,0,0,0,0,0,0,,,,,,,
//DST定義,(NULL),time,x,y,w,h,acc,a,r,g,b,blend,filter,angle,center,loop,timer,op1,op2,op3
#DST_BGA,0,0,430,55,770,578,0,255,255,255,255,0,1,0,0,0,0,31,0,0

///通常,,,,,,,,,,,,,,,,,,,,
//SRC定義,(NULL),(NULL),(NULL),(NULL),(NULL),(NULL),(NULL),(NULL),(NULL),(NULL),nobase,nolayer,nopoor,,,,,,,
#SRC_BGA,0,0,0,0,0,0,0,0,0,0,0,0,0,,,,,,,
//DST定義,(NULL),time,x,y,w,h,acc,a,r,g,b,blend,filter,angle,center,loop,timer,op1,op2,op3
#DST_BGA,0,0,430,55,770,578,0,255,255,255,255,0,1,0,0,0,0,30,0,0

//ジャンル,,,,,,,,,,,,,,,,,,,,
//SRC定義,(NULL),font,st,align,edit,,,,,,,,,,,,,,,
#SRC_TEXT,0,1,13,1,0,,,,,,,,,,,,,,,
//DST定義,(NULL),time,x,y,w,size,acc,a,r,g,b,blend,filter,(NULL),(NULL),loop,timer,(NULL),(NULL),(NULL)
#DST_TEXT,0,0,814,179,330,25,0,0,255,255,255,1,1,0,0,750,0,80,194,0
#DST_TEXT,0,500,814,179,330,25,0,0,255,255,255,1,1,0,0,750,0,80,194,0
#DST_TEXT,0,750,814,179,330,25,0,255,255,255,255,1,1,0,0,,,,,

//ジャンル,,,,,,,,,,,,,,,,,,,,
//SRC定義,(NULL),font,st,align,edit,,,,,,,,,,,,,,,
#SRC_TEXT,0,1,13,1,0,,,,,,,,,,,,,,,
//DST定義,(NULL),time,x,y,w,size,acc,a,r,g,b,blend,filter,(NULL),(NULL),loop,timer,(NULL),(NULL),(NULL)
#DST_TEXT,0,0,814,179,330,25,0,255,255,255,255,1,1,0,0,-1,40,81,194,0
#DST_TEXT,0,500,814,179,330,25,0,255,255,255,255,1,1,0,0,-1,40,81,194,0
#DST_TEXT,0,750,814,179,330,25,0,0,255,255,255,1,1,0,0,,,,,

//タイトル,,,,,,,,,,,,,,,,,,,,
//SRC定義,(NULL),font,st,align,edit,,,,,,,,,,,,,,,
#SRC_TEXT,0,0,10,1,0,,,,,,,,,,,,,,,
//DST定義,(NULL),time,x,y,w,size,acc,a,r,g,b,blend,filter,(NULL),(NULL),loop,timer,(NULL),(NULL),(NULL)
#DST_TEXT,0,0,814,230,520,80,0,0,255,255,255,1,1,0,0,750,0,80,194,0
#DST_TEXT,0,500,814,230,520,80,0,0,255,255,255,1,1,0,0,750,0,80,194,0
#DST_TEXT,0,750,814,230,520,80,0,255,255,255,255,1,1,0,0,,,,,

//タイトル,,,,,,,,,,,,,,,,,,,,
//SRC定義,(NULL),font,st,align,edit,,,,,,,,,,,,,,,
#SRC_TEXT,0,0,10,1,0,,,,,,,,,,,,,,,
//DST定義,(NULL),time,x,y,w,size,acc,a,r,g,b,blend,filter,(NULL),(NULL),loop,timer,(NULL),(NULL),(NULL)
#DST_TEXT,0,0,814,230,520,80,0,255,255,255,255,1,1,0,0,-1,40,81,194,0
#DST_TEXT,0,500,814,230,520,80,0,255,255,255,255,1,1,0,0,-1,40,81,194,0
#DST_TEXT,0,750,814,230,520,80,0,0,255,255,255,1,1,0,0,,,,,

//サブタイトル,,,,,,,,,,,,,,,,,,,,
//SRC定義,(NULL),font,st,align,edit,,,,,,,,,,,,,,,
#SRC_TEXT,0,3,11,1,0,,,,,,,,,,,,,,,
//DST定義,(NULL),time,x,y,w,size,acc,a,r,g,b,blend,filter,(NULL),(NULL),loop,timer,(NULL),(NULL),(NULL)
#DST_TEXT,0,0,814,321,320,40,0,0,255,255,255,1,1,0,0,750,0,80,194,0
#DST_TEXT,0,500,814,321,320,40,0,0,255,255,255,1,1,0,0,750,0,80,194,0
#DST_TEXT,0,750,814,321,320,40,0,255,255,255,255,1,1,0,0,,,,,

//サブタイトル,,,,,,,,,,,,,,,,,,,,
//SRC定義,(NULL),font,st,align,edit,,,,,,,,,,,,,,,
#SRC_TEXT,0,3,11,1,0,,,,,,,,,,,,,,,
//DST定義,(NULL),time,x,y,w,size,acc,a,r,g,b,blend,filter,(NULL),(NULL),loop,timer,(NULL),(NULL),(NULL)
#DST_TEXT,0,0,814,321,320,40,0,255,255,255,255,1,1,0,0,-1,40,81,194,0
#DST_TEXT,0,500,814,321,320,40,0,255,255,255,255,1,1,0,0,-1,40,81,194,0
#DST_TEXT,0,750,814,321,320,40,0,0,255,255,255,1,1,0,0,,,,,

//アーティスト,,,,,,,,,,,,,,,,,,,,
//SRC定義,(NULL),font,st,align,edit,,,,,,,,,,,,,,,
#SRC_TEXT,0,3,14,1,0,,,,,,,,,,,,,,,
//DST定義,(NULL),time,x,y,w,size,acc,a,r,g,b,blend,filter,(NULL),(NULL),loop,timer,(NULL),(NULL),(NULL)
#DST_TEXT,0,0,814,510,320,40,0,0,255,255,255,1,1,0,0,750,0,80,194,0
#DST_TEXT,0,500,814,510,320,40,0,0,255,255,255,1,1,0,0,750,0,80,194,0
#DST_TEXT,0,750,814,510,320,40,0,255,255,255,255,1,1,0,0,,,,,

//アーティスト,,,,,,,,,,,,,,,,,,,,
//SRC定義,(NULL),font,st,align,edit,,,,,,,,,,,,,,,
#SRC_TEXT,0,3,14,1,0,,,,,,,,,,,,,,,
//DST定義,(NULL),time,x,y,w,size,acc,a,r,g,b,blend,filter,(NULL),(NULL),loop,timer,(NULL),(NULL),(NULL)
#DST_TEXT,0,0,814,510,320,40,0,255,255,255,255,1,1,0,0,-1,40,81,194,0
#DST_TEXT,0,500,814,510,320,40,0,255,255,255,255,1,1,0,0,-1,40,81,194,0
#DST_TEXT,0,750,814,510,320,40,0,0,255,255,255,1,1,0,0,,,,,

//BGAアーティスト,,,,,,,,,,,,,,,,,,,,
//SRC定義,(NULL),font,st,align,edit,,,,,,,,,,,,,,,
#SRC_TEXT,0,4,15,1,0,,,,,,,,,,,,,,,
//DST定義,(NULL),time,x,y,w,size,acc,a,r,g,b,blend,filter,(NULL),(NULL),loop,timer,(NULL),(NULL),(NULL)
#DST_TEXT,0,0,814,555,320,30,0,0,255,255,255,1,1,0,0,750,0,80,194,0
#DST_TEXT,0,500,814,555,320,30,0,0,255,255,255,1,1,0,0,750,0,80,194,0
#DST_TEXT,0,750,814,555,320,30,0,255,255,255,255,1,1,0,0,,,,,

//BGAアーティスト,,,,,,,,,,,,,,,,,,,,
//SRC定義,(NULL),font,st,align,edit,,,,,,,,,,,,,,,
#SRC_TEXT,0,4,15,1,0,,,,,,,,,,,,,,,
//DST定義,(NULL),time,x,y,w,size,acc,a,r,g,b,blend,filter,(NULL),(NULL),loop,timer,(NULL),(NULL),(NULL)
#DST_TEXT,0,0,814,555,320,30,0,255,255,255,255,1,1,0,0,-1,40,81,194,0
#DST_TEXT,0,500,814,555,320,30,0,255,255,255,255,1,1,0,0,-1,40,81,194,0
#DST_TEXT,0,750,814,555,320,30,0,0,255,255,255,1,1,0,0,,,,,

//BGA枠背景影1(BACKBMP)//option80 ロード未完了,//option195 BACKBMP有り,,,,,,,,,,,,,,,,,,,
//SRC定義,(NULL),gr,x,y,w,h,div_x,div_y,cycle,timer,op1,op2,op3,,,,,,,
#SRC_IMAGE,0,101,0,0,-1,-1,1,1,0,0,0,0,0,,,,,,,
//DST定義,(NULL),time,x,y,w,h,acc,a,r,g,b,blend,filter,angle,center,loop,timer,op1,op2,op3
#DST_IMAGE,0,0,516,83,576,497,0,0,255,255,255,3,1,0,0,750,0,80,195,0
#DST_IMAGE,0,500,516,83,576,497,0,0,255,255,255,3,1,0,0,750,0,80,195,0
#DST_IMAGE,0,750,516,83,576,497,0,255,255,255,255,3,1,0,0,,,,,

//BGA枠背景影1(BACKBMP)//option81 ロード完了,//option195 BACKBMP有り,,,,,,,,,,,,,,,,,,,
//SRC定義,(NULL),gr,x,y,w,h,div_x,div_y,cycle,timer,op1,op2,op3,,,,,,,
#SRC_IMAGE,0,101,0,0,-1,-1,1,1,0,0,0,0,0,,,,,,,
//DST定義,(NULL),time,x,y,w,h,acc,a,r,g,b,blend,filter,angle,center,loop,timer,op1,op2,op3
#DST_IMAGE,0,0,516,83,576,497,0,255,255,255,255,3,1,0,0,-1,40,81,195,0
#DST_IMAGE,0,500,516,83,576,497,0,255,255,255,255,3,1,0,0,-1,40,81,195,0
#DST_IMAGE,0,750,516,83,576,497,0,0,255,255,255,3,1,0,0,,,,,

//BGA枠背景影2(BACKBMP)//option80 ロード未完了,//option195 BACKBMP有り,,,,,,,,,,,,,,,,,,,
//SRC定義,(NULL),gr,x,y,w,h,div_x,div_y,cycle,timer,op1,op2,op3,,,,,,,
#SRC_IMAGE,0,101,0,0,-1,-1,1,1,0,0,0,0,0,,,,,,,
//DST定義,(NULL),time,x,y,w,h,acc,a,r,g,b,blend,filter,angle,center,loop,timer,op1,op2,op3
#DST_IMAGE,0,0,516,83,576,497,0,0,255,255,255,3,1,0,0,750,0,80,195,0
#DST_IMAGE,0,500,516,83,576,497,0,0,255,255,255,3,1,0,0,750,0,80,195,0
#DST_IMAGE,0,750,516,83,576,497,0,255,255,255,255,3,1,0,0,,,,,

//BGA枠背景影2(BACKBMP)//option81 ロード完了,//option195 BACKBMP有り,,,,,,,,,,,,,,,,,,,
//SRC定義,(NULL),gr,x,y,w,h,div_x,div_y,cycle,timer,op1,op2,op3,,,,,,,
#SRC_IMAGE,0,101,0,0,-1,-1,1,1,0,0,0,0,0,,,,,,,
//DST定義,(NULL),time,x,y,w,h,acc,a,r,g,b,blend,filter,angle,center,loop,timer,op1,op2,op3
#DST_IMAGE,0,0,516,83,576,497,0,255,255,255,255,3,1,0,0,-1,40,81,195,0
#DST_IMAGE,0,500,516,83,576,497,0,255,255,255,255,3,1,0,0,-1,40,81,195,0
#DST_IMAGE,0,750,516,83,576,497,0,0,255,255,255,3,1,0,0,,,,,

//BGA枠背景(BACKBMP)//option80 ロード未完了,//option195 BACKBMP有り,,,,,,,,,,,,,,,,,,,
//SRC定義,(NULL),gr,x,y,w,h,div_x,div_y,cycle,timer,op1,op2,op3,,,,,,,
#SRC_IMAGE,0,101,0,0,-1,-1,1,1,0,0,0,0,0,,,,,,,
//DST定義,(NULL),time,x,y,w,h,acc,a,r,g,b,blend,filter,angle,center,loop,timer,op1,op2,op3
#DST_IMAGE,0,0,516,83,576,497,0,0,255,255,255,2,1,0,0,750,0,80,195,0
#DST_IMAGE,0,500,516,83,576,497,0,0,255,255,255,2,1,0,0,750,0,80,195,0
#DST_IMAGE,0,750,516,83,576,497,0,255,255,255,255,2,1,0,0,,,,,

//BGA枠背景(BACKBMP)//option81 ロード完了,//option195 BACKBMP有り,,,,,,,,,,,,,,,,,,,
//SRC定義,(NULL),gr,x,y,w,h,div_x,div_y,cycle,timer,op1,op2,op3,,,,,,,
#SRC_IMAGE,0,101,0,0,-1,-1,1,1,0,0,0,0,0,,,,,,,
//DST定義,(NULL),time,x,y,w,h,acc,a,r,g,b,blend,filter,angle,center,loop,timer,op1,op2,op3
#DST_IMAGE,0,0,516,83,576,497,0,255,255,255,255,2,1,0,0,-1,40,81,195,0
#DST_IMAGE,0,500,516,83,576,497,0,255,255,255,255,2,1,0,0,-1,40,81,195,0
#DST_IMAGE,0,750,516,83,576,497,0,0,255,255,255,2,1,0,0,,,,,


load未
//SRC定義,(NULL),gr,x,y,w,h,div_x,div_y,cycle,timer,type,muki
#SRC_BARGRAPH,0,12,404,414,388,2,1,1,0,0,2,0
//DST定義,(NULL),time,x,y,w,h,acc,a,r,g,b,blend,filter,angle,center,loop,timer,op1,op1,op3
#DST_BARGRAPH,0,0,620,604,388,2,0,0,255,255,255,0,0,0,0,300,0,80,0,0
#DST_BARGRAPH,0,300,620,604,388,2,0,255,255,255,255,0,0,0,0,0,0

わく
//SRC定義,(NULL),gr,x,y,w,h,div_x,div_y,cycle,timer,op1,op2,op3,,,,,,,
#SRC_IMAGE,0,12,0,394,400,24,1,1,0,0,0,0,0,,,,,,,
//DST定義,(NULL),time,x,y,w,h,acc,a,r,g,b,blend,filter,angle,center,loop,timer,op1,op2,op3
#DST_IMAGE,0,0,615,594,400,24,0,0,255,255,255,1,0,0,0,300,0,80,0,0
#DST_IMAGE,0,300,615,594,400,24,0,255,255,255,255,1,0,0,0,,,,,


load完
//SRC定義,(NULL),gr,x,y,w,h,div_x,div_y,cycle,timer,type,muki
#SRC_BARGRAPH,0,12,404,414,388,2,1,1,0,0,2,0
//DST定義,(NULL),time,x,y,w,h,acc,a,r,g,b,blend,filter,angle,center,loop,timer,op1,op1,op3
#DST_BARGRAPH,0,0,620,604,388,2,0,255,255,255,255,1,0,0,0,-1,40,81,0,0
#DST_BARGRAPH,0,500,620,604,388,2,0,0,255,255,255,1,0,0,0,0,0

わく
//SRC定義,(NULL),gr,x,y,w,h,div_x,div_y,cycle,timer,op1,op2,op3,,,,,,,
#SRC_IMAGE,0,12,0,394,400,24,1,1,0,0,0,0,0,,,,,,,
//DST定義,(NULL),time,x,y,w,h,acc,a,r,g,b,blend,filter,angle,center,loop,timer,op1,op2,op3
#DST_IMAGE,0,0,615,594,400,24,0,255,255,255,255,1,0,0,0,-1,40,81,0,0
#DST_IMAGE,0,500,615,594,400,24,0,0,255,255,255,1,0,0,0,,,,,

#ENDIF







//数値関連,,,,,,,,,,,,,,,,,,,,
#IF,970,38,,,,,,,,,,,,,,,,,,,
//ノーマルスコア(6桁) 1P 100,number100 score 1P,,,,,,,,,,,,,,,,,,,
//SRC定義,(null),gr,x,y,w,h,div_x,div_y,cycle,timer,num,align,keta,,,,,,,
#SRC_NUMBER,0,16,0,0,308,19,11,1,0,0,100,0,6,,,,,,,
//DST定義,(NULL),time,x,y,w,h,acc,a,r,g,b,blend,filter,angle,center,loop,timer,op1,op2,op3
#DST_NUMBER,0,700,488,654,28,19,0,0,255,255,255,1,0,0,0,1000,0,0,0,0
#DST_NUMBER,0,1000,488,654,28,19,0,255,255,255,255,1,0,0,0,,,,,
#ENDIF,,,,,,,,,,,,,,,,,,,,

//EXスコア(6桁) 1P 100,number100 score 1P,,,,,,,,,,,,,,,,,,,
#IF,971,38,,,,,,,,,,,,,,,,,,
//SRC定義,(null),gr,x,y,w,h,div_x,div_y,cycle,timer,num,align,keta,,,,,,,
#SRC_NUMBER,0,16,0,0,308,19,11,1,0,0,101,0,6,,,,,,,
//DST定義,(NULL),time,x,y,w,h,acc,a,r,g,b,blend,filter,angle,center,loop,timer,op1,op2,op3
#DST_NUMBER,0,700,488,654,28,19,0,0,255,255,255,1,0,0,0,1000,0,0,0,0
#DST_NUMBER,0,1000,488,654,28,19,0,255,255,255,255,1,0,0,0,,,,,
#ENDIF,,,,,,,,,,,,,,,,,,,,

#IF,38

//マックスコンボ(4桁),number105 maxcombo 1P,,,,,,,,,,,,,,,,,,,
//SRC定義,(null),gr,x,y,w,h,div_x,div_y,cycle,timer,num,align,keta,,,,,,,
#SRC_NUMBER,0,16,0,0,308,19,11,1,0,0,105,0,4,,,,,,,
//DST定義,(NULL),time,x,y,w,h,acc,a,r,g,b,blend,filter,angle,center,loop,timer,op1,op2,op3
#DST_NUMBER,0,1000,974,654,28,19,0,0,255,255,255,1,0,0,0,1200,0,0,0,0
#DST_NUMBER,0,1200,974,654,28,19,0,255,255,255,255,1,0,0,0,,,,,

//BPM,number160 bpm,,,,,,,,,,,,,,,,,,,
//SRC定義,(null),gr,x,y,w,h,div_x,div_y,cycle,timer,num,align,keta,,,,,,,
#SRC_NUMBER,0,16,0,0,308,19,11,1,0,0,160,0,3,,,,,,,
//DST定義,(NULL),time,x,y,w,h,acc,a,r,g,b,blend,filter,angle,center,loop,timer,op1,op2,op3
#DST_NUMBER,0,850,773,642,28,19,0,0,255,255,255,1,0,0,0,1200,0,0,0,0
#DST_NUMBER,0,1200,773,642,28,19,0,255,255,255,255,1,0,0,0,,,,,


////////////////////////////////////////////////////////////////////////////////
#ENDIF

#IF,38,906,,,,,,,,,,,,,,,,

//マックスコンボ(4桁),number105 maxcombo 1P,,,,,,,,,,,,,,,,,,,
//SRC定義,(null),gr,x,y,w,h,div_x,div_y,cycle,timer,num,align,keta,,,,,,,
#SRC_NUMBER,0,16,0,0,308,19,11,1,0,0,105,0,4,,,,,,,
//DST定義,(NULL),time,x,y,w,h,acc,a,r,g,b,blend,filter,angle,center,loop,timer,op1,op2,op3
#DST_NUMBER,0,1000,974,654,28,19,0,0,255,255,255,1,0,0,0,1200,0,0,0,0
#DST_NUMBER,0,1200,974,654,28,19,0,255,255,255,255,1,0,0,0,,,,,


//MIN MAX,,,,,,,,,,,,,,,,,,,,
//SRC定義,(NULL),gr,x,y,w,h,div_x,div_y,cycle,timer,op1,op2,op3,,,,,,,
#SRC_IMAGE,0,12,111,229,173,10,1,1,0,0,0,0,0,,,,,,,
//DST定義,(NULL),time,x,y,w,h,acc,a,r,g,b,blend,filter,angle,center,loop,timer,op1,op2,op3
#DST_IMAGE,0,0,731,663,173,10,0,0,255,255,255,1,0,0,0,500,,,,
#DST_IMAGE,0,500,731,663,173,10,0,255,255,255,255,1,0,0,0,,,,,


//BPM,number160 bpm,,,,,,,,,,,,,,,,,,,
//SRC定義,(null),gr,x,y,w,h,div_x,div_y,cycle,timer,num,align,keta,,,,,,,
#SRC_NUMBER,0,16,0,0,308,19,11,1,0,0,160,0,3,,,,,,,
//DST定義,(NULL),time,x,y,w,h,acc,a,r,g,b,blend,filter,angle,center,loop,timer,op1,op2,op3
#DST_NUMBER,0,850,773,642,28,19,0,0,255,255,255,1,0,0,0,1200,0,0,0,0
#DST_NUMBER,0,1200,773,642,28,19,0,255,255,255,255,1,0,0,0,,,,,

//BPM,number160 MIN,,,,,,,,,,,,,,,,,,,
//SRC定義,(null),gr,x,y,w,h,div_x,div_y,cycle,timer,num,align,keta,,,,,,,
#SRC_NUMBER,0,16,0,0,308,19,11,1,0,0,91,0,3,,,,,,,
//DST定義,(NULL),time,x,y,w,h,acc,a,r,g,b,blend,filter,angle,center,loop,timer,op1,op2,op3
#DST_NUMBER,0,850,719,648,15,12,0,0,255,255,255,1,1,0,0,1200,0,0,0,0
#DST_NUMBER,0,1200,719,648,15,12,0,255,255,255,255,1,1,0,0,,,,,

//BPM,number160 MAX,,,,,,,,,,,,,,,,,,,
//SRC定義,(null),gr,x,y,w,h,div_x,div_y,cycle,timer,num,align,keta,,,,,,,
#SRC_NUMBER,0,16,0,0,308,19,11,1,0,0,90,0,3,,,,,,,
//DST定義,(NULL),time,x,y,w,h,acc,a,r,g,b,blend,filter,angle,center,loop,timer,op1,op2,op3
#DST_NUMBER,0,850,867,648,15,12,0,0,255,255,255,1,1,0,0,1200,0,0,0,0
#DST_NUMBER,0,1200,867,648,15,12,0,255,255,255,255,1,1,0,0,,,,,

#ENDIF


#IF,39,950,

///////////////////////////////,,,,,,,,,,,,,,,,,,,,
//フレーム,,,,,,,,,,,,,,,,,,,,

//最下部,,,,,,,,,,,,,,,,,,,,
//SRC定義,(NULL),gr,x,y,w,h,div_x,div_y,cycle,timer,op1,op2,op3,,,,,,,
#SRC_IMAGE,0,2,354,2049,647,720,1,1,0,0,0,0,0,,,,,,,
//DST定義,(NULL),time,x,y,w,h,acc,a,r,g,b,blend,filter,angle,center,loop,timer,op1,op2,op3
#DST_IMAGE,0,0,352,0,647,720,0,0,255,255,255,1,0,0,0,500,,,,
#DST_IMAGE,0,500,352,0,647,720,0,255,255,255,255,1,0,0,0,,,,,

///////////////////////////////////////////////////////////////////////,,,,,,,,,,,,,,,,,,,,
//タイトルテキスト・タイトル画像(backbmp)表示始点,,,,,,,,,,,,,,,,,,,,

//BGA,,,,,,,,,,,,,,,,,,,,
//SRCはほとんど形式を共通にするためのダミーでしかありませんが、一応表示に関するオプションを設定できます。,,,,,,,,,,,,,,,,,,,,
//nobase,nolayer,nopoor 1にするとその階層のBGAは表示されません。,,,,,,,,,,,,,,,,,,
//でかい,,,,,,,,,,,,,,,,,,,,
//SRC定義,(NULL),(NULL),(NULL),(NULL),(NULL),(NULL),(NULL),(NULL),(NULL),(NULL),nobase,nolayer,nopoor,,,,,,,
#SRC_BGA,0,0,0,0,0,0,0,0,0,0,0,0,0,,,,,,,
//DST定義,(NULL),time,x,y,w,h,acc,a,r,g,b,blend,filter,angle,center,loop,timer,op1,op2,op3
#DST_BGA,0,0,354,128,643,504,0,255,255,255,255,0,1,0,0,0,0,31,0,0

///通常,,,,,,,,,,,,,,,,,,,,
//SRC定義,(NULL),(NULL),(NULL),(NULL),(NULL),(NULL),(NULL),(NULL),(NULL),(NULL),nobase,nolayer,nopoor,,,,,,,
#SRC_BGA,0,0,0,0,0,0,0,0,0,0,0,0,0,,,,,,,
//DST定義,(NULL),time,x,y,w,h,acc,a,r,g,b,blend,filter,angle,center,loop,timer,op1,op2,op3
#DST_BGA,0,0,354,128,643,504,0,255,255,255,255,0,1,0,0,0,0,30,0,0

//ジャンル,,,,,,,,,,,,,,,,,,,,
//SRC定義,(NULL),font,st,align,edit,,,,,,,,,,,,,,,
#SRC_TEXT,0,1,13,1,0,,,,,,,,,,,,,,,
//DST定義,(NULL),time,x,y,w,size,acc,a,r,g,b,blend,filter,(NULL),(NULL),loop,timer,(NULL),(NULL),(NULL)
#DST_TEXT,0,0,675,179,330,25,0,0,255,255,255,1,1,0,0,750,0,80,194,0
#DST_TEXT,0,500,675,179,330,25,0,0,255,255,255,1,1,0,0,750,0,80,194,0
#DST_TEXT,0,750,675,179,330,25,0,255,255,255,255,1,1,0,0,,,,,

//ジャンル,,,,,,,,,,,,,,,,,,,,
//SRC定義,(NULL),font,st,align,edit,,,,,,,,,,,,,,,
#SRC_TEXT,0,1,13,1,0,,,,,,,,,,,,,,,
//DST定義,(NULL),time,x,y,w,size,acc,a,r,g,b,blend,filter,(NULL),(NULL),loop,timer,(NULL),(NULL),(NULL)
#DST_TEXT,0,0,675,179,330,25,0,255,255,255,255,1,1,0,0,-1,40,81,194,0
#DST_TEXT,0,500,675,179,330,25,0,255,255,255,255,1,1,0,0,-1,40,81,194,0
#DST_TEXT,0,750,675,179,330,25,0,0,255,255,255,1,1,0,0,,,,,

//タイトル,,,,,,,,,,,,,,,,,,,,
//SRC定義,(NULL),font,st,align,edit,,,,,,,,,,,,,,,
#SRC_TEXT,0,0,10,1,0,,,,,,,,,,,,,,,
//DST定義,(NULL),time,x,y,w,size,acc,a,r,g,b,blend,filter,(NULL),(NULL),loop,timer,(NULL),(NULL),(NULL)
#DST_TEXT,0,0,675,230,420,80,0,0,255,255,255,1,1,0,0,750,0,80,194,0
#DST_TEXT,0,500,675,230,420,80,0,0,255,255,255,1,1,0,0,750,0,80,194,0
#DST_TEXT,0,750,675,230,420,80,0,255,255,255,255,1,1,0,0,,,,,

//タイトル,,,,,,,,,,,,,,,,,,,,
//SRC定義,(NULL),font,st,align,edit,,,,,,,,,,,,,,,
#SRC_TEXT,0,0,10,1,0,,,,,,,,,,,,,,,
//DST定義,(NULL),time,x,y,w,size,acc,a,r,g,b,blend,filter,(NULL),(NULL),loop,timer,(NULL),(NULL),(NULL)
#DST_TEXT,0,0,675,230,420,80,0,255,255,255,255,1,1,0,0,-1,40,81,194,0
#DST_TEXT,0,500,675,230,420,80,0,255,255,255,255,1,1,0,0,-1,40,81,194,0
#DST_TEXT,0,750,675,230,420,80,0,0,255,255,255,1,1,0,0,,,,,

//サブタイトル,,,,,,,,,,,,,,,,,,,,
//SRC定義,(NULL),font,st,align,edit,,,,,,,,,,,,,,,
#SRC_TEXT,0,3,11,1,0,,,,,,,,,,,,,,,
//DST定義,(NULL),time,x,y,w,size,acc,a,r,g,b,blend,filter,(NULL),(NULL),loop,timer,(NULL),(NULL),(NULL)
#DST_TEXT,0,0,675,321,320,40,0,0,255,255,255,1,1,0,0,750,0,80,194,0
#DST_TEXT,0,500,675,321,320,40,0,0,255,255,255,1,1,0,0,750,0,80,194,0
#DST_TEXT,0,750,675,321,320,40,0,255,255,255,255,1,1,0,0,,,,,

//サブタイトル,,,,,,,,,,,,,,,,,,,,
//SRC定義,(NULL),font,st,align,edit,,,,,,,,,,,,,,,
#SRC_TEXT,0,3,11,1,0,,,,,,,,,,,,,,,
//DST定義,(NULL),time,x,y,w,size,acc,a,r,g,b,blend,filter,(NULL),(NULL),loop,timer,(NULL),(NULL),(NULL)
#DST_TEXT,0,0,675,321,320,40,0,255,255,255,255,1,1,0,0,-1,40,81,194,0
#DST_TEXT,0,500,675,321,320,40,0,255,255,255,255,1,1,0,0,-1,40,81,194,0
#DST_TEXT,0,750,675,321,320,40,0,0,255,255,255,1,1,0,0,,,,,

//アーティスト,,,,,,,,,,,,,,,,,,,,
//SRC定義,(NULL),font,st,align,edit,,,,,,,,,,,,,,,
#SRC_TEXT,0,3,14,1,0,,,,,,,,,,,,,,,
//DST定義,(NULL),time,x,y,w,size,acc,a,r,g,b,blend,filter,(NULL),(NULL),loop,timer,(NULL),(NULL),(NULL)
#DST_TEXT,0,0,675,510,320,40,0,0,255,255,255,1,1,0,0,750,0,80,194,0
#DST_TEXT,0,500,675,510,320,40,0,0,255,255,255,1,1,0,0,750,0,80,194,0
#DST_TEXT,0,750,675,510,320,40,0,255,255,255,255,1,1,0,0,,,,,

//アーティスト,,,,,,,,,,,,,,,,,,,,
//SRC定義,(NULL),font,st,align,edit,,,,,,,,,,,,,,,
#SRC_TEXT,0,3,14,1,0,,,,,,,,,,,,,,,
//DST定義,(NULL),time,x,y,w,size,acc,a,r,g,b,blend,filter,(NULL),(NULL),loop,timer,(NULL),(NULL),(NULL)
#DST_TEXT,0,0,675,510,320,40,0,255,255,255,255,1,1,0,0,-1,40,81,194,0
#DST_TEXT,0,500,675,510,320,40,0,255,255,255,255,1,1,0,0,-1,40,81,194,0
#DST_TEXT,0,750,675,510,320,40,0,0,255,255,255,1,1,0,0,,,,,

//BGAアーティスト,,,,,,,,,,,,,,,,,,,,
//SRC定義,(NULL),font,st,align,edit,,,,,,,,,,,,,,,
#SRC_TEXT,0,4,15,1,0,,,,,,,,,,,,,,,
//DST定義,(NULL),time,x,y,w,size,acc,a,r,g,b,blend,filter,(NULL),(NULL),loop,timer,(NULL),(NULL),(NULL)
#DST_TEXT,0,0,675,555,320,30,0,0,255,255,255,1,1,0,0,750,0,80,194,0
#DST_TEXT,0,500,675,555,320,30,0,0,255,255,255,1,1,0,0,750,0,80,194,0
#DST_TEXT,0,750,675,555,320,30,0,255,255,255,255,1,1,0,0,,,,,

//BGAアーティスト,,,,,,,,,,,,,,,,,,,,
//SRC定義,(NULL),font,st,align,edit,,,,,,,,,,,,,,,
#SRC_TEXT,0,4,15,1,0,,,,,,,,,,,,,,,
//DST定義,(NULL),time,x,y,w,size,acc,a,r,g,b,blend,filter,(NULL),(NULL),loop,timer,(NULL),(NULL),(NULL)
#DST_TEXT,0,0,675,555,320,30,0,255,255,255,255,1,1,0,0,-1,40,81,194,0
#DST_TEXT,0,500,675,555,320,30,0,255,255,255,255,1,1,0,0,-1,40,81,194,0
#DST_TEXT,0,750,675,555,320,30,0,0,255,255,255,1,1,0,0,,,,,

//BGA枠背景影1(BACKBMP)//option80 ロード未完了,//option195 BACKBMP有り,,,,,,,,,,,,,,,,,,,
//SRC定義,(NULL),gr,x,y,w,h,div_x,div_y,cycle,timer,op1,op2,op3,,,,,,,
#SRC_IMAGE,0,101,0,0,-1,-1,1,1,0,0,0,0,0,,,,,,,
//DST定義,(NULL),time,x,y,w,h,acc,a,r,g,b,blend,filter,angle,center,loop,timer,op1,op2,op3
#DST_IMAGE,0,0,386,132,576,497,0,0,255,255,255,3,1,0,0,750,0,80,195,0
#DST_IMAGE,0,500,386,132,576,497,0,0,255,255,255,3,1,0,0,750,0,80,195,0
#DST_IMAGE,0,750,386,132,576,497,0,255,255,255,255,3,1,0,0,,,,,

//BGA枠背景影1(BACKBMP)//option81 ロード完了,//option195 BACKBMP有り,,,,,,,,,,,,,,,,,,,
//SRC定義,(NULL),gr,x,y,w,h,div_x,div_y,cycle,timer,op1,op2,op3,,,,,,,
#SRC_IMAGE,0,101,0,0,-1,-1,1,1,0,0,0,0,0,,,,,,,
//DST定義,(NULL),time,x,y,w,h,acc,a,r,g,b,blend,filter,angle,center,loop,timer,op1,op2,op3
#DST_IMAGE,0,0,386,132,576,497,0,255,255,255,255,3,1,0,0,-1,40,81,195,0
#DST_IMAGE,0,500,386,132,576,497,0,255,255,255,255,3,1,0,0,-1,40,81,195,0
#DST_IMAGE,0,750,386,132,576,497,0,0,255,255,255,3,1,0,0,,,,,

//BGA枠背景影2(BACKBMP)//option80 ロード未完了,//option195 BACKBMP有り,,,,,,,,,,,,,,,,,,,
//SRC定義,(NULL),gr,x,y,w,h,div_x,div_y,cycle,timer,op1,op2,op3,,,,,,,
#SRC_IMAGE,0,101,0,0,-1,-1,1,1,0,0,0,0,0,,,,,,,
//DST定義,(NULL),time,x,y,w,h,acc,a,r,g,b,blend,filter,angle,center,loop,timer,op1,op2,op3
#DST_IMAGE,0,0,386,132,576,497,0,0,255,255,255,3,1,0,0,750,0,80,195,0
#DST_IMAGE,0,500,386,132,576,497,0,0,255,255,255,3,1,0,0,750,0,80,195,0
#DST_IMAGE,0,750,386,132,576,497,0,255,255,255,255,3,1,0,0,,,,,

//BGA枠背景影2(BACKBMP)//option81 ロード完了,//option195 BACKBMP有り,,,,,,,,,,,,,,,,,,,
//SRC定義,(NULL),gr,x,y,w,h,div_x,div_y,cycle,timer,op1,op2,op3,,,,,,,
#SRC_IMAGE,0,101,0,0,-1,-1,1,1,0,0,0,0,0,,,,,,,
//DST定義,(NULL),time,x,y,w,h,acc,a,r,g,b,blend,filter,angle,center,loop,timer,op1,op2,op3
#DST_IMAGE,0,0,386,132,576,497,0,255,255,255,255,3,1,0,0,-1,40,81,195,0
#DST_IMAGE,0,500,386,132,576,497,0,255,255,255,255,3,1,0,0,-1,40,81,195,0
#DST_IMAGE,0,750,386,132,576,497,0,0,255,255,255,3,1,0,0,,,,,

//BGA枠背景(BACKBMP)//option80 ロード未完了,//option195 BACKBMP有り,,,,,,,,,,,,,,,,,,,
//SRC定義,(NULL),gr,x,y,w,h,div_x,div_y,cycle,timer,op1,op2,op3,,,,,,,
#SRC_IMAGE,0,101,0,0,-1,-1,1,1,0,0,0,0,0,,,,,,,
//DST定義,(NULL),time,x,y,w,h,acc,a,r,g,b,blend,filter,angle,center,loop,timer,op1,op2,op3
#DST_IMAGE,0,0,386,132,576,497,0,0,255,255,255,2,1,0,0,750,0,80,195,0
#DST_IMAGE,0,500,386,132,576,497,0,0,255,255,255,2,1,0,0,750,0,80,195,0
#DST_IMAGE,0,750,386,132,576,497,0,255,255,255,255,2,1,0,0,,,,,

//BGA枠背景(BACKBMP)//option81 ロード完了,//option195 BACKBMP有り,,,,,,,,,,,,,,,,,,,
//SRC定義,(NULL),gr,x,y,w,h,div_x,div_y,cycle,timer,op1,op2,op3,,,,,,,
#SRC_IMAGE,0,101,0,0,-1,-1,1,1,0,0,0,0,0,,,,,,,
//DST定義,(NULL),time,x,y,w,h,acc,a,r,g,b,blend,filter,angle,center,loop,timer,op1,op2,op3
#DST_IMAGE,0,0,386,132,576,497,0,255,255,255,255,2,1,0,0,-1,40,81,195,0
#DST_IMAGE,0,500,386,132,576,497,0,255,255,255,255,2,1,0,0,-1,40,81,195,0
#DST_IMAGE,0,750,386,132,576,497,0,0,255,255,255,2,1,0,0,,,,,



load未
//SRC定義,(NULL),gr,x,y,w,h,div_x,div_y,cycle,timer,type,muki
#SRC_BARGRAPH,0,12,404,414,388,2,1,1,0,0,2,0
//DST定義,(NULL),time,x,y,w,h,acc,a,r,g,b,blend,filter,angle,center,loop,timer,op1,op1,op3
#DST_BARGRAPH,0,0,474,604,388,2,0,0,255,255,255,0,0,0,0,300,0,80,0,0
#DST_BARGRAPH,0,300,474,604,388,2,0,255,255,255,255,0,0,0,0,0,0

わく
//SRC定義,(NULL),gr,x,y,w,h,div_x,div_y,cycle,timer,op1,op2,op3,,,,,,,
#SRC_IMAGE,0,12,0,394,400,24,1,1,0,0,0,0,0,,,,,,,
//DST定義,(NULL),time,x,y,w,h,acc,a,r,g,b,blend,filter,angle,center,loop,timer,op1,op2,op3
#DST_IMAGE,0,0,469,594,400,24,0,0,255,255,255,1,0,0,0,300,0,80,0,0
#DST_IMAGE,0,300,469,594,400,24,0,255,255,255,255,1,0,0,0,,,,,


load完
//SRC定義,(NULL),gr,x,y,w,h,div_x,div_y,cycle,timer,type,muki
#SRC_BARGRAPH,0,12,404,414,388,2,1,1,0,0,2,0
//DST定義,(NULL),time,x,y,w,h,acc,a,r,g,b,blend,filter,angle,center,loop,timer,op1,op1,op3
#DST_BARGRAPH,0,0,474,604,388,2,0,255,255,255,255,1,0,0,0,-1,40,81,0,0
#DST_BARGRAPH,0,500,474,604,388,2,0,0,255,255,255,1,0,0,0,0,0

わく
//SRC定義,(NULL),gr,x,y,w,h,div_x,div_y,cycle,timer,op1,op2,op3,,,,,,,
#SRC_IMAGE,0,12,0,394,400,24,1,1,0,0,0,0,0,,,,,,,
//DST定義,(NULL),time,x,y,w,h,acc,a,r,g,b,blend,filter,angle,center,loop,timer,op1,op2,op3
#DST_IMAGE,0,0,469,594,400,24,0,255,255,255,255,1,0,0,0,-1,40,81,0,0
#DST_IMAGE,0,500,469,594,400,24,0,0,255,255,255,1,0,0,0,,,,,






//スコアグラフ,,,,,,,,,,,,,,,,,,,,
//上方向に伸ばすために、hを負の値に、mukiを1に指定します。,,,,,,,,,,,,,,,,,,,,
//option32 autoplay off,,,,,,,,,,,,,,,,,,,,
//option39 scoregraph on,,,,,,,,,,,,,,,,,,,,
//timer40 READY,,,,,,,,,,,,,,,,,,,,


//スコアグラフ背景,,,,,,,,,,,,,,,,,,,,
//SRC定義,(NULL),gr,x,y,w,h,div_x,div_y,cycle,timer,op1,op2,op3,,,,,,,
#SRC_IMAGE,0,20,0,0,277,583,1,1,0,0,0,0,0,,,,,,,
//DST定義,(NULL),time,x,y,w,h,acc,a,r,g,b,blend,filter,angle,center,loop,timer,op1,op2,op3
#DST_IMAGE,0,100,1001,100,277,583,0,0,255,255,255,1,0,0,0,400,0,32,39,0
#DST_IMAGE,0,400,1001,100,277,583,0,255,255,255,255,1,0,0,0,0,0,32,39,0

//スコアグラフフレーム,,,,,,,,,,,,,,,,,,,,
//SRC定義,(NULL),gr,x,y,w,h,div_x,div_y,cycle,timer,op1,op2,op3,,,,,,,
#SRC_IMAGE,0,2,1283,0,281,720,1,1,0,0,0,0,0,,,,,,,
//DST定義,(NULL),time,x,y,w,h,acc,a,r,g,b,blend,filter,angle,center,loop,timer,op1,op2,op3
#DST_IMAGE,0,100,999,0,281,720,0,0,255,255,255,1,0,0,0,400,0,32,39,0
#DST_IMAGE,0,400,999,0,281,720,0,255,255,255,255,1,0,0,0,0,0,32,39,0

//白
//SRC定義,(NULL),gr,x,y,w,h,div_x,div_y,cycle,timer,op1,op2,op3,,,,,,,
#SRC_IMAGE,0,111,0,0,1,1,1,1,0,0,0,0,0,,,,,,,
//DST定義,(NULL),time,x,y,w,h,acc,a,r,g,b,blend,filter,angle,center,loop,timer,op1,op2,op3
#DST_IMAGE,0,0,999,0,281,720,0,0,255,255,255,1,0,0,0,400,0,32,39,0
#DST_IMAGE,0,400,999,0,281,720,0,0,255,255,255,1,0,0,0,0,0,32,39,0

//AAA確定,//option220 AAA確定,,,,,,,,,,,,,,,,,,,
//SRC定義,(NULL),gr,x,y,w,h,div_x,div_y,cycle,timer,op1,op2,op3,,,,,,,
#SRC_IMAGE,0,2,0,2245,277,14,1,1,0,40,0,0,0,,,,,,,
//DST定義,(NULL),time,x,y,w,h,acc,a,r,g,b,blend,filter,angle,center,loop,timer,op1,op2,op3
#DST_IMAGE,0,0,1001,136,277,14,0,255,255,255,255,1,0,0,0,0,40,32,39,220

//AA確定,//option221 AA確定,,,,,,,,,,,,,,,,,,,
//SRC定義,(NULL),gr,x,y,w,h,div_x,div_y,cycle,timer,op1,op2,op3,,,,,,,
#SRC_IMAGE,0,2,0,2260,277,14,1,1,0,40,0,0,0,,,,,,,
//DST定義,(NULL),time,x,y,w,h,acc,a,r,g,b,blend,filter,angle,center,loop,timer,op1,op2,op3
#DST_IMAGE,0,0,1001,184,277,14,0,255,255,255,255,1,0,0,0,0,40,32,39,221

//A確定,//option222 A確定,,,,,,,,,,,,,,,,,,,
//SRC定義,(NULL),gr,x,y,w,h,div_x,div_y,cycle,timer,op1,op2,op3,,,,,,,
#SRC_IMAGE,0,2,0,2275,277,14,1,1,0,40,0,0,0,,,,,,,
//DST定義,(NULL),time,x,y,w,h,acc,a,r,g,b,blend,filter,angle,center,loop,timer,op1,op2,op3
#DST_IMAGE,0,0,1001,232,277,14,0,255,255,255,255,1,0,0,0,0,40,32,39,222

//now score,//type10 1P EXSCORE,,,,,,,,,,,,,,,,,,,
//SRC定義,(NULL),gr,x,y,w,h,div_x,div_y,cycle,timer,type,muki,op3,,,,,,,
#SRC_BARGRAPH,0,17,0,0,896,448,896,1,10000,0,10,1,0,,,,,,,
//DST定義,(NULL),time,x,y,w,h,acc,a,r,g,b,blend,filter,angle,center,loop,timer,op1,op2,op3
#DST_BARGRAPH,0,1350,1044,544,75,0,2,255,255,255,255,1,0,0,0,1850,0,32,39,0
#DST_BARGRAPH,0,1850,1044,544,75,-444,2,255,255,255,255,1,0,0,0,,,,,

//mybest bg,//type13 1P HIGHSCORE最終値,,,,,,,,,,,,,,,,,,,
//SRC定義,(NULL),gr,x,y,w,h,div_x,div_y,cycle,timer,type,muki,op3,,,,,,,
#SRC_BARGRAPH,0,12,50,0,34,249,1,1,0,0,13,1,0,,,,,,,
//DST定義,(NULL),time,x,y,w,h,acc,a,r,g,b,blend,filter,angle,center,loop,timer,op1,op2,op3
#DST_BARGRAPH,0,1350,1122,544,77,0,2,255,255,255,255,1,0,0,0,1850,0,32,39,0
#DST_BARGRAPH,0,1850,1122,544,77,-444,2,255,255,255,255,1,0,0,0,,,,,

//mybest(FirstTry),//type10 1P EXSCORE,,,,//option100 NOT PLAYED,,,,,,,,,,,,,,,
//SRC定義,(NULL),gr,x,y,w,h,div_x,div_y,cycle,timer,type,muki,op3,,,,,,,
#SRC_BARGRAPH,0,17,0,449,896,448,896,1,10000,0,10,1,0,,,,,,,
//DST定義,(NULL),time,x,y,w,h,acc,a,r,g,b,blend,filter,angle,center,loop,timer,op1,op2,op3
#DST_BARGRAPH,0,1350,1123,544,75,0,2,255,255,255,255,1,0,0,0,1850,0,32,39,100
#DST_BARGRAPH,0,1850,1123,544,75,-444,2,255,255,255,255,1,0,0,0,,,,,

//mybest,//type12 1P HIGHSCORE現在値,,,,,,,,,,,,,,,,,,,
//SRC定義,(NULL),gr,x,y,w,h,div_x,div_y,cycle,timer,type,muki,op3,,,,,,,
#SRC_BARGRAPH,0,17,0,449,896,448,896,1,10000,0,12,1,0,,,,,,,
//DST定義,(NULL),time,x,y,w,h,acc,a,r,g,b,blend,filter,angle,center,loop,timer,op1,op2,op3
#DST_BARGRAPH,0,1350,1123,544,75,0,2,255,255,255,255,1,0,0,0,1850,0,32,39,0
#DST_BARGRAPH,0,1850,1123,544,75,-444,2,255,255,255,255,1,0,0,0,,,,,

//target bg,//type15 2P(target) EXSCORE最終値,,,,,,,,,,,,,,,,,,,
//SRC定義,(NULL),gr,x,y,w,h,div_x,div_y,cycle,timer,type,muki,op3,,,,,,,
#SRC_BARGRAPH,0,12,50,0,34,249,1,1,0,0,15,1,0,,,,,,,
//DST定義,(NULL),time,x,y,w,h,acc,a,r,g,b,blend,filter,angle,center,loop,timer,op1,op2,op3
#DST_BARGRAPH,0,1350,1201,544,77,0,2,255,255,255,255,1,0,0,0,1850,0,32,39,0
#DST_BARGRAPH,0,1850,1201,544,77,-444,2,255,255,255,255,1,0,0,0,,,,,

//target,//type14 2P(target) EXSCORE現在値,,,,,,,,,,,,,,,,,,,
//SRC定義,(NULL),gr,x,y,w,h,div_x,div_y,cycle,timer,type,muki,op3,,,,,,,
#SRC_BARGRAPH,0,17,0,898,896,448,896,1,10000,0,14,1,0,,,,,,,
//DST定義,(NULL),time,x,y,w,h,acc,a,r,g,b,blend,filter,angle,center,loop,timer,op1,op2,op3
#DST_BARGRAPH,0,1350,1202,544,75,0,2,255,255,255,255,1,0,0,0,1850,0,32,39,0
#DST_BARGRAPH,0,1850,1202,544,75,-444,2,255,255,255,255,1,0,0,0,,,,,


//MY EXSCORE,//number101 exscore,,,,,,,,,,,,,,,,,,,
//SRC定義,(null),gr,x,y,w,h,div_x,div_y,cycle,timer,num,align,keta,,,,,,,
#SRC_NUMBER,0,6,0,1298,253,20,11,1,0,0,101,0,4,,,,,,,
//DST定義,(NULL),time,x,y,w,h,acc,a,r,g,b,blend,filter,angle,center,loop,timer,op1,op2,op3
#DST_NUMBER,0,1350,1185,37,20,17,0,0,255,255,255,1,1,0,0,1550,0,32,39,0
#DST_NUMBER,0,1550,1185,37,20,17,0,255,255,255,255,1,1,0,0,0,0

//TARGET EXSCORE,//number151 ターゲット現在値,,,,,,,,,,,,,,,,,,,
//SRC定義,(null),gr,x,y,w,h,div_x,div_y,cycle,timer,num,align,keta,,,,,,,
#SRC_NUMBER,0,6,0,1298,253,20,11,1,0,0,151,0,4,,,,,,,
//DST定義,(NULL),time,x,y,w,h,acc,a,r,g,b,blend,filter,angle,center,loop,timer,op1,op2,op3
#DST_NUMBER,0,1350,1185,63,20,17,0,0,255,255,255,1,1,0,0,1550,0,32,39,0
#DST_NUMBER,0,1550,1185,63,20,17,0,255,255,255,255,1,1,0,0,0,0

#ENDIF

//数値関連,,,,,,,,,,,,,,,,,,,,
#IF,970,950,39,,,,,,,,,,,,,,,,,
//ノーマルスコア(6桁) 1P 100,number100 score 1P,,,,,,,,,,,,,,,,,,,
//SRC定義,(null),gr,x,y,w,h,div_x,div_y,cycle,timer,num,align,keta,,,,,,,
#SRC_NUMBER,0,16,0,0,308,19,11,1,0,0,100,0,6,,,,,,,
//DST定義,(NULL),time,x,y,w,h,acc,a,r,g,b,blend,filter,angle,center,loop,timer,op1,op2,op3
#DST_NUMBER,0,700,437,59,28,19,0,0,255,255,255,1,0,0,0,1000,0,0,0,0
#DST_NUMBER,0,1000,437,59,28,19,0,255,255,255,255,1,0,0,0,,,,,
#ENDIF,,,,,,,,,,,,,,,,,,,,

//EXスコア(6桁) 1P 100,number100 score 1P,,,,,,,,,,,,,,,,,,,
#IF,971,950,39,,,,,,,,,,,,,,,,,
//SRC定義,(null),gr,x,y,w,h,div_x,div_y,cycle,timer,num,align,keta,,,,,,,
#SRC_NUMBER,0,16,0,0,308,19,11,1,0,0,101,0,6,,,,,,,
//DST定義,(NULL),time,x,y,w,h,acc,a,r,g,b,blend,filter,angle,center,loop,timer,op1,op2,op3
#DST_NUMBER,0,700,437,59,28,19,0,0,255,255,255,1,0,0,0,1000,0,0,0,0
#DST_NUMBER,0,1000,437,59,28,19,0,255,255,255,255,1,0,0,0,,,,,
#ENDIF,,,,,,,,,,,,,,,,,,,,

#IF,950,39,,,,,,,,,,,,,,,,,

//マックスコンボ(4桁),number105 maxcombo 1P,,,,,,,,,,,,,,,,,,,
//SRC定義,(null),gr,x,y,w,h,div_x,div_y,cycle,timer,num,align,keta,,,,,,,
#SRC_NUMBER,0,16,0,0,308,19,11,1,0,0,105,0,4,,,,,,,
//DST定義,(NULL),time,x,y,w,h,acc,a,r,g,b,blend,filter,angle,center,loop,timer,op1,op2,op3
#DST_NUMBER,0,1000,493,89,28,19,0,0,255,255,255,1,0,0,0,1200,0,0,0,0
#DST_NUMBER,0,1200,493,89,28,19,0,255,255,255,255,1,0,0,0,,,,,

//BPM,number160 bpm,,,,,,,,,,,,,,,,,,,
//SRC定義,(null),gr,x,y,w,h,div_x,div_y,cycle,timer,num,align,keta,,,,,,,
#SRC_NUMBER,0,16,0,0,308,19,11,1,0,0,160,0,3,,,,,,,
//DST定義,(NULL),time,x,y,w,h,acc,a,r,g,b,blend,filter,angle,center,loop,timer,op1,op2,op3
#DST_NUMBER,0,850,633,642,28,19,0,0,255,255,255,1,0,0,0,1200,0,0,0,0
#DST_NUMBER,0,1200,633,642,28,19,0,255,255,255,255,1,0,0,0,,,,,

#ENDIF

#IF,950,39,906,,,,,,,,,,,,,,,,

//マックスコンボ(4桁),number105 maxcombo 1P,,,,,,,,,,,,,,,,,,,
//SRC定義,(null),gr,x,y,w,h,div_x,div_y,cycle,timer,num,align,keta,,,,,,,
#SRC_NUMBER,0,16,0,0,308,19,11,1,0,0,105,0,4,,,,,,,
//DST定義,(NULL),time,x,y,w,h,acc,a,r,g,b,blend,filter,angle,center,loop,timer,op1,op2,op3
#DST_NUMBER,0,1000,493,89,28,19,0,0,255,255,255,1,0,0,0,1200,0,0,0,0
#DST_NUMBER,0,1200,493,89,28,19,0,255,255,255,255,1,0,0,0,,,,,

//MIN MAX,,,,,,,,,,,,,,,,,,,,
//SRC定義,(NULL),gr,x,y,w,h,div_x,div_y,cycle,timer,op1,op2,op3,,,,,,,
#SRC_IMAGE,0,12,111,229,173,10,1,1,0,0,0,0,0,,,,,,,
//DST定義,(NULL),time,x,y,w,h,acc,a,r,g,b,blend,filter,angle,center,loop,timer,op1,op2,op3
#DST_IMAGE,0,0,591,663,173,10,0,0,255,255,255,1,0,0,0,500,,,,
#DST_IMAGE,0,500,591,663,173,10,0,255,255,255,255,1,0,0,0,,,,,


//BPM,number160 bpm,,,,,,,,,,,,,,,,,,,
//SRC定義,(null),gr,x,y,w,h,div_x,div_y,cycle,timer,num,align,keta,,,,,,,
#SRC_NUMBER,0,16,0,0,308,19,11,1,0,0,160,0,3,,,,,,,
//DST定義,(NULL),time,x,y,w,h,acc,a,r,g,b,blend,filter,angle,center,loop,timer,op1,op2,op3
#DST_NUMBER,0,850,633,642,28,19,0,0,255,255,255,1,0,0,0,1200,0,0,0,0
#DST_NUMBER,0,1200,633,642,28,19,0,255,255,255,255,1,0,0,0,,,,,

//BPM,number160 MIN,,,,,,,,,,,,,,,,,,,
//SRC定義,(null),gr,x,y,w,h,div_x,div_y,cycle,timer,num,align,keta,,,,,,,
#SRC_NUMBER,0,16,0,0,308,19,11,1,0,0,91,0,3,,,,,,,
//DST定義,(NULL),time,x,y,w,h,acc,a,r,g,b,blend,filter,angle,center,loop,timer,op1,op2,op3
#DST_NUMBER,0,850,579,648,15,12,0,0,255,255,255,1,1,0,0,1200,0,0,0,0
#DST_NUMBER,0,1200,579,648,15,12,0,255,255,255,255,1,1,0,0,,,,,

//BPM,number160 MAX,,,,,,,,,,,,,,,,,,,
//SRC定義,(null),gr,x,y,w,h,div_x,div_y,cycle,timer,num,align,keta,,,,,,,
#SRC_NUMBER,0,16,0,0,308,19,11,1,0,0,90,0,3,,,,,,,
//DST定義,(NULL),time,x,y,w,h,acc,a,r,g,b,blend,filter,angle,center,loop,timer,op1,op2,op3
#DST_NUMBER,0,850,727,648,15,12,0,0,255,255,255,1,1,0,0,1200,0,0,0,0
#DST_NUMBER,0,1200,727,648,15,12,0,255,255,255,255,1,1,0,0,,,,,

#ENDIF

////////////////////////////////////////////////////////////////////////////////////////////////////////////////////////////////////////////
#IF,39,951,

///////////////////////////////,,,,,,,,,,,,,,,,,,,,
//フレーム,,,,,,,,,,,,,,,,,,,,

//最下部,,,,,,,,,,,,,,,,,,,,
//SRC定義,(NULL),gr,x,y,w,h,div_x,div_y,cycle,timer,op1,op2,op3,,,,,,,
#SRC_IMAGE,0,2,354,2049,647,720,1,1,0,0,0,0,0,,,,,,,
//DST定義,(NULL),time,x,y,w,h,acc,a,r,g,b,blend,filter,angle,center,loop,timer,op1,op2,op3
#DST_IMAGE,0,0,633,0,647,720,0,0,255,255,255,1,0,0,0,500,,,,
#DST_IMAGE,0,500,633,0,647,720,0,255,255,255,255,1,0,0,0,,,,,

///////////////////////////////////////////////////////////////////////,,,,,,,,,,,,,,,,,,,,
//タイトルテキスト・タイトル画像(backbmp)表示始点,,,,,,,,,,,,,,,,,,,,

//BGA,,,,,,,,,,,,,,,,,,,,
//SRCはほとんど形式を共通にするためのダミーでしかありませんが、一応表示に関するオプションを設定できます。,,,,,,,,,,,,,,,,,,,,
//nobase,nolayer,nopoor 1にするとその階層のBGAは表示されません。,,,,,,,,,,,,,,,,,,
//でかい,,,,,,,,,,,,,,,,,,,,
//SRC定義,(NULL),(NULL),(NULL),(NULL),(NULL),(NULL),(NULL),(NULL),(NULL),(NULL),nobase,nolayer,nopoor,,,,,,,
#SRC_BGA,0,0,0,0,0,0,0,0,0,0,0,0,0,,,,,,,
//DST定義,(NULL),time,x,y,w,h,acc,a,r,g,b,blend,filter,angle,center,loop,timer,op1,op2,op3
#DST_BGA,0,0,635,128,643,504,0,255,255,255,255,0,1,0,0,0,0,31,0,0

///通常,,,,,,,,,,,,,,,,,,,,
//SRC定義,(NULL),(NULL),(NULL),(NULL),(NULL),(NULL),(NULL),(NULL),(NULL),(NULL),nobase,nolayer,nopoor,,,,,,,
#SRC_BGA,0,0,0,0,0,0,0,0,0,0,0,0,0,,,,,,,
//DST定義,(NULL),time,x,y,w,h,acc,a,r,g,b,blend,filter,angle,center,loop,timer,op1,op2,op3
#DST_BGA,0,0,635,128,643,504,0,255,255,255,255,0,1,0,0,0,0,30,0,0

//ジャンル,,,,,,,,,,,,,,,,,,,,
//SRC定義,(NULL),font,st,align,edit,,,,,,,,,,,,,,,
#SRC_TEXT,0,1,13,1,0,,,,,,,,,,,,,,,
//DST定義,(NULL),time,x,y,w,size,acc,a,r,g,b,blend,filter,(NULL),(NULL),loop,timer,(NULL),(NULL),(NULL)
#DST_TEXT,0,0,956,179,330,25,0,0,255,255,255,1,1,0,0,750,0,80,194,0
#DST_TEXT,0,500,956,179,330,25,0,0,255,255,255,1,1,0,0,750,0,80,194,0
#DST_TEXT,0,750,956,179,330,25,0,255,255,255,255,1,1,0,0,,,,,

//ジャンル,,,,,,,,,,,,,,,,,,,,
//SRC定義,(NULL),font,st,align,edit,,,,,,,,,,,,,,,
#SRC_TEXT,0,1,13,1,0,,,,,,,,,,,,,,,
//DST定義,(NULL),time,x,y,w,size,acc,a,r,g,b,blend,filter,(NULL),(NULL),loop,timer,(NULL),(NULL),(NULL)
#DST_TEXT,0,0,956,179,330,25,0,255,255,255,255,1,1,0,0,-1,40,81,194,0
#DST_TEXT,0,500,956,179,330,25,0,255,255,255,255,1,1,0,0,-1,40,81,194,0
#DST_TEXT,0,750,956,179,330,25,0,0,255,255,255,1,1,0,0,,,,,

//タイトル,,,,,,,,,,,,,,,,,,,,
//SRC定義,(NULL),font,st,align,edit,,,,,,,,,,,,,,,
#SRC_TEXT,0,0,10,1,0,,,,,,,,,,,,,,,
//DST定義,(NULL),time,x,y,w,size,acc,a,r,g,b,blend,filter,(NULL),(NULL),loop,timer,(NULL),(NULL),(NULL)
#DST_TEXT,0,0,956,230,420,80,0,0,255,255,255,1,1,0,0,750,0,80,194,0
#DST_TEXT,0,500,956,230,420,80,0,0,255,255,255,1,1,0,0,750,0,80,194,0
#DST_TEXT,0,750,956,230,420,80,0,255,255,255,255,1,1,0,0,,,,,

//タイトル,,,,,,,,,,,,,,,,,,,,
//SRC定義,(NULL),font,st,align,edit,,,,,,,,,,,,,,,
#SRC_TEXT,0,0,10,1,0,,,,,,,,,,,,,,,
//DST定義,(NULL),time,x,y,w,size,acc,a,r,g,b,blend,filter,(NULL),(NULL),loop,timer,(NULL),(NULL),(NULL)
#DST_TEXT,0,0,956,230,420,80,0,255,255,255,255,1,1,0,0,-1,40,81,194,0
#DST_TEXT,0,500,956,230,420,80,0,255,255,255,255,1,1,0,0,-1,40,81,194,0
#DST_TEXT,0,750,956,230,420,80,0,0,255,255,255,1,1,0,0,,,,,

//サブタイトル,,,,,,,,,,,,,,,,,,,,
//SRC定義,(NULL),font,st,align,edit,,,,,,,,,,,,,,,
#SRC_TEXT,0,3,11,1,0,,,,,,,,,,,,,,,
//DST定義,(NULL),time,x,y,w,size,acc,a,r,g,b,blend,filter,(NULL),(NULL),loop,timer,(NULL),(NULL),(NULL)
#DST_TEXT,0,0,956,321,320,40,0,0,255,255,255,1,1,0,0,750,0,80,194,0
#DST_TEXT,0,500,956,321,320,40,0,0,255,255,255,1,1,0,0,750,0,80,194,0
#DST_TEXT,0,750,956,321,320,40,0,255,255,255,255,1,1,0,0,,,,,

//サブタイトル,,,,,,,,,,,,,,,,,,,,
//SRC定義,(NULL),font,st,align,edit,,,,,,,,,,,,,,,
#SRC_TEXT,0,3,11,1,0,,,,,,,,,,,,,,,
//DST定義,(NULL),time,x,y,w,size,acc,a,r,g,b,blend,filter,(NULL),(NULL),loop,timer,(NULL),(NULL),(NULL)
#DST_TEXT,0,0,956,321,320,40,0,255,255,255,255,1,1,0,0,-1,40,81,194,0
#DST_TEXT,0,500,956,321,320,40,0,255,255,255,255,1,1,0,0,-1,40,81,194,0
#DST_TEXT,0,750,956,321,320,40,0,0,255,255,255,1,1,0,0,,,,,

//アーティスト,,,,,,,,,,,,,,,,,,,,
//SRC定義,(NULL),font,st,align,edit,,,,,,,,,,,,,,,
#SRC_TEXT,0,3,14,1,0,,,,,,,,,,,,,,,
//DST定義,(NULL),time,x,y,w,size,acc,a,r,g,b,blend,filter,(NULL),(NULL),loop,timer,(NULL),(NULL),(NULL)
#DST_TEXT,0,0,956,510,320,40,0,0,255,255,255,1,1,0,0,750,0,80,194,0
#DST_TEXT,0,500,956,510,320,40,0,0,255,255,255,1,1,0,0,750,0,80,194,0
#DST_TEXT,0,750,956,510,320,40,0,255,255,255,255,1,1,0,0,,,,,

//アーティスト,,,,,,,,,,,,,,,,,,,,
//SRC定義,(NULL),font,st,align,edit,,,,,,,,,,,,,,,
#SRC_TEXT,0,3,14,1,0,,,,,,,,,,,,,,,
//DST定義,(NULL),time,x,y,w,size,acc,a,r,g,b,blend,filter,(NULL),(NULL),loop,timer,(NULL),(NULL),(NULL)
#DST_TEXT,0,0,956,510,320,40,0,255,255,255,255,1,1,0,0,-1,40,81,194,0
#DST_TEXT,0,500,956,510,320,40,0,255,255,255,255,1,1,0,0,-1,40,81,194,0
#DST_TEXT,0,750,956,510,320,40,0,0,255,255,255,1,1,0,0,,,,,

//BGAアーティスト,,,,,,,,,,,,,,,,,,,,
//SRC定義,(NULL),font,st,align,edit,,,,,,,,,,,,,,,
#SRC_TEXT,0,4,15,1,0,,,,,,,,,,,,,,,
//DST定義,(NULL),time,x,y,w,size,acc,a,r,g,b,blend,filter,(NULL),(NULL),loop,timer,(NULL),(NULL),(NULL)
#DST_TEXT,0,0,956,555,320,30,0,0,255,255,255,1,1,0,0,750,0,80,194,0
#DST_TEXT,0,500,956,555,320,30,0,0,255,255,255,1,1,0,0,750,0,80,194,0
#DST_TEXT,0,750,956,555,320,30,0,255,255,255,255,1,1,0,0,,,,,

//BGAアーティスト,,,,,,,,,,,,,,,,,,,,
//SRC定義,(NULL),font,st,align,edit,,,,,,,,,,,,,,,
#SRC_TEXT,0,4,15,1,0,,,,,,,,,,,,,,,
//DST定義,(NULL),time,x,y,w,size,acc,a,r,g,b,blend,filter,(NULL),(NULL),loop,timer,(NULL),(NULL),(NULL)
#DST_TEXT,0,0,956,555,320,30,0,255,255,255,255,1,1,0,0,-1,40,81,194,0
#DST_TEXT,0,500,956,555,320,30,0,255,255,255,255,1,1,0,0,-1,40,81,194,0
#DST_TEXT,0,750,956,555,320,30,0,0,255,255,255,1,1,0,0,,,,,

//BGA枠背景影1(BACKBMP)//option80 ロード未完了,//option195 BACKBMP有り,,,,,,,,,,,,,,,,,,,
//SRC定義,(NULL),gr,x,y,w,h,div_x,div_y,cycle,timer,op1,op2,op3,,,,,,,
#SRC_IMAGE,0,101,0,0,-1,-1,1,1,0,0,0,0,0,,,,,,,
//DST定義,(NULL),time,x,y,w,h,acc,a,r,g,b,blend,filter,angle,center,loop,timer,op1,op2,op3
#DST_IMAGE,0,0,667,132,576,497,0,0,255,255,255,3,1,0,0,750,0,80,195,0
#DST_IMAGE,0,500,667,132,576,497,0,0,255,255,255,3,1,0,0,750,0,80,195,0
#DST_IMAGE,0,750,667,132,576,497,0,255,255,255,255,3,1,0,0,,,,,

//BGA枠背景影1(BACKBMP)//option81 ロード完了,//option195 BACKBMP有り,,,,,,,,,,,,,,,,,,,
//SRC定義,(NULL),gr,x,y,w,h,div_x,div_y,cycle,timer,op1,op2,op3,,,,,,,
#SRC_IMAGE,0,101,0,0,-1,-1,1,1,0,0,0,0,0,,,,,,,
//DST定義,(NULL),time,x,y,w,h,acc,a,r,g,b,blend,filter,angle,center,loop,timer,op1,op2,op3
#DST_IMAGE,0,0,667,132,576,497,0,255,255,255,255,3,1,0,0,-1,40,81,195,0
#DST_IMAGE,0,500,667,132,576,497,0,255,255,255,255,3,1,0,0,-1,40,81,195,0
#DST_IMAGE,0,750,667,132,576,497,0,0,255,255,255,3,1,0,0,,,,,

//BGA枠背景影2(BACKBMP)//option80 ロード未完了,//option195 BACKBMP有り,,,,,,,,,,,,,,,,,,,
//SRC定義,(NULL),gr,x,y,w,h,div_x,div_y,cycle,timer,op1,op2,op3,,,,,,,
#SRC_IMAGE,0,101,0,0,-1,-1,1,1,0,0,0,0,0,,,,,,,
//DST定義,(NULL),time,x,y,w,h,acc,a,r,g,b,blend,filter,angle,center,loop,timer,op1,op2,op3
#DST_IMAGE,0,0,667,132,576,497,0,0,255,255,255,3,1,0,0,750,0,80,195,0
#DST_IMAGE,0,500,667,132,576,497,0,0,255,255,255,3,1,0,0,750,0,80,195,0
#DST_IMAGE,0,750,667,132,576,497,0,255,255,255,255,3,1,0,0,,,,,

//BGA枠背景影2(BACKBMP)//option81 ロード完了,//option195 BACKBMP有り,,,,,,,,,,,,,,,,,,,
//SRC定義,(NULL),gr,x,y,w,h,div_x,div_y,cycle,timer,op1,op2,op3,,,,,,,
#SRC_IMAGE,0,101,0,0,-1,-1,1,1,0,0,0,0,0,,,,,,,
//DST定義,(NULL),time,x,y,w,h,acc,a,r,g,b,blend,filter,angle,center,loop,timer,op1,op2,op3
#DST_IMAGE,0,0,667,132,576,497,0,255,255,255,255,3,1,0,0,-1,40,81,195,0
#DST_IMAGE,0,500,667,132,576,497,0,255,255,255,255,3,1,0,0,-1,40,81,195,0
#DST_IMAGE,0,750,667,132,576,497,0,0,255,255,255,3,1,0,0,,,,,

//BGA枠背景(BACKBMP)//option80 ロード未完了,//option195 BACKBMP有り,,,,,,,,,,,,,,,,,,,
//SRC定義,(NULL),gr,x,y,w,h,div_x,div_y,cycle,timer,op1,op2,op3,,,,,,,
#SRC_IMAGE,0,101,0,0,-1,-1,1,1,0,0,0,0,0,,,,,,,
//DST定義,(NULL),time,x,y,w,h,acc,a,r,g,b,blend,filter,angle,center,loop,timer,op1,op2,op3
#DST_IMAGE,0,0,667,132,576,497,0,0,255,255,255,2,1,0,0,750,0,80,195,0
#DST_IMAGE,0,500,667,132,576,497,0,0,255,255,255,2,1,0,0,750,0,80,195,0
#DST_IMAGE,0,750,667,132,576,497,0,255,255,255,255,2,1,0,0,,,,,

//BGA枠背景(BACKBMP)//option81 ロード完了,//option195 BACKBMP有り,,,,,,,,,,,,,,,,,,,
//SRC定義,(NULL),gr,x,y,w,h,div_x,div_y,cycle,timer,op1,op2,op3,,,,,,,
#SRC_IMAGE,0,101,0,0,-1,-1,1,1,0,0,0,0,0,,,,,,,
//DST定義,(NULL),time,x,y,w,h,acc,a,r,g,b,blend,filter,angle,center,loop,timer,op1,op2,op3
#DST_IMAGE,0,0,667,132,576,497,0,255,255,255,255,2,1,0,0,-1,40,81,195,0
#DST_IMAGE,0,500,667,132,576,497,0,255,255,255,255,2,1,0,0,-1,40,81,195,0
#DST_IMAGE,0,750,667,132,576,497,0,0,255,255,255,2,1,0,0,,,,,



load未
//SRC定義,(NULL),gr,x,y,w,h,div_x,div_y,cycle,timer,type,muki
#SRC_BARGRAPH,0,12,404,414,388,2,1,1,0,0,2,0
//DST定義,(NULL),time,x,y,w,h,acc,a,r,g,b,blend,filter,angle,center,loop,timer,op1,op1,op3
#DST_BARGRAPH,0,0,755,604,388,2,0,0,255,255,255,0,0,0,0,300,0,80,0,0
#DST_BARGRAPH,0,300,755,604,388,2,0,255,255,255,255,0,0,0,0,0,0

わく
//SRC定義,(NULL),gr,x,y,w,h,div_x,div_y,cycle,timer,op1,op2,op3,,,,,,,
#SRC_IMAGE,0,12,0,394,400,24,1,1,0,0,0,0,0,,,,,,,
//DST定義,(NULL),time,x,y,w,h,acc,a,r,g,b,blend,filter,angle,center,loop,timer,op1,op2,op3
#DST_IMAGE,0,0,750,594,400,24,0,0,255,255,255,1,0,0,0,300,0,80,0,0
#DST_IMAGE,0,300,750,594,400,24,0,255,255,255,255,1,0,0,0,,,,,


load完
//SRC定義,(NULL),gr,x,y,w,h,div_x,div_y,cycle,timer,type,muki
#SRC_BARGRAPH,0,12,404,414,388,2,1,1,0,0,2,0
//DST定義,(NULL),time,x,y,w,h,acc,a,r,g,b,blend,filter,angle,center,loop,timer,op1,op1,op3
#DST_BARGRAPH,0,0,755,604,388,2,0,255,255,255,255,1,0,0,0,-1,40,81,0,0
#DST_BARGRAPH,0,500,755,604,388,2,0,0,255,255,255,1,0,0,0,0,0

わく
//SRC定義,(NULL),gr,x,y,w,h,div_x,div_y,cycle,timer,op1,op2,op3,,,,,,,
#SRC_IMAGE,0,12,0,394,400,24,1,1,0,0,0,0,0,,,,,,,
//DST定義,(NULL),time,x,y,w,h,acc,a,r,g,b,blend,filter,angle,center,loop,timer,op1,op2,op3
#DST_IMAGE,0,0,750,594,400,24,0,255,255,255,255,1,0,0,0,-1,40,81,0,0
#DST_IMAGE,0,500,750,594,400,24,0,0,255,255,255,1,0,0,0,,,,,


//スコアグラフ,,,,,,,,,,,,,,,,,,,,
//上方向に伸ばすために、hを負の値に、mukiを1に指定します。,,,,,,,,,,,,,,,,,,,,
//option32 autoplay off,,,,,,,,,,,,,,,,,,,,
//option39 scoregraph on,,,,,,,,,,,,,,,,,,,,
//timer40 READY,,,,,,,,,,,,,,,,,,,,

//スコアグラフ背景,,,,,,,,,,,,,,,,,,,,
//SRC定義,(NULL),gr,x,y,w,h,div_x,div_y,cycle,timer,op1,op2,op3,,,,,,,
#SRC_IMAGE,0,20,0,0,277,583,1,1,0,0,0,0,0,,,,,,,
//DST定義,(NULL),time,x,y,w,h,acc,a,r,g,b,blend,filter,angle,center,loop,timer,op1,op2,op3
#DST_IMAGE,0,100,354,100,277,583,0,0,255,255,255,1,0,0,0,400,0,32,39,0
#DST_IMAGE,0,400,354,100,277,583,0,255,255,255,255,1,0,0,0,0,0,32,39,0

//スコアグラフフレーム,,,,,,,,,,,,,,,,,,,,
//SRC定義,(NULL),gr,x,y,w,h,div_x,div_y,cycle,timer,op1,op2,op3,,,,,,,
#SRC_IMAGE,0,2,1283,0,281,720,1,1,0,0,0,0,0,,,,,,,
//DST定義,(NULL),time,x,y,w,h,acc,a,r,g,b,blend,filter,angle,center,loop,timer,op1,op2,op3
#DST_IMAGE,0,100,352,0,281,720,0,0,255,255,255,1,0,0,0,400,0,32,39,0
#DST_IMAGE,0,400,352,0,281,720,0,255,255,255,255,1,0,0,0,0,0,32,39,0

//白
//SRC定義,(NULL),gr,x,y,w,h,div_x,div_y,cycle,timer,op1,op2,op3,,,,,,,
#SRC_IMAGE,0,111,0,0,1,1,1,1,0,0,0,0,0,,,,,,,
//DST定義,(NULL),time,x,y,w,h,acc,a,r,g,b,blend,filter,angle,center,loop,timer,op1,op2,op3
#DST_IMAGE,0,200,352,0,281,720,0,0,255,255,255,1,0,0,0,700,0,32,39,0
#DST_IMAGE,0,700,352,0,281,720,0,0,255,255,255,1,0,0,0,0,0,32,39,0

//AAA確定,//option220 AAA確定,,,,,,,,,,,,,,,,,,,
//SRC定義,(NULL),gr,x,y,w,h,div_x,div_y,cycle,timer,op1,op2,op3,,,,,,,
#SRC_IMAGE,0,2,0,2245,277,14,1,1,0,40,0,0,0,,,,,,,
//DST定義,(NULL),time,x,y,w,h,acc,a,r,g,b,blend,filter,angle,center,loop,timer,op1,op2,op3
#DST_IMAGE,0,0,354,136,277,14,0,255,255,255,255,1,0,0,0,0,40,32,39,220

//AA確定,//option221 AA確定,,,,,,,,,,,,,,,,,,,
//SRC定義,(NULL),gr,x,y,w,h,div_x,div_y,cycle,timer,op1,op2,op3,,,,,,,
#SRC_IMAGE,0,2,0,2260,277,14,1,1,0,40,0,0,0,,,,,,,
//DST定義,(NULL),time,x,y,w,h,acc,a,r,g,b,blend,filter,angle,center,loop,timer,op1,op2,op3
#DST_IMAGE,0,0,354,184,277,14,0,255,255,255,255,1,0,0,0,0,40,32,39,221

//A確定,//option222 A確定,,,,,,,,,,,,,,,,,,,
//SRC定義,(NULL),gr,x,y,w,h,div_x,div_y,cycle,timer,op1,op2,op3,,,,,,,
#SRC_IMAGE,0,2,0,2275,277,14,1,1,0,40,0,0,0,,,,,,,
//DST定義,(NULL),time,x,y,w,h,acc,a,r,g,b,blend,filter,angle,center,loop,timer,op1,op2,op3
#DST_IMAGE,0,0,354,232,277,14,0,255,255,255,255,1,0,0,0,0,40,32,39,222

//now score,//type10 1P EXSCORE,,,,,,,,,,,,,,,,,,,
//SRC定義,(NULL),gr,x,y,w,h,div_x,div_y,cycle,timer,type,muki,op3,,,,,,,
#SRC_BARGRAPH,0,17,0,0,896,448,896,1,10000,0,10,1,0,,,,,,,
//DST定義,(NULL),time,x,y,w,h,acc,a,r,g,b,blend,filter,angle,center,loop,timer,op1,op2,op3
#DST_BARGRAPH,0,1350,397,544,75,0,2,255,255,255,255,1,0,0,0,1850,0,32,39,0
#DST_BARGRAPH,0,1850,397,544,75,-444,2,255,255,255,255,1,0,0,0,,,,,

//mybest bg,//type13 1P HIGHSCORE最終値,,,,,,,,,,,,,,,,,,,
//SRC定義,(NULL),gr,x,y,w,h,div_x,div_y,cycle,timer,type,muki,op3,,,,,,,
#SRC_BARGRAPH,0,12,50,0,34,249,1,1,0,0,13,1,0,,,,,,,
//DST定義,(NULL),time,x,y,w,h,acc,a,r,g,b,blend,filter,angle,center,loop,timer,op1,op2,op3
#DST_BARGRAPH,0,1350,475,544,77,0,2,255,255,255,255,1,0,0,0,1850,0,32,39,0
#DST_BARGRAPH,0,1850,475,544,77,-444,2,255,255,255,255,1,0,0,0,,,,,

//mybest(FirstTry),//type10 1P EXSCORE,,,,//option100 NOT PLAYED,,,,,,,,,,,,,,,
//SRC定義,(NULL),gr,x,y,w,h,div_x,div_y,cycle,timer,type,muki,op3,,,,,,,
#SRC_BARGRAPH,0,17,0,449,896,448,896,1,10000,0,10,1,0,,,,,,,
//DST定義,(NULL),time,x,y,w,h,acc,a,r,g,b,blend,filter,angle,center,loop,timer,op1,op2,op3
#DST_BARGRAPH,0,1350,476,544,75,0,2,255,255,255,255,1,0,0,0,1850,0,32,39,100
#DST_BARGRAPH,0,1850,476,544,75,-444,2,255,255,255,255,1,0,0,0,,,,,

//mybest,//type12 1P HIGHSCORE現在値,,,,,,,,,,,,,,,,,,,
//SRC定義,(NULL),gr,x,y,w,h,div_x,div_y,cycle,timer,type,muki,op3,,,,,,,
#SRC_BARGRAPH,0,17,0,449,896,448,896,1,10000,0,12,1,0,,,,,,,
//DST定義,(NULL),time,x,y,w,h,acc,a,r,g,b,blend,filter,angle,center,loop,timer,op1,op2,op3
#DST_BARGRAPH,0,1350,476,544,75,0,2,255,255,255,255,1,0,0,0,1850,0,32,39,0
#DST_BARGRAPH,0,1850,476,544,75,-444,2,255,255,255,255,1,0,0,0,,,,,

//target bg,//type15 2P(target) EXSCORE最終値,,,,,,,,,,,,,,,,,,,
//SRC定義,(NULL),gr,x,y,w,h,div_x,div_y,cycle,timer,type,muki,op3,,,,,,,
#SRC_BARGRAPH,0,12,50,0,34,249,1,1,0,0,15,1,0,,,,,,,
//DST定義,(NULL),time,x,y,w,h,acc,a,r,g,b,blend,filter,angle,center,loop,timer,op1,op2,op3
#DST_BARGRAPH,0,1350,554,544,77,0,2,255,255,255,255,1,0,0,0,1850,0,32,39,0
#DST_BARGRAPH,0,1850,554,544,77,-444,2,255,255,255,255,1,0,0,0,,,,,

//target,//type14 2P(target) EXSCORE現在値,,,,,,,,,,,,,,,,,,,
//SRC定義,(NULL),gr,x,y,w,h,div_x,div_y,cycle,timer,type,muki,op3,,,,,,,
#SRC_BARGRAPH,0,17,0,898,896,448,896,1,10000,0,14,1,0,,,,,,,
//DST定義,(NULL),time,x,y,w,h,acc,a,r,g,b,blend,filter,angle,center,loop,timer,op1,op2,op3
#DST_BARGRAPH,0,1350,555,544,75,0,2,255,255,255,255,1,0,0,0,1850,0,32,39,0
#DST_BARGRAPH,0,1850,555,544,75,-444,2,255,255,255,255,1,0,0,0,,,,,


//MY EXSCORE,//number101 exscore,,,,,,,,,,,,,,,,,,,
//SRC定義,(null),gr,x,y,w,h,div_x,div_y,cycle,timer,num,align,keta,,,,,,,
#SRC_NUMBER,0,6,0,1298,253,20,11,1,0,0,101,0,4,,,,,,,
//DST定義,(NULL),time,x,y,w,h,acc,a,r,g,b,blend,filter,angle,center,loop,timer,op1,op2,op3
#DST_NUMBER,0,1350,539,37,20,17,0,0,255,255,255,1,1,0,0,1550,0,32,39,0
#DST_NUMBER,0,1550,539,37,20,17,0,255,255,255,255,1,1,0,0,0,0

//TARGET EXSCORE,//number151 ターゲット現在値,,,,,,,,,,,,,,,,,,,
//SRC定義,(null),gr,x,y,w,h,div_x,div_y,cycle,timer,num,align,keta,,,,,,,
#SRC_NUMBER,0,6,0,1298,253,20,11,1,0,0,151,0,4,,,,,,,
//DST定義,(NULL),time,x,y,w,h,acc,a,r,g,b,blend,filter,angle,center,loop,timer,op1,op2,op3
#DST_NUMBER,0,1350,539,63,20,17,0,0,255,255,255,1,1,0,0,1550,0,32,39,0
#DST_NUMBER,0,1550,539,63,20,17,0,255,255,255,255,1,1,0,0,0,0

#ENDIF

//数値関連,,,,,,,,,,,,,,,,,,,,
#IF,970,951,39,,,,,,,,,,,,,,,,,
//ノーマルスコア(6桁) 1P 100,number100 score 1P,,,,,,,,,,,,,,,,,,,
//SRC定義,(null),gr,x,y,w,h,div_x,div_y,cycle,timer,num,align,keta,,,,,,,
#SRC_NUMBER,0,16,0,0,308,19,11,1,0,0,100,0,6,,,,,,,
//DST定義,(NULL),time,x,y,w,h,acc,a,r,g,b,blend,filter,angle,center,loop,timer,op1,op2,op3
#DST_NUMBER,0,700,718,59,28,19,0,0,255,255,255,1,0,0,0,1000,0,0,0,0
#DST_NUMBER,0,1000,718,59,28,19,0,255,255,255,255,1,0,0,0,,,,,
#ENDIF,,,,,,,,,,,,,,,,,,,,

//EXスコア(6桁) 1P 100,number100 score 1P,,,,,,,,,,,,,,,,,,,
#IF,971,951,39,,,,,,,,,,,,,,,,,
//SRC定義,(null),gr,x,y,w,h,div_x,div_y,cycle,timer,num,align,keta,,,,,,,
#SRC_NUMBER,0,16,0,0,308,19,11,1,0,0,101,0,6,,,,,,,
//DST定義,(NULL),time,x,y,w,h,acc,a,r,g,b,blend,filter,angle,center,loop,timer,op1,op2,op3
#DST_NUMBER,0,700,718,59,28,19,0,0,255,255,255,1,0,0,0,1000,0,0,0,0
#DST_NUMBER,0,1000,718,59,28,19,0,255,255,255,255,1,0,0,0,,,,,
#ENDIF,,,,,,,,,,,,,,,,,,,,

#IF,951,39,,,,,,,,,,,,,,,,,

//マックスコンボ(4桁),number105 maxcombo 1P,,,,,,,,,,,,,,,,,,,
//SRC定義,(null),gr,x,y,w,h,div_x,div_y,cycle,timer,num,align,keta,,,,,,,
#SRC_NUMBER,0,16,0,0,308,19,11,1,0,0,105,0,4,,,,,,,
//DST定義,(NULL),time,x,y,w,h,acc,a,r,g,b,blend,filter,angle,center,loop,timer,op1,op2,op3
#DST_NUMBER,0,1000,774,89,28,19,0,0,255,255,255,1,0,0,0,1200,0,0,0,0
#DST_NUMBER,0,1200,774,89,28,19,0,255,255,255,255,1,0,0,0,,,,,

//BPM,number160 bpm,,,,,,,,,,,,,,,,,,,
//SRC定義,(null),gr,x,y,w,h,div_x,div_y,cycle,timer,num,align,keta,,,,,,,
#SRC_NUMBER,0,16,0,0,308,19,11,1,0,0,160,0,3,,,,,,,
//DST定義,(NULL),time,x,y,w,h,acc,a,r,g,b,blend,filter,angle,center,loop,timer,op1,op2,op3
#DST_NUMBER,0,850,914,642,28,19,0,0,255,255,255,1,0,0,0,1200,0,0,0,0
#DST_NUMBER,0,1200,914,642,28,19,0,255,255,255,255,1,0,0,0,,,,,

#ENDIF

#IF,951,39,906,,,,,,,,,,,,,,,,


//マックスコンボ(4桁),number105 maxcombo 1P,,,,,,,,,,,,,,,,,,,
//SRC定義,(null),gr,x,y,w,h,div_x,div_y,cycle,timer,num,align,keta,,,,,,,
#SRC_NUMBER,0,16,0,0,308,19,11,1,0,0,105,0,4,,,,,,,
//DST定義,(NULL),time,x,y,w,h,acc,a,r,g,b,blend,filter,angle,center,loop,timer,op1,op2,op3
#DST_NUMBER,0,1000,774,89,28,19,0,0,255,255,255,1,0,0,0,1200,0,0,0,0
#DST_NUMBER,0,1200,774,89,28,19,0,255,255,255,255,1,0,0,0,,,,,

//BPM,number160 bpm,,,,,,,,,,,,,,,,,,,
//SRC定義,(null),gr,x,y,w,h,div_x,div_y,cycle,timer,num,align,keta,,,,,,,
#SRC_NUMBER,0,16,0,0,308,19,11,1,0,0,160,0,3,,,,,,,
//DST定義,(NULL),time,x,y,w,h,acc,a,r,g,b,blend,filter,angle,center,loop,timer,op1,op2,op3
#DST_NUMBER,0,850,914,642,28,19,0,0,255,255,255,1,0,0,0,1200,0,0,0,0
#DST_NUMBER,0,1200,914,642,28,19,0,255,255,255,255,1,0,0,0,,,,,

//MIN MAX,,,,,,,,,,,,,,,,,,,,
//SRC定義,(NULL),gr,x,y,w,h,div_x,div_y,cycle,timer,op1,op2,op3,,,,,,,
#SRC_IMAGE,0,12,111,229,173,10,1,1,0,0,0,0,0,,,,,,,
//DST定義,(NULL),time,x,y,w,h,acc,a,r,g,b,blend,filter,angle,center,loop,timer,op1,op2,op3
#DST_IMAGE,0,0,872,663,173,10,0,0,255,255,255,1,0,0,0,500,,,,
#DST_IMAGE,0,500,872,663,173,10,0,255,255,255,255,1,0,0,0,,,,,


//BPM,number160 MIN,,,,,,,,,,,,,,,,,,,
//SRC定義,(null),gr,x,y,w,h,div_x,div_y,cycle,timer,num,align,keta,,,,,,,
#SRC_NUMBER,0,16,0,0,308,19,11,1,0,0,91,0,3,,,,,,,
//DST定義,(NULL),time,x,y,w,h,acc,a,r,g,b,blend,filter,angle,center,loop,timer,op1,op2,op3
#DST_NUMBER,0,850,860,648,15,12,0,0,255,255,255,1,1,0,0,1200,0,0,0,0
#DST_NUMBER,0,1200,860,648,15,12,0,255,255,255,255,1,1,0,0,,,,,

//BPM,number160 MAX,,,,,,,,,,,,,,,,,,,
//SRC定義,(null),gr,x,y,w,h,div_x,div_y,cycle,timer,num,align,keta,,,,,,,
#SRC_NUMBER,0,16,0,0,308,19,11,1,0,0,90,0,3,,,,,,,
//DST定義,(NULL),time,x,y,w,h,acc,a,r,g,b,blend,filter,angle,center,loop,timer,op1,op2,op3
#DST_NUMBER,0,850,1006,648,15,12,0,0,255,255,255,1,1,0,0,1200,0,0,0,0
#DST_NUMBER,0,1200,1006,648,15,12,0,255,255,255,255,1,1,0,0,,,,,

#ENDIF
////////////////////////////////////////////////////////////////////////////////



#IF,38,
//SRC定義,(NULL),gr,x,y,w,h,div_x,div_y,cycle,timer,op1,op2,op3,,,,,,,
#SRC_IMAGE,0,2,0,2405,165,42,1,1,0,0,0,0,0,,,,,,,
//DST定義,(NULL),time,x,y,w,h,acc,a,r,g,b,blend,filter,angle,center,loop,timer,op1,op2,op3
#DST_IMAGE,0,0,732,0,165,42,0,0,255,255,255,1,0,0,0,500,0,280,290,0
#DST_IMAGE,0,500,732,0,165,42,0,255,255,255,255,1,0,0,0,2500
#DST_IMAGE,0,2500,732,0,165,42,0,255,255,255,255,1,0,0,0
#DST_IMAGE,0,3000,732,0,165,42,0,70,255,255,255,1,0,0,0
#DST_IMAGE,0,3500,732,0,165,42,0,255,255,255,255,1,0,0,0
//SRC定義,(NULL),gr,x,y,w,h,div_x,div_y,cycle,timer,op1,op2,op3,,,,,,,
#SRC_IMAGE,0,2,0,2447,165,42,1,1,0,0,0,0,0,,,,,,,
//DST定義,(NULL),time,x,y,w,h,acc,a,r,g,b,blend,filter,angle,center,loop,timer,op1,op2,op3
#DST_IMAGE,0,0,732,0,165,42,0,0,255,255,255,1,0,0,0,500,0,281,290,0
#DST_IMAGE,0,500,732,0,165,42,0,255,255,255,255,1,0,0,0,2500
#DST_IMAGE,0,2500,732,0,165,42,0,255,255,255,255,1,0,0,0
#DST_IMAGE,0,3000,732,0,165,42,0,70,255,255,255,1,0,0,0
#DST_IMAGE,0,3500,732,0,165,42,0,255,255,255,255,1,0,0,0
//SRC定義,(NULL),gr,x,y,w,h,div_x,div_y,cycle,timer,op1,op2,op3,,,,,,,
#SRC_IMAGE,0,2,0,2489,165,42,1,1,0,0,0,0,0,,,,,,,
//DST定義,(NULL),time,x,y,w,h,acc,a,r,g,b,blend,filter,angle,center,loop,timer,op1,op2,op3
#DST_IMAGE,0,0,732,0,165,42,0,0,255,255,255,1,0,0,0,500,0,282,290,0
#DST_IMAGE,0,500,732,0,165,42,0,255,255,255,255,1,0,0,0,2500
#DST_IMAGE,0,2500,732,0,165,42,0,255,255,255,255,1,0,0,0
#DST_IMAGE,0,3000,732,0,165,42,0,70,255,255,255,1,0,0,0
#DST_IMAGE,0,3500,732,0,165,42,0,255,255,255,255,1,0,0,0
//SRC定義,(NULL),gr,x,y,w,h,div_x,div_y,cycle,timer,op1,op2,op3,,,,,,,
#SRC_IMAGE,0,2,0,2154,165,42,1,1,0,0,0,0,0,,,,,,,
//DST定義,(NULL),time,x,y,w,h,acc,a,r,g,b,blend,filter,angle,center,loop,timer,op1,op2,op3
#DST_IMAGE,0,0,732,0,165,42,0,0,255,255,255,1,0,0,0,500,0,283,290,0
#DST_IMAGE,0,500,732,0,165,42,0,255,255,255,255,1,0,0,0,2500
#DST_IMAGE,0,2500,732,0,165,42,0,255,255,255,255,1,0,0,0
#DST_IMAGE,0,3000,732,0,165,42,0,70,255,255,255,1,0,0,0
#DST_IMAGE,0,3500,732,0,165,42,0,255,255,255,255,1,0,0,0
//SRC定義,(NULL),gr,x,y,w,h,div_x,div_y,cycle,timer,op1,op2,op3,,,,,,,
#SRC_IMAGE,0,2,0,2196,165,42,1,1,0,0,0,0,0,,,,,,,
//DST定義,(NULL),time,x,y,w,h,acc,a,r,g,b,blend,filter,angle,center,loop,timer,op1,op2,op3
#DST_IMAGE,0,0,732,0,165,42,0,0,255,255,255,1,0,0,0,500,0,289,290,0
#DST_IMAGE,0,500,732,0,165,42,0,255,255,255,255,1,0,0,0,2500
#DST_IMAGE,0,2500,732,0,165,42,0,255,255,255,255,1,0,0,0
#DST_IMAGE,0,3000,732,0,165,42,0,70,255,255,255,1,0,0,0
#DST_IMAGE,0,3500,732,0,165,42,0,255,255,255,255,1,0,0,0
#ENDIF


#IF,39,950,
//SRC定義,(NULL),gr,x,y,w,h,div_x,div_y,cycle,timer,op1,op2,op3,,,,,,,
#SRC_IMAGE,0,2,0,2405,165,42,1,1,0,0,0,0,0,,,,,,,
//DST定義,(NULL),time,x,y,w,h,acc,a,r,g,b,blend,filter,angle,center,loop,timer,op1,op2,op3
#DST_IMAGE,0,0,593,0,165,42,0,0,255,255,255,1,0,0,0,500,0,280,290,0
#DST_IMAGE,0,500,593,0,165,42,0,255,255,255,255,1,0,0,0,2500
#DST_IMAGE,0,2500,593,0,165,42,0,255,255,255,255,1,0,0,0
#DST_IMAGE,0,3000,593,0,165,42,0,70,255,255,255,1,0,0,0
#DST_IMAGE,0,3500,593,0,165,42,0,255,255,255,255,1,0,0,0
//SRC定義,(NULL),gr,x,y,w,h,div_x,div_y,cycle,timer,op1,op2,op3,,,,,,,
#SRC_IMAGE,0,2,0,2447,165,42,1,1,0,0,0,0,0,,,,,,,
//DST定義,(NULL),time,x,y,w,h,acc,a,r,g,b,blend,filter,angle,center,loop,timer,op1,op2,op3
#DST_IMAGE,0,0,593,0,165,42,0,0,255,255,255,1,0,0,0,500,0,281,290,0
#DST_IMAGE,0,500,593,0,165,42,0,255,255,255,255,1,0,0,0,2500
#DST_IMAGE,0,2500,593,0,165,42,0,255,255,255,255,1,0,0,0
#DST_IMAGE,0,3000,593,0,165,42,0,70,255,255,255,1,0,0,0
#DST_IMAGE,0,3500,593,0,165,42,0,255,255,255,255,1,0,0,0
//SRC定義,(NULL),gr,x,y,w,h,div_x,div_y,cycle,timer,op1,op2,op3,,,,,,,
#SRC_IMAGE,0,2,0,2489,165,42,1,1,0,0,0,0,0,,,,,,,
//DST定義,(NULL),time,x,y,w,h,acc,a,r,g,b,blend,filter,angle,center,loop,timer,op1,op2,op3
#DST_IMAGE,0,0,593,0,165,42,0,0,255,255,255,1,0,0,0,500,0,282,290,0
#DST_IMAGE,0,500,593,0,165,42,0,255,255,255,255,1,0,0,0,2500
#DST_IMAGE,0,2500,593,0,165,42,0,255,255,255,255,1,0,0,0
#DST_IMAGE,0,3000,593,0,165,42,0,70,255,255,255,1,0,0,0
#DST_IMAGE,0,3500,593,0,165,42,0,255,255,255,255,1,0,0,0
//SRC定義,(NULL),gr,x,y,w,h,div_x,div_y,cycle,timer,op1,op2,op3,,,,,,,
#SRC_IMAGE,0,2,0,2154,165,42,1,1,0,0,0,0,0,,,,,,,
//DST定義,(NULL),time,x,y,w,h,acc,a,r,g,b,blend,filter,angle,center,loop,timer,op1,op2,op3
#DST_IMAGE,0,0,593,0,165,42,0,0,255,255,255,1,0,0,0,500,0,283,290,0
#DST_IMAGE,0,500,593,0,165,42,0,255,255,255,255,1,0,0,0,2500
#DST_IMAGE,0,2500,593,0,165,42,0,255,255,255,255,1,0,0,0
#DST_IMAGE,0,3000,593,0,165,42,0,70,255,255,255,1,0,0,0
#DST_IMAGE,0,3500,593,0,165,42,0,255,255,255,255,1,0,0,0
//SRC定義,(NULL),gr,x,y,w,h,div_x,div_y,cycle,timer,op1,op2,op3,,,,,,,
#SRC_IMAGE,0,2,0,2196,165,42,1,1,0,0,0,0,0,,,,,,,
//DST定義,(NULL),time,x,y,w,h,acc,a,r,g,b,blend,filter,angle,center,loop,timer,op1,op2,op3
#DST_IMAGE,0,0,593,0,165,42,0,0,255,255,255,1,0,0,0,500,0,289,290,0
#DST_IMAGE,0,500,593,0,165,42,0,255,255,255,255,1,0,0,0,2500
#DST_IMAGE,0,2500,593,0,165,42,0,255,255,255,255,1,0,0,0
#DST_IMAGE,0,3000,593,0,165,42,0,70,255,255,255,1,0,0,0
#DST_IMAGE,0,3500,593,0,165,42,0,255,255,255,255,1,0,0,0
#ENDIF


#IF,39,951,
//SRC定義,(NULL),gr,x,y,w,h,div_x,div_y,cycle,timer,op1,op2,op3,,,,,,,
#SRC_IMAGE,0,2,0,2405,165,42,1,1,0,0,0,0,0,,,,,,,
//DST定義,(NULL),time,x,y,w,h,acc,a,r,g,b,blend,filter,angle,center,loop,timer,op1,op2,op3
#DST_IMAGE,0,0,874,0,165,42,0,0,255,255,255,1,0,0,0,500,0,280,290,0
#DST_IMAGE,0,500,874,0,165,42,0,255,255,255,255,1,0,0,0,2500
#DST_IMAGE,0,2500,874,0,165,42,0,255,255,255,255,1,0,0,0
#DST_IMAGE,0,3000,874,0,165,42,0,70,255,255,255,1,0,0,0
#DST_IMAGE,0,3500,874,0,165,42,0,255,255,255,255,1,0,0,0
//SRC定義,(NULL),gr,x,y,w,h,div_x,div_y,cycle,timer,op1,op2,op3,,,,,,,
#SRC_IMAGE,0,2,0,2447,165,42,1,1,0,0,0,0,0,,,,,,,
//DST定義,(NULL),time,x,y,w,h,acc,a,r,g,b,blend,filter,angle,center,loop,timer,op1,op2,op3
#DST_IMAGE,0,0,874,0,165,42,0,0,255,255,255,1,0,0,0,500,0,281,290,0
#DST_IMAGE,0,500,874,0,165,42,0,255,255,255,255,1,0,0,0,2500
#DST_IMAGE,0,2500,874,0,165,42,0,255,255,255,255,1,0,0,0
#DST_IMAGE,0,3000,874,0,165,42,0,70,255,255,255,1,0,0,0
#DST_IMAGE,0,3500,874,0,165,42,0,255,255,255,255,1,0,0,0
//SRC定義,(NULL),gr,x,y,w,h,div_x,div_y,cycle,timer,op1,op2,op3,,,,,,,
#SRC_IMAGE,0,2,0,2489,165,42,1,1,0,0,0,0,0,,,,,,,
//DST定義,(NULL),time,x,y,w,h,acc,a,r,g,b,blend,filter,angle,center,loop,timer,op1,op2,op3
#DST_IMAGE,0,0,874,0,165,42,0,0,255,255,255,1,0,0,0,500,0,282,290,0
#DST_IMAGE,0,500,874,0,165,42,0,255,255,255,255,1,0,0,0,2500
#DST_IMAGE,0,2500,874,0,165,42,0,255,255,255,255,1,0,0,0
#DST_IMAGE,0,3000,874,0,165,42,0,70,255,255,255,1,0,0,0
#DST_IMAGE,0,3500,874,0,165,42,0,255,255,255,255,1,0,0,0
//SRC定義,(NULL),gr,x,y,w,h,div_x,div_y,cycle,timer,op1,op2,op3,,,,,,,
#SRC_IMAGE,0,2,0,2154,165,42,1,1,0,0,0,0,0,,,,,,,
//DST定義,(NULL),time,x,y,w,h,acc,a,r,g,b,blend,filter,angle,center,loop,timer,op1,op2,op3
#DST_IMAGE,0,0,874,0,165,42,0,0,255,255,255,1,0,0,0,500,0,283,290,0
#DST_IMAGE,0,500,874,0,165,42,0,255,255,255,255,1,0,0,0,2500
#DST_IMAGE,0,2500,874,0,165,42,0,255,255,255,255,1,0,0,0
#DST_IMAGE,0,3000,874,0,165,42,0,70,255,255,255,1,0,0,0
#DST_IMAGE,0,3500,874,0,165,42,0,255,255,255,255,1,0,0,0
//SRC定義,(NULL),gr,x,y,w,h,div_x,div_y,cycle,timer,op1,op2,op3,,,,,,,
#SRC_IMAGE,0,2,0,2196,165,42,1,1,0,0,0,0,0,,,,,,,
//DST定義,(NULL),time,x,y,w,h,acc,a,r,g,b,blend,filter,angle,center,loop,timer,op1,op2,op3
#DST_IMAGE,0,0,874,0,165,42,0,0,255,255,255,1,0,0,0,500,0,289,290,0
#DST_IMAGE,0,500,874,0,165,42,0,255,255,255,255,1,0,0,0,2500
#DST_IMAGE,0,2500,874,0,165,42,0,255,255,255,255,1,0,0,0
#DST_IMAGE,0,3000,874,0,165,42,0,70,255,255,255,1,0,0,0
#DST_IMAGE,0,3500,874,0,165,42,0,255,255,255,255,1,0,0,0
#ENDIF


//SRC定義,(NULL),gr,x,y,w,h,div_x,div_y,cycle,timer,op1,op2,op3,,,,,,,
#SRC_IMAGE,0,2,0,2321,165,42,1,1,0,0,0,0,0,,,,,,,

#IF,38
//DST定義,(NULL),time,x,y,w,h,acc,a,r,g,b,blend,filter,angle,center,loop,timer,op1,op2,op3
#DST_IMAGE,0,0,732,0,165,42,0,0,255,255,255,1,0,0,0,500,0,-290,0,0
#DST_IMAGE,0,500,732,0,165,42,0,255,255,255,255,1,0,0,0,2500
#DST_IMAGE,0,2500,732,0,165,42,0,255,255,255,255,1,0,0,0
#DST_IMAGE,0,3000,732,0,165,42,0,70,255,255,255,1,0,0,0
#DST_IMAGE,0,3500,732,0,165,42,0,255,255,255,255,1,0,0,0
#ENDIF

#IF,39,950,
//DST定義,(NULL),time,x,y,w,h,acc,a,r,g,b,blend,filter,angle,center,loop,timer,op1,op2,op3
#DST_IMAGE,0,0,593,0,165,42,0,0,255,255,255,1,0,0,0,500,0,-290,0,0
#DST_IMAGE,0,500,593,0,165,42,0,255,255,255,255,1,0,0,0,2500
#DST_IMAGE,0,2500,593,0,165,42,0,255,255,255,255,1,0,0,0
#DST_IMAGE,0,3000,593,0,165,42,0,70,255,255,255,1,0,0,0
#DST_IMAGE,0,3500,593,0,165,42,0,255,255,255,255,1,0,0,0
#ENDIF

#IF,39,951,
//DST定義,(NULL),time,x,y,w,h,acc,a,r,g,b,blend,filter,angle,center,loop,timer,op1,op2,op3
#DST_IMAGE,0,0,874,0,165,42,0,0,255,255,255,1,0,0,0,500,0,-290,0,0
#DST_IMAGE,0,500,874,0,165,42,0,255,255,255,255,1,0,0,0,2500
#DST_IMAGE,0,2500,874,0,165,42,0,255,255,255,255,1,0,0,0
#DST_IMAGE,0,3000,874,0,165,42,0,70,255,255,255,1,0,0,0
#DST_IMAGE,0,3500,874,0,165,42,0,255,255,255,255,1,0,0,0
#ENDIF





//フレーム最下部(グルーヴゲージと進行を同じにすること推奨),,,,,,,,,,,,,,,,,,,,
//SRC定義,(NULL),gr,x,y,w,h,div_x,div_y,cycle,timer,op1,op2,op3,,,,,,,
#SRC_IMAGE,0,2,348,724,347,169,1,1,0,0,0,0,0,,,,,,,
//DST定義,(NULL),time,x,y,w,h,acc,a,r,g,b,blend,filter,angle,center,loop,timer,op1,op2,op3
#DST_IMAGE,0,500,5,951,347,169,0,255,255,255,255,1,0,0,0,1100,,,,
#DST_IMAGE,0,1100,5,551,347,169,0,255,255,255,255,1,0,0,0,,,,,

//進行バー,,,,,,,,,,,,,,,,,,,,
//SRC定義,(NULL),gr,x,y,w,h,div_x,div_y,cycle,timer,op1,op2,op3,,,,,,,
#SRC_IMAGE,0,2,697,724,33,507,1,1,0,0,0,0,0,,,,,,,
//DST定義,(NULL),time,x,y,w,h,acc,a,r,g,b,blend,filter,angle,center,loop,timer,op1,op2,op3
#DST_IMAGE,0,0,14,1200,33,507,0,255,255,255,255,1,0,0,0,700,,,,
#DST_IMAGE,0,700,14,0,33,507,0,255,255,255,255,1,0,0,0,,,,,

//フレーム上(鍵盤側),,,,,,,,,,,,,,,,,,,,
//SRC定義,(NULL),gr,x,y,w,h,div_x,div_y,cycle,timer,op1,op2,op3,,,,,,,
#SRC_IMAGE,0,2,0,724,346,585,1,1,0,0,0,0,0,,,,,,,
//DST定義,(NULL),time,x,y,w,h,acc,a,r,g,b,blend,filter,angle,center,loop,timer,op1,op2,op3
#DST_IMAGE,0,600,-156,0,346,585,0,0,255,255,255,1,0,0,0,1000,,,,
#DST_IMAGE,0,1000,6,0,346,585,0,255,255,255,255,1,0,0,0,,,,,

//フレーム上(鍵盤側)フラッシュ,,,,,,,,,,,,,,,,,,,,
//SRC定義,(NULL),gr,x,y,w,h,div_x,div_y,cycle,timer,op1,op2,op3,,,,,,,
#SRC_IMAGE,0,2,0,724,346,585,1,1,0,0,0,0,0,,,,,,,
//DST定義,(NULL),time,x,y,w,h,acc,a,r,g,b,blend,filter,angle,center,loop,timer,op1,op2,op3
#DST_IMAGE,0,900,6,0,346,585,0,0,255,255,255,2,0,0,0,1500,,,,
#DST_IMAGE,0,1200,6,0,346,585,0,175,255,255,255,2,0,0,0,,,,,
#DST_IMAGE,0,1500,6,0,346,585,0,0,255,255,255,2,0,0,0,,,,


//鍵盤,,,,,,,,,,,,,,,,,,,,
//SRC定義,(NULL),gr,x,y,w,h,div_x,div_y,cycle,timer,op1,op2,op3,,,,,,,
#SRC_IMAGE,0,2,348,895,333,113,1,1,0,0,0,0,0,,,,,,,
//DST定義,(NULL),time,x,y,w,h,acc,a,r,g,b,blend,filter,angle,center,loop,timer,op1,op2,op3
#DST_IMAGE,0,0,55,1500,333,113,0,255,255,255,255,1,1,-90,4,1200,,,,
#DST_IMAGE,0,600,55,508,333,113,0,255,255,255,255,1,1,-90,4,,,,,
#DST_IMAGE,0,1200,11,468,333,113,0,255,255,255,255,1,1,0,4,,,,,


//グルーヴゲージ,インフォ,,,,,,,,,,,,,,,,,,,,
//SRC定義,(NULL),gr,x,y,w,h,div_x,div_y,cycle,timer,op1,op2,op3,,,,,,,
#SRC_IMAGE,0,2,348,1017,331,154,1,1,0,0,0,0,0,,,,,,,
//DST定義,(NULL),time,x,y,w,h,acc,a,r,g,b,blend,filter,angle,center,loop,timer,op1,op2,op3
#DST_IMAGE,0,300,21,951,331,154,0,0,255,255,255,1,1,90,4,1100,,,,
#DST_IMAGE,0,600,21,551,331,154,0,0,255,255,255,1,1,90,4,1100,,,,
#DST_IMAGE,0,1100,21,551,331,154,0,255,255,255,255,1,1,0,4,,,,,

//グルーヴゲージアニメーション本体,,,,,,,,,,,,,,,,,,,,
//SRC定義,(NULL),gr,x,y,w,h,div_x,div_y,cycle,timer,op1,op2,op3,,,,,,,
#SRC_IMAGE,0,2,348,1188,304,2,1,1,0,0,0,0,0,,,,,,,,
//DST定義,(NULL),time,x,y,w,h,acc,a,r,g,b,blend,filter,angle,center,loop,timer,op1,op2,op3
#DST_IMAGE,0,900,35,587,304,0,0,0,255,255,255,0,0,0,0,1100,0,0,0,0,
#DST_IMAGE,0,1100,35,587,304,2,0,255,255,255,255,0,0,0,0,,,,,,

//グルーヴゲージアニメーション,,,,,,,,,,,,,,,,,,,,
//SRC定義,(NULL),gr,x,y,w,h,div_x,div_y,cycle,timer,op1,op2,op3,,,,,,,
#SRC_IMAGE,0,2,348,1191,312,10,1,1,0,0,0,0,0,,,,,,,,
//DST定義,(NULL),time,x,y,w,h,acc,a,r,g,b,blend,filter,angle,center,loop,timer,op1,op2,op3
#DST_IMAGE,0,0,187,583,0,10,0,0,255,255,255,2,0,0,0,0,40,0,0,0,
#DST_IMAGE,0,50,187,583,0,10,0,0,255,255,255,2,0,0,0,,,,,,
#DST_IMAGE,0,83,155,583,60,10,0,255,255,255,255,2,0,0,0,,,,,,
#DST_IMAGE,0,100,155,583,60,10,0,0,255,255,255,2,0,0,0,,,,,,
#DST_IMAGE,0,150,125,583,124,10,0,255,255,255,255,2,0,0,0,,,,,,
#DST_IMAGE,0,200,125,583,124,10,0,0,255,255,255,2,0,0,0,,,,,,
#DST_IMAGE,0,250,95,583,184,10,0,255,255,255,255,2,0,0,0,,,,,,
#DST_IMAGE,0,300,95,583,184,10,0,0,255,255,255,2,0,0,0,,,,,,
#DST_IMAGE,0,350,65,583,244,10,0,255,255,255,255,2,0,0,0,,,,,,
#DST_IMAGE,0,400,65,583,244,10,0,0,255,255,255,2,0,0,0,,,,,,
#DST_IMAGE,0,450,31,583,312,10,0,255,255,255,255,2,0,0,0,,,,,,
#DST_IMAGE,0,500,31,583,312,10,0,0,255,255,255,2,0,0,0,,,,,,
#DST_IMAGE,0,550,31,583,312,10,0,255,255,255,255,2,0,0,0,,,,,,
#DST_IMAGE,0,600,31,583,312,10,0,0,255,255,255,2,0,0,0,,,,,,
#DST_IMAGE,0,650,31,583,312,10,0,255,255,255,255,2,0,0,0,,,,,,
#DST_IMAGE,0,700,31,583,312,10,0,0,255,255,255,2,0,0,0,,,,,,
#DST_IMAGE,0,750,31,583,312,10,0,255,255,255,255,2,0,0,0,,,,,,
#DST_IMAGE,0,800,31,583,312,10,0,0,255,255,255,2,0,0,0,,,,,,
#DST_IMAGE,0,850,31,583,312,10,0,255,255,255,255,2,0,0,0,,,,,,
#DST_IMAGE,0,900,31,583,312,10,0,0,255,255,255,2,0,0,0,,,,,,
#DST_IMAGE,0,950,31,583,312,10,0,255,255,255,255,2,0,0,0,,,,,,
#DST_IMAGE,0,1000,31,583,312,10,0,0,255,255,255,2,0,0,0,,,,,,

//オブジェクトベース1P,,,,,,,,,,,,,,,,,,,,
//SRC定義,(NULL),gr,x,y,w,h,div_x,div_y,cycle,timer,op1,op2,op3,,,,,,,
#SRC_IMAGE,0,6,0,431,288,482,1,1,0,0,0,0,0,,,,,,,
//DST定義,(NULL),time,x,y,w,h,acc,a,r,g,b,blend,filter,angle,center,loop,timer,op1,op2,op3
#DST_IMAGE,0,1400,50,482,288,0,0,0,255,255,255,1,0,0,0,1800,,,,
#DST_IMAGE,0,1800,50,0,288,482,0,255,255,255,255,1,0,0,0,,,,,

#IF,930
//オブジェクトベース1P,,,,,,,,,,,,,,,,,,,,
//SRC定義,(NULL),gr,x,y,w,h,div_x,div_y,cycle,timer,op1,op2,op3,,,,,,,
#SRC_IMAGE,0,110,0,0,1,1,1,1,0,0,0,0,0,,,,,,,
//DST定義,(NULL),time,x,y,w,h,acc,a,r,g,b,blend,filter,angle,center,loop,timer,op1,op2,op3
#DST_IMAGE,0,1400,50,482,288,0,0,0,255,255,255,1,0,0,0,1800,,,,
#DST_IMAGE,0,1800,50,0,288,482,0,0,255,255,255,1,0,0,0,,,,,
#ENDIF
#IF,931
//オブジェクトベース1P,,,,,,,,,,,,,,,,,,,,
//SRC定義,(NULL),gr,x,y,w,h,div_x,div_y,cycle,timer,op1,op2,op3,,,,,,,
#SRC_IMAGE,0,110,0,0,1,1,1,1,0,0,0,0,0,,,,,,,
//DST定義,(NULL),time,x,y,w,h,acc,a,r,g,b,blend,filter,angle,center,loop,timer,op1,op2,op3
#DST_IMAGE,0,1400,50,482,288,0,0,0,255,255,255,1,0,0,0,1800,,,,
#DST_IMAGE,0,1800,50,0,288,482,0,255,255,255,255,1,0,0,0,,,,,
#ENDIF
#IF,932
//オブジェクトベース1P,,,,,,,,,,,,,,,,,,,,
//SRC定義,(NULL),gr,x,y,w,h,div_x,div_y,cycle,timer,op1,op2,op3,,,,,,,
#SRC_IMAGE,0,110,0,0,1,1,1,1,0,0,0,0,0,,,,,,,
//DST定義,(NULL),time,x,y,w,h,acc,a,r,g,b,blend,filter,angle,center,loop,timer,op1,op2,op3
#DST_IMAGE,0,1400,50,482,288,0,0,0,255,255,255,1,0,0,0,1800,,,,
#DST_IMAGE,0,1800,50,0,288,482,0,175,255,255,255,1,0,0,0,,,,,
#ENDIF
#IF,933
//オブジェクトベース1P,,,,,,,,,,,,,,,,,,,,
//SRC定義,(NULL),gr,x,y,w,h,div_x,div_y,cycle,timer,op1,op2,op3,,,,,,,
#SRC_IMAGE,0,110,0,0,1,1,1,1,0,0,0,0,0,,,,,,,
//DST定義,(NULL),time,x,y,w,h,acc,a,r,g,b,blend,filter,angle,center,loop,timer,op1,op2,op3
#DST_IMAGE,0,1400,50,482,288,0,0,0,255,255,255,1,0,0,0,1800,,,,
#DST_IMAGE,0,1800,50,0,288,482,0,125,255,255,255,1,0,0,0,,,,,
#ENDIF
#IF,934
//オブジェクトベース1P,,,,,,,,,,,,,,,,,,,,
//SRC定義,(NULL),gr,x,y,w,h,div_x,div_y,cycle,timer,op1,op2,op3,,,,,,,
#SRC_IMAGE,0,110,0,0,1,1,1,1,0,0,0,0,0,,,,,,,
//DST定義,(NULL),time,x,y,w,h,acc,a,r,g,b,blend,filter,angle,center,loop,timer,op1,op2,op3
#DST_IMAGE,0,1400,50,482,288,0,0,0,255,255,255,1,0,0,0,1800,,,,
#DST_IMAGE,0,1800,50,0,288,482,0,35,255,255,255,1,0,0,0,,,,,
#ENDIF





//判定ラインエフェクト,//timer140 リズムタイマー,,,,,,,,,,,,,,,,,,,
//SRC定義,(NULL),gr,x,y,w,h,div_x,div_y,cycle,timer,op1,op2,op3,,,,,,,
#SRC_IMAGE,0,26,0,0,144,20,1,1,0,140,0,0,0,,,,,,,
//DST定義,(NULL),time,x,y,w,h,acc,a,r,g,b,blend,filter,angle,center,loop,timer,op1,op2,op3
#DST_IMAGE,0,0,50,446,288,30,0,255,255,255,255,2,0,0,0,0,140,0,0,0
#DST_IMAGE,0,700,50,446,288,30,0,0,255,255,255,2,0,0,0,,,,,
#DST_IMAGE,0,1000,50,446,288,30,0,0,255,255,255,2,0,0,0,,,,,
//SRC定義,(NULL),gr,x,y,w,h,div_x,div_y,cycle,timer,op1,op2,op3,,,,,,,
#SRC_IMAGE,0,26,0,0,144,20,1,1,0,140,0,0,0,,,,,,,
//DST定義,(NULL),time,x,y,w,h,acc,a,r,g,b,blend,filter,angle,center,loop,timer,op1,op2,op3
#DST_IMAGE,0,1700,50,446,288,30,0,0,255,255,255,2,0,0,0,2000,,,,
#DST_IMAGE,0,2000,50,446,288,30,0,75,255,255,255,2,0,0,0,,,,,

//////////////////////////////////////////////////////,,,,,,,,,,,,,,,,,,,,
//皿,,,,,,,,,,,,,,,,,,,,


//ベース,,,,,,,,,,,,,,,,,,,,
//SRC定義,(NULL),gr,x,y,w,h,div_x,div_y,cycle,timer,op1,op2,op3,,,,,,,
#SRC_IMAGE,0,7,0,0,25,28,1,1,0,0,0,0,0,,,,,,,
//DST定義,(NULL),time,x,y,w,h,acc,a,r,g,b,blend,filter,angle,center,loop,timer,op1,op2,op3
#DST_IMAGE,0,1300,56,510,25,28,0,0,255,255,255,1,0,0,0,1550,,,,
#DST_IMAGE,0,1550,56,510,25,28,0,255,255,255,255,1,0,0,0,,,,,
//回転部分,,,,,,,,,,,,,,,,,,,,,
//op4=1で皿回転が加わります(元の回転は無視されます),,,,,,,,,,,,,,,,,,,,,
//SRC定義,(NULL),gr,x,y,w,h,div_x,div_y,cycle,timer,op1,op2,op3,,,,,,,,
#SRC_IMAGE,0,7,25,0,25,28,1,1,0,0,0,0,0,,,,,,,,
//DST定義,(NULL),time,x,y,w,h,acc,a,r,g,b,blend,filter,angle,center,loop,timer,op1,op2,op3,op4
#DST_IMAGE,0,1300,56,510,25,28,0,0,255,255,255,1,0,0,0,1550,0,0,0,0,1
#DST_IMAGE,0,1550,56,510,25,28,0,255,255,255,255,1,0,0,0,0,0,0,0,0


//[判定ライン],,,,,,,,,,,,,,,,,,,,,
//SRC定義,(NULL),gr,x,y,w,h,div_x,div_y,cycle,timer,op1,op2,op3,,,,,,,,
#SRC_JUDGELINE,0,25,0,0,144,6,1,1,0,0,0,0,0,,,,,,,,
//DST定義,(NULL),time,x,y,w,h,acc,a,r,g,b,blend,filter,angle,center,loop,timer,op1,op2,op3,
#DST_JUDGELINE,0,1250,50,476,288,0,0,255,255,255,255,1,0,0,0,1550,0,0,0,0,
#DST_JUDGELINE,0,1550,50,476,288,6,0,255,255,255,255,1,0,0,0,,,,,,

///////////////////////////////////////////////////////////////////////////////////////////////////////////////,,,,,,,,,,,,,,,,,,,,,
//レーザー,,,,,,,,,,,,,,,,,,,,,

//レーザーオン,timer100- 1Pレーザーオン,,,,,,,,,,,,,,,,,,,
#SRC_IMAGE,0,15,0,0,60,482,1,1,0,100,0,0,0,,,,,,,,
#DST_IMAGE,0,0,50,482,60,0,0,255,255,255,255,1,0,0,0,-1,100,32,0,0,
#DST_IMAGE,0,50,50,482,60,-482,0,255,255,255,255,1,0,0,0,,,,,,
#DST_IMAGE,0,83,50,482,60,-482,0,255,255,255,255,1,0,0,0,,,,,,
#DST_IMAGE,0,167,80,482,0,-482,0,0,255,255,255,1,0,0,0,,,,,,
#SRC_IMAGE,0,15,0,0,60,482,1,1,0,100,0,0,0,,,,,,,,
#DST_IMAGE,0,0,50,482,60,0,0,255,255,255,255,1,0,0,0,50,100,33,0,0,
#DST_IMAGE,0,50,50,482,60,-482,0,255,255,255,255,1,0,0,0,,,,,,
#SRC_IMAGE,0,15,0,0,60,482,1,1,0,120,0,0,0,,,,,,,,
#DST_IMAGE,0,0,50,482,60,-482,0,255,255,255,255,1,0,0,0,-1,120,33,0,0,
#DST_IMAGE,0,83,80,482,0,-482,0,0,255,255,255,1,0,0,0,,,,,,
#SRC_IMAGE,0,15,61,0,34,482,1,1,0,101,0,0,0,,,,,,,,
#DST_IMAGE,0,0,112,482,34,-482,0,255,255,255,255,1,0,0,0,0,101,0,0,0,
#SRC_IMAGE,0,15,61,0,34,482,1,1,0,121,0,0,0,,,,,,,,
#DST_IMAGE,0,0,112,482,34,-482,0,255,255,255,255,1,0,0,0,-1,121,0,0,0,
#DST_IMAGE,0,83,129,482,0,-482,0,0,255,255,255,1,0,0,0,,,,,,
#SRC_IMAGE,0,15,96,0,26,482,1,1,0,102,0,0,0,,,,,,,,
#DST_IMAGE,0,0,148,482,26,-482,0,255,255,255,255,1,0,0,0,0,102,0,0,0,
#SRC_IMAGE,0,15,96,0,26,482,1,1,0,122,0,0,0,,,,,,,,
#DST_IMAGE,0,0,148,482,26,-482,0,255,255,255,255,1,0,0,0,-1,122,0,0,0,
#DST_IMAGE,0,83,161,482,0,-482,0,0,255,255,255,1,0,0,0,,,,,,
#SRC_IMAGE,0,15,61,0,34,482,1,1,0,103,0,0,0,,,,,,,,
#DST_IMAGE,0,0,176,482,34,-482,0,255,255,255,255,1,0,0,0,0,103,0,0,0,
#SRC_IMAGE,0,15,61,0,34,482,1,1,0,123,0,0,0,,,,,,,,
#DST_IMAGE,0,0,176,482,34,-482,0,255,255,255,255,1,0,0,0,-1,123,0,0,0,
#DST_IMAGE,0,83,193,482,0,-482,0,0,255,255,255,1,0,0,0,,,,,,
#SRC_IMAGE,0,15,96,0,26,482,1,1,0,104,0,0,0,,,,,,,,
#DST_IMAGE,0,0,212,482,26,-482,0,255,255,255,255,1,0,0,0,0,104,0,0,0,
#SRC_IMAGE,0,15,96,0,26,482,1,1,0,124,0,0,0,,,,,,,,
#DST_IMAGE,0,0,212,482,26,-482,0,255,255,255,255,1,0,0,0,-1,124,0,0,0,
#DST_IMAGE,0,83,225,482,0,-482,0,0,255,255,255,1,0,0,0,,,,,,
#SRC_IMAGE,0,15,61,0,34,482,1,1,0,105,0,0,0,,,,,,,,
#DST_IMAGE,0,0,240,482,34,-482,0,255,255,255,255,1,0,0,0,0,105,0,0,0,
#SRC_IMAGE,0,15,61,0,34,482,1,1,0,125,0,0,0,,,,,,,,
#DST_IMAGE,0,0,240,482,34,-482,0,255,255,255,255,1,0,0,0,-1,125,0,0,0,
#DST_IMAGE,0,83,257,482,0,-482,0,0,255,255,255,1,0,0,0,,,,,,
#SRC_IMAGE,0,15,96,0,26,482,1,1,0,106,0,0,0,,,,,,,,
#DST_IMAGE,0,0,276,482,26,-482,0,255,255,255,255,1,0,0,0,0,106,0,0,0,
#SRC_IMAGE,0,15,96,0,26,482,1,1,0,126,0,0,0,,,,,,,,
#DST_IMAGE,0,0,276,482,26,-482,0,255,255,255,255,1,0,0,0,-1,126,0,0,0,
#DST_IMAGE,0,83,289,482,0,-482,0,0,255,255,255,1,0,0,0,,,,,,
#SRC_IMAGE,0,15,61,0,34,482,1,1,0,107,0,0,0,,,,,,,,
#DST_IMAGE,0,0,304,482,34,-482,0,255,255,255,255,1,0,0,0,0,107,0,0,0,
#SRC_IMAGE,0,15,61,0,34,482,1,1,0,127,0,0,0,,,,,,,,
#DST_IMAGE,0,0,304,482,34,-482,0,255,255,255,255,1,0,0,0,-1,127,0,0,0,
#DST_IMAGE,0,83,321,482,0,-482,0,0,255,255,255,1,0,0,0,,,,,,
/////////////////////////////////////////////////////////////////////////////////////////////////,,,,,,,,,,,,,,,,,,,,
//ノート関連定義,,,,,,,,,,,,,,,,,,,,
//[小節線],,,,,,,,,,,,,,,,,,,,
//小節線0が1P側、1が2P側,,,,,,,,,,,,,,,,,,,,
#IF,920
//SRC定義,(NULL),gr,x,y,w,h,div_x,div_y,cycle,timer,op1,op2,op3,,,,,,,
#SRC_LINE,0,6,248,322,144,1,1,1,0,0,0,0,0,,,,,,,
//DST定義,(NULL),time,x,y,w,h,acc,a,r,g,b,blend,filter,angle,center,loop,timer,op1,op2,op3
#DST_LINE,0,0,25,320,144,1,0,255,255,255,255,1,0,0,0,0,0,0,0,0
#ELSEIF,921
//SRC定義,(NULL),gr,x,y,w,h,div_x,div_y,cycle,timer,op1,op2,op3,,,,,,,
#SRC_LINE,0,6,0,390,1,1,1,1,0,0,0,0,0,,,,,,,
//DST定義,(NULL),time,x,y,w,h,acc,a,r,g,b,blend,filter,angle,center,loop,timer,op1,op2,op3
#DST_LINE,0,0,50,480,288,2,0,255,255,255,255,1,0,0,0,0,0,0,0,0
#ENDIF

//[ノート関連定義],,,,,,,,,,,,,,,,,,,,
//indexは、0がスクラッチ、1～9が鍵盤です,,,,,,,,,,,,,,,,,,,,
//pmsの場合は、index1-9で定義して下さい。pms本体の記述形式とは異なり、2P側のレーンは使用していません。,,,,,,,,,,,,,,,,,,,,
//+10で2P側,,,,,,,,,,,,,

//SRC定義,index,gr,x,y,w,h,div_x,div_y,cycle,timer,op1,op2,op3
#SRC_NOTE,0,8,0,0,60,24,1,1,0,0,0,0,0,,,,,,,,
#SRC_NOTE,1,8,61,0,34,24,1,1,0,0,0,0,0,,,,,,,,
#SRC_NOTE,2,8,96,0,26,24,1,1,0,0,0,0,0,,,,,,,,
#SRC_NOTE,3,8,61,0,34,24,1,1,0,0,0,0,0,,,,,,,,
#SRC_NOTE,4,8,96,0,26,24,1,1,0,0,0,0,0,,,,,,,,
#SRC_NOTE,5,8,61,0,34,24,1,1,0,0,0,0,0,,,,,,,,
#SRC_NOTE,6,8,96,0,26,24,1,1,0,0,0,0,0,,,,,,,,
#SRC_NOTE,7,8,61,0,34,24,1,1,0,0,0,0,0,,,,,,,,
#SRC_AUTO_NOTE,0,8,123,0,60,24,1,1,0,0,0,0,0,,,,,,,,
#SRC_LN_END,0,8,0,51,60,24,1,1,0,0,0,0,0,,,,,,,,
#SRC_LN_END,1,8,61,51,34,24,1,1,0,0,0,0,0,,,,,,,,
#SRC_LN_END,2,8,96,51,26,24,1,1,0,0,0,0,0,,,,,,,,
#SRC_LN_END,3,8,61,51,34,24,1,1,0,0,0,0,0,,,,,,,,
#SRC_LN_END,4,8,96,51,26,24,1,1,0,0,0,0,0,,,,,,,,
#SRC_LN_END,5,8,61,51,34,24,1,1,0,0,0,0,0,,,,,,,,
#SRC_LN_END,6,8,96,51,26,24,1,1,0,0,0,0,0,,,,,,,,
#SRC_LN_END,7,8,61,51,34,24,1,1,0,0,0,0,0,,,,,,,,
#SRC_AUTO_LN_END,0,8,123,51,60,24,1,1,0,0,0,0,0,,,,,,,,
#SRC_LN_START,0,8,0,76,60,24,1,1,0,0,0,0,0,,,,,,,,
#SRC_LN_START,1,8,61,76,34,24,1,1,0,0,0,0,0,,,,,,,,
#SRC_LN_START,2,8,96,76,26,24,1,1,0,0,0,0,0,,,,,,,,
#SRC_LN_START,3,8,61,76,34,24,1,1,0,0,0,0,0,,,,,,,,
#SRC_LN_START,4,8,96,76,26,24,1,1,0,0,0,0,0,,,,,,,,
#SRC_LN_START,5,8,61,76,34,24,1,1,0,0,0,0,0,,,,,,,,
#SRC_LN_START,6,8,96,76,26,24,1,1,0,0,0,0,0,,,,,,,,
#SRC_LN_START,7,8,61,76,34,24,1,1,0,0,0,0,0,,,,,,,,
#SRC_AUTO_LN_START,0,8,123,76,60,24,1,1,0,0,0,0,0,,,,,,,,
#SRC_LN_BODY,0,8,0,101,60,24,1,24,266,70,0,0,0,,,,,,,,
#SRC_LN_BODY,1,8,61,101,34,24,1,24,266,71,0,0,0,,,,,,,,
#SRC_LN_BODY,2,8,96,101,26,24,1,24,266,72,0,0,0,,,,,,,,
#SRC_LN_BODY,3,8,61,101,34,24,1,24,266,73,0,0,0,,,,,,,,
#SRC_LN_BODY,4,8,96,101,26,24,1,24,266,74,0,0,0,,,,,,,,
#SRC_LN_BODY,5,8,61,101,34,24,1,24,266,75,0,0,0,,,,,,,,
#SRC_LN_BODY,6,8,96,101,26,24,1,24,266,76,0,0,0,,,,,,,,
#SRC_LN_BODY,7,8,61,101,34,24,1,24,266,77,0,0,0,,,,,,,,
#SRC_AUTO_LN_BODY,0,8,123,101,60,24,1,24,266,70,0,0,0,,,,,,,,
#SRC_MINE,0,8,0,25,60,24,1,1,0,0,0,0,0,,,,,,,,
#SRC_MINE,1,8,61,25,34,24,1,1,0,0,0,0,0,,,,,,,,
#SRC_MINE,2,8,96,25,26,24,1,1,0,0,0,0,0,,,,,,,,
#SRC_MINE,3,8,61,25,34,24,1,1,0,0,0,0,0,,,,,,,,
#SRC_MINE,4,8,96,25,26,24,1,1,0,0,0,0,0,,,,,,,,
#SRC_MINE,5,8,61,25,34,24,1,1,0,0,0,0,0,,,,,,,,
#SRC_MINE,6,8,96,25,26,24,1,1,0,0,0,0,0,,,,,,,,
#SRC_MINE,7,8,61,25,34,24,1,1,0,0,0,0,0,,,,,,,,
#SRC_AUTO_MINE,0,2,123,25,60,24,1,1,0,0,0,0,0,,,,,,,,
#DST_NOTE,0,0,50,466,60,24,0,255,255,255,255,0,0,0,0,0,0,0,0,0,
#DST_NOTE,1,0,112,466,34,24,0,255,255,255,255,0,0,0,0,0,0,0,0,0,
#DST_NOTE,2,0,148,466,26,24,0,255,255,255,255,0,0,0,0,0,0,0,0,0,
#DST_NOTE,3,0,176,466,34,24,0,255,255,255,255,0,0,0,0,0,0,0,0,0,
#DST_NOTE,4,0,212,466,26,24,0,255,255,255,255,0,0,0,0,0,0,0,0,0,
#DST_NOTE,5,0,240,466,34,24,0,255,255,255,255,0,0,0,0,0,0,0,0,0,
#DST_NOTE,6,0,276,466,26,24,0,255,255,255,255,0,0,0,0,0,0,0,0,0,
#DST_NOTE,7,0,304,466,34,24,0,255,255,255,255,0,0,0,0,0,0,0,0,0,




///////////////////////////////////////////////////////////////////////////////////////////////////////////////,,,,,,,,,,,,,,,,,,,,



//DIFFICULTY,,,,,,,,,,,,,,,

//DIFFICULTY,,,,,,,,,,,,,,,

#IF,150
//BEGINNER,option151 difficulty1 (easy),,,,,,,,,,,,,,
//SRC定義,(NULL),gr,x,y,w,h,div_x,div_y,cycle,timer,op1,op2,op3,,
#SRC_IMAGE,0,2,0,1374,167,47,1,1,0,0,0,0,0,,
#ENDIF,,,,,,,,,,,,,

#IF,151
//BEGINNER,option151 difficulty1 (easy),,,,,,,,,,,,,,
//SRC定義,(NULL),gr,x,y,w,h,div_x,div_y,cycle,timer,op1,op2,op3,,
#SRC_IMAGE,0,2,0,1422,167,47,1,1,0,0,0,0,0,,
#ENDIF,,,,,,,,,,,,,

#IF,152,,,,,,,,,,,,,,
//NORMAL,option152 difficulty2 (normal),,,,,,,,,,,,,,
//SRC定義,(NULL),gr,x,y,w,h,div_x,div_y,cycle,timer,op1,op2,op3,,
#SRC_IMAGE,0,2,0,1469,167,47,1,1,0,0,0,0,0,,
#ENDIF,,,,,,,,,,,,,

#IF,153,,,,,,,,,,,,
//HYPER,option153 difficulty3 (hyper),,,,,,,,,,,,
//SRC定義,(NULL),gr,x,y,w,h,div_x,div_y,cycle,timer,op1,op2,op3
#SRC_IMAGE,0,2,0,1516,167,47,1,1,0,0,0,0,0
#ENDIF,,,,,,,,,,,,,

#IF,154,,,,,,,,,,,,
//ANOTHER,option154 difficulty4 (another),,,,,,,,,,,,
//SRC定義,(NULL),gr,x,y,w,h,div_x,div_y,cycle,timer,op1,op2,op3
#SRC_IMAGE,0,2,0,1563,167,47,1,1,0,0,0,0,0
#ENDIF,,,,,,,,,,,,,

#IF,155,,,,,,,,,,,,
//MANIAC,option155 difficulty5 (maniac),,,,,,,,,,,,
//SRC定義,(NULL),gr,x,y,w,h,div_x,div_y,cycle,timer,op1,op2,op3,,,,,,,
#SRC_IMAGE,0,2,0,1610,167,47,1,1,0,0,0,0,0,,,,,,,
#ENDIF,,,,,,,,,,,,,,,,,,,,

//DST定義,(NULL),time,x,y,w,h,acc,a,r,g,b,blend,filter,angle,center,loop,timer,op1,op2,op3
#DST_IMAGE,0,1200,24,639,167,47,0,0,255,255,255,1,0,0,0,1500,0,0,0,0
#DST_IMAGE,0,1500,24,639,167,47,0,255,255,255,255,1,0,0,0,0,0,0,0,0

//レベル表示
-Beginner-
#SRC_NUMBER,0,2,0,1346,160,11,10,1,0,0,45,0,2,,,,,,,
//DST定義,(NULL),time,x,y,w,h,acc,a,r,g,b,blend,filter,angle,center,loop,timer,op1,op2,op3
#DST_NUMBER,0,1000,139,657,16,11,0,0,255,255,255,1,0,0,0,1500,0,151,0,0
#DST_NUMBER,0,1500,139,657,16,11,0,255,255,255,255,1,0,0,0,,,,,
-Normal-
#SRC_NUMBER,0,2,0,1346,160,11,10,1,0,0,46,0,2,,,,,,,
//DST定義,(NULL),time,x,y,w,h,acc,a,r,g,b,blend,filter,angle,center,loop,timer,op1,op2,op3
#DST_NUMBER,0,1000,139,657,16,11,0,0,255,255,255,1,0,0,0,1500,0,152,0,0
#DST_NUMBER,0,1500,139,657,16,11,0,255,255,255,255,1,0,0,0,,,,,
-Hyper-
#SRC_NUMBER,0,2,0,1346,160,11,10,1,0,0,47,0,2,,,,,,,
//DST定義,(NULL),time,x,y,w,h,acc,a,r,g,b,blend,filter,angle,center,loop,timer,op1,op2,op3
#DST_NUMBER,0,1000,139,657,16,11,0,0,255,255,255,1,0,0,0,1500,0,153,0,0
#DST_NUMBER,0,1500,139,657,16,11,0,255,255,255,255,1,0,0,0,,,,,
-Another-
#SRC_NUMBER,0,2,0,1346,160,11,10,1,0,0,48,0,2,,,,,,,
//DST定義,(NULL),time,x,y,w,h,acc,a,r,g,b,blend,filter,angle,center,loop,timer,op1,op2,op3
#DST_NUMBER,0,1000,139,657,16,11,0,0,255,255,255,1,0,0,0,1500,0,154,0,0
#DST_NUMBER,0,1500,139,657,16,11,0,255,255,255,255,1,0,0,0,,,,,
-Insane-
#SRC_NUMBER,0,2,0,1346,160,11,10,1,0,0,49,0,2,,,,,,,
//DST定義,(NULL),time,x,y,w,h,acc,a,r,g,b,blend,filter,angle,center,loop,timer,op1,op2,op3
#DST_NUMBER,0,1000,139,657,16,11,0,0,255,255,255,1,0,0,0,1500,0,155,0,0
#DST_NUMBER,0,1500,139,657,16,11,0,255,255,255,255,1,0,0,0,,,,,
,,,,,,,,,,,,,,,,,,,,
//カバー,,,,,,,,,,,,,,,,,,,,





//キーフラッシュ,//timer100- キーオンタイマー,,,,,,,,,,,,,,,,,,,

//1,,,,,,,,,,,,,,,,,,,,
//SRC定義,(NULL),gr,x,y,w,h,div_x,div_y,cycle,timer,op1,op2,op3,,,,,,,
#SRC_IMAGE,0,24,0,0,13,31,1,1,0,101,0,0,0,,,,,,,
//DST定義,(NULL),time,x,y,w,h,acc,a,r,g,b,blend,filter,angle,center,loop,timer,op1,op2,op3
#DST_IMAGE,0,0,116,493,28,47,0,255,255,255,255,2,0,0,0,0,101,0,0,0

//2,,,,,,,,,,,,,,,,,,,,
//SRC定義,(NULL),gr,x,y,w,h,div_x,div_y,cycle,timer,op1,op2,op3,,,,,,,
#SRC_IMAGE,0,24,0,0,13,31,1,1,0,102,0,0,0,,,,,,,
//DST定義,(NULL),time,x,y,w,h,acc,a,r,g,b,blend,filter,angle,center,loop,timer,op1,op2,op3
#DST_IMAGE,0,0,152,488,20,40,0,255,255,255,255,2,0,0,0,0,102,0,0,0

//3,,,,,,,,,,,,,,,,,,,,
//SRC定義,(NULL),gr,x,y,w,h,div_x,div_y,cycle,timer,op1,op2,op3,,,,,,,
#SRC_IMAGE,0,24,0,0,13,31,1,1,0,103,0,0,0,,,,,,,
//DST定義,(NULL),time,x,y,w,h,acc,a,r,g,b,blend,filter,angle,center,loop,timer,op1,op2,op3
#DST_IMAGE,0,0,180,493,28,47,0,255,255,255,255,2,0,0,0,0,103,0,0,0

//4,,,,,,,,,,,,,,,,,,,,
//SRC定義,(NULL),gr,x,y,w,h,div_x,div_y,cycle,timer,op1,op2,op3,,,,,,,
#SRC_IMAGE,0,24,0,0,13,31,1,1,0,104,0,0,0,,,,,,,
//DST定義,(NULL),time,x,y,w,h,acc,a,r,g,b,blend,filter,angle,center,loop,timer,op1,op2,op3
#DST_IMAGE,0,0,216,488,20,40,0,255,255,255,255,2,0,0,0,0,104,0,0,0

//5,,,,,,,,,,,,,,,,,,,,
//SRC定義,(NULL),gr,x,y,w,h,div_x,div_y,cycle,timer,op1,op2,op3,,,,,,,
#SRC_IMAGE,0,24,0,0,13,31,1,1,0,105,0,0,0,,,,,,,
//DST定義,(NULL),time,x,y,w,h,acc,a,r,g,b,blend,filter,angle,center,loop,timer,op1,op2,op3
#DST_IMAGE,0,0,244,493,28,47,0,255,255,255,255,2,0,0,0,0,105,0,0,0

//6,,,,,,,,,,,,,,,,,,,,
//SRC定義,(NULL),gr,x,y,w,h,div_x,div_y,cycle,timer,op1,op2,op3,,,,,,,
#SRC_IMAGE,0,24,0,0,13,31,1,1,0,106,0,0,0,,,,,,,
//DST定義,(NULL),time,x,y,w,h,acc,a,r,g,b,blend,filter,angle,center,loop,timer,op1,op2,op3
#DST_IMAGE,0,0,280,488,20,40,0,255,255,255,255,2,0,0,0,0,106,0,0,0

//7,,,,,,,,,,,,,,,,,,,,
//SRC定義,(NULL),gr,x,y,w,h,div_x,div_y,cycle,timer,op1,op2,op3,,,,,,,
#SRC_IMAGE,0,24,0,0,13,31,1,1,0,107,0,0,0,,,,,,,
//DST定義,(NULL),time,x,y,w,h,acc,a,r,g,b,blend,filter,angle,center,loop,timer,op1,op2,op3
#DST_IMAGE,0,0,308,493,28,47,0,255,255,255,255,2,0,0,0,0,107,0,0,0

//レーンカバー (161 5keys時のみ,,,,,,,,,,,,,,,,,,,,
//SRC定義,(NULL),gr,x,y,w,h,div_x,div_y,cycle,timer,op1,op2,op3,,,,,,,
#SRC_IMAGE,0,12,796,0,65,545,1,1,0,0,0,0,0,,,,,,,
//DST定義,(NULL),time,x,y,w,h,acc,a,r,g,b,blend,filter,angle,center,loop,timer,op1,op2,op3
#DST_IMAGE,0,800,276,-545,65,545,2,0,255,255,255,1,1,0,0,1500,0,161,0,0
#DST_IMAGE,0,1500,276,0,65,545,2,255,255,255,255,1,1,0,0,0,0,

#IF,941
//レーンカバー (161 5keys時のみ,,,,,,,,,,,,,,,,,,,,
//SRC定義,(NULL),gr,x,y,w,h,div_x,div_y,cycle,timer,op1,op2,op3,,,,,,,
#SRC_IMAGE,0,12,796,0,65,545,1,1,0,0,0,0,0,,,,,,,
//DST定義,(NULL),time,x,y,w,h,acc,a,r,g,b,blend,filter,angle,center,loop,timer,op1,op2,op3
#DST_IMAGE,0,800,50,-545,60,545,2,0,255,255,255,1,1,0,0,1500,0,55,0,0
#DST_IMAGE,0,1500,50,0,60,545,2,255,255,255,255,1,1,0,0,
#ENDIF

//サドプラ,,,,,,,,,,,,,,,,,,,,
//スライダーの一種として扱います,,,,,,,,,,,,,,,,,,,,
//1P 4 2P 5,,,,,,,,,,,,,,,,,,,,
//SRC定義,index,gr,x,y,w,h,div_x,div_y,cycle,timer,muki,range,type,disable,,,,,,
#SRC_SLIDER,0,5,0,0,288,484,1,1,0,0,2,484,4,1,,,,,,
//DST定義,index,time,x,y,w,h,acc,a,r,g,b,blend,filter,angle,center,loop,timer,op1,op2,op3
#DST_SLIDER,0,1750,50,-968,288,484,2,255,255,255,255,1,0,0,0,2050,0,0,0,0
#DST_SLIDER,0,2050,50,-484,288,484,2,255,255,255,255,1,0,0,0,,,,,

//曲進行状態,,,,,,,,,,,,,,,,,,,,
//スライダーとして扱います,,,,,,,,,,,,,,,,,,,,

//leftアルファ,,,,,,,,,,,,,,,,,,,,
//SRC定義,(null),gr,x,y,w,h,div_x,div_y,cycle,timer,muki,range,type,disable,,,,,,
#SRC_SLIDER,0,10,0,0,66,72,1,1,0,0,2,406,6,1,,,,,,
//DST定義,(null),time,x,y,w,h,acc,a,r,g,b,blend,filter,angle,center,loop,timer,op1,op2,op3
#DST_SLIDER,0,850,2,252,66,72,2,255,255,255,255,1,1,0,0,1950,0,0,0,0
#DST_SLIDER,0,1950,2,9,66,72,2,255,255,255,255,1,1,,,,,,,

//left加算 ロード中,,,,,,,,,,,,,,,,,,,,
//SRC定義,(null),gr,x,y,w,h,div_x,div_y,cycle,timer,muki,range,type,disable,,,,,,
#SRC_SLIDER,0,10,66,0,66,72,1,1,0,0,2,406,6,1,,,,,,
//DST定義,(null),time,x,y,w,h,acc,a,r,g,b,blend,filter,angle,center,loop,timer,op1,op2,op3
#DST_SLIDER,0,850,2,252,66,72,2,255,255,255,255,2,1,0,0,2100,0,0,0,0
#DST_SLIDER,0,1850,2,9,66,72,2,255,255,255,255,2,1,,,,,,,
#DST_SLIDER,0,2100,2,9,66,72,2,128,255,255,255,2,1,,,,,,,

//left加算 ゲーム中,,,,,,,,,,,,,,,,,,,,
//SRC定義,(null),gr,x,y,w,h,div_x,div_y,cycle,timer,muki,range,type,disable,,,,,,
#SRC_SLIDER,0,10,66,0,66,72,1,1,0,140,2,406,6,1,,,,,,
//DST定義,(null),time,x,y,w,h,acc,a,r,g,b,blend,filter,angle,center,loop,timer,op1,op2,op3
#DST_SLIDER,0,0,2,9,66,72,0,128,255,255,255,2,1,0,0,0,140,0,0,0
#DST_SLIDER,0,750,2,9,66,72,0,0,255,255,255,2,1,,,,,,,
#DST_SLIDER,0,1000,2,9,66,72,0,0,255,255,255,2,1,,,,,,,

//ボム,,,,,,,,,,,,,,,,,,,,
//今回からIMAGEに統合しました,,,,,,,,,,,,,,,,,,,,
//タイマー50-70はそれぞれのレーンのボムタイマー,,,,,,,,,,,,,,,,,,,,
//70-90はロングノートボムタイマーになってます,,,,,,,,,,,,,,,,,,,,
//BOM,timer50- 1PBOM,,,,,,,,,,,,,,,,,,,

//SC,,,,,,,,,,,,,,,,,,,,
//SRC定義,(NULL),gr,x,y,w,h,div_x,div_y,cycle,timer,op1,op2,op3,,,,,,,
#SRC_IMAGE,0,0,0,0,2896,192,16,0,251,50,0,0,0,,,,,,,
//DST定義,(NULL),time,x,y,w,h,acc,a,r,g,b,blend,filter,angle,center,loop,timer,op1,op2,op3
#DST_IMAGE,0,0,-34,355,262,288,0,255,255,255,255,2,1,0,0,-1,50,0,0,0
#DST_IMAGE,0,250,-34,355,262,288,0,255,255,255,255,2,1,0,0,,,,,

//1,,,,,,,,,,,,,,,,,,,,
//SRC定義,(NULL),gr,x,y,w,h,div_x,div_y,cycle,timer,op1,op2,op3,,,,,,,
#SRC_IMAGE,0,0,0,0,2896,192,16,0,251,51,0,0,0,,,,,,,
//DST定義,(NULL),time,x,y,w,h,acc,a,r,g,b,blend,filter,angle,center,loop,timer,op1,op2,op3
#DST_IMAGE,0,0,14,355,262,288,0,255,255,255,255,2,1,0,0,-1,51,0,0,0
#DST_IMAGE,0,250,14,355,262,288,0,255,255,255,255,2,1,0,0,,,,,

//2,,,,,,,,,,,,,,,,,,,,
//SRC定義,(NULL),gr,x,y,w,h,div_x,div_y,cycle,timer,op1,op2,op3,,,,,,,
#SRC_IMAGE,0,0,0,0,2896,192,16,0,251,52,0,0,0,,,,,,,
//DST定義,(NULL),time,x,y,w,h,acc,a,r,g,b,blend,filter,angle,center,loop,timer,op1,op2,op3
#DST_IMAGE,0,0,47,355,262,288,0,255,255,255,255,2,1,0,0,-1,52,0,0,0
#DST_IMAGE,0,250,47,355,262,288,0,255,255,255,255,2,1,0,0,,,,,

//3,,,,,,,,,,,,,,,,,,,,
//SRC定義,(NULL),gr,x,y,w,h,div_x,div_y,cycle,timer,op1,op2,op3,,,,,,,
#SRC_IMAGE,0,0,0,0,2896,192,16,0,251,53,0,0,0,,,,,,,
//DST定義,(NULL),time,x,y,w,h,acc,a,r,g,b,blend,filter,angle,center,loop,timer,op1,op2,op3
#DST_IMAGE,0,0,80,355,262,288,0,255,255,255,255,2,1,0,0,-1,53,0,0,0
#DST_IMAGE,0,250,80,355,262,288,0,255,255,255,255,2,1,0,0,,,,,

//4,,,,,,,,,,,,,,,,,,,,
//SRC定義,(NULL),gr,x,y,w,h,div_x,div_y,cycle,timer,op1,op2,op3,,,,,,,
#SRC_IMAGE,0,0,0,0,2896,192,16,0,251,54,0,0,0,,,,,,,
//DST定義,(NULL),time,x,y,w,h,acc,a,r,g,b,blend,filter,angle,center,loop,timer,op1,op2,op3
#DST_IMAGE,0,0,111,355,262,288,0,255,255,255,255,2,1,0,0,-1,54,0,0,0
#DST_IMAGE,0,250,111,355,262,288,0,255,255,255,255,2,1,0,0,,,,,

//5,,,,,,,,,,,,,,,,,,,,
//SRC定義,(NULL),gr,x,y,w,h,div_x,div_y,cycle,timer,op1,op2,op3,,,,,,,
#SRC_IMAGE,0,0,0,0,2896,192,16,0,251,55,0,0,0,,,,,,,
//DST定義,(NULL),time,x,y,w,h,acc,a,r,g,b,blend,filter,angle,center,loop,timer,op1,op2,op3
#DST_IMAGE,0,0,144,355,262,288,0,255,255,255,255,2,1,0,0,-1,55,0,0,0
#DST_IMAGE,0,250,144,355,262,288,0,255,255,255,255,2,1,0,0,,,,,

//6 ,,,,,,,,,,,,,,,,,,,,
//SRC定義,(NULL),gr,x,y,w,h,div_x,div_y,cycle,timer,op1,op2,op3,,,,,,,
#SRC_IMAGE,0,0,0,0,2896,192,16,0,251,56,0,0,0,,,,,,,
//DST定義,(NULL),time,x,y,w,h,acc,a,r,g,b,blend,filter,angle,center,loop,timer,op1,op2,op3
#DST_IMAGE,0,0,174,355,262,288,0,255,255,255,255,2,1,0,0,-1,56,0,0,0
#DST_IMAGE,0,250,174,355,262,288,0,255,255,255,255,2,1,0,0,,,,,

//7,,,,,,,,,,,,,,,,,,,,
//SRC定義,(NULL),gr,x,y,w,h,div_x,div_y,cycle,timer,op1,op2,op3,,,,,,,
#SRC_IMAGE,0,0,0,0,2896,192,16,0,251,57,0,0,0,,,,,,,
//DST定義,(NULL),time,x,y,w,h,acc,a,r,g,b,blend,filter,angle,center,loop,timer,op1,op2,op3
#DST_IMAGE,0,0,206,355,262,288,0,255,255,255,255,2,1,0,0,-1,57,0,0,0
#DST_IMAGE,0,250,206,355,262,288,0,255,255,255,255,2,1,0,0,,,,,

//LN EFFECT,timer70- 1P LN BOM,,,,,,,,,,,,,,,,,,,
//SC,,,,,,,,,,,,,,,,,,,,
//SRC定義,(NULL),gr,x,y,w,h,div_x,div_y,cycle,timer,op1,op2,op3,,,,,,,
#SRC_IMAGE,0,0,0,0,724,192,4,1,80,70,0,0,0,,,,,,,
//DST定義,(NULL),time,x,y,w,h,acc,a,r,g,b,blend,filter,angle,center,loop,timer,op1,op2,op3
#DST_IMAGE,0,0,-34,355,262,288,0,255,255,255,255,2,1,0,0,0,70,0,0,0

//1,,,,,,,,,,,,,,,,,,,,
//SRC定義,(NULL),gr,x,y,w,h,div_x,div_y,cycle,timer,op1,op2,op3,,,,,,,
#SRC_IMAGE,0,0,0,0,724,192,4,1,80,71,0,0,0,,,,,,,
//DST定義,(NULL),time,x,y,w,h,acc,a,r,g,b,blend,filter,angle,center,loop,timer,op1,op2,op3
#DST_IMAGE,0,0,14,355,262,288,0,255,255,255,255,2,1,0,0,0,71,0,0,0

//2,,,,,,,,,,,,,,,,,,,,
//SRC定義,(NULL),gr,x,y,w,h,div_x,div_y,cycle,timer,op1,op2,op3,,,,,,,
#SRC_IMAGE,0,0,0,0,724,192,4,1,80,72,0,0,0,,,,,,,
//DST定義,(NULL),time,x,y,w,h,acc,a,r,g,b,blend,filter,angle,center,loop,timer,op1,op2,op3
#DST_IMAGE,0,0,47,355,262,288,0,255,255,255,255,2,1,0,0,0,72,0,0,0

//3,,,,,,,,,,,,,,,,,,,,
//SRC定義,(NULL),gr,x,y,w,h,div_x,div_y,cycle,timer,op1,op2,op3,,,,,,,
#SRC_IMAGE,0,0,0,0,724,192,4,1,80,73,0,0,0,,,,,,,
//DST定義,(NULL),time,x,y,w,h,acc,a,r,g,b,blend,filter,angle,center,loop,timer,op1,op2,op3
#DST_IMAGE,0,0,80,355,262,288,0,255,255,255,255,2,1,0,0,0,73,0,0,0

//4,,,,,,,,,,,,,,,,,,,,
//SRC定義,(NULL),gr,x,y,w,h,div_x,div_y,cycle,timer,op1,op2,op3,,,,,,,
#SRC_IMAGE,0,0,0,0,724,192,4,1,80,74,0,0,0,,,,,,,
//DST定義,(NULL),time,x,y,w,h,acc,a,r,g,b,blend,filter,angle,center,loop,timer,op1,op2,op3
#DST_IMAGE,0,0,111,355,262,288,0,255,255,255,255,2,1,0,0,0,74,0,0,0

//5,,,,,,,,,,,,,,,,,,,,
//SRC定義,(NULL),gr,x,y,w,h,div_x,div_y,cycle,timer,op1,op2,op3,,,,,,,
#SRC_IMAGE,0,0,0,0,724,192,4,1,80,75,0,0,0,,,,,,,
//DST定義,(NULL),time,x,y,w,h,acc,a,r,g,b,blend,filter,angle,center,loop,timer,op1,op2,op3
#DST_IMAGE,0,0,144,355,262,288,0,255,255,255,255,2,1,0,0,0,75,0,0,0

//6 ,,,,,,,,,,,,,,,,,,,,
//SRC定義,(NULL),gr,x,y,w,h,div_x,div_y,cycle,timer,op1,op2,op3,,,,,,,
#SRC_IMAGE,0,0,0,0,724,192,4,1,80,76,0,0,0,,,,,,,
//DST定義,(NULL),time,x,y,w,h,acc,a,r,g,b,blend,filter,angle,center,loop,timer,op1,op2,op3
#DST_IMAGE,0,0,174,355,262,288,0,255,255,255,255,2,1,0,0,0,76,0,0,0

//7,,,,,,,,,,,,,,,,,,,,
//SRC定義,(NULL),gr,x,y,w,h,div_x,div_y,cycle,timer,op1,op2,op3,,,,,,,
#SRC_IMAGE,0,0,0,0,724,192,4,1,80,77,0,0,0,,,,,,,
//DST定義,(NULL),time,x,y,w,h,acc,a,r,g,b,blend,filter,angle,center,loop,timer,op1,op2,op3
#DST_IMAGE,0,0,206,355,262,288,0,255,255,255,255,2,1,0,0,0,77,0,0,0



//グルーブゲージ,number107 groovegauge 1P,,,,,,,,,,,,,,,,,,,
//SRC定義,(null),gr,x,y,w,h,div_x,div_y,cycle,timer,num,align,keta,,,,,,,
#SRC_NUMBER,0,18,0,0,290,22,10,1,0,0,107,0,3,,,,,,,
//DST定義,(NULL),time,x,y,w,h,acc,a,r,g,b,blend,filter,angle,center,loop,timer,op1,op2,op3
#DST_NUMBER,0,1000,237,562,29,22,0,0,255,255,255,1,0,0,0,1300,0,0,0,0
#DST_NUMBER,0,1300,237,562,29,22,0,255,255,255,255,1,0,0,0,,,,,



//ハイスピード,,,,,,,,,,,,,,,,,,,,
//数値,number10 HS-1P,,,,,,,,,,,,,,,,,,,
//SRC定義,(null),gr,x,y,w,h,div_x,div_y,cycle,timer,num,align,keta,,,,,,,
#SRC_NUMBER,0,9,0,99,120,11,10,1,0,0,10,0,3,,,,,,,
//DST定義,(NULL),time,x,y,w,h,acc,a,r,g,b,blend,filter,angle,center,loop,timer,op1,op2,op3
#DST_NUMBER,0,1150,288,637,12,11,0,0,255,255,255,1,1,0,0,1400,0,0,0,0
#DST_NUMBER,0,1400,288,637,12,11,0,255,255,255,255,1,1,0,0,,,,,

//サドプラ数値,,,,,,,,,,,,,,,,,,,,
//option270 1Pサドプラ調整中に発動,,,,,,,,,,,,,,,,,,,,
//SRC定義,(null),gr,x,y,w,h,div_x,div_y,cycle,timer,num,align,keta,,,,,,,
#SRC_NUMBER,0,9,0,62,120,18,10,1,0,0,14,0,3,,,,,,,
//DST定義,(NULL),time,x,y,w,h,acc,a,r,g,b,blend,filter,angle,center,loop,timer,op1,op2,op3
#DST_NUMBER,0,0,165,4,12,18,0,255,255,255,255,1,1,0,0,1000,0,270,0,
#DST_NUMBER,0,1000,165,4,12,19,0,255,255,255,255,1,1,0,0,,,,,





#IF,38,
エフェクタ
//SRC定義,(NULL),gr,x,y,w,h,div_x,div_y,cycle,timer,type,click,panel,plusonly
#SRC_BUTTON,0,2,0,1678,234,243,1,9,0,40,20,0,0,0
//DST定義,(NULL),time,x,y,w,h,acc,a,r,g,b,blend,filter,angle,center,loop,timer,op1,op2,op3
#DST_BUTTON,0,0,697,688,234,27,0,0,255,255,255,1,0,0,0,300,40,0,0,0
#DST_BUTTON,0,300,697,688,234,27,0,255,255,255,255,1,0,0,0

//SRC定義,(NULL),gr,x,y,w,h,div_x,div_y,cycle,timer,type,click,panel,plusonly
#SRC_BUTTON,0,2,0,1678,234,243,1,9,0,140,20,0,0,0
//DST定義,(NULL),time,x,y,w,h,acc,a,r,g,b,blend,filter,angle,center,loop,timer,op1,op2,op3
#DST_BUTTON,0,0,697,688,234,27,0,0,85,255,255,2,0,0,0,0,140,0,0,0
#DST_BUTTON,0,1000,697,688,234,27,0,85,255,255,255,2,0,0,0

#ENDIF


#IF,39,950
エフェクタ
//SRC定義,(NULL),gr,x,y,w,h,div_x,div_y,cycle,timer,type,click,panel,plusonly
#SRC_BUTTON,0,2,0,1678,234,243,1,9,0,40,20,0,0,0
//DST定義,(NULL),time,x,y,w,h,acc,a,r,g,b,blend,filter,angle,center,loop,timer,op1,op2,op3
#DST_BUTTON,0,0,557,688,234,27,0,0,255,255,255,1,0,0,0,300,40,0,0,0
#DST_BUTTON,0,300,557,688,234,27,0,255,255,255,255,1,0,0,0

//SRC定義,(NULL),gr,x,y,w,h,div_x,div_y,cycle,timer,type,click,panel,plusonly
#SRC_BUTTON,0,2,0,1678,234,243,1,9,0,140,20,0,0,0
//DST定義,(NULL),time,x,y,w,h,acc,a,r,g,b,blend,filter,angle,center,loop,timer,op1,op2,op3
#DST_BUTTON,0,0,557,688,234,27,0,0,85,255,255,2,0,0,0,0,140,0,0,0
#DST_BUTTON,0,1000,557,688,234,27,0,85,255,255,255,2,0,0,0

#ENDIF


#IF,39,951
エフェクタ
//SRC定義,(NULL),gr,x,y,w,h,div_x,div_y,cycle,timer,type,click,panel,plusonly
#SRC_BUTTON,0,2,0,1678,234,243,1,9,0,40,20,0,0,0
//DST定義,(NULL),time,x,y,w,h,acc,a,r,g,b,blend,filter,angle,center,loop,timer,op1,op2,op3
#DST_BUTTON,0,0,838,688,234,27,0,0,255,255,255,1,0,0,0,300,40,0,0,0
#DST_BUTTON,0,300,838,688,234,27,0,255,255,255,255,1,0,0,0

//SRC定義,(NULL),gr,x,y,w,h,div_x,div_y,cycle,timer,type,click,panel,plusonly
#SRC_BUTTON,0,2,0,1678,234,243,1,9,0,140,20,0,0,0
//DST定義,(NULL),time,x,y,w,h,acc,a,r,g,b,blend,filter,angle,center,loop,timer,op1,op2,op3
#DST_BUTTON,0,0,838,688,234,27,0,0,85,255,255,2,0,0,0,0,140,0,0,0
#DST_BUTTON,0,1000,838,688,234,27,0,85,255,255,255,2,0,0,0

#ENDIF

//display judge,,,,,,,,,,,,,,,,,,,,

#IF,981,38,
//フレーム,,,,,,,,,,,,,,,,,,,,
//SRC定義,(NULL),gr,x,y,w,h,div_x,div_y,cycle,timer,op1,op2,op3,,,,,,,
#SRC_IMAGE,0,6,368,850,168,63,1,1,0,0,0,0,0,,,,,,,
//DST定義,(NULL),time,x,y,w,h,acc,a,r,g,b,blend,filter,angle,center,loop,timer,op1,op2,op3
#DST_IMAGE,0,1000,360,586,168,63,0,255,255,255,255,1,0,0,0,1000,40,0,0,0

//PERFECT,number110 perfect 1P,,,,,,,,,,,,,,,,,,,
//SRC定義,(null),gr,x,y,w,h,div_x,div_y,cycle,timer,num,align,keta,,,,,,,
#SRC_NUMBER,0,9,0,62,120,18,10,1,0,0,110,0,4,,,,,,,
//DST定義,(NULL),time,x,y,w,h,acc,a,r,g,b,blend,filter,angle,center,loop,timer,op1,op2,op3
#DST_NUMBER,0,1000,390,589,12,18,0,255,255,255,255,1,0,0,0,1000,40,0,0,0

//GREAT,number111 great 1P,,,,,,,,,,,,,,,,,,,
//SRC定義,(null),gr,x,y,w,h,div_x,div_y,cycle,timer,num,align,keta,,,,,,,
#SRC_NUMBER,0,9,0,62,120,18,10,1,0,0,111,0,4,,,,,,,
//DST定義,(NULL),time,x,y,w,h,acc,a,r,g,b,blend,filter,angle,center,loop,timer,op1,op2,op3
#DST_NUMBER,0,1000,390,608,12,18,0,255,255,255,255,1,0,0,0,1000,40,0,0,0

//GOOD,number112 good 1P,,,,,,,,,,,,,,,,,,,
//SRC定義,(null),gr,x,y,w,h,div_x,div_y,cycle,timer,num,align,keta,,,,,,,
#SRC_NUMBER,0,9,0,62,120,18,10,1,0,0,112,0,4,,,,,,,
//DST定義,(NULL),time,x,y,w,h,acc,a,r,g,b,blend,filter,angle,center,loop,timer,op1,op2,op3
#DST_NUMBER,0,1000,390,627,12,18,0,255,255,255,255,1,0,0,0,1000,40,0,0,0

//Bad,number113 bad 1P,,,,,,,,,,,,,,,,,,,
//SRC定義,(null),gr,x,y,w,h,div_x,div_y,cycle,timer,num,align,keta,,,,,,,
#SRC_NUMBER,0,9,0,62,120,18,10,1,0,0,113,0,4,,,,,,,
//DST定義,(NULL),time,x,y,w,h,acc,a,r,g,b,blend,filter,angle,center,loop,timer,op1,op2,op3
#DST_NUMBER,0,1000,471,589,12,18,0,255,255,255,255,1,0,0,0,1000,40,0,0,0

//Poor,number114 poor 1P,,,,,,,,,,,,,,,,,,,
//SRC定義,(null),gr,x,y,w,h,div_x,div_y,cycle,timer,num,align,keta,,,,,,,
#SRC_NUMBER,0,9,0,62,120,18,10,1,0,0,114,0,4,,,,,,,
//DST定義,(NULL),time,x,y,w,h,acc,a,r,g,b,blend,filter,angle,center,loop,timer,op1,op2,op3
#DST_NUMBER,0,1000,471,608,12,18,0,255,255,255,255,1,0,0,0,1000,40,0,0,0

#ENDIF

#IF,981,39,950
//フレーム,,,,,,,,,,,,,,,,,,,,
//SRC定義,(NULL),gr,x,y,w,h,div_x,div_y,cycle,timer,op1,op2,op3,,,,,,,
#SRC_IMAGE,0,6,368,850,168,63,1,1,0,0,0,0,0,,,,,,,
//DST定義,(NULL),time,x,y,w,h,acc,a,r,g,b,blend,filter,angle,center,loop,timer,op1,op2,op3
#DST_IMAGE,0,1000,360,646,168,63,0,255,255,255,255,1,0,0,0,1000,40,0,0,0

//PERFECT,number110 perfect 1P,,,,,,,,,,,,,,,,,,,
//SRC定義,(null),gr,x,y,w,h,div_x,div_y,cycle,timer,num,align,keta,,,,,,,
#SRC_NUMBER,0,9,0,62,120,18,10,1,0,0,110,0,4,,,,,,,
//DST定義,(NULL),time,x,y,w,h,acc,a,r,g,b,blend,filter,angle,center,loop,timer,op1,op2,op3
#DST_NUMBER,0,1000,390,649,12,18,0,255,255,255,255,1,0,0,0,1000,40,0,0,0

//GREAT,number111 great 1P,,,,,,,,,,,,,,,,,,,
//SRC定義,(null),gr,x,y,w,h,div_x,div_y,cycle,timer,num,align,keta,,,,,,,
#SRC_NUMBER,0,9,0,62,120,18,10,1,0,0,111,0,4,,,,,,,
//DST定義,(NULL),time,x,y,w,h,acc,a,r,g,b,blend,filter,angle,center,loop,timer,op1,op2,op3
#DST_NUMBER,0,1000,390,668,12,18,0,255,255,255,255,1,0,0,0,1000,40,0,0,0

//GOOD,number112 good 1P,,,,,,,,,,,,,,,,,,,
//SRC定義,(null),gr,x,y,w,h,div_x,div_y,cycle,timer,num,align,keta,,,,,,,
#SRC_NUMBER,0,9,0,62,120,18,10,1,0,0,112,0,4,,,,,,,
//DST定義,(NULL),time,x,y,w,h,acc,a,r,g,b,blend,filter,angle,center,loop,timer,op1,op2,op3
#DST_NUMBER,0,1000,390,687,12,18,0,255,255,255,255,1,0,0,0,1000,40,0,0,0

//Bad,number113 bad 1P,,,,,,,,,,,,,,,,,,,
//SRC定義,(null),gr,x,y,w,h,div_x,div_y,cycle,timer,num,align,keta,,,,,,,
#SRC_NUMBER,0,9,0,62,120,18,10,1,0,0,113,0,4,,,,,,,
//DST定義,(NULL),time,x,y,w,h,acc,a,r,g,b,blend,filter,angle,center,loop,timer,op1,op2,op3
#DST_NUMBER,0,1000,471,649,12,18,0,255,255,255,255,1,0,0,0,1000,40,0,0,0

//Poor,number114 poor 1P,,,,,,,,,,,,,,,,,,,
//SRC定義,(null),gr,x,y,w,h,div_x,div_y,cycle,timer,num,align,keta,,,,,,,
#SRC_NUMBER,0,9,0,62,120,18,10,1,0,0,114,0,4,,,,,,,
//DST定義,(NULL),time,x,y,w,h,acc,a,r,g,b,blend,filter,angle,center,loop,timer,op1,op2,op3
#DST_NUMBER,0,1000,471,668,12,18,0,255,255,255,255,1,0,0,0,1000,40,0,0,0

#ENDIF

#IF,981,39,951
//フレーム,,,,,,,,,,,,,,,,,,,,
//SRC定義,(NULL),gr,x,y,w,h,div_x,div_y,cycle,timer,op1,op2,op3,,,,,,,
#SRC_IMAGE,0,6,368,850,168,63,1,1,0,0,0,0,0,,,,,,,
//DST定義,(NULL),time,x,y,w,h,acc,a,r,g,b,blend,filter,angle,center,loop,timer,op1,op2,op3
#DST_IMAGE,0,1000,641,646,168,63,0,255,255,255,255,1,0,0,0,1000,40,0,0,0


//PERFECT,number110 perfect 1P,,,,,,,,,,,,,,,,,,,
//SRC定義,(null),gr,x,y,w,h,div_x,div_y,cycle,timer,num,align,keta,,,,,,,
#SRC_NUMBER,0,9,0,62,120,18,10,1,0,0,110,0,4,,,,,,,
//DST定義,(NULL),time,x,y,w,h,acc,a,r,g,b,blend,filter,angle,center,loop,timer,op1,op2,op3
#DST_NUMBER,0,1000,671,649,12,18,0,255,255,255,255,1,0,0,0,1000,40,0,0,0

//GREAT,number111 great 1P,,,,,,,,,,,,,,,,,,,
//SRC定義,(null),gr,x,y,w,h,div_x,div_y,cycle,timer,num,align,keta,,,,,,,
#SRC_NUMBER,0,9,0,62,120,18,10,1,0,0,111,0,4,,,,,,,
//DST定義,(NULL),time,x,y,w,h,acc,a,r,g,b,blend,filter,angle,center,loop,timer,op1,op2,op3
#DST_NUMBER,0,1000,671,668,12,18,0,255,255,255,255,1,0,0,0,1000,40,0,0,0

//GOOD,number112 good 1P,,,,,,,,,,,,,,,,,,,
//SRC定義,(null),gr,x,y,w,h,div_x,div_y,cycle,timer,num,align,keta,,,,,,,
#SRC_NUMBER,0,9,0,62,120,18,10,1,0,0,112,0,4,,,,,,,
//DST定義,(NULL),time,x,y,w,h,acc,a,r,g,b,blend,filter,angle,center,loop,timer,op1,op2,op3
#DST_NUMBER,0,1000,671,687,12,18,0,255,255,255,255,1,0,0,0,1000,40,0,0,0

//Bad,number113 bad 1P,,,,,,,,,,,,,,,,,,,
//SRC定義,(null),gr,x,y,w,h,div_x,div_y,cycle,timer,num,align,keta,,,,,,,
#SRC_NUMBER,0,9,0,62,120,18,10,1,0,0,113,0,4,,,,,,,
//DST定義,(NULL),time,x,y,w,h,acc,a,r,g,b,blend,filter,angle,center,loop,timer,op1,op2,op3
#DST_NUMBER,0,1000,752,649,12,18,0,255,255,255,255,1,0,0,0,1000,40,0,0,0

//Poor,number114 poor 1P,,,,,,,,,,,,,,,,,,,
//SRC定義,(null),gr,x,y,w,h,div_x,div_y,cycle,timer,num,align,keta,,,,,,,
#SRC_NUMBER,0,9,0,62,120,18,10,1,0,0,114,0,4,,,,,,,
//DST定義,(NULL),time,x,y,w,h,acc,a,r,g,b,blend,filter,angle,center,loop,timer,op1,op2,op3
#DST_NUMBER,0,1000,752,668,12,18,0,255,255,255,255,1,0,0,0,1000,40,0,0,0

#ENDIF

,,,,,,,,,,,,,,,,,,,,
//フルコンエフェクト他,,,,,,,,,,,,,,,,,,,,
//全ノートの処理の終了時に、タイマーが発動します,,,,,,,,,,,,,,,,,,,,
//DX,,,,,,,,,,,,,,,,,,,,
#SRC_IMAGE,0,3,0,2330,217,92,1,2,34,0,0,0,0,,,,,,,,
#DST_IMAGE,0,516,-72,225,217,46,0,0,255,255,255,1,0,0,0,-1,48,0,0,0,
#DST_IMAGE,0,683,18,225,217,46,0,255,255,255,255,1,0,0,0,,,,,,
#DST_IMAGE,0,850,23,225,217,46,0,255,255,255,255,1,0,0,0,,,,,,
#DST_IMAGE,0,1150,33,225,217,46,0,255,255,255,255,1,0,0,0,,,,,,
#DST_IMAGE,0,1683,50,225,217,46,0,255,255,255,255,1,0,0,0,,,,,,
#DST_IMAGE,0,1850,224,225,217,46,0,0,255,255,255,1,0,0,0,,,,,,

#SRC_IMAGE,0,3,218,2330,274,92,1,2,34,0,0,0,0,,,,,,,,
#DST_IMAGE,0,516,174,261,274,46,0,0,255,255,255,1,0,0,0,-1,48,0,0,0,
#DST_IMAGE,0,683,84,261,274,46,0,255,255,255,255,1,0,0,0,,,,,,
#DST_IMAGE,0,850,79,261,274,46,0,255,255,255,255,1,0,0,0,,,,,,
#DST_IMAGE,0,1150,69,261,274,46,0,255,255,255,255,1,0,0,0,,,,,,
#DST_IMAGE,0,1683,52,261,274,46,0,255,255,255,255,1,0,0,0,,,,,,
#DST_IMAGE,0,1850,-124,261,274,46,0,0,255,255,255,1,0,0,0,,,,,,


//上昇する光1,,,,,,,,,,,,,,,,,,,,
//SRC定義,(NULL),gr,x,y,w,h,div_x,div_y,cycle,timer,op1,op2,op3,,,,,,,
#SRC_IMAGE,0,3,14,0,2,347,1,1,0,0,0,0,0,,,,,,,
//DST定義,(NULL),time,x,y,w,h,acc,a,r,g,b,blend,filter,angle,center,loop,timer,op1,op2,op3
#DST_IMAGE,0,33,82,482,2,-47,0,255,255,255,255,2,0,0,0,-1,48,0,0,0
#DST_IMAGE,0,133,82,467,2,-347,0,255,255,255,255,2,0,0,0,,,,,
#DST_IMAGE,0,266,82,47,2,-347,0,255,255,255,255,2,0,0,0,,,,,

//上昇する光2,,,,,,,,,,,,,,,,,,,,
//SRC定義,(NULL),gr,x,y,w,h,div_x,div_y,cycle,timer,op1,op2,op3,,,,,,,
#SRC_IMAGE,0,3,14,0,2,347,1,1,0,0,0,0,0,,,,,,,
//DST定義,(NULL),time,x,y,w,h,acc,a,r,g,b,blend,filter,angle,center,loop,timer,op1,op2,op3
#DST_IMAGE,0,33,166,482,2,-12,0,255,255,255,255,2,0,0,0,-1,48,0,0,0
#DST_IMAGE,0,383,166,463,2,-347,0,255,255,255,255,2,0,0,0,,,,,
#DST_IMAGE,0,833,166,9,2,-347,0,255,255,255,255,2,0,0,0,,,,,

//上昇する光3,,,,,,,,,,,,,,,,,,,,
//SRC定義,(NULL),gr,x,y,w,h,div_x,div_y,cycle,timer,op1,op2,op3,,,,,,,
#SRC_IMAGE,0,3,14,0,2,347,1,1,0,0,0,0,0,,,,,,,
//DST定義,(NULL),time,x,y,w,h,acc,a,r,g,b,blend,filter,angle,center,loop,timer,op1,op2,op3
#DST_IMAGE,0,33,193,482,2,-21,0,255,255,255,255,2,0,0,0,-1,48,0,0,0
#DST_IMAGE,0,216,193,475,2,-347,0,255,255,255,255,2,0,0,0,,,,,
#DST_IMAGE,0,466,193,22,2,-347,0,255,255,255,255,2,0,0,0,,,,,

//上昇する光4,,,,,,,,,,,,,,,,,,,,
//SRC定義,(NULL),gr,x,y,w,h,div_x,div_y,cycle,timer,op1,op2,op3,,,,,,,
#SRC_IMAGE,0,3,14,0,2,347,1,1,0,0,0,0,0,,,,,,,
//DST定義,(NULL),time,x,y,w,h,acc,a,r,g,b,blend,filter,angle,center,loop,timer,op1,op2,op3
#DST_IMAGE,0,83,133,482,2,-56,0,255,255,255,255,2,0,0,0,-1,48,0,0,0
#DST_IMAGE,0,166,133,419,2,-347,0,255,255,255,255,2,0,0,0,,,,,
#DST_IMAGE,0,250,133,65,2,-347,0,255,255,255,255,2,0,0,0,,,,,

//上昇する光5,,,,,,,,,,,,,,,,,,,,
//SRC定義,(NULL),gr,x,y,w,h,div_x,div_y,cycle,timer,op1,op2,op3,,,,,,,
#SRC_IMAGE,0,3,14,0,2,347,1,1,0,0,0,0,0,,,,,,,
//DST定義,(NULL),time,x,y,w,h,acc,a,r,g,b,blend,filter,angle,center,loop,timer,op1,op2,op3
#DST_IMAGE,0,116,283,482,2,-29,0,255,255,255,255,2,0,0,0,-1,48,0,0,0
#DST_IMAGE,0,283,283,457,2,-347,0,255,255,255,255,2,0,0,0,,,,,
#DST_IMAGE,0,500,283,11,2,-347,0,255,255,255,255,2,0,0,0,,,,,

//上昇する光6,,,,,,,,,,,,,,,,,,,,
//SRC定義,(NULL),gr,x,y,w,h,div_x,div_y,cycle,timer,op1,op2,op3,,,,,,,
#SRC_IMAGE,0,3,14,0,2,347,1,1,0,0,0,0,0,,,,,,,
//DST定義,(NULL),time,x,y,w,h,acc,a,r,g,b,blend,filter,angle,center,loop,timer,op1,op2,op3
#DST_IMAGE,0,183,243,482,2,-64,0,255,255,255,255,2,0,0,0,-1,48,0,0,0
#DST_IMAGE,0,266,243,414,2,-347,0,255,255,255,255,2,0,0,0,,,,,
#DST_IMAGE,0,350,243,64,2,-347,0,255,255,255,255,2,0,0,0,,,,,

//上昇する光7,,,,,,,,,,,,,,,,,,,,
//SRC定義,(NULL),gr,x,y,w,h,div_x,div_y,cycle,timer,op1,op2,op3,,,,,,,
#SRC_IMAGE,0,3,14,0,2,347,1,1,0,0,0,0,0,,,,,,,
//DST定義,(NULL),time,x,y,w,h,acc,a,r,g,b,blend,filter,angle,center,loop,timer,op1,op2,op3
#DST_IMAGE,0,216,209,482,2,-30,0,255,255,255,255,2,0,0,0,-1,48,0,0,0
#DST_IMAGE,0,383,209,449,2,-347,0,255,255,255,255,2,0,0,0,,,,,
#DST_IMAGE,0,583,209,30,2,-347,0,255,255,255,255,2,0,0,0,,,,,

//上昇する光8,,,,,,,,,,,,,,,,,,,,
//SRC定義,(NULL),gr,x,y,w,h,div_x,div_y,cycle,timer,op1,op2,op3,,,,,,,
#SRC_IMAGE,0,3,14,0,2,347,1,1,0,0,0,0,0,,,,,,,
//DST定義,(NULL),time,x,y,w,h,acc,a,r,g,b,blend,filter,angle,center,loop,timer,op1,op2,op3
#DST_IMAGE,0,233,109,482,2,-46,0,255,255,255,255,2,0,0,0,-1,48,0,0,0
#DST_IMAGE,0,333,109,468,2,-347,0,255,255,255,255,2,0,0,0,,,,,
#DST_IMAGE,0,466,109,47,2,-347,0,255,255,255,255,2,0,0,0,,,,,

//上昇する光9,,,,,,,,,,,,,,,,,,,,
//SRC定義,(NULL),gr,x,y,w,h,div_x,div_y,cycle,timer,op1,op2,op3,,,,,,,
#SRC_IMAGE,0,3,14,0,2,347,1,1,0,0,0,0,0,,,,,,,
//DST定義,(NULL),time,x,y,w,h,acc,a,r,g,b,blend,filter,angle,center,loop,timer,op1,op2,op3
#DST_IMAGE,0,250,72,482,2,-28,0,255,255,255,255,2,0,0,0,-1,48,0,0,0
#DST_IMAGE,0,416,72,464,2,-347,0,255,255,255,255,2,0,0,0,,,,,
#DST_IMAGE,0,633,72,26,2,-347,0,255,255,255,255,2,0,0,0,,,,,

//上昇する光10,,,,,,,,,,,,,,,,,,,,
//SRC定義,(NULL),gr,x,y,w,h,div_x,div_y,cycle,timer,op1,op2,op3,,,,,,,
#SRC_IMAGE,0,3,14,0,2,347,1,1,0,0,0,0,0,,,,,,,
//DST定義,(NULL),time,x,y,w,h,acc,a,r,g,b,blend,filter,angle,center,loop,timer,op1,op2,op3
#DST_IMAGE,0,400,146,482,2,-20,0,255,255,255,255,2,0,0,0,-1,48,0,0,0
#DST_IMAGE,0,616,146,467,2,-347,0,255,255,255,255,2,0,0,0,,,,,
#DST_IMAGE,0,900,146,20,2,-347,0,255,255,255,255,2,0,0,0,,,,,

//上昇する光11,,,,,,,,,,,,,,,,,,,,
//SRC定義,(NULL),gr,x,y,w,h,div_x,div_y,cycle,timer,op1,op2,op3,,,,,,,
#SRC_IMAGE,0,3,14,0,2,347,1,1,0,0,0,0,0,,,,,,,
//DST定義,(NULL),time,x,y,w,h,acc,a,r,g,b,blend,filter,angle,center,loop,timer,op1,op2,op3
#DST_IMAGE,0,416,243,482,2,-44,0,255,255,255,255,2,0,0,0,-1,48,0,0,0
#DST_IMAGE,0,516,243,468,2,-347,0,255,255,255,255,2,0,0,0,,,,,
#DST_IMAGE,0,650,243,45,2,-347,0,255,255,255,255,2,0,0,0,,,,,

//上昇する光12,,,,,,,,,,,,,,,,,,,,
//SRC定義,(NULL),gr,x,y,w,h,div_x,div_y,cycle,timer,op1,op2,op3,,,,,,,
#SRC_IMAGE,0,3,14,0,2,347,1,1,0,0,0,0,0,,,,,,,
//DST定義,(NULL),time,x,y,w,h,acc,a,r,g,b,blend,filter,angle,center,loop,timer,op1,op2,op3
#DST_IMAGE,0,450,318,482,2,-41,0,255,255,255,255,2,0,0,0,-1,48,0,0,0
#DST_IMAGE,0,550,318,470,2,-347,0,255,255,255,255,2,0,0,0,,,,,
#DST_IMAGE,0,683,318,47,2,-347,0,255,255,255,255,2,0,0,0,,,,,

//上昇する光13,,,,,,,,,,,,,,,,,,,,
//SRC定義,(NULL),gr,x,y,w,h,div_x,div_y,cycle,timer,op1,op2,op3,,,,,,,
#SRC_IMAGE,0,3,14,0,2,347,1,1,0,0,0,0,0,,,,,,,
//DST定義,(NULL),time,x,y,w,h,acc,a,r,g,b,blend,filter,angle,center,loop,timer,op1,op2,op3
#DST_IMAGE,0,450,102,482,2,-13,0,255,255,255,255,2,0,0,0,-1,48,0,0,0
#DST_IMAGE,0,750,102,480,2,-347,0,255,255,255,255,2,0,0,0,,,,,
#DST_IMAGE,0,1166,102,14,2,-347,0,255,255,255,255,2,0,0,0,,,,,

//メイン1,,,,,,,,,,,,,,,,,,,,
//SRC定義,(NULL),gr,x,y,w,h,div_x,div_y,cycle,timer,op1,op2,op3,,,,,,,
#SRC_IMAGE,0,3,0,0,4,507,1,1,0,0,0,0,0,,,,,,,
//DST定義,(NULL),time,x,y,w,h,acc,a,r,g,b,blend,filter,angle,center,loop,timer,op1,op2,op3
#DST_IMAGE,0,16,50,482,288,0,0,255,255,255,255,2,0,0,0,-1,48,0,0,0
#DST_IMAGE,0,116,50,482,288,-507,0,255,255,255,255,2,0,0,0,,,,,
#DST_IMAGE,0,583,193,482,2,-507,0,255,255,255,255,2,0,0,0,,,,,
#DST_IMAGE,0,833,193,482,2,-507,0,130,255,255,255,2,0,0,0,,,,,
#DST_IMAGE,0,1233,193,482,2,-507,0,0,255,255,255,2,0,0,0,,,,,

//メイン2,,,,,,,,,,,,,,,,,,,,
//SRC定義,(NULL),gr,x,y,w,h,div_x,div_y,cycle,timer,op1,op2,op3,,,,,,,
#SRC_IMAGE,0,3,5,0,1,482,1,1,0,0,0,0,0,,,,,,,
//DST定義,(NULL),time,x,y,w,h,acc,a,r,g,b,blend,filter,angle,center,loop,timer,op1,op2,op3
#DST_IMAGE,0,16,50,482,288,-482,0,0,255,255,255,2,0,0,0,-1,48,0,0,0
#DST_IMAGE,0,183,50,482,288,-482,0,255,255,255,255,2,0,0,0,,,,,
#DST_IMAGE,0,333,50,482,288,-482,0,255,255,255,255,2,0,0,0,,,,,
#DST_IMAGE,0,683,50,482,288,-482,0,0,255,255,255,2,0,0,0,,,,,

//メイン3,,,,,,,,,,,,,,,,,,,,
//SRC定義,(NULL),gr,x,y,w,h,div_x,div_y,cycle,timer,op1,op2,op3,,,,,,,
#SRC_IMAGE,0,3,17,0,458,151,1,1,0,0,0,0,0,,,,,,,
//DST定義,(NULL),time,x,y,w,h,acc,a,r,g,b,blend,filter,angle,center,loop,timer,op1,op2,op3
#DST_IMAGE,0,33,-37,406,458,151,0,40,255,255,255,2,0,0,0,-1,48,0,0,0
#DST_IMAGE,0,133,-37,181,458,604,0,255,255,255,255,2,0,0,0,,,,,
#DST_IMAGE,0,516,-37,263,458,439,0,250,255,255,255,2,0,0,0,,,,,
#DST_IMAGE,0,833,-37,331,458,302,0,150,255,255,255,2,0,0,0,,,,,
#DST_IMAGE,0,1316,-37,331,458,302,0,0,255,255,255,2,0,0,0,,,,,

//メイン4,,,,,,,,,,,,,,,,,,,,
//SRC定義,(NULL),gr,x,y,w,h,div_x,div_y,cycle,timer,op1,op2,op3,,,,,,,
#SRC_IMAGE,0,3,211,0,60,151,1,1,0,0,0,0,0,,,,,,,
//DST定義,(NULL),time,x,y,w,h,acc,a,r,g,b,blend,filter,angle,center,loop,timer,op1,op2,op3
#DST_IMAGE,0,366,-48,124,482,235,0,30,255,255,255,2,0,90,0,-1,48,0,0,0
#DST_IMAGE,0,500,-48,150,482,181,0,255,255,255,255,2,0,90,0,,,,,
#DST_IMAGE,0,816,-48,216,482,51,0,100,255,255,255,2,0,90,0,,,,,
#DST_IMAGE,0,1050,-48,216,482,51,0,0,255,255,255,2,0,90,0,,,,,

//フラッシュ1,,,,,,,,,,,,,,,,,,,,
//SRC定義,(NULL),gr,x,y,w,h,div_x,div_y,cycle,timer,op1,op2,op3,,,,,,,
#SRC_IMAGE,0,3,17,152,200,173,1,1,0,0,0,0,0,,,,,,,
//DST定義,(NULL),time,x,y,w,h,acc,a,r,g,b,blend,filter,angle,center,loop,timer,op1,op2,op3
#DST_IMAGE,0,16,-208,132,800,692,0,255,255,255,255,2,0,0,0,-1,48,0,0,0
#DST_IMAGE,0,116,-8,304,400,346,0,255,255,255,255,2,0,0,0,,,,,
#DST_IMAGE,0,283,-8,304,400,346,0,0,255,255,255,2,0,0,0,,,,,
#DST_IMAGE,0,515,-108,218,600,519,0,0,255,255,2,0,0,0,,,,,
#DST_IMAGE,0,516,-108,218,600,519,0,255,255,255,255,2,0,0,0,,,,,
#DST_IMAGE,0,633,-8,304,400,346,0,255,255,255,255,2,0,0,0,,,,,
#DST_IMAGE,0,1016,-8,304,400,346,0,0,255,255,255,2,0,0,0,,,,,

//フラッシュ2,,,,,,,,,,,,,,,,,,,,
//SRC定義,(NULL),gr,x,y,w,h,div_x,div_y,cycle,timer,op1,op2,op3,,,,,,,
#SRC_IMAGE,0,3,17,152,400,173,2,1,34,48,0,0,0,,,,,,,
//DST定義,(NULL),time,x,y,w,h,acc,a,r,g,b,blend,filter,angle,center,loop,timer,op1,op2,op3
#DST_IMAGE,0,633,-108,218,600,519,0,0,255,255,255,2,0,0,0,-1,48,0,0,0
#DST_IMAGE,0,900,-58,256,500,433,0,255,255,255,255,2,0,0,0,,,,,
#DST_IMAGE,0,1566,42,345,300,260,0,255,255,255,255,2,0,0,0,,,,,
#DST_IMAGE,0,1866,92,387,200,173,0,0,255,255,255,2,0,0,0,,,,,

//フラッシュ3,,,,,,,,,,,,,,,,,,,,
//SRC定義,(NULL),gr,x,y,w,h,div_x,div_y,cycle,timer,op1,op2,op3,,,,,,,
#SRC_IMAGE,0,3,17,326,640,640,1,1,0,0,0,0,0,,,,,,,
//DST定義,(NULL),time,x,y,w,h,acc,a,r,g,b,blend,filter,angle,center,loop,timer,op1,op2,op3
#DST_IMAGE,0,16,28,296,320,320,0,255,255,255,255,2,0,0,0,-1,48,0,0,0
#DST_IMAGE,0,183,-276,-8,930,930,0,255,255,255,255,2,0,0,0,,,,,
#DST_IMAGE,0,350,-452,-184,1280,1280,0,0,255,255,255,2,0,0,0,,,,,

//リング1,,,,,,,,,,,,,,,,,,,,
//SRC定義,(NULL),gr,x,y,w,h,div_x,div_y,cycle,timer,op1,op2,op3,,,,,,,
#SRC_IMAGE,0,3,476,0,368,304,1,1,0,0,0,0,0,,,,,,,
//DST定義,(NULL),time,x,y,w,h,acc,a,r,g,b,blend,filter,angle,center,loop,timer,op1,op2,op3
#DST_IMAGE,0,16,99,383,185,153,0,255,255,255,255,2,0,0,0,-1,48,0,0,0
#DST_IMAGE,0,116,17,315,350,289,0,255,255,255,255,2,0,0,0,,,,,
#DST_IMAGE,0,350,-158,171,700,578,0,0,255,255,255,2,0,0,0,,,,,
#DST_IMAGE,0,1015,3,312,368,304,0,0,255,255,255,2,0,0,0,,,,,
#DST_IMAGE,0,1016,3,312,368,304,0,255,255,255,255,2,0,0,0,,,,,
#DST_IMAGE,0,1966,-158,171,700,578,0,0,255,255,255,2,0,0,0,,,,,

//リング2,,,,,,,,,,,,,,,,,,,,
//SRC定義,(NULL),gr,x,y,w,h,div_x,div_y,cycle,timer,op1,op2,op3,,,,,,,
#SRC_IMAGE,0,3,845,0,538,316,1,1,0,0,0,0,0,,,,,,,
//DST定義,(NULL),time,x,y,w,h,acc,a,r,g,b,blend,filter,angle,center,loop,timer,op1,op2,op3
#DST_IMAGE,0,516,122,433,140,82,0,255,255,255,255,2,0,0,0,-1,48,0,0,0
#DST_IMAGE,0,1016,-87,323,538,316,0,255,255,255,255,2,0,0,0,,,,,
#DST_IMAGE,0,1533,-194,267,753,442,0,0,255,255,255,2,0,0,0,,,,,

//リング3,,,,,,,,,,,,,,,,,,,,
//SRC定義,(NULL),gr,x,y,w,h,div_x,div_y,cycle,timer,op1,op2,op3,,,,,,,
#SRC_IMAGE,0,3,0,967,1445,698,1,1,0,0,0,0,0,,,,,,,
//DST定義,(NULL),time,x,y,w,h,acc,a,r,g,b,blend,filter,angle,center,loop,timer,op1,op2,op3
#DST_IMAGE,0,583,149,452,90,43,0,255,255,255,255,2,0,0,0,-1,48,0,0,0
#DST_IMAGE,0,1083,-537,200,1445,698,0,255,255,255,255,2,0,0,0,,,,,
#DST_IMAGE,0,1583,-609,173,1590,768,0,0,255,255,255,2,0,0,0,,,,,

//キラキラ1,,,,,,,,,,,,,,,,,,,,
//SRC定義,(NULL),gr,x,y,w,h,div_x,div_y,cycle,timer,op1,op2,op3,,,,,,,
#SRC_IMAGE,0,3,418,152,27,155,1,5,83,48,0,0,0,,,,,,,
//DST定義,(NULL),time,x,y,w,h,acc,a,r,g,b,blend,filter,angle,center,loop,timer,op1,op2,op3
#DST_IMAGE,0,483,136,463,27,31,0,255,255,255,255,2,0,0,0,-1,48,0,0,0
#DST_IMAGE,0,1433,94,496,27,31,0,255,255,255,255,2,0,0,0,,,,,

//キラキラ2,,,,,,,,,,,,,,,,,,,,
//SRC定義,(NULL),gr,x,y,w,h,div_x,div_y,cycle,timer,op1,op2,op3,,,,,,,
#SRC_IMAGE,0,3,418,152,27,155,1,5,83,48,0,0,0,,,,,,,
//DST定義,(NULL),time,x,y,w,h,acc,a,r,g,b,blend,filter,angle,center,loop,timer,op1,op2,op3
#DST_IMAGE,0,633,207,392,27,31,0,255,255,255,255,2,0,0,0,-1,48,0,0,0
#DST_IMAGE,0,1250,231,306,27,31,0,255,255,255,255,2,0,0,0,,,,,

//キラキラ3,,,,,,,,,,,,,,,,,,,,
//SRC定義,(NULL),gr,x,y,w,h,div_x,div_y,cycle,timer,op1,op2,op3,,,,,,,
#SRC_IMAGE,0,3,418,152,27,155,1,5,83,48,0,0,0,,,,,,,
//DST定義,(NULL),time,x,y,w,h,acc,a,r,g,b,blend,filter,angle,center,loop,timer,op1,op2,op3
#DST_IMAGE,0,650,129,426,27,31,0,255,255,255,255,2,0,0,0,-1,48,0,0,0
#DST_IMAGE,0,1433,68,412,27,31,0,255,255,255,255,2,0,0,0,,,,,

//キラキラ4,,,,,,,,,,,,,,,,,,,,
//SRC定義,(NULL),gr,x,y,w,h,div_x,div_y,cycle,timer,op1,op2,op3,,,,,,,
#SRC_IMAGE,0,3,418,152,27,155,1,5,83,48,0,0,0,,,,,,,
//DST定義,(NULL),time,x,y,w,h,acc,a,r,g,b,blend,filter,angle,center,loop,timer,op1,op2,op3
#DST_IMAGE,0,716,156,427,27,31,0,255,255,255,255,2,0,0,0,-1,48,0,0,0
#DST_IMAGE,0,1550,102,358,27,31,0,255,255,255,255,2,0,0,0,,,,,

//キラキラ5,,,,,,,,,,,,,,,,,,,,
//SRC定義,(NULL),gr,x,y,w,h,div_x,div_y,cycle,timer,op1,op2,op3,,,,,,,
#SRC_IMAGE,0,3,418,152,27,155,1,5,83,48,0,0,0,,,,,,,
//DST定義,(NULL),time,x,y,w,h,acc,a,r,g,b,blend,filter,angle,center,loop,timer,op1,op2,op3
#DST_IMAGE,0,733,225,425,27,31,0,255,255,255,255,2,0,0,0,-1,48,0,0,0
#DST_IMAGE,0,1416,359,371,27,31,0,255,255,255,255,2,0,0,0,,,,,

//キラキラ6,,,,,,,,,,,,,,,,,,,,
//SRC定義,(NULL),gr,x,y,w,h,div_x,div_y,cycle,timer,op1,op2,op3,,,,,,,
#SRC_IMAGE,0,3,418,152,27,155,1,5,83,48,0,0,0,,,,,,,
//DST定義,(NULL),time,x,y,w,h,acc,a,r,g,b,blend,filter,angle,center,loop,timer,op1,op2,op3
#DST_IMAGE,0,816,160,389,27,31,0,255,255,255,255,2,0,0,0,-1,48,0,0,0
#DST_IMAGE,0,1767,142,303,27,31,0,255,255,255,255,2,0,0,0,,,,,

//キラキラ7,,,,,,,,,,,,,,,,,,,,
//SRC定義,(NULL),gr,x,y,w,h,div_x,div_y,cycle,timer,op1,op2,op3,,,,,,,
#SRC_IMAGE,0,3,418,152,27,155,1,5,83,48,0,0,0,,,,,,,
//DST定義,(NULL),time,x,y,w,h,acc,a,r,g,b,blend,filter,angle,center,loop,timer,op1,op2,op3
#DST_IMAGE,0,866,203,462,27,31,0,255,255,255,255,2,0,0,0,-1,48,0,0,0
#DST_IMAGE,0,1550,283,411,27,31,0,255,255,255,255,2,0,0,0,,,,,

//キラキラ8,,,,,,,,,,,,,,,,,,,,
//SRC定義,(NULL),gr,x,y,w,h,div_x,div_y,cycle,timer,op1,op2,op3,,,,,,,
#SRC_IMAGE,0,3,418,152,27,155,1,5,83,48,0,0,0,,,,,,,
//DST定義,(NULL),time,x,y,w,h,acc,a,r,g,b,blend,filter,angle,center,loop,timer,op1,op2,op3
#DST_IMAGE,0,883,189,451,27,31,0,255,255,255,255,2,0,0,0,-1,48,0,0,0
#DST_IMAGE,0,2000,304,435,27,31,0,255,255,255,255,2,0,0,0,,,,,

//キラキラ9,,,,,,,,,,,,,,,,,,,,
//SRC定義,(NULL),gr,x,y,w,h,div_x,div_y,cycle,timer,op1,op2,op3,,,,,,,
#SRC_IMAGE,0,3,418,152,27,155,1,5,83,48,0,0,0,,,,,,,
//DST定義,(NULL),time,x,y,w,h,acc,a,r,g,b,blend,filter,angle,center,loop,timer,op1,op2,op3
#DST_IMAGE,0,883,214,477,27,31,0,255,255,255,255,2,0,0,0,-1,48,0,0,0
#DST_IMAGE,0,1566,257,523,27,31,0,255,255,255,255,2,0,0,0,,,,,

//キラキラ10,,,,,,,,,,,,,,,,,,,,
//SRC定義,(NULL),gr,x,y,w,h,div_x,div_y,cycle,timer,op1,op2,op3,,,,,,,
#SRC_IMAGE,0,3,418,152,27,155,1,5,83,48,0,0,0,,,,,,,
//DST定義,(NULL),time,x,y,w,h,acc,a,r,g,b,blend,filter,angle,center,loop,timer,op1,op2,op3
#DST_IMAGE,0,966,224,389,27,31,0,255,255,255,255,2,0,0,0,-1,48,0,0,0
#DST_IMAGE,0,1750,294,321,27,31,0,255,255,255,255,2,0,0,0,,,,,

//キラキラ11,,,,,,,,,,,,,,,,,,,,
//SRC定義,(NULL),gr,x,y,w,h,div_x,div_y,cycle,timer,op1,op2,op3,,,,,,,
#SRC_IMAGE,0,3,418,152,27,155,1,5,83,48,0,0,0,,,,,,,
//DST定義,(NULL),time,x,y,w,h,acc,a,r,g,b,blend,filter,angle,center,loop,timer,op1,op2,op3
#DST_IMAGE,0,1083,168,481,27,31,0,255,255,255,255,2,0,0,0,-1,48,0,0,0
#DST_IMAGE,0,1850,156,550,27,31,0,255,255,255,255,2,0,0,0,,,,,

//キラキラ12,,,,,,,,,,,,,,,,,,,,
//SRC定義,(NULL),gr,x,y,w,h,div_x,div_y,cycle,timer,op1,op2,op3,,,,,,,
#SRC_IMAGE,0,3,418,152,27,155,1,5,83,48,0,0,0,,,,,,,
//DST定義,(NULL),time,x,y,w,h,acc,a,r,g,b,blend,filter,angle,center,loop,timer,op1,op2,op3
#DST_IMAGE,0,1350,144,417,27,31,0,255,255,255,255,2,0,0,0,-1,48,0,0,0
#DST_IMAGE,0,1967,87,382,27,31,0,255,255,255,255,2,0,0,0,,,,,

//キラキラ13,,,,,,,,,,,,,,,,,,,,
//SRC定義,(NULL),gr,x,y,w,h,div_x,div_y,cycle,timer,op1,op2,op3,,,,,,,
#SRC_IMAGE,0,3,418,152,27,155,1,5,83,48,0,0,0,,,,,,,
//DST定義,(NULL),time,x,y,w,h,acc,a,r,g,b,blend,filter,angle,center,loop,timer,op1,op2,op3
#DST_IMAGE,0,1400,192,475,27,31,0,255,255,255,255,2,0,0,0,-1,48,0,0,0
#DST_IMAGE,0,1933,213,551,27,31,0,255,255,255,255,2,0,0,0,,,,,





//ジャッジ表示,,,,,,,,,,,,,,,,,,,,
//基本的に#SRC_IMAGEと同じですが、コンボの幅の半分だけ左に自動的にシフトして表示されます。,,,,,,,,,,,,,,,,,,,,
//シフトをオフにする場合(ジャッジとコンボを二列に分けて表示するときとか)は、noshift=1にして下さい,,,,,,,,,,,,,,,,,,,,
//timer46 ジャッジタイマー 1P,,,,,,,,,,,,,,,,,,,,
//timer47 ジャッジタイマー 2P,,,,,,,,,,,,,,,,,,,,

#SRC_NOWJUDGE_1P,0,13,0,508,248,56,2,1,80,46,0,0,0,,,,,,,,
#DST_NOWJUDGE_1P,0,0,132,351,124,56,0,255,255,255,255,0,0,0,0,-1,46,,,,
#DST_NOWJUDGE_1P,0,500,132,351,124,56,0,255,255,255,255,0,0,0,0,,,,,,
#SRC_NOWJUDGE_1P,1,13,0,508,248,56,2,1,80,46,0,0,0,,,,,,,,
#DST_NOWJUDGE_1P,1,0,132,351,124,56,0,255,255,255,255,0,0,0,0,-1,46,,,,
#DST_NOWJUDGE_1P,1,500,132,351,124,56,0,255,255,255,255,0,0,0,0,,,,,,
#SRC_NOWJUDGE_1P,2,13,0,451,190,56,2,1,80,46,0,0,0,,,,,,,,
#DST_NOWJUDGE_1P,2,0,148,351,95,56,0,255,255,255,255,0,0,0,0,-1,46,,,,
#DST_NOWJUDGE_1P,2,500,148,351,95,56,0,255,255,255,255,0,0,0,0,,,,,,
#SRC_NOWJUDGE_1P,3,13,0,394,248,56,2,1,80,46,0,0,0,,,,,,,,
#DST_NOWJUDGE_1P,3,0,129,351,124,56,0,255,255,255,255,0,0,0,0,-1,46,,,,
#DST_NOWJUDGE_1P,3,500,129,351,124,56,0,255,255,255,255,0,0,0,0,,,,,,
#SRC_NOWJUDGE_1P,4,13,0,337,306,56,2,1,80,46,0,0,0,,,,,,,,
#DST_NOWJUDGE_1P,4,0,114,351,153,56,0,255,255,255,255,0,0,0,0,-1,46,,,,
#DST_NOWJUDGE_1P,4,500,114,351,153,56,0,255,255,255,255,0,0,0,0,,,,,,
#SRC_NOWJUDGE_1P,5,13,0,0,153,336,1,6,100,46,0,0,0,,,,,,,,
#DST_NOWJUDGE_1P,5,0,114,351,153,56,0,255,255,255,255,0,0,0,0,-1,46,,,,
#DST_NOWJUDGE_1P,5,500,114,351,153,56,0,255,255,255,255,0,0,0,0,,,,,,
#SRC_NOWCOMBO_1P,3,13,0,565,370,112,10,2,80,46,0,1,7,,,,,,,,
#DST_NOWCOMBO_1P,3,0,130,0,37,56,0,255,255,255,255,0,0,0,0,-1,46,,,,
#DST_NOWCOMBO_1P,3,500,130,0,37,56,0,255,255,255,255,0,0,0,0,,,,,,
#SRC_NOWCOMBO_1P,4,13,0,565,370,112,10,2,80,46,0,1,7,,,,,,,,
#DST_NOWCOMBO_1P,4,0,159,0,37,56,0,255,255,255,255,0,0,0,0,-1,46,,,,
#DST_NOWCOMBO_1P,4,500,159,0,37,56,0,255,255,255,255,0,0,0,0,,,,,,
#SRC_NOWCOMBO_1P,5,13,154,0,370,336,10,6,100,46,0,1,7,,,,,,,,
#DST_NOWCOMBO_1P,5,0,159,0,37,56,0,255,255,255,255,0,0,0,0,-1,46,,,,
#DST_NOWCOMBO_1P,5,500,159,0,37,56,0,255,255,255,255,0,0,0,0,,,,,,

//グルーヴゲージ,,,,,,,,,,,,,,,,,,,,
//最初のゲージ,,,,,,,,,,,,,,,,,,,,
//表赤、表緑、裏赤、裏緑の順にsrc分割を行ってください。4の倍数でcycle>0ならちゃんとアニメーションします,,,,,,,,,,,,,,,,,,,,
//次のゲージの相対位置はadd_x、add_yで指定して下さい。,,,,,,,,,,,,,,,,,,,,
//SRC定義,index,gr,x,y,w,h,div_x,div_y,cycle,timer,add_x,add_y,,,,,,,,
#SRC_GROOVEGAUGE,0,4,0,0,20,25,4,1,0,0,6,0,,,,,,,,
//DST定義,index,time,x,y,w,h,acc,a,r,g,b,blend,filter,angle,center,loop,timer,op1,op2,op3
#DST_GROOVEGAUGE,0,1100,37,591,1,21,0,0,255,255,255,1,0,0,0,1400,0,0,0,0
#DST_GROOVEGAUGE,0,1400,37,591,5,21,0,255,255,255,255,1,0,0,0,,,,,

//TYPE A
//option35 ghost typeA
//option32 autoplay off
//number108 exscore2pとの差
//timer46 ジャッジタイマー 1P
//SRC定義,(null),gr,x,y,w,h,div_x,div_y,cycle,timer,num,align,keta
#SRC_NUMBER,0,9,0,61,144,38,12,2,0,0,108,0,4,,,,,,,,
//DST定義,(NULL),time,x,y,w,h,acc,a,r,g,b,blend,filter,angle,center,loop,timer,op1,op2,op3,
#DST_NUMBER,0,0,167,326,12,19,0,255,255,255,255,1,1,0,0,-1,46,35,32,!985,
#DST_NUMBER,0,500,167,326,12,19,0,255,255,255,255,1,1,0,0,,,,,,

//FAST/SLOW Type A is ON
//SRC定義,(null),gr,x,y,w,h,div_x,div_y,cycle,timer,num,align,keta
#SRC_NUMBER,0,9,0,61,144,38,12,2,0,0,108,0,4,,,,,,,,
//DST定義,(NULL),time,x,y,w,h,acc,a,r,g,b,blend,filter,angle,center,loop,timer,op1,op2,op3,
#DST_NUMBER,0,0,130,326,12,19,0,255,255,255,255,1,1,0,0,-1,46,35,32,985,
#DST_NUMBER,0,500,130,326,12,19,0,255,255,255,255,1,1,0,0,,,,,,

//TYPE B
//option36 ghost typeB
//option32 autoplay off
//number108 exscore2pとの差
//timer40 READY
//SRC定義,(null),gr,x,y,w,h,div_x,div_y,cycle,timer,num,align,keta
#SRC_NUMBER,0,9,0,61,144,38,12,2,0,0,108,0,4,,,,,,,,
//DST定義,(NULL),time,x,y,w,h,acc,a,r,g,b,blend,filter,angle,center,loop,timer,op1,op2,op3,
#DST_NUMBER,0,0,167,410,12,19,0,255,255,255,255,1,01,0,0,-1,46,36,32,!986,
#DST_NUMBER,0,500,167,410,12,19,0,255,255,255,255,1,1,0,0,,,,,,

//FAST/SLOW Type B is ON
//SRC定義,(null),gr,x,y,w,h,div_x,div_y,cycle,timer,num,align,keta
#SRC_NUMBER,0,9,0,61,144,38,12,2,0,0,108,0,4,,,,,,,,
//DST定義,(NULL),time,x,y,w,h,acc,a,r,g,b,blend,filter,angle,center,loop,timer,op1,op2,op3,
#DST_NUMBER,0,0,130,410,12,19,0,255,255,255,255,1,01,0,0,-1,46,36,32,986,
#DST_NUMBER,0,500,130,410,12,19,0,255,255,255,255,1,1,0,0,,,,,,


//option37 TYPE C
//option37 ghost typeC
//option32 autoplay off
//number108 exscore2pとの差
//timer40 READY
//SRC定義,(null),gr,x,y,w,h,div_x,div_y,cycle,timer,num,align,keta
#SRC_NUMBER,0,9,0,61,144,38,12,2,0,0,108,0,4,,,,,,,,
//DST定義,(NULL),time,x,y,w,h,acc,a,r,g,b,blend,filter,angle,center,loop,timer,op1,op2,op3,
#DST_NUMBER,0,1000,352,369,12,19,0,255,255,255,255,1,1,0,0,1000,40,37,32,0,

//FAST,SLOW

#IF,994,32

//FAST,SLOW,TYPE A,GREAT,,,,,,,,,,,,,,,,,
//SRC定義,(null),gr,x,y,w,h,div_x,div_y,cycle,timer,num,align,keta,,,,,,,
#SRC_NUMBER,0,12,367,0,45,190,1,10,0,0,210,0,1,,,,,,,
//DST定義,(NULL),time,x,y,w,h,acc,a,r,g,b,blend,filter,angle,center,loop,timer,op1,op2,op3
#DST_NUMBER,0,0,230,327,45,19,0,255,255,255,255,1,1,0,0,-1,46,985,35,242,
#DST_NUMBER,0,500,230,327,45,19,0,255,255,255,255,1,1,0,0,,,,,,
//FAST,SLOW,TYPE A,GOOD,,,,,,,,,,,,,,,,,
//SRC定義,(null),gr,x,y,w,h,div_x,div_y,cycle,timer,num,align,keta,,,,,,,
#SRC_NUMBER,0,12,367,0,45,190,1,10,0,0,210,0,1,,,,,,,
//DST定義,(NULL),time,x,y,w,h,acc,a,r,g,b,blend,filter,angle,center,loop,timer,op1,op2,op3
#DST_NUMBER,0,0,230,327,45,19,0,255,255,255,255,1,1,0,0,-1,46,985,35,243,
#DST_NUMBER,0,500,230,327,45,19,0,255,255,255,255,1,1,0,0,,,,,,
//FAST,SLOW,TYPE A,BAD,,,,,,,,,,,,,,,,,
//SRC定義,(null),gr,x,y,w,h,div_x,div_y,cycle,timer,num,align,keta,,,,,,,
#SRC_NUMBER,0,12,367,0,45,190,1,10,0,0,210,0,1,,,,,,,
//DST定義,(NULL),time,x,y,w,h,acc,a,r,g,b,blend,filter,angle,center,loop,timer,op1,op2,op3
#DST_NUMBER,0,0,230,327,45,19,0,255,255,255,255,1,1,0,0,-1,46,985,35,244,
#DST_NUMBER,0,500,230,327,45,19,0,255,255,255,255,1,1,0,0,,,,,,
//FAST,SLOW,TYPE A,POOR,,,,,,,,,,,,,,,,,
//SRC定義,(null),gr,x,y,w,h,div_x,div_y,cycle,timer,num,align,keta,,,,,,,
#SRC_NUMBER,0,12,367,0,45,190,1,10,0,0,210,0,1,,,,,,,
//DST定義,(NULL),time,x,y,w,h,acc,a,r,g,b,blend,filter,angle,center,loop,timer,op1,op2,op3
#DST_NUMBER,0,0,230,327,45,19,0,255,255,255,255,1,1,0,0,-1,46,985,35,245,
#DST_NUMBER,0,500,230,327,45,19,0,255,255,255,255,1,1,0,0,,,,,,


//FAST,SLOW,TYPE A,GREAT,,,,,,,,,,,,,,,,,
//SRC定義,(null),gr,x,y,w,h,div_x,div_y,cycle,timer,num,align,keta,,,,,,,
#SRC_NUMBER,0,12,367,0,45,190,1,10,0,0,210,0,1,,,,,,,
//DST定義,(NULL),time,x,y,w,h,acc,a,r,g,b,blend,filter,angle,center,loop,timer,op1,op2,op3
#DST_NUMBER,0,0,180,327,45,19,0,255,255,255,255,1,1,0,0,-1,46,985,!35,242,
#DST_NUMBER,0,500,180,327,45,19,0,255,255,255,255,1,1,0,0,,,,,,
//FAST,SLOW,TYPE A,GOOD,,,,,,,,,,,,,,,,,
//SRC定義,(null),gr,x,y,w,h,div_x,div_y,cycle,timer,num,align,keta,,,,,,,
#SRC_NUMBER,0,12,367,0,45,190,1,10,0,0,210,0,1,,,,,,,
//DST定義,(NULL),time,x,y,w,h,acc,a,r,g,b,blend,filter,angle,center,loop,timer,op1,op2,op3
#DST_NUMBER,0,0,180,327,45,19,0,255,255,255,255,1,1,0,0,-1,46,985,!35,243,
#DST_NUMBER,0,500,180,327,45,19,0,255,255,255,255,1,1,0,0,,,,,,
//FAST,SLOW,TYPE A,BAD,,,,,,,,,,,,,,,,,
//SRC定義,(null),gr,x,y,w,h,div_x,div_y,cycle,timer,num,align,keta,,,,,,,
#SRC_NUMBER,0,12,367,0,45,190,1,10,0,0,210,0,1,,,,,,,
//DST定義,(NULL),time,x,y,w,h,acc,a,r,g,b,blend,filter,angle,center,loop,timer,op1,op2,op3
#DST_NUMBER,0,0,180,327,45,19,0,255,255,255,255,1,1,0,0,-1,46,985,!35,244,
#DST_NUMBER,0,500,180,327,45,19,0,255,255,255,255,1,1,0,0,,,,,,
//FAST,SLOW,TYPE A,POOR,,,,,,,,,,,,,,,,,
//SRC定義,(null),gr,x,y,w,h,div_x,div_y,cycle,timer,num,align,keta,,,,,,,
#SRC_NUMBER,0,12,367,0,45,190,1,10,0,0,210,0,1,,,,,,,
//DST定義,(NULL),time,x,y,w,h,acc,a,r,g,b,blend,filter,angle,center,loop,timer,op1,op2,op3
#DST_NUMBER,0,0,180,327,45,19,0,255,255,255,255,1,1,0,0,-1,46,985,!35,245,
#DST_NUMBER,0,500,180,327,45,19,0,255,255,255,255,1,1,0,0,,,,,,


//FAST,SLOW,TYPE B,GREAT,,,,,,,,,,,,,,,,,
//SRC定義,(null),gr,x,y,w,h,div_x,div_y,cycle,timer,num,align,keta,,,,,,,
#SRC_NUMBER,0,12,367,0,45,190,1,10,0,0,210,0,1,,,,,,,
//DST定義,(NULL),time,x,y,w,h,acc,a,r,g,b,blend,filter,angle,center,loop,timer,op1,op2,op3
#DST_NUMBER,0,0,180,411,45,19,0,255,255,255,255,1,1,0,0,-1,46,986,36,242,
#DST_NUMBER,0,500,180,411,45,19,0,255,255,255,255,1,1,0,0,,,,,,
//FAST,SLOW,TYPE B,GOOD,,,,,,,,,,,,,,,,,
//SRC定義,(null),gr,x,y,w,h,div_x,div_y,cycle,timer,num,align,keta,,,,,,,
#SRC_NUMBER,0,12,367,0,45,190,1,10,0,0,210,0,1,,,,,,,
//DST定義,(NULL),time,x,y,w,h,acc,a,r,g,b,blend,filter,angle,center,loop,timer,op1,op2,op3
#DST_NUMBER,0,0,180,411,45,19,0,255,255,255,255,1,1,0,0,-1,46,986,36,243,
#DST_NUMBER,0,500,180,411,45,19,0,255,255,255,255,1,1,0,0,,,,,,
//FAST,SLOW,TYPE B,BAD,,,,,,,,,,,,,,,,,
//SRC定義,(null),gr,x,y,w,h,div_x,div_y,cycle,timer,num,align,keta,,,,,,,
#SRC_NUMBER,0,12,367,0,45,190,1,10,0,0,210,0,1,,,,,,,
//DST定義,(NULL),time,x,y,w,h,acc,a,r,g,b,blend,filter,angle,center,loop,timer,op1,op2,op3
#DST_NUMBER,0,0,180,411,45,19,0,255,255,255,255,1,1,0,0,-1,46,986,36,244,
#DST_NUMBER,0,500,180,411,45,19,0,255,255,255,255,1,1,0,0,,,,,,
//FAST,SLOW,TYPE B,POOR,,,,,,,,,,,,,,,,,
//SRC定義,(null),gr,x,y,w,h,div_x,div_y,cycle,timer,num,align,keta,,,,,,,
#SRC_NUMBER,0,12,367,0,45,190,1,10,0,0,210,0,1,,,,,,,
//DST定義,(NULL),time,x,y,w,h,acc,a,r,g,b,blend,filter,angle,center,loop,timer,op1,op2,op3
#DST_NUMBER,0,0,180,411,45,19,0,255,255,255,255,1,1,0,0,-1,46,986,36,245,
#DST_NUMBER,0,500,180,411,45,19,0,255,255,255,255,1,1,0,0,,,,,,


//FAST,SLOW,TYPE B,GREAT,,,,,,,,,,,,,,,,,
//SRC定義,(null),gr,x,y,w,h,div_x,div_y,cycle,timer,num,align,keta,,,,,,,
#SRC_NUMBER,0,12,367,0,45,190,1,10,0,0,210,0,1,,,,,,,
//DST定義,(NULL),time,x,y,w,h,acc,a,r,g,b,blend,filter,angle,center,loop,timer,op1,op2,op3
#DST_NUMBER,0,0,180,411,45,19,0,255,255,255,255,1,1,0,0,-1,46,986,!36,242,
#DST_NUMBER,0,500,180,411,45,19,0,255,255,255,255,1,1,0,0,,,,,,
//FAST,SLOW,TYPE B,GOOD,,,,,,,,,,,,,,,,,
//SRC定義,(null),gr,x,y,w,h,div_x,div_y,cycle,timer,num,align,keta,,,,,,,
#SRC_NUMBER,0,12,367,0,45,190,1,10,0,0,210,0,1,,,,,,,
//DST定義,(NULL),time,x,y,w,h,acc,a,r,g,b,blend,filter,angle,center,loop,timer,op1,op2,op3
#DST_NUMBER,0,0,180,411,45,19,0,255,255,255,255,1,1,0,0,-1,46,986,!36,243,
#DST_NUMBER,0,500,180,411,45,19,0,255,255,255,255,1,1,0,0,,,,,,
//FAST,SLOW,TYPE B,BAD,,,,,,,,,,,,,,,,,
//SRC定義,(null),gr,x,y,w,h,div_x,div_y,cycle,timer,num,align,keta,,,,,,,
#SRC_NUMBER,0,12,367,0,45,190,1,10,0,0,210,0,1,,,,,,,
//DST定義,(NULL),time,x,y,w,h,acc,a,r,g,b,blend,filter,angle,center,loop,timer,op1,op2,op3
#DST_NUMBER,0,0,180,411,45,19,0,255,255,255,255,1,1,0,0,-1,46,986,!36,244,
#DST_NUMBER,0,500,180,411,45,19,0,255,255,255,255,1,1,0,0,,,,,,
//FAST,SLOW,TYPE B,POOR,,,,,,,,,,,,,,,,,
//SRC定義,(null),gr,x,y,w,h,div_x,div_y,cycle,timer,num,align,keta,,,,,,,
#SRC_NUMBER,0,12,367,0,45,190,1,10,0,0,210,0,1,,,,,,,
//DST定義,(NULL),time,x,y,w,h,acc,a,r,g,b,blend,filter,angle,center,loop,timer,op1,op2,op3
#DST_NUMBER,0,0,180,411,45,19,0,255,255,255,255,1,1,0,0,-1,46,986,!36,245,
#DST_NUMBER,0,500,180,411,45,19,0,255,255,255,255,1,1,0,0,,,,,,

//FAST,SLOW,TYPE C,GREAT,,,,,,,,,,,,,,,,,
//SRC定義,(null),gr,x,y,w,h,div_x,div_y,cycle,timer,num,align,keta,,,,,,,
#SRC_NUMBER,0,12,367,0,45,190,1,10,0,0,210,0,1,,,,,,,
//DST定義,(NULL),time,x,y,w,h,acc,a,r,g,b,blend,filter,angle,center,loop,timer,op1,op2,op3
#DST_NUMBER,0,0,354,350,45,19,0,255,255,255,255,1,1,0,0,-1,46,987,0,242,
#DST_NUMBER,0,500,354,350,45,19,0,255,255,255,255,1,1,0,0,,,,,,
//FAST,SLOW,TYPE C,GOOD,,,,,,,,,,,,,,,,,
//SRC定義,(null),gr,x,y,w,h,div_x,div_y,cycle,timer,num,align,keta,,,,,,,
#SRC_NUMBER,0,12,367,0,45,190,1,10,0,0,210,0,1,,,,,,,
//DST定義,(NULL),time,x,y,w,h,acc,a,r,g,b,blend,filter,angle,center,loop,timer,op1,op2,op3
#DST_NUMBER,0,0,354,350,45,19,0,255,255,255,255,1,1,0,0,-1,46,987,0,243,
#DST_NUMBER,0,500,354,350,45,19,0,255,255,255,255,1,1,0,0,,,,,,
//FAST,SLOW,TYPE C,BAD,,,,,,,,,,,,,,,,,
//SRC定義,(null),gr,x,y,w,h,div_x,div_y,cycle,timer,num,align,keta,,,,,,,
#SRC_NUMBER,0,12,367,0,45,190,1,10,0,0,210,0,1,,,,,,,
//DST定義,(NULL),time,x,y,w,h,acc,a,r,g,b,blend,filter,angle,center,loop,timer,op1,op2,op3
#DST_NUMBER,0,0,354,350,45,19,0,255,255,255,255,1,1,0,0,-1,46,987,0,244,
#DST_NUMBER,0,500,354,350,45,19,0,255,255,255,255,1,1,0,0,,,,,,
//FAST,SLOW,TYPE C,POOR,,,,,,,,,,,,,,,,,
//SRC定義,(null),gr,x,y,w,h,div_x,div_y,cycle,timer,num,align,keta,,,,,,,
#SRC_NUMBER,0,12,367,0,45,190,1,10,0,0,210,0,1,,,,,,,
//DST定義,(NULL),time,x,y,w,h,acc,a,r,g,b,blend,filter,angle,center,loop,timer,op1,op2,op3
#DST_NUMBER,0,0,354,350,45,19,0,255,255,255,255,1,1,0,0,-1,46,987,0,245,
#DST_NUMBER,0,500,354,350,45,19,0,255,255,255,255,1,1,0,0,,,,,,

//FAST,SLOW,TYPE IIDX C,GREAT,,,,,,,,,,,,,,,,,
//SRC定義,(null),gr,x,y,w,h,div_x,div_y,cycle,timer,num,align,keta,,,,,,,
#SRC_NUMBER,0,12,367,0,45,190,1,10,0,0,210,0,1,,,,,,,
//DST定義,(NULL),time,x,y,w,h,acc,a,r,g,b,blend,filter,angle,center,loop,timer,op1,op2,op3
#DST_NUMBER,0,0,354,463,45,19,0,255,255,255,255,1,1,0,0,-1,46,988,0,242,
#DST_NUMBER,0,500,354,463,45,19,0,255,255,255,255,1,1,0,0,,,,,,
//FAST,SLOW,TYPE IIDX C,GOOD,,,,,,,,,,,,,,,,,
//SRC定義,(null),gr,x,y,w,h,div_x,div_y,cycle,timer,num,align,keta,,,,,,,
#SRC_NUMBER,0,12,367,0,45,190,1,10,0,0,210,0,1,,,,,,,
//DST定義,(NULL),time,x,y,w,h,acc,a,r,g,b,blend,filter,angle,center,loop,timer,op1,op2,op3
#DST_NUMBER,0,0,354,363,45,19,0,255,255,255,255,1,1,0,0,-1,46,988,0,243,
#DST_NUMBER,0,500,354,363,45,19,0,255,255,255,255,1,1,0,0,,,,,,
//FAST,SLOW,TYPE IIDX C,BAD,,,,,,,,,,,,,,,,,
//SRC定義,(null),gr,x,y,w,h,div_x,div_y,cycle,timer,num,align,keta,,,,,,,
#SRC_NUMBER,0,12,367,0,45,190,1,10,0,0,210,0,1,,,,,,,
//DST定義,(NULL),time,x,y,w,h,acc,a,r,g,b,blend,filter,angle,center,loop,timer,op1,op2,op3
#DST_NUMBER,0,0,354,463,45,19,0,255,255,255,255,1,1,0,0,-1,46,988,0,244,
#DST_NUMBER,0,500,354,463,45,19,0,255,255,255,255,1,1,0,0,,,,,,
//FAST,SLOW,TYPE IIDX C,POOR,,,,,,,,,,,,,,,,,
//SRC定義,(null),gr,x,y,w,h,div_x,div_y,cycle,timer,num,align,keta,,,,,,,
#SRC_NUMBER,0,12,367,0,45,190,1,10,0,0,210,0,1,,,,,,,
//DST定義,(NULL),time,x,y,w,h,acc,a,r,g,b,blend,filter,angle,center,loop,timer,op1,op2,op3
#DST_NUMBER,0,0,354,463,45,19,0,255,255,255,255,1,1,0,0,-1,46,988,0,245,
#DST_NUMBER,0,500,354,463,45,19,0,255,255,255,255,1,1,0,0,,,,,,

#ELSEIF,995,32

//Extended,FAST,SLOW,TYPE A,PGREAT,,,,,,,,,,,,,,,,,
//SRC定義,(null),gr,x,y,w,h,div_x,div_y,cycle,timer,num,align,keta,,,,,,,
#SRC_NUMBER,0,12,1,484,144,38,12,2,0,0,201,0,4,,,,,,,,
#DST_NUMBER,0,0,212,327,12,19,0,255,255,255,255,1,01,0,0,-1,46,985,35,241,
#DST_NUMBER,0,500,212,327,12,19,0,255,255,255,255,1,1,0,0,,,,,,
//Extended,FAST,SLOW,TYPE A,NOT PGREAT,,,,,,,,,,,,,,,,,
//SRC定義,(null),gr,x,y,w,h,div_x,div_y,cycle,timer,num,align,keta,,,,,,,
#SRC_NUMBER,0,12,1,522,144,38,12,2,0,0,201,0,4,,,,,,,,
#DST_NUMBER,0,0,212,327,12,19,0,255,255,255,255,1,01,0,0,-1,46,985,35,!241,
#DST_NUMBER,0,500,212,327,12,19,0,255,255,255,255,1,1,0,0,,,,,,

//Extended,FAST,SLOW,TYPE A,PGREAT,,,,,,,,,,,,,,,,,
//SRC定義,(null),gr,x,y,w,h,div_x,div_y,cycle,timer,num,align,keta,,,,,,,
#SRC_NUMBER,0,12,1,484,144,38,12,2,0,0,201,0,4,,,,,,,,
#DST_NUMBER,0,0,167,327,12,19,0,255,255,255,255,1,01,0,0,-1,46,985,!35,241,
#DST_NUMBER,0,500,167,327,12,19,0,255,255,255,255,1,1,0,0,,,,,,
//Extended,FAST,SLOW,TYPE A,NOT PGREAT,,,,,,,,,,,,,,,,,
//SRC定義,(null),gr,x,y,w,h,div_x,div_y,cycle,timer,num,align,keta,,,,,,,
#SRC_NUMBER,0,12,1,522,144,38,12,2,0,0,201,0,4,,,,,,,,
#DST_NUMBER,0,0,167,327,12,19,0,255,255,255,255,1,01,0,0,-1,46,985,!35,!241,
#DST_NUMBER,0,500,167,327,12,19,0,255,255,255,255,1,1,0,0,,,,,,

//Extended,FAST,SLOW,TYPE B,PGREAT,,,,,,,,,,,,,,,,,
//SRC定義,(null),gr,x,y,w,h,div_x,div_y,cycle,timer,num,align,keta,,,,,,,
#SRC_NUMBER,0,12,1,484,144,38,12,2,0,0,201,0,4,,,,,,,,
#DST_NUMBER,0,0,212,410,12,19,0,255,255,255,255,1,01,0,0,-1,46,986,36,241,
#DST_NUMBER,0,500,212,410,12,19,0,255,255,255,255,1,1,0,0,,,,,,
//Extended,FAST,SLOW,TYPE B,NOT PGREAT,,,,,,,,,,,,,,,,,
//SRC定義,(null),gr,x,y,w,h,div_x,div_y,cycle,timer,num,align,keta,,,,,,,
#SRC_NUMBER,0,12,1,522,144,38,12,2,0,0,201,0,4,,,,,,,,
#DST_NUMBER,0,0,212,410,12,19,0,255,255,255,255,1,01,0,0,-1,46,986,36,!241,
#DST_NUMBER,0,500,212,410,12,19,0,255,255,255,255,1,1,0,0,,,,,,

//Extended,FAST,SLOW,TYPE B,PGREAT,,,,,,,,,,,,,,,,,
//SRC定義,(null),gr,x,y,w,h,div_x,div_y,cycle,timer,num,align,keta,,,,,,,
#SRC_NUMBER,0,12,1,484,144,38,12,2,0,0,201,0,4,,,,,,,,
#DST_NUMBER,0,0,167,410,12,19,0,255,255,255,255,1,01,0,0,-1,46,986,!36,241,
#DST_NUMBER,0,500,167,410,12,19,0,255,255,255,255,1,1,0,0,,,,,,
//Extended,FAST,SLOW,TYPE B,NOT PGREAT,,,,,,,,,,,,,,,,,
//SRC定義,(null),gr,x,y,w,h,div_x,div_y,cycle,timer,num,align,keta,,,,,,,
#SRC_NUMBER,0,12,1,522,144,38,12,2,0,0,201,0,4,,,,,,,,
#DST_NUMBER,0,0,167,410,12,19,0,255,255,255,255,1,01,0,0,-1,46,986,!36,!241,
#DST_NUMBER,0,500,167,410,12,19,0,255,255,255,255,1,1,0,0,,,,,,

//Extended,FAST,SLOW,TYPE C,PGREAT,,,,,,,,,,,,,,,,,
//SRC定義,(null),gr,x,y,w,h,div_x,div_y,cycle,timer,num,align,keta,,,,,,,
#SRC_NUMBER,0,12,1,484,144,38,12,2,0,0,201,0,4,,,,,,,,
#DST_NUMBER,0,0,352,350,12,19,0,255,255,255,255,1,01,0,0,-1,46,987,0,241,
#DST_NUMBER,0,500,352,350,12,19,0,255,255,255,255,1,1,0,0,,,,,,
//Extended,FAST,SLOW,TYPE C,NOT PGREAT,,,,,,,,,,,,,,,,,
//SRC定義,(null),gr,x,y,w,h,div_x,div_y,cycle,timer,num,align,keta,,,,,,,
#SRC_NUMBER,0,12,1,522,144,38,12,2,0,0,201,0,4,,,,,,,,
#DST_NUMBER,0,0,352,350,12,19,0,255,255,255,255,1,01,0,0,-1,46,987,0,!241,
#DST_NUMBER,0,500,352,350,12,19,0,255,255,255,255,1,1,0,0,,,,,,

//Extended,FAST,SLOW,TYPE IIDX C,PGREAT,,,,,,,,,,,,,,,,,
//SRC定義,(null),gr,x,y,w,h,div_x,div_y,cycle,timer,num,align,keta,,,,,,,
#SRC_NUMBER,0,12,1,484,144,38,12,2,0,0,201,0,4,,,,,,,,
#DST_NUMBER,0,0,352,463,12,19,0,255,255,255,255,1,01,0,0,-1,46,988,0,241,
#DST_NUMBER,0,500,352,463,12,19,0,255,255,255,255,1,1,0,0,,,,,,
//Extended,FAST,SLOW,TYPE IIDX C,NOT PGREAT,,,,,,,,,,,,,,,,,
//SRC定義,(null),gr,x,y,w,h,div_x,div_y,cycle,timer,num,align,keta,,,,,,,
#SRC_NUMBER,0,12,1,522,144,38,12,2,0,0,201,0,4,,,,,,,,
#DST_NUMBER,0,0,352,463,12,19,0,255,255,255,255,1,01,0,0,-1,46,988,0,!241,
#DST_NUMBER,0,500,352,463,12,19,0,255,255,255,255,1,1,0,0,,,,,,

#ENDIF

//タイトルとか表示,,,,,,,,,,,,,,,,,,,,

//READY,,,,,,,,,,,,,,,,,,,,
//ベース,,,,,,,,,,,,,,,,,,,,
//option81 ロード完了,,,,,,,,,,,,,,,,,,,,
//timer40 READY,,,,,,,,,,,,,,,,,,,,
//SRC定義,(NULL),gr,x,y,w,h,div_x,div_y,cycle,timer,op1,op2,op3,,,,,,,
#SRC_IMAGE,0,12,116,134,216,68,1,2,120,,,,,,,,,,,
//DST定義,(NULL),time,x,y,w,h,acc,a,r,g,b,blend,filter,angle,center,loop,timer,op1,op2,op3
#DST_IMAGE,0,0,89,383,216,34,0,0,255,255,255,1,1,0,0,-1,40,0,0,0
#DST_IMAGE,0,100,89,383,216,34,0,255,255,255,255,1,1,0,0,,,,,
#DST_IMAGE,0,900,89,383,216,34,0,255,255,255,255,1,1,0,0,,,,,
#DST_IMAGE,0,1000,89,393,216,34,0,0,255,255,255,1,1,0,0,,,,,


//READY,,,,,,,,,,,,,,,,,,,,

//SRC定義,(NULL),gr,x,y,w,h,div_x,div_y,cycle,timer,op1,op2,op3,,,,,,,
#SRC_IMAGE,0,2,0,2548,244,221,1,1,0,,,,,,,,,,,
//DST定義,(NULL),time,x,y,w,h,acc,a,r,g,b,blend,filter,angle,center,loop,timer,op1,op2,op3
#DST_IMAGE,0,1200,72,177,244,221,0,0,255,255,255,1,1,0,0,1400,0,80,0,0
#DST_IMAGE,0,1400,72,177,244,221,0,255,255,255,255,1,1,0,0,3600,,,,
#DST_IMAGE,0,2200,72,177,244,221,0,255,255,255,255,1,1,0,0,,,,,
#DST_IMAGE,0,3000,72,177,244,221,0,80,255,255,255,1,1,0,0,,,,,
#DST_IMAGE,0,3600,72,177,244,221,0,255,255,255,255,1,1,0,0,,,,,

//フェードアウト層,,,,,,,,,,,,,,,,,,,,

//フェードイン,,,,,,,,,,,,,,,,,,,,
//SRC定義,(NULL),gr,x,y,w,h,div_x,div_y,cycle,timer,op1,op2,op3,,,,,,,
#SRC_IMAGE,0,12,13,1,1,1,1,1,0,0,0,0,0,,,,,,,
//DST定義,(NULL),time,x,y,w,h,acc,a,r,g,b,blend,filter,angle,center,loop,timer,op1,op2,op3
#DST_IMAGE,0,0,0,0,1280,720,0,255,255,255,255,1,0,0,0,250,0,0,0,0
#DST_IMAGE,0,250,0,0,1280,720,0,0,255,255,255,1,0,0,0,,,,,

//フェードアウト,,,,,,,,,,,,,,,,,,,,
//timer = 2,,,,,,,,,,,,,,,,,,,,
//SRC定義,(NULL),gr,x,y,w,h,div_x,div_y,cycle,timer,op1,op2,op3,,,,,,,
#SRC_IMAGE,0,12,13,1,1,1,1,1,0,2,0,0,0,,,,,,,
//DST定義,(NULL),time,x,y,w,h,acc,a,r,g,b,blend,filter,angle,center,loop,timer,op1,op2,op3
#DST_IMAGE,0,0,0,0,1280,720,0,0,255,255,255,1,0,0,0,500,2,0,0,0
#DST_IMAGE,0,500,0,0,1280,720,0,255,255,255,255,1,0,0,0,,,,,

//閉店,,,,,,,,,,,,,,,,,,,,
//timer = 3,,,,,,,,,,,,,,,,,,,,

//裏地,,,,,,,,,,,,,,,,,,,,
//SRC定義,(NULL),gr,x,y,w,h,div_x,div_y,cycle,timer,op1,op2,op3,,,,,,,
#SRC_IMAGE,0,111,0,0,1,1,1,1,0,0,0,0,0,,,,,,,
//DST定義,(NULL),time,x,y,w,h,acc,a,r,g,b,blend,filter,angle,center,loop,timer,op1,op2,op3
#DST_IMAGE,0,1100,0,0,1280,720,0,255,255,255,255,1,0,0,0,1100,3,0,0,0

//上段4裏,,,,,,,,,,,,,,,,,,,,
//SRC定義,(NULL),gr,x,y,w,h,div_x,div_y,cycle,timer,op1,op2,op3,,,,,,,
#SRC_IMAGE,0,11,0,498,1680,157,1,1,0,3,0,0,0,,,,,,,
//DST定義,(NULL),time,x,y,w,h,acc,a,r,g,b,blend,filter,angle,center,loop,timer,op1,op2,op3
#DST_IMAGE,0,1001,-200,219,1680,157,0,200,255,255,255,1,0,0,0,1001,3,0,0,0

//上段3裏,,,,,,,,,,,,,,,,,,,,
//SRC定義,(NULL),gr,x,y,w,h,div_x,div_y,cycle,timer,op1,op2,op3,,,,,,,
#SRC_IMAGE,0,11,0,301,1680,196,1,1,0,3,0,0,0,,,,,,,
//DST定義,(NULL),time,x,y,w,h,acc,a,r,g,b,blend,filter,angle,center,loop,timer,op1,op2,op3
#DST_IMAGE,0,1001,-200,140,1680,196,0,200,255,255,255,1,0,0,0,1001,3,0,0,0

//下段3裏,,,,,,,,,,,,,,,,,,,,
//SRC定義,(NULL),gr,x,y,w,h,div_x,div_y,cycle,timer,op1,op2,op3,,,,,,,
#SRC_IMAGE,0,11,0,816,1680,182,1,1,0,3,0,0,0,,,,,,,
//DST定義,(NULL),time,x,y,w,h,acc,a,r,g,b,blend,filter,angle,center,loop,timer,op1,op2,op3
#DST_IMAGE,0,1001,-200,358,1680,182,0,200,255,255,255,1,0,0,0,1001,3,0,0,0

//下段4裏,,,,,,,,,,,,,,,,,,,,
//SRC定義,(NULL),gr,x,y,w,h,div_x,div_y,cycle,timer,op1,op2,op3,,,,,,,
#SRC_IMAGE,0,11,0,656,1680,159,1,1,0,3,0,0,0,,,,,,,
//DST定義,(NULL),time,x,y,w,h,acc,a,r,g,b,blend,filter,angle,center,loop,timer,op1,op2,op3
#DST_IMAGE,0,1001,-200,302,1680,159,0,200,255,255,255,1,0,0,0,1001,3,0,0,0

//上段4,,,,,,,,,,,,,,,,,,,,
//SRC定義,(NULL),gr,x,y,w,h,div_x,div_y,cycle,timer,op1,op2,op3,,,,,,,
#SRC_IMAGE,0,11,0,498,1680,157,1,1,0,3,0,0,0,,,,,,,
//DST定義,(NULL),time,x,y,w,h,acc,a,r,g,b,blend,filter,angle,center,loop,timer,op1,op2,op3
#DST_IMAGE,0,750,-352,67,1680,157,0,255,255,255,255,1,0,0,0,2833,3,0,0,0
#DST_IMAGE,0,833,-278,141,1680,157,0,255,255,255,255,1,0,0,0,,,,,
#DST_IMAGE,0,933,-216,203,1680,157,0,255,255,255,255,1,0,0,0,,,,,
#DST_IMAGE,0,966,-204,215,1680,157,0,255,255,255,255,1,0,0,0,,,,,
#DST_IMAGE,0,983,-201,218,1680,157,0,255,255,255,255,1,0,0,0,,,,,
#DST_IMAGE,0,1000,-200,219,1680,157,0,255,255,255,255,1,0,0,0,,,,,
#DST_IMAGE,0,1166,-200,219,1680,157,0,255,255,255,255,1,0,0,0,,,,,
#DST_IMAGE,0,2833,-84,219,1680,157,0,255,255,255,255,1,0,0,0,,,,,

//上段3,,,,,,,,,,,,,,,,,,,,
//SRC定義,(NULL),gr,x,y,w,h,div_x,div_y,cycle,timer,op1,op2,op3,,,,,,,
#SRC_IMAGE,0,11,0,301,1680,196,1,1,0,3,0,0,0,,,,,,,
//DST定義,(NULL),time,x,y,w,h,acc,a,r,g,b,blend,filter,angle,center,loop,timer,op1,op2,op3
#DST_IMAGE,0,533,-394,-54,1680,196,0,255,255,255,255,1,0,0,0,2717,3,0,0,0
#DST_IMAGE,0,666,-275,65,1680,196,0,255,255,255,255,1,0,0,0,,,,,
#DST_IMAGE,0,766,-215,125,1680,196,0,255,255,255,255,1,0,0,0,,,,,
#DST_IMAGE,0,800,-204,136,1680,196,0,255,255,255,255,1,0,0,0,,,,,
#DST_IMAGE,0,816,-201,139,1680,196,0,255,255,255,255,1,0,0,0,,,,,
#DST_IMAGE,0,833,-200,140,1680,196,0,255,255,255,255,1,0,0,0,,,,,
#DST_IMAGE,0,1516,-200,140,1680,196,0,255,255,255,255,1,0,0,0,,,,,
#DST_IMAGE,0,2000,-214,126,1680,196,0,200,255,255,255,1,0,0,0,,,,,
#DST_IMAGE,0,2717,-231,109,1680,196,0,200,255,255,255,1,0,0,0,,,,,

//上段2,,,,,,,,,,,,,,,,,,,,
//SRC定義,(NULL),gr,x,y,w,h,div_x,div_y,cycle,timer,op1,op2,op3,,,,,,,
#SRC_IMAGE,0,11,0,133,1680,167,1,1,0,3,0,0,0,,,,,,,
//DST定義,(NULL),time,x,y,w,h,acc,a,r,g,b,blend,filter,angle,center,loop,timer,op1,op2,op3
#DST_IMAGE,0,383,-351,-110,1680,167,0,255,255,255,255,1,0,0,0,666,3,0,0,0
#DST_IMAGE,0,500,-275,-24,1680,167,0,255,255,255,255,1,0,0,0,,,,,
#DST_IMAGE,0,600,-215,36,1680,167,0,255,255,255,255,1,0,0,0,,,,,
#DST_IMAGE,0,633,-204,47,1680,167,0,255,255,255,255,1,0,0,0,,,,,
#DST_IMAGE,0,650,-201,50,1680,167,0,255,255,255,255,1,0,0,0,,,,,
#DST_IMAGE,0,666,-200,51,1680,167,0,255,255,255,255,1,0,0,0,,,,,

//上段1,,,,,,,,,,,,,,,,,,,,
//SRC定義,(NULL),gr,x,y,w,h,div_x,div_y,cycle,timer,op1,op2,op3,,,,,,,
#SRC_IMAGE,0,11,0,0,1680,132,1,1,0,3,0,0,0,,,,,,,
//DST定義,(NULL),time,x,y,w,h,acc,a,r,g,b,blend,filter,angle,center,loop,timer,op1,op2,op3
#DST_IMAGE,0,283,-315,-115,1680,132,0,255,255,255,255,1,0,0,0,500,3,0,0,0
#DST_IMAGE,0,333,-275,-74,1680,132,0,255,255,255,255,1,0,0,0,,,,,
#DST_IMAGE,0,433,-215,-15,1680,132,0,255,255,255,255,1,0,0,0,,,,,
#DST_IMAGE,0,466,-204,-4,1680,132,0,255,255,255,255,1,0,0,0,,,,,
#DST_IMAGE,0,483,-201,-1,1680,132,0,255,255,255,255,1,0,0,0,,,,,
#DST_IMAGE,0,500,-200,0,1680,132,0,255,255,255,255,1,0,0,0,,,,,

//下段1,,,,,,,,,,,,,,,,,,,,
//SRC定義,(NULL),gr,x,y,w,h,div_x,div_y,cycle,timer,op1,op2,op3,,,,,,,
#SRC_IMAGE,0,11,0,1226,1680,164,1,1,0,3,0,0,0,,,,,,,
//DST定義,(NULL),time,x,y,w,h,acc,a,r,g,b,blend,filter,angle,center,loop,timer,op1,op2,op3
#DST_IMAGE,0,233,-39,717,1680,164,0,255,255,255,255,1,0,0,0,500,3,0,0,0
#DST_IMAGE,0,333,-126,630,1680,164,0,255,255,255,255,1,0,0,0,,,,,
#DST_IMAGE,0,433,-185,571,1680,164,0,255,255,255,255,1,0,0,0,,,,,
#DST_IMAGE,0,466,-196,560,1680,164,0,255,255,255,255,1,0,0,0,,,,,
#DST_IMAGE,0,483,-199,557,1680,164,0,255,255,255,255,1,0,0,0,,,,,
#DST_IMAGE,0,500,-200,556,1680,164,0,255,255,255,255,1,0,0,0,,,,,

//下段2,,,,,,,,,,,,,,,,,,,,
//SRC定義,(NULL),gr,x,y,w,h,div_x,div_y,cycle,timer,op1,op2,op3,,,,,,,
#SRC_IMAGE,0,11,0,999,1680,226,1,1,0,3,0,0,0,,,,,,,
//DST定義,(NULL),time,x,y,w,h,acc,a,r,g,b,blend,filter,angle,center,loop,timer,op1,op2,op3
#DST_IMAGE,0,316,45,703,1680,226,0,255,255,255,255,1,0,0,0,666,3,0,0,0
#DST_IMAGE,0,500,-126,532,1680,226,0,255,255,255,255,1,0,0,0,,,,,
#DST_IMAGE,0,600,-185,473,1680,226,0,255,255,255,255,1,0,0,0,,,,,
#DST_IMAGE,0,633,-196,462,1680,226,0,255,255,255,255,1,0,0,0,,,,,
#DST_IMAGE,0,650,-199,459,1680,226,0,255,255,255,255,1,0,0,0,,,,,
#DST_IMAGE,0,666,-200,458,1680,226,0,255,255,255,255,1,0,0,0,,,,,

//下段4,,,,,,,,,,,,,,,,,,,,
//SRC定義,(NULL),gr,x,y,w,h,div_x,div_y,cycle,timer,op1,op2,op3,,,,,,,
#SRC_IMAGE,0,11,0,656,1680,159,1,1,0,3,0,0,0,,,,,,,
//DST定義,(NULL),time,x,y,w,h,acc,a,r,g,b,blend,filter,angle,center,loop,timer,op1,op2,op3
#DST_IMAGE,0,516,205,707,1680,159,0,255,255,255,255,1,0,0,0,2833,3,0,0,0
#DST_IMAGE,0,833,-122,380,1680,159,0,255,255,255,255,1,0,0,0,,,,,
#DST_IMAGE,0,933,-184,317,1680,159,0,255,255,255,255,1,0,0,0,,,,,
#DST_IMAGE,0,966,-196,306,1680,159,0,255,255,255,255,1,0,0,0,,,,,
#DST_IMAGE,0,983,-199,303,1680,159,0,255,255,255,255,1,0,0,0,,,,,
#DST_IMAGE,0,1000,-200,302,1680,159,0,255,255,255,255,1,0,0,0,,,,,
#DST_IMAGE,0,1166,-200,302,1680,159,0,255,255,255,255,1,0,0,0,,,,,
#DST_IMAGE,0,2833,-316,302,1680,159,0,255,255,255,255,1,0,0,0,,,,,

//下段3,,,,,,,,,,,,,,,,,,,,
//SRC定義,(NULL),gr,x,y,w,h,div_x,div_y,cycle,timer,op1,op2,op3,,,,,,,
#SRC_IMAGE,0,11,0,816,1680,182,1,1,0,3,0,0,0,,,,,,,
//DST定義,(NULL),time,x,y,w,h,acc,a,r,g,b,blend,filter,angle,center,loop,timer,op1,op2,op3
#DST_IMAGE,0,383,152,710,1680,182,0,255,255,255,255,1,0,0,0,2717,3,0,0,0
#DST_IMAGE,0,666,-126,432,1680,182,0,255,255,255,255,1,0,0,0,,,,,
#DST_IMAGE,0,766,-185,373,1680,182,0,255,255,255,255,1,0,0,0,,,,,
#DST_IMAGE,0,800,-196,362,1680,182,0,255,255,255,255,1,0,0,0,,,,,
#DST_IMAGE,0,816,-199,359,1680,182,0,255,255,255,255,1,0,0,0,,,,,
#DST_IMAGE,0,833,-200,358,1680,182,0,255,255,255,255,1,0,0,0,,,,,
#DST_IMAGE,0,1516,-200,358,1680,182,0,255,255,255,255,1,0,0,0,,,,,
#DST_IMAGE,0,2000,-186,372,1680,182,0,200,255,255,255,1,0,0,0,,,,,
#DST_IMAGE,0,2717,-170,388,1680,182,0,200,255,255,255,1,0,0,0,,,,,

//グラデ,,,,,,,,,,,,,,,,,,,,
//SRC定義,(NULL),gr,x,y,w,h,div_x,div_y,cycle,timer,op1,op2,op3,,,,,,,
#SRC_IMAGE,0,11,1681,455,1,298,1,1,0,3,0,0,0,,,,,,,
//DST定義,(NULL),time,x,y,w,h,acc,a,r,g,b,blend,filter,angle,center,loop,timer,op1,op2,op3
#DST_IMAGE,0,1000,0,359,1280,298,0,0,255,255,255,1,0,0,0,1516,3,0,0,0
#DST_IMAGE,0,1516,0,359,1280,298,0,100,255,255,255,1,0,0,0,,,,,

//中央,,,,,,,,,,,,,,,,,,,,
//SRC定義,(NULL),gr,x,y,w,h,div_x,div_y,cycle,timer,op1,op2,op3,,,,,,,
#SRC_IMAGE,0,11,0,1391,1921,201,1,1,0,3,0,0,0,,,,,,,
//DST定義,(NULL),time,x,y,w,h,acc,a,r,g,b,blend,filter,angle,center,loop,timer,op1,op2,op3
#DST_IMAGE,0,350,1188,274,1921,201,0,255,255,255,255,1,0,0,0,2800,3,0,0,0
#DST_IMAGE,0,516,151,274,1921,201,0,255,255,255,255,1,0,0,0,,,,,
#DST_IMAGE,0,600,-222,274,1921,201,0,255,255,255,255,1,0,0,0,,,,,
#DST_IMAGE,0,633,-312,274,1921,201,0,255,255,255,255,1,0,0,0,,,,,
#DST_IMAGE,0,650,-338,274,1921,201,0,255,255,255,255,1,0,0,0,,,,,
#DST_IMAGE,0,666,-347,274,1921,201,0,255,255,255,255,1,0,0,0,,,,,
#DST_IMAGE,0,1166,-306,274,1921,201,0,255,255,255,255,1,0,0,0,,,,,
#DST_IMAGE,0,2000,-239,274,1921,201,0,150,255,255,255,1,0,0,0,,,,,
#DST_IMAGE,0,2800,-175,274,1921,201,0,150,255,255,255,1,0,0,0,,,,,


//"STAGE FAILED"残像,,,,,,,,,,,,,,,,,,,,
//SRC定義,(NULL),gr,x,y,w,h,div_x,div_y,cycle,timer,op1,op2,op3,,,,,,,
#SRC_IMAGE,0,11,1681,330,732,33,1,1,0,3,0,0,0,,,,,,,
//DST定義,(NULL),time,x,y,w,h,acc,a,r,g,b,blend,filter,angle,center,loop,timer,op1,op2,op3
#DST_IMAGE,0,1016,306,344,732,33,0,70,255,255,255,1,0,0,0,-1,3,0,0,0
#DST_IMAGE,0,1100,311,348,732,33,0,70,255,255,255,1,0,0,0
#DST_IMAGE,0,1216,302,342,732,33,0,70,255,255,255,1,0,0,0
#DST_IMAGE,0,1250,301,344,732,33,0,70,255,255,255,1,0,0,0
#DST_IMAGE,0,1333,301,348,732,33,0,70,255,255,255,1,0,0,0
#DST_IMAGE,0,1383,303,350,732,33,0,70,255,255,255,1,0,0,0
#DST_IMAGE,0,1433,306,347,732,33,0,70,255,255,255,1,0,0,0
#DST_IMAGE,0,1550,308,341,732,33,0,70,255,255,255,1,0,0,0
#DST_IMAGE,0,1600,303,341,732,33,0,70,255,255,255,1,0,0,0
#DST_IMAGE,0,1633,299,343,732,33,0,70,255,255,255,1,0,0,0
#DST_IMAGE,0,1783,308,347,732,33,0,70,255,255,255,1,0,0,0
#DST_IMAGE,0,1867,310,339,732,33,0,70,255,255,255,1,0,0,0
#DST_IMAGE,0,2017,311,353,732,33,0,70,255,255,255,1,0,0,0
#DST_IMAGE,0,2167,314,341,732,33,0,70,255,255,255,1,0,0,0
#DST_IMAGE,0,2217,315,346,732,33,0,70,255,255,255,1,0,0,0
#DST_IMAGE,0,2233,314,347,732,33,0,70,255,255,255,1,0,0,0
#DST_IMAGE,0,2350,300,339,732,33,0,70,255,255,255,1,0,0,0
#DST_IMAGE,0,2433,312,348,732,33,0,70,255,255,255,1,0,0,0
#DST_IMAGE,0,2517,308,339,732,33,0,70,255,255,255,1,0,0,0
#DST_IMAGE,0,2617,300,339,732,33,0,70,255,255,255,1,0,0,0
#DST_IMAGE,0,2733,299,353,732,33,0,70,255,255,255,1,0,0,0

//"STAGE FAILED",,,,,,,,,,,,,,,,,,,,
//SRC定義,(NULL),gr,x,y,w,h,div_x,div_y,cycle,timer,op1,op2,op3,,,,,,,
#SRC_IMAGE,0,11,1681,0,732,330,1,10,452,3,0,0,0,,,,,,,
//DST定義,(NULL),time,x,y,w,h,acc,a,r,g,b,blend,filter,angle,center,loop,timer,op1,op2,op3
#DST_IMAGE,0,500,288,344,732,33,0,255,255,255,255,1,0,0,0,-1,3,0,0,0
#DST_IMAGE,0,800,306,344,732,33,0,255,255,255,255,1,0,0,0,,,,,
#DST_IMAGE,0,950,306,344,732,33,0,255,255,255,255,1,0,0,0,,,,,
//SRC定義,(NULL),gr,x,y,w,h,div_x,div_y,cycle,timer,op1,op2,op3,,,,,,,
#SRC_IMAGE,0,11,1681,297,732,33,1,1,0,3,0,0,0,,,,,,,
//DST定義,(NULL),time,x,y,w,h,acc,a,r,g,b,blend,filter,angle,center,loop,timer,op1,op2,op3
#DST_IMAGE,0,950,306,344,732,33,0,255,255,255,255,1,0,0,0,950,3,0,0,0

//"E",,,,,,,,,,,,,,,,,,,,
//SRC定義,(NULL),gr,x,y,w,h,div_x,div_y,cycle,timer,op1,op2,op3,,,,,,,
#SRC_IMAGE,0,11,2193,330,28,32,1,1,0,3,0,0,0,,,,,,,
//DST定義,(NULL),time,x,y,w,h,acc,a,r,g,b,blend,filter,angle,center,loop,timer,op1,op2,op3
#DST_IMAGE,0,950,820,344,28,32,0,255,255,255,255,1,0,0,0,2000,3,0,0,0
#DST_IMAGE,0,1667,820,344,28,32,0,255,255,255,255,1,0,0,0
#DST_IMAGE,0,2000,820,344,28,32,0,255,255,255,255,1,0,0,0
//"ППП",,,,,,,,,,,,,,,,,,,,
//SRC定義,(NULL),gr,x,y,w,h,div_x,div_y,cycle,timer,op1,op2,op3,,,,,,,
#SRC_IMAGE,0,11,0,1593,1600,5,1,1,0,3,0,0,0,,,,,,,
//DST定義,(NULL),time,x,y,w,h,acc,a,r,g,b,blend,filter,angle,center,loop,timer,op1,op2,op3
#DST_IMAGE,0,500,-151,384,1600,5,0,0,255,255,255,1,0,0,0,-1,3,0,0,0
#DST_IMAGE,0,800,-161,384,1600,5,0,50,255,255,255,1,0,0,0
#DST_IMAGE,0,1000,-155,384,1600,5,0,100,255,255,255,1,0,0,0
#DST_IMAGE,0,1500,-65,384,1600,5,0,100,255,255,255,1,0,0,0
#DST_IMAGE,0,4167,-225,384,1600,5,0,100,255,255,255,1,0,0,0

//フェードアウト,,,,,,,,,,,,,,,,,,,,
//SRC定義,(NULL),gr,x,y,w,h,div_x,div_y,cycle,timer,op1,op2,op3,,,,,,,
#SRC_IMAGE,0,110,0,0,1,1,1,1,0,3,0,0,0,,,,,,,
//DST定義,(NULL),time,x,y,w,h,acc,a,r,g,b,blend,filter,angle,center,loop,timer,op1,op2,op3
#DST_IMAGE,0,2000,0,0,1280,720,0,0,255,255,255,1,0,0,0,2800,3,0,0,0
#DST_IMAGE,0,2800,0,0,1280,720,0,255,255,255,255,1,0,0,0,,,,,

//フェード,,,,,,,,,,,,,,,,,,,,
//SRC定義,(NULL),gr,x,y,w,h,div_x,div_y,cycle,timer,op1,op2,op3,,,,,,,
#SRC_IMAGE,0,12,13,1,1,1,1,1,0,2,0,0,0,,,,,,,
//DST定義,(NULL),time,x,y,w,h,acc,a,r,g,b,blend,filter,angle,center,loop,timer,op1,op2,op3
#DST_IMAGE,0,1500,0,0,1280,720,0,0,255,255,255,1,0,0,0,2500,3,0,0,0
#DST_IMAGE,0,2500,0,0,1280,720,0,255,255,255,255,1,0,0,0,,,,,


//SRC定義,(NULL),gr,x,y,w,h,div_x,div_y,cycle,timer,op1,op2,op3,,,,,,,
#SRC_IMAGE,0,27,0,720,748,720,1,1,0,0,0,0,0,,,,,,,
//DST定義,(NULL),time,x,y,w,h,acc,a,r,g,b,blend,filter,angle,center,loop,timer,op1,op2,op3
#DST_IMAGE,0,0,532,0,748,720,0,255,255,255,255,1,0,0,5,500,0,0,0,0
#DST_IMAGE,0,100,532,0,748,720,0,255,255,255,255,1,0,0,0,,,,,
#DST_IMAGE,0,500,1251,720,748,720,0,255,255,255,255,1,0,0,0,,,,,


//SRC定義,(NULL),gr,x,y,w,h,div_x,div_y,cycle,timer,op1,op2,op3,,,,,,,
#SRC_IMAGE,0,27,0,0,899,720,1,1,0,0,0,0,0,,,,,,,
//DST定義,(NULL),time,x,y,w,h,acc,a,r,g,b,blend,filter,angle,center,loop,timer,op1,op2,op3
#DST_IMAGE,0,0,0,0,899,720,0,255,255,255,255,1,0,0,5,500,0,0,0,0
#DST_IMAGE,0,100,0,0,899,720,0,255,255,255,255,1,0,0,0,,,,,
#DST_IMAGE,0,500,-719,-719,899,720,0,255,255,255,255,1,0,0,0,,,,,
