#ENDOFHEADER,,,

//スクラッチ位置。0は左、1は右。デフォルトは0,1,,
//sc side,1P,2P,
#SCRATCHSIDE,0,0,

//#FLIPRESULT命令は使用すると一部リザルトスキンでバグが発生するので極力使わないように,,,

//[透過色設定],,,
//必要無くても必ず設定して下さい。(なんかライブラリの仕様でオフに出来ないみたいなので,,,
//透過色,R,G,B
#TRANSCOLOR,0,255,0


//[入力開始時間],,,
//入力開始時間,ms,,
#STARTINPUT,300,,


//[演奏開始時間],,,
//LOADSTART シーン開始から曲ロード開始までの時間,,,
//LOADEND ロード開始からロード終了までの最低時間(ロード時間が長ければそれだけ遅れます,
//PLAYSTART ロード終了から曲開始までの時間,

#LOADSTART,0
#LOADEND,3000
#PLAYSTART,1500


//[フェードアウト時間],
//フェードアウト時にこの時間が過ぎると次のシーンに移行します。,
#FADEOUT,550

//[閉店時間],
#CLOSE,2050


//[画像定義],,,,
//画像定義,filename,,,
#IMAGE,.\LR2files\Theme\EndlessCirculation\P-Play\parts.png,,, //0
#IF,910
#IMAGE,.\LR2files\Theme\EndlessCirculation\P-Play\frame\*\main2.png,,, //1
#ELSEIF,911
#IMAGE,.\LR2files\Theme\EndlessCirculation\P-Play\frame\*\main.png,,, 
#ENDIF
#IMAGE,.\LR2files\Theme\EndlessCirculation\P-Play\close.png,,, //2
#IMAGE,.\LR2files\Theme\EndlessCirculation\P-Play\back\*.png,,, //3
#IMAGE,.\LR2files\Theme\EndlessCirculation\P-Play\bomb\*.png,,, //4
#IMAGE,.\LR2files\Theme\EndlessCirculation\P-Play\ec_gauge_bg.png,,, //5
#IMAGE,.\LR2files\Theme\EndlessCirculation\P-Play\fullcombo.png,,, //6
#IMAGE,.\LR2files\Theme\EndlessCirculation\P-Play\dummy.png,,, //7
#IMAGE,.\LR2files\Theme\EndlessCirculation\P-Play\lanecover\*.png,,, //8
#IMAGE,.\LR2files\Theme\EndlessCirculation\P-Play\Laser\*.png,,, //9
#IMAGE,.\LR2files\Theme\EndlessCirculation\P-Play\mask.png,,, //10
#IF,910
#IMAGE,.\LR2files\Theme\EndlessCirculation\P-Play\BG\*.png,,, //11
#ELSEIF,911
#IMAGE,.dummy
#ENDIF
#IMAGE,.\LR2files\Theme\EndlessCirculation\P-Play\CBG\*.png,,, //12
#IMAGE,.\LR2files\Theme\EndlessCirculation\P-Play\Character\1P\*.png,,, //13
#IMAGE,.\LR2files\Theme\EndlessCirculation\P-Play\Character\2P\*.png,,, //14
#IMAGE,.\LR2files\Theme\EndlessCirculation\P-Play\Rank\Rank.png,,, //15
#IMAGE,.\LR2files\Theme\EndlessCirculation\Play\_parts\parts.png,"//16
#IMAGE,.\LR2files\Theme\EndlessCirculation\P-Play\Lane.png,"//17
#IMAGE,.dummy
#IMAGE,.dummy
#IMAGE,.dummy
#IMAGE,.dummy
#IMAGE,.dummy
#IF,100,,,,,,,,,,
#IMAGE,.\LR2files\Theme\EndlessCirculation\Play\ClearData\NOPLAY.png,,,,,,,,,,//23
#ELSEIF,101,,,,,,,,,,
#IMAGE,.\LR2files\Theme\EndlessCirculation\Play\ClearData\FAILED.png,,,,,,,,,,//23
#ELSEIF,102,,,,,,,,,,
#IMAGE,.\LR2files\Theme\EndlessCirculation\Play\ClearData\EASYCLEAR.png,,,,,,,,,,//23
#ELSEIF,103,,,,,,,,,,
#IMAGE,.\LR2files\Theme\EndlessCirculation\Play\ClearData\CLEAR.png,,,,,,,,,,//23
#ELSEIF,104,,,,,,,,,,
#IMAGE,.\LR2files\Theme\EndlessCirculation\Play\ClearData\HARDCLEAR.png,,,,,,,,,,//23
#ELSEIF,105,,,,,,,,,,
#IMAGE,.\LR2files\Theme\EndlessCirculation\Play\ClearData\FULLCOMBO.png,,,,,,,,,,//23
#ELSE,,,,,,,,,,,
#IMAGE,.\LR2files\Theme\EndlessCirculation\Play\ClearData\dummy.png,,,,,,,,,,//23
#ENDIF,,,,,,,,,,,
#IMAGE,.dummy
#IMAGE,.dummy
#IMAGE,.dummy
#IMAGE,CONTINUE,,,,,,,,,,//27

//ここより前にはIMAGE定義を追加しないでください。gr番号が変動しスキンが正常に表示されなくなります。





//RED BELT RESULT SKIN用クリアマーク画像分岐,

//他のリザルトスキン向けに分離しました,
//リザルトスキンと一緒に切り替えないと意味がないので切り替えオプションは今後も実装しません,
//なので読み込み画像の変更はresult_parts.csvを直接上書きする方向でお願いします,
//念のためデフォルトのresult_parts.csvのバックアップとセットで配布してください,

//option956 PLAY SKIN ON
//決定スキンとの判別用に使います。削除しないように。
#SETOPTION,956,1

#INCLUDE,LR2files\Theme\OA_DX+\setting\result_parts.csv

//ここまで
#ENDIF,

//[フォント定義],,,,
//,size,thick,type,name
#FONT,60,5,2,ＤＦＰPOPミックスW3
#FONT,15,5,2,ヒラギノ角ゴ7
#FONT,12,5,2,ヒラギノ角ゴ7

#LR2FONT,.\LR2files\Theme\EndlessCirculation\Play\font\00\font.lr2font,,,,,,,,,,,,,,,,,,,
#LR2FONT,.\LR2files\Theme\EndlessCirculation\Play\font\01\font.lr2font,,,,,,,,,,,,,,,,,,,
#LR2FONT,.\LR2files\Theme\EndlessCirculation\Play\font\02\font.lr2font,,,,,,,,,,,,,,,,,,,
#LR2FONT,.\LR2files\Theme\EndlessCirculation\Play\font\03\font.lr2font,,,,,,,,,,,,,,,,,,,
#LR2FONT,.\LR2files\Theme\EndlessCirculation\Play\font\04\font.lr2font,,,,,,,,,,,,,,,,,,,
#LR2FONT,.\LR2files\Theme\EndlessCirculation\Play\font\05\font.lr2font,,,,,,,,,,,,,,,,,,,
#LR2FONT,.\LR2files\Theme\EndlessCirculation\P-Play\font\lpex_frame\title_mini\font.lr2font,,,,


//[画像配置],,,,,,,,,,,,,,,,,,,,


///////////////////////////////////////////////////////////////////////,,,,,,,,,,,,,,,,,,,,
//BGA,,,,,,,,,,,,,,,,,,,,
//SRCはほとんど形式を共通にするためのダミーでしかありませんが、一応表示に関するオプションを設定できます。,,,,,,,,,,,,,,,,,,,,
//nobase,nolayer,nopoor 1にするとその階層のBGAは表示されません。,,,,,,,,,,,,,,,,,,



#IF,910,934
#SRC_IMAGE,0,11,0,0,1280,720,1,1,0,0,0,0,0,,,,,,,
//DST定義,(NULL),time,x,y,w,h,acc,a,r,g,b,blend,filter,angle,center,loop,timer,op1,op2,op3
#DST_IMAGE,0,200,0,0,1280,720,0,0,255,255,255,1,1,0,0,500,0,0,0,0
#DST_IMAGE,0,500,0,0,1280,720,0,255,255,255,255,1,1,0,0,,,,,
#ENDIF

#IF,932,910,190
#SRC_IMAGE,0,11,0,0,1280,720,1,1,0,0,0,0,0,,,,,,,
//DST定義,(NULL),time,x,y,w,h,acc,a,r,g,b,blend,filter,angle,center,loop,timer,op1,op2,op3
#DST_IMAGE,0,200,0,0,1280,720,0,0,255,255,255,1,1,0,0,500,0,0,0,0
#DST_IMAGE,0,500,0,0,1280,720,0,255,255,255,255,1,1,0,0,,,,,
#ENDIF

#IF,932,910,920
#SRC_IMAGE,0,100,0,0,-1,-1,1,1,0,0,0,0,0,,,,,,,
//DST定義,(NULL),time,x,y,w,h,acc,a,r,g,b,blend,filter,angle,center,loop,timer,op1,op2,op3
#DST_IMAGE,0,200,0,0,1280,720,0,0,255,255,255,1,1,0,0,500,0,0,0,0
#DST_IMAGE,0,500,0,0,1280,720,0,255,255,255,255,1,1,0,0,,,,,
#ELSEIF,921,932,910
#SRC_IMAGE,0,100,0,0,-1,-1,1,1,0,0,0,0,0,,,,,,,
//DST定義,(NULL),time,x,y,w,h,acc,a,r,g,b,blend,filter,angle,center,loop,timer,op1,op2,op3
#DST_IMAGE,0,200,160,0,960,720,0,0,255,255,255,1,1,0,0,500,0,0,0,0
#DST_IMAGE,0,500,160,0,960,720,0,255,255,255,255,1,1,0,0,,,,,
#ENDIF

#IF,933,910,920
#SRC_IMAGE,0,101,0,0,-1,-1,1,1,0,0,0,0,0,,,,,,,
//DST定義,(NULL),time,x,y,w,h,acc,a,r,g,b,blend,filter,angle,center,loop,timer,op1,op2,op3
#DST_IMAGE,0,200,0,0,1280,720,0,0,255,255,255,1,1,0,0,500,0,0,0,0
#DST_IMAGE,0,500,0,0,1280,720,0,255,255,255,255,1,1,0,0,,,,,
#ELSEIF,921,933,910
#SRC_IMAGE,0,101,0,0,-1,-1,1,1,0,0,0,0,0,,,,,,,
//DST定義,(NULL),time,x,y,w,h,acc,a,r,g,b,blend,filter,angle,center,loop,timer,op1,op2,op3
#DST_IMAGE,0,200,160,0,960,720,0,0,255,255,255,1,1,0,0,500,0,0,0,0
#DST_IMAGE,0,500,160,0,960,720,0,255,255,255,255,1,1,0,0,,,,,
#ENDIF

#IF,983
#SRC_IMAGE,0,110,0,0,1,1,1,1,0,0,0,0,0,,,,,,,
//DST定義,(NULL),time,x,y,w,h,acc,a,r,g,b,blend,filter,angle,center,loop,timer,op1,op2,op3
#DST_IMAGE,0,100,0,0,1280,720,0,255,255,255,255,0,0,0,0,0,0,0,0,0

//でかい,,,,,,,,,,,,,,,,,,,,
//SRC定義,(NULL),(NULL),(NULL),(NULL),(NULL),(NULL),(NULL),(NULL),(NULL),(NULL),nobase,nolayer,nopoor,,,,,,,
#SRC_BGA,0,0,0,0,0,0,0,0,0,0,0,0,0,,,,,,,
//DST定義,(NULL),time,x,y,w,h,acc,a,r,g,b,blend,filter,angle,center,loop,timer,op1,op2,op3
#DST_BGA,0,0,0,0,1280,720,0,255,255,255,255,0,0,0,0,0,0,31,0,0
#ENDIF

ますく
#SRC_IMAGE,0,10,0,0,193,386,1,1,0,0,0,0,0,,,,,,,
//DST定義,(NULL),time,x,y,w,h,acc,a,r,g,b,blend,filter,angle,center,loop,timer,op1,op2,op3
#DST_IMAGE,0,200,186,162,193,386,0,0,255,255,255,1,1,0,0,500,0,0,0,0
#DST_IMAGE,0,500,186,162,193,386,0,255,255,255,255,1,1,0,0,,,,,
#SRC_IMAGE,0,10,0,0,193,386,1,1,0,0,0,0,0,,,,,,,
//DST定義,(NULL),time,x,y,w,h,acc,a,r,g,b,blend,filter,angle,center,loop,timer,op1,op2,op3
#DST_IMAGE,0,200,900,162,193,386,0,0,255,255,255,1,1,0,0,500,0,0,0,0
#DST_IMAGE,0,500,900,162,193,386,0,255,255,255,255,1,1,0,0,,,,,


//通常,,,,,,,,,,,,,,,,,,,,
//SRC定義,(NULL),(NULL),(NULL),(NULL),(NULL),(NULL),(NULL),(NULL),(NULL),(NULL),nobase,nolayer,nopoor,,,,,,,
#SRC_BGA,0,0,0,0,0,0,0,0,0,0,0,0,0,,,,,,,
//DST定義,(NULL),time,x,y,w,h,acc,a,r,g,b,blend,filter,angle,center,loop,timer,op1,op2,op3
#DST_BGA,0,0,186,162,193,193,0,255,255,255,255,0,0,0,0,0,0,30,0,0

#SRC_BGA,0,0,0,0,0,0,0,0,0,0,0,0,0,,,,,,,
//DST定義,(NULL),time,x,y,w,h,acc,a,r,g,b,blend,filter,angle,center,loop,timer,op1,op2,op3
#DST_BGA,0,0,186,355,193,193,0,255,255,255,255,0,0,0,0,0,0,30,0,0

#SRC_BGA,0,0,0,0,0,0,0,0,0,0,0,0,0,,,,,,,
//DST定義,(NULL),time,x,y,w,h,acc,a,r,g,b,blend,filter,angle,center,loop,timer,op1,op2,op3
#DST_BGA,0,0,900,162,193,193,0,255,255,255,255,0,0,0,0,0,0,30,0,0

#SRC_BGA,0,0,0,0,0,0,0,0,0,0,0,0,0,,,,,,,
//DST定義,(NULL),time,x,y,w,h,acc,a,r,g,b,blend,filter,angle,center,loop,timer,op1,op2,op3
#DST_BGA,0,0,900,355,193,193,0,255,255,255,255,0,0,0,0,0,0,30,0,0

//でかい,,,,,,,,,,,,,,,,,,,,
//SRC定義,(NULL),(NULL),(NULL),(NULL),(NULL),(NULL),(NULL),(NULL),(NULL),(NULL),nobase,nolayer,nopoor,,,,,,,
#SRC_BGA,0,0,0,0,0,0,0,0,0,0,0,0,0,,,,,,,
//DST定義,(NULL),time,x,y,w,h,acc,a,r,g,b,blend,filter,angle,center,loop,timer,op1,op2,op3
#DST_BGA,0,0,186,162,193,386,0,255,255,255,255,0,0,0,0,0,0,31,0,0

//SRC定義,(NULL),(NULL),(NULL),(NULL),(NULL),(NULL),(NULL),(NULL),(NULL),(NULL),nobase,nolayer,nopoor,,,,,,,
#SRC_BGA,0,0,0,0,0,0,0,0,0,0,0,0,0,,,,,,,
//DST定義,(NULL),time,x,y,w,h,acc,a,r,g,b,blend,filter,angle,center,loop,timer,op1,op2,op3
#DST_BGA,0,0,900,162,193,386,0,255,255,255,255,0,0,0,0,0,0,31,0,0

-BGCover(CBG)-
#IF,960,
#SRC_IMAGE,0,12,0,0,193,386,1,1,0,0,0,0,0,,,,,,,
//DST定義,(NULL),time,x,y,w,h,acc,a,r,g,b,blend,filter,angle,center,loop,timer,op1,op2,op3
#DST_IMAGE,0,200,186,162,193,386,0,0,255,255,255,1,1,0,0,500,0,0,0,0
#DST_IMAGE,0,500,186,162,193,386,0,255,255,255,255,1,1,0,0,,,,,

#SRC_IMAGE,0,12,0,0,193,386,1,1,0,0,0,0,0,,,,,,,
//DST定義,(NULL),time,x,y,w,h,acc,a,r,g,b,blend,filter,angle,center,loop,timer,op1,op2,op3
#DST_IMAGE,0,200,900,162,193,386,0,0,255,255,255,1,1,0,0,500,0,0,0,0
#DST_IMAGE,0,500,900,162,193,386,0,255,255,255,255,1,1,0,0,,,,,
#ENDIF
#IF,961,
#SRC_IMAGE,0,12,0,0,193,386,1,1,0,0,0,0,0,,,,,,,
//DST定義,(NULL),time,x,y,w,h,acc,a,r,g,b,blend,filter,angle,center,loop,timer,op1,op2,op3
#DST_IMAGE,0,200,186,162,193,386,0,0,255,255,255,1,1,0,0,500,0,0,0,0
#DST_IMAGE,0,500,186,162,193,386,0,255,255,255,255,1,1,0,0,,,,,
#ENDIF
#IF,962,
#SRC_IMAGE,0,12,0,0,193,386,1,1,0,0,0,0,0,,,,,,,
//DST定義,(NULL),time,x,y,w,h,acc,a,r,g,b,blend,filter,angle,center,loop,timer,op1,op2,op3
#DST_IMAGE,0,200,900,162,193,386,0,0,255,255,255,1,1,0,0,500,0,0,0,0
#DST_IMAGE,0,500,900,162,193,386,0,255,255,255,255,1,1,0,0,,,,,
#ENDIF

-Character-
#SRC_IMAGE,0,13,0,0,193,386,1,1,0,0,0,0,0,,,,,,,
//DST定義,(NULL),time,x,y,w,h,acc,a,r,g,b,blend,filter,angle,center,loop,timer,op1,op2,op3
#DST_IMAGE,0,200,186,162,193,386,0,0,255,255,255,1,1,0,0,500,0,0,0,0
#DST_IMAGE,0,500,186,162,193,386,0,255,255,255,255,1,1,0,0,,,,,

#SRC_IMAGE,0,14,0,0,193,386,1,1,0,0,0,0,0,,,,,,,
//DST定義,(NULL),time,x,y,w,h,acc,a,r,g,b,blend,filter,angle,center,loop,timer,op1,op2,op3
#DST_IMAGE,0,200,900,162,193,386,0,0,255,255,255,1,1,0,0,500,0,0,0,0
#DST_IMAGE,0,500,900,162,193,386,0,255,255,255,255,1,1,0,0,,,,,


//////////////////////////////////////////////////////////////////////////////,,,,,,,,,,,,,,,,,,,,

,,,,,,,,,,,,,,,,,,,,,
,,,,,,,,,,,,,,,,,,,,,

///////////////////////////////////////////////////////////////////////,,,,,,,,,,,,,,,,,,,,,
//mybest、targetとの差,,,,,,,,,,,,,,,,,,,,,
,,,,,,,,,,,,,,,,,,,,,


///////////////////////////////////////////////////////////////////////////////////////////////////////////////,,,,,,,,,,,,,,,,,,,,
//フレーム,,,,,,,,,,,,,,,,,,,,

//本体,,,,,,,,,,,,,,,,,,,,
//SRC定義,(NULL),gr,x,y,w,h,div_x,div_y,cycle,timer,op1,op2,op3,,,,,,,
#SRC_IMAGE,0,1,0,0,1280,720,1,1,0,0,0,0,0,,,,,,,
//DST定義,(NULL),time,x,y,w,h,acc,a,r,g,b,blend,filter,angle,center,loop,timer,op1,op2,op3
#DST_IMAGE,0,200,0,0,1280,720,0,0,255,255,255,1,0,0,0,500,0,0,0,0
#DST_IMAGE,0,500,0,0,1280,720,0,255,255,255,255,1,0,0,0,,,,,

#IF,981
//シンプルレーン,,,,,,,,,,,,,,,,,,,,
//SRC定義,(NULL),gr,x,y,w,h,div_x,div_y,cycle,timer,op1,op2,op3,,,,,,,
#SRC_IMAGE,0,17,0,0,-1,-1,1,1,0,0,0,0,0,,,,,,,
//DST定義,(NULL),time,x,y,w,h,acc,a,r,g,b,blend,filter,angle,center,loop,timer,op1,op2,op3
#DST_IMAGE,0,200,408,59,463,491,0,0,255,255,255,1,0,0,0,500,0,0,0,0
#DST_IMAGE,0,500,408,59,463,491,0,255,255,255,255,1,0,0,0,,,,,
#ENDIF

#IF,970
//本体,,,,,,,,,,,,,,,,,,,,
//SRC定義,(NULL),gr,x,y,w,h,div_x,div_y,cycle,timer,op1,op2,op3,,,,,,,
#SRC_IMAGE,0,110,0,0,1,1,1,1,0,0,0,0,0,,,,,,,
//DST定義,(NULL),time,x,y,w,h,acc,a,r,g,b,blend,filter,angle,center,loop,timer,op1,op2,op3
#DST_IMAGE,0,200,408,59,463,481,0,0,255,255,255,1,0,0,0,500,0,0,0,0
#DST_IMAGE,0,500,408,59,463,481,0,0,255,255,255,1,0,0,0,,,,,
#ENDIF
#IF,971
//本体,,,,,,,,,,,,,,,,,,,,
//SRC定義,(NULL),gr,x,y,w,h,div_x,div_y,cycle,timer,op1,op2,op3,,,,,,,
#SRC_IMAGE,0,110,0,0,1,1,1,1,0,0,0,0,0,,,,,,,
//DST定義,(NULL),time,x,y,w,h,acc,a,r,g,b,blend,filter,angle,center,loop,timer,op1,op2,op3
#DST_IMAGE,0,200,408,59,463,481,0,0,255,255,255,1,0,0,0,500,0,0,0,0
#DST_IMAGE,0,500,408,59,463,481,0,100,255,255,255,1,0,0,0,,,,,
#ENDIF
#IF,972
//本体,,,,,,,,,,,,,,,,,,,,
//SRC定義,(NULL),gr,x,y,w,h,div_x,div_y,cycle,timer,op1,op2,op3,,,,,,,
#SRC_IMAGE,0,110,0,0,1,1,1,1,0,0,0,0,0,,,,,,,
//DST定義,(NULL),time,x,y,w,h,acc,a,r,g,b,blend,filter,angle,center,loop,timer,op1,op2,op3
#DST_IMAGE,0,200,408,59,463,481,0,0,255,255,255,1,0,0,0,500,0,0,0,0
#DST_IMAGE,0,500,408,59,463,481,0,190,255,255,255,1,0,0,0,,,,,
#ENDIF
#IF,973
//本体,,,,,,,,,,,,,,,,,,,,
//SRC定義,(NULL),gr,x,y,w,h,div_x,div_y,cycle,timer,op1,op2,op3,,,,,,,
#SRC_IMAGE,0,110,0,0,1,1,1,1,0,0,0,0,0,,,,,,,
//DST定義,(NULL),time,x,y,w,h,acc,a,r,g,b,blend,filter,angle,center,loop,timer,op1,op2,op3
#DST_IMAGE,0,200,408,59,463,481,0,0,255,255,255,1,0,0,0,500,0,0,0,0
#DST_IMAGE,0,500,408,59,463,481,0,255,255,255,255,1,0,0,0,,,,,
#ENDIF



//ゲージ背景
//コースモード
#IF,290,

//SRC定義,(NULL),gr,x,y,w,h,div_x,div_y,cycle,timer,op1,op2,op3,,,,,,,
#SRC_IMAGE,0,5,516,0,516,82,1,1,0,0,0,0,0,,,,,,,
//DST定義,(NULL),time,x,y,w,h,acc,a,r,g,b,blend,filter,angle,center,loop,timer,op1,op2,op3
#DST_IMAGE,0,200,381,606,516,82,0,0,255,255,255,1,0,0,0,500,0,0,0,0
#DST_IMAGE,0,500,381,606,516,82,0,255,255,255,255,1,0,0,0,,,,,

//通常
#ELSE,

//青
//SRC定義,index,gr,x,y,w,h,div_x,div_y,cycle,timer,type,click,panel,,,,,,,
#SRC_BUTTON,0,5,0,0,516,492,1,6,0,0,40,0,0,0,,,,,,
//DST定義,index,time,x,y,w,h,acc,a,r,g,b,blend,filter,angle,center,loop,timer,op1,op2,op3
#DST_BUTTON,0,200,381,606,516,82,0,0,255,255,255,1,0,0,0,500,0,0,0,0
#DST_BUTTON,0,500,381,606,516,82,0,255,255,255,255,1,0,0,0,,,,,

//赤
//SRC定義,index,gr,x,y,w,h,div_x,div_y,cycle,timer,type,click,panel,,,,,,,
#SRC_BUTTON,0,5,516,0,516,492,1,6,0,0,40,0,0,0,,,,,,
//DST定義,index,time,x,y,w,h,acc,a,r,g,b,blend,filter,angle,center,loop,timer,op1,op2,op3
#DST_BUTTON,0,200,381,606,516,82,0,0,255,255,255,1,0,0,0,500,0,238,0,0
#DST_BUTTON,0,500,381,606,516,82,0,255,255,255,255,1,0,0,0,,,,,

//SRC定義,index,gr,x,y,w,h,div_x,div_y,cycle,timer,type,click,panel,,,,,,,
#SRC_BUTTON,0,5,516,0,516,492,1,6,0,0,40,0,0,0,,,,,,
//DST定義,index,time,x,y,w,h,acc,a,r,g,b,blend,filter,angle,center,loop,timer,op1,op2,op3
#DST_BUTTON,0,200,381,606,516,82,0,0,255,255,255,1,0,0,0,500,0,239,0,0
#DST_BUTTON,0,500,381,606,516,82,0,255,255,255,255,1,0,0,0,,,,,

//SRC定義,index,gr,x,y,w,h,div_x,div_y,cycle,timer,type,click,panel,,,,,,,
#SRC_BUTTON,0,5,516,0,516,492,1,6,0,0,40,0,0,0,,,,,,
//DST定義,index,time,x,y,w,h,acc,a,r,g,b,blend,filter,angle,center,loop,timer,op1,op2,op3
#DST_BUTTON,0,200,381,606,516,82,0,0,255,255,255,1,0,0,0,500,0,240,0,0
#DST_BUTTON,0,500,381,606,516,82,0,255,255,255,255,1,0,0,0,,,,,

#ENDIF,

//////////////////////////////////////////////////////,,,,,,,,,,,,,,,,,,,,
//曲進行状態,,,,,,,,,,,,,,,,,,,,

//スライダーとして扱います,,,,,,,,,,,,,,,,,,,,

//SRC定義,(null),gr,x,y,w,h,div_x,div_y,cycle,timer,muki,range,type,disable,,,,,,
#SRC_SLIDER,0,0,184,319,19,12,1,1,0,0,1,449,6,0,,,,,,
//DST定義,(null),time,x,y,w,h,acc,a,r,g,b,blend,filter,angle,center,loop,timer,op1,op2,op3
#DST_SLIDER,0,200,406,615,19,12,0,0,255,255,255,1,1,0,0,300,0,0,0,0
#DST_SLIDER,0,300,406,615,19,12,0,255,255,255,255,1,1,,,,,,,



//////////////////////////////////////////////////////////////////////////////////////////////////////////////////////////////////////////,,,,,,,,,,,,,,,,,,,,
//レーザー,,,,,,,,,,,,,,,,,,,,
#IF,940

----COOL------------------------------------------------------------------------------------
//1Pレーザーオン(timer100-),,,,,,,,,,,,,,,,,,,,

//SRC定義,(NULL),gr,x,y,w,h,div_x,div_y,cycle,timer,op1,op2,op3,,,,,,,
#SRC_IMAGE,0,9,0,0,55,491,1,1,0,101,0,0,0,,,,,,,
//DST定義,(NULL),time,x,y,w,h,acc,a,r,g,b,blend,filter,angle,center,loop,timer,op1,op2,op3
#DST_IMAGE,0,0,408,539,55,-481,0,255,255,255,255,1,0,0,0,0,101,241,0,0

//SRC定義,(NULL),gr,x,y,w,h,div_x,div_y,cycle,timer,op1,op2,op3,,,,,,,
#SRC_IMAGE,0,9,0,491,45,491,1,1,0,102,0,0,0,,,,,,,
//DST定義,(NULL),time,x,y,w,h,acc,a,r,g,b,blend,filter,angle,center,loop,timer,op1,op2,op3
#DST_IMAGE,0,0,464,539,45,-481,0,255,255,255,255,1,0,0,0,0,102,241,0,0

//SRC定義,(NULL),gr,x,y,w,h,div_x,div_y,cycle,timer,op1,op2,op3,,,,,,,
#SRC_IMAGE,0,9,0,0,55,491,1,1,0,103,0,0,0,,,,,,,
//DST定義,(NULL),time,x,y,w,h,acc,a,r,g,b,blend,filter,angle,center,loop,timer,op1,op2,op3
#DST_IMAGE,0,0,510,539,55,-481,0,255,255,255,255,1,0,0,0,0,103,241,0,0

//SRC定義,(NULL),gr,x,y,w,h,div_x,div_y,cycle,timer,op1,op2,op3,,,,,,,
#SRC_IMAGE,0,9,0,491,45,491,1,1,0,104,0,0,0,,,,,,,
//DST定義,(NULL),time,x,y,w,h,acc,a,r,g,b,blend,filter,angle,center,loop,timer,op1,op2,op3
#DST_IMAGE,0,0,566,539,45,-481,0,255,255,255,255,1,0,0,0,0,104,241,0,0

//SRC定義,(NULL),gr,x,y,w,h,div_x,div_y,cycle,timer,op1,op2,op3,,,,,,,
#SRC_IMAGE,0,9,0,0,55,491,1,1,0,105,0,0,0,,,,,,,
//DST定義,(NULL),time,x,y,w,h,acc,a,r,g,b,blend,filter,angle,center,loop,timer,op1,op2,op3
#DST_IMAGE,0,0,612,539,55,-481,0,255,255,255,255,1,0,0,0,0,105,241,0,0

//SRC定義,(NULL),gr,x,y,w,h,div_x,div_y,cycle,timer,op1,op2,op3,,,,,,,
#SRC_IMAGE,0,9,0,491,45,491,1,1,0,106,0,0,0,,,,,,,
//DST定義,(NULL),time,x,y,w,h,acc,a,r,g,b,blend,filter,angle,center,loop,timer,op1,op2,op3
#DST_IMAGE,0,0,668,539,45,-481,0,255,255,255,255,1,0,0,0,0,106,241,0,0

//SRC定義,(NULL),gr,x,y,w,h,div_x,div_y,cycle,timer,op1,op2,op3,,,,,,,
#SRC_IMAGE,0,9,0,0,55,491,1,1,0,107,0,0,0,,,,,,,
//DST定義,(NULL),time,x,y,w,h,acc,a,r,g,b,blend,filter,angle,center,loop,timer,op1,op2,op3
#DST_IMAGE,0,0,714,539,55,-481,0,255,255,255,255,1,0,0,0,0,107,241,0,0

//SRC定義,(NULL),gr,x,y,w,h,div_x,div_y,cycle,timer,op1,op2,op3,,,,,,,
#SRC_IMAGE,0,9,0,491,45,491,1,1,0,108,0,0,0,,,,,,,
//DST定義,(NULL),time,x,y,w,h,acc,a,r,g,b,blend,filter,angle,center,loop,timer,op1,op2,op3
#DST_IMAGE,0,0,770,539,45,-481,0,255,255,255,255,1,0,0,0,0,108,241,0,0

//SRC定義,(NULL),gr,x,y,w,h,div_x,div_y,cycle,timer,op1,op2,op3,,,,,,,
#SRC_IMAGE,0,9,0,0,55,491,1,1,0,109,0,0,0,,,,,,,
//DST定義,(NULL),time,x,y,w,h,acc,a,r,g,b,blend,filter,angle,center,loop,timer,op1,op2,op3
#DST_IMAGE,0,0,816,539,55,-481,0,255,255,255,255,1,0,0,0,0,109,241,0,0

//1Pレーザーオフ(timer120),,,,,,,,,,,,,,,,,,,,

//SRC定義,(NULL),gr,x,y,w,h,div_x,div_y,cycle,timer,op1,op2,op3,,,,,,,
#SRC_IMAGE,0,9,0,0,55,491,1,1,0,121,0,0,0,,,,,,,
//DST定義,(NULL),time,x,y,w,h,acc,a,r,g,b,blend,filter,angle,center,loop,timer,op1,op2,op3
#DST_IMAGE,0,0,408,539,55,-481,0,255,255,255,255,1,0,0,0,50,121,241,0,0
#DST_IMAGE,0,50,432,539,0,-481,0,255,255,255,255,1,0,0,0,,,,,

//SRC定義,(NULL),gr,x,y,w,h,div_x,div_y,cycle,timer,op1,op2,op3,,,,,,,
#SRC_IMAGE,0,9,0,491,45,491,1,1,0,122,0,0,0,,,,,,,
//DST定義,(NULL),time,x,y,w,h,acc,a,r,g,b,blend,filter,angle,center,loop,timer,op1,op2,op3
#DST_IMAGE,0,0,464,539,45,-481,0,255,255,255,255,1,0,0,0,50,122,241,0,0
#DST_IMAGE,0,50,487,539,0,-481,0,255,255,255,255,1,0,0,0,,,,,

//SRC定義,(NULL),gr,x,y,w,h,div_x,div_y,cycle,timer,op1,op2,op3,,,,,,,
#SRC_IMAGE,0,9,0,0,55,491,1,1,0,123,0,0,0,,,,,,,
//DST定義,(NULL),time,x,y,w,h,acc,a,r,g,b,blend,filter,angle,center,loop,timer,op1,op2,op3
#DST_IMAGE,0,0,510,539,55,-481,0,255,255,255,255,1,0,0,0,50,123,241,0,0
#DST_IMAGE,0,50,538,539,0,-481,0,255,255,255,255,1,0,0,0,,,,,

//SRC定義,(NULL),gr,x,y,w,h,div_x,div_y,cycle,timer,op1,op2,op3,,,,,,,
#SRC_IMAGE,0,9,0,491,45,491,1,1,0,124,0,0,0,,,,,,,
//DST定義,(NULL),time,x,y,w,h,acc,a,r,g,b,blend,filter,angle,center,loop,timer,op1,op2,op3
#DST_IMAGE,0,0,566,539,45,-481,0,255,255,255,255,1,0,0,0,50,124,241,0,0
#DST_IMAGE,0,50,589,539,0,-481,0,255,255,255,255,1,0,0,0,,,,,

//SRC定義,(NULL),gr,x,y,w,h,div_x,div_y,cycle,timer,op1,op2,op3,,,,,,,
#SRC_IMAGE,0,9,0,0,55,491,1,1,0,125,0,0,0,,,,,,,
//DST定義,(NULL),time,x,y,w,h,acc,a,r,g,b,blend,filter,angle,center,loop,timer,op1,op2,op3
#DST_IMAGE,0,0,612,539,55,-481,0,255,255,255,255,1,0,0,0,50,125,241,0,0
#DST_IMAGE,0,50,650,539,0,-481,0,255,255,255,255,1,0,0,0,,,,,

//SRC定義,(NULL),gr,x,y,w,h,div_x,div_y,cycle,timer,op1,op2,op3,,,,,,,
#SRC_IMAGE,0,9,0,491,45,491,1,1,0,126,0,0,0,,,,,,,
//DST定義,(NULL),time,x,y,w,h,acc,a,r,g,b,blend,filter,angle,center,loop,timer,op1,op2,op3
#DST_IMAGE,0,0,668,539,45,-481,0,255,255,255,255,1,0,0,0,50,126,241,0,0
#DST_IMAGE,0,50,691,539,0,-481,0,255,255,255,255,1,0,0,0,,,,,

//SRC定義,(NULL),gr,x,y,w,h,div_x,div_y,cycle,timer,op1,op2,op3,,,,,,,
#SRC_IMAGE,0,9,0,0,55,491,1,1,0,127,0,0,0,,,,,,,
//DST定義,(NULL),time,x,y,w,h,acc,a,r,g,b,blend,filter,angle,center,loop,timer,op1,op2,op3
#DST_IMAGE,0,0,714,539,55,-481,0,255,255,255,255,1,0,0,0,50,127,241,0,0
#DST_IMAGE,0,50,742,539,0,-481,0,255,255,255,255,1,0,0,0,,,,,

//SRC定義,(NULL),gr,x,y,w,h,div_x,div_y,cycle,timer,op1,op2,op3,,,,,,,
#SRC_IMAGE,0,9,0,491,45,491,1,1,0,128,0,0,0,,,,,,,
//DST定義,(NULL),time,x,y,w,h,acc,a,r,g,b,blend,filter,angle,center,loop,timer,op1,op2,op3
#DST_IMAGE,0,0,770,539,45,-481,0,255,255,255,255,1,0,0,0,50,128,241,0,0
#DST_IMAGE,0,50,793,539,0,-481,0,255,255,255,255,1,0,0,0,,,,,

//SRC定義,(NULL),gr,x,y,w,h,div_x,div_y,cycle,timer,op1,op2,op3,,,,,,,
#SRC_IMAGE,0,9,0,0,55,491,1,1,0,129,0,0,0,,,,,,,
//DST定義,(NULL),time,x,y,w,h,acc,a,r,g,b,blend,filter,angle,center,loop,timer,op1,op2,op3
#DST_IMAGE,0,0,816,539,55,-481,0,255,255,255,255,1,0,0,0,50,129,241,0,0
#DST_IMAGE,0,50,844,539,0,-481,0,255,255,255,255,1,0,0,0,,,,,
---GREAT-------------------------------------------------------------------------------------
//SRC定義,(NULL),gr,x,y,w,h,div_x,div_y,cycle,timer,op1,op2,op3,,,,,,,
#SRC_IMAGE,0,9,55,0,55,491,1,1,0,101,0,0,0,,,,,,,
//DST定義,(NULL),time,x,y,w,h,acc,a,r,g,b,blend,filter,angle,center,loop,timer,op1,op2,op3
#DST_IMAGE,0,0,408,539,55,-481,0,255,255,255,255,1,0,0,0,0,101,242,0,0

//SRC定義,(NULL),gr,x,y,w,h,div_x,div_y,cycle,timer,op1,op2,op3,,,,,,,
#SRC_IMAGE,0,9,45,491,45,491,1,1,0,102,0,0,0,,,,,,,
//DST定義,(NULL),time,x,y,w,h,acc,a,r,g,b,blend,filter,angle,center,loop,timer,op1,op2,op3
#DST_IMAGE,0,0,464,539,45,-481,0,255,255,255,255,1,0,0,0,0,102,242,0,0

//SRC定義,(NULL),gr,x,y,w,h,div_x,div_y,cycle,timer,op1,op2,op3,,,,,,,
#SRC_IMAGE,0,9,55,0,55,491,1,1,0,103,0,0,0,,,,,,,
//DST定義,(NULL),time,x,y,w,h,acc,a,r,g,b,blend,filter,angle,center,loop,timer,op1,op2,op3
#DST_IMAGE,0,0,510,539,55,-481,0,255,255,255,255,1,0,0,0,0,103,242,0,0

//SRC定義,(NULL),gr,x,y,w,h,div_x,div_y,cycle,timer,op1,op2,op3,,,,,,,
#SRC_IMAGE,0,9,45,491,45,491,1,1,0,104,0,0,0,,,,,,,
//DST定義,(NULL),time,x,y,w,h,acc,a,r,g,b,blend,filter,angle,center,loop,timer,op1,op2,op3
#DST_IMAGE,0,0,566,539,45,-481,0,255,255,255,255,1,0,0,0,0,104,242,0,0

//SRC定義,(NULL),gr,x,y,w,h,div_x,div_y,cycle,timer,op1,op2,op3,,,,,,,
#SRC_IMAGE,0,9,55,0,55,491,1,1,0,105,0,0,0,,,,,,,
//DST定義,(NULL),time,x,y,w,h,acc,a,r,g,b,blend,filter,angle,center,loop,timer,op1,op2,op3
#DST_IMAGE,0,0,612,539,55,-481,0,255,255,255,255,1,0,0,0,0,105,242,0,0

//SRC定義,(NULL),gr,x,y,w,h,div_x,div_y,cycle,timer,op1,op2,op3,,,,,,,
#SRC_IMAGE,0,9,45,491,45,491,1,1,0,106,0,0,0,,,,,,,
//DST定義,(NULL),time,x,y,w,h,acc,a,r,g,b,blend,filter,angle,center,loop,timer,op1,op2,op3
#DST_IMAGE,0,0,668,539,45,-481,0,255,255,255,255,1,0,0,0,0,106,242,0,0

//SRC定義,(NULL),gr,x,y,w,h,div_x,div_y,cycle,timer,op1,op2,op3,,,,,,,
#SRC_IMAGE,0,9,55,0,55,491,1,1,0,107,0,0,0,,,,,,,
//DST定義,(NULL),time,x,y,w,h,acc,a,r,g,b,blend,filter,angle,center,loop,timer,op1,op2,op3
#DST_IMAGE,0,0,714,539,55,-481,0,255,255,255,255,1,0,0,0,0,107,242,0,0

//SRC定義,(NULL),gr,x,y,w,h,div_x,div_y,cycle,timer,op1,op2,op3,,,,,,,
#SRC_IMAGE,0,9,45,491,45,491,1,1,0,108,0,0,0,,,,,,,
//DST定義,(NULL),time,x,y,w,h,acc,a,r,g,b,blend,filter,angle,center,loop,timer,op1,op2,op3
#DST_IMAGE,0,0,770,539,45,-481,0,255,255,255,255,1,0,0,0,0,108,242,0,0

//SRC定義,(NULL),gr,x,y,w,h,div_x,div_y,cycle,timer,op1,op2,op3,,,,,,,
#SRC_IMAGE,0,9,55,0,55,491,1,1,0,109,0,0,0,,,,,,,
//DST定義,(NULL),time,x,y,w,h,acc,a,r,g,b,blend,filter,angle,center,loop,timer,op1,op2,op3
#DST_IMAGE,0,0,816,539,55,-481,0,255,255,255,255,1,0,0,0,0,109,242,0,0

//1Pレーザーオフ(timer120),,,,,,,,,,,,,,,,,,,,

//SRC定義,(NULL),gr,x,y,w,h,div_x,div_y,cycle,timer,op1,op2,op3,,,,,,,
#SRC_IMAGE,0,9,55,0,55,491,1,1,0,121,0,0,0,,,,,,,
//DST定義,(NULL),time,x,y,w,h,acc,a,r,g,b,blend,filter,angle,center,loop,timer,op1,op2,op3
#DST_IMAGE,0,0,408,539,55,-481,0,255,255,255,255,1,0,0,0,50,121,242,0,0
#DST_IMAGE,0,50,432,539,0,-481,0,255,255,255,255,1,0,0,0,,,,,

//SRC定義,(NULL),gr,x,y,w,h,div_x,div_y,cycle,timer,op1,op2,op3,,,,,,,
#SRC_IMAGE,0,9,45,491,45,491,1,1,0,122,0,0,0,,,,,,,
//DST定義,(NULL),time,x,y,w,h,acc,a,r,g,b,blend,filter,angle,center,loop,timer,op1,op2,op3
#DST_IMAGE,0,0,464,539,45,-481,0,255,255,255,255,1,0,0,0,50,122,242,0,0
#DST_IMAGE,0,50,487,539,0,-481,0,255,255,255,255,1,0,0,0,,,,,

//SRC定義,(NULL),gr,x,y,w,h,div_x,div_y,cycle,timer,op1,op2,op3,,,,,,,
#SRC_IMAGE,0,9,55,0,55,491,1,1,0,123,0,0,0,,,,,,,
//DST定義,(NULL),time,x,y,w,h,acc,a,r,g,b,blend,filter,angle,center,loop,timer,op1,op2,op3
#DST_IMAGE,0,0,510,539,55,-481,0,255,255,255,255,1,0,0,0,50,123,242,0,0
#DST_IMAGE,0,50,538,539,0,-481,0,255,255,255,255,1,0,0,0,,,,,

//SRC定義,(NULL),gr,x,y,w,h,div_x,div_y,cycle,timer,op1,op2,op3,,,,,,,
#SRC_IMAGE,0,9,45,491,45,491,1,1,0,124,0,0,0,,,,,,,
//DST定義,(NULL),time,x,y,w,h,acc,a,r,g,b,blend,filter,angle,center,loop,timer,op1,op2,op3
#DST_IMAGE,0,0,566,539,45,-481,0,255,255,255,255,1,0,0,0,50,124,242,0,0
#DST_IMAGE,0,50,589,539,0,-481,0,255,255,255,255,1,0,0,0,,,,,

//SRC定義,(NULL),gr,x,y,w,h,div_x,div_y,cycle,timer,op1,op2,op3,,,,,,,
#SRC_IMAGE,0,9,55,0,55,491,1,1,0,125,0,0,0,,,,,,,
//DST定義,(NULL),time,x,y,w,h,acc,a,r,g,b,blend,filter,angle,center,loop,timer,op1,op2,op3
#DST_IMAGE,0,0,612,539,55,-481,0,255,255,255,255,1,0,0,0,50,125,242,0,0
#DST_IMAGE,0,50,650,539,0,-481,0,255,255,255,255,1,0,0,0,,,,,

//SRC定義,(NULL),gr,x,y,w,h,div_x,div_y,cycle,timer,op1,op2,op3,,,,,,,
#SRC_IMAGE,0,9,45,491,45,491,1,1,0,126,0,0,0,,,,,,,
//DST定義,(NULL),time,x,y,w,h,acc,a,r,g,b,blend,filter,angle,center,loop,timer,op1,op2,op3
#DST_IMAGE,0,0,668,539,45,-481,0,255,255,255,255,1,0,0,0,50,126,242,0,0
#DST_IMAGE,0,50,691,539,0,-481,0,255,255,255,255,1,0,0,0,,,,,

//SRC定義,(NULL),gr,x,y,w,h,div_x,div_y,cycle,timer,op1,op2,op3,,,,,,,
#SRC_IMAGE,0,9,55,0,55,491,1,1,0,127,0,0,0,,,,,,,
//DST定義,(NULL),time,x,y,w,h,acc,a,r,g,b,blend,filter,angle,center,loop,timer,op1,op2,op3
#DST_IMAGE,0,0,714,539,55,-481,0,255,255,255,255,1,0,0,0,50,127,242,0,0
#DST_IMAGE,0,50,742,539,0,-481,0,255,255,255,255,1,0,0,0,,,,,

//SRC定義,(NULL),gr,x,y,w,h,div_x,div_y,cycle,timer,op1,op2,op3,,,,,,,
#SRC_IMAGE,0,9,45,491,45,491,1,1,0,128,0,0,0,,,,,,,
//DST定義,(NULL),time,x,y,w,h,acc,a,r,g,b,blend,filter,angle,center,loop,timer,op1,op2,op3
#DST_IMAGE,0,0,770,539,45,-481,0,255,255,255,255,1,0,0,0,50,128,242,0,0
#DST_IMAGE,0,50,793,539,0,-481,0,255,255,255,255,1,0,0,0,,,,,

//SRC定義,(NULL),gr,x,y,w,h,div_x,div_y,cycle,timer,op1,op2,op3,,,,,,,
#SRC_IMAGE,0,9,55,0,55,491,1,1,0,129,0,0,0,,,,,,,
//DST定義,(NULL),time,x,y,w,h,acc,a,r,g,b,blend,filter,angle,center,loop,timer,op1,op2,op3
#DST_IMAGE,0,0,816,539,55,-481,0,255,255,255,255,1,0,0,0,50,129,242,0,0
#DST_IMAGE,0,50,844,539,0,-481,0,255,255,255,255,1,0,0,0,,,,,
-----GOOD-------------------------------------------------------------------
//SRC定義,(NULL),gr,x,y,w,h,div_x,div_y,cycle,timer,op1,op2,op3,,,,,,,
#SRC_IMAGE,0,9,110,0,55,491,1,1,0,101,0,0,0,,,,,,,
//DST定義,(NULL),time,x,y,w,h,acc,a,r,g,b,blend,filter,angle,center,loop,timer,op1,op2,op3
#DST_IMAGE,0,0,408,539,55,-481,0,255,255,255,255,1,0,0,0,0,101,243,0,0

//SRC定義,(NULL),gr,x,y,w,h,div_x,div_y,cycle,timer,op1,op2,op3,,,,,,,
#SRC_IMAGE,0,9,90,491,45,491,1,1,0,102,0,0,0,,,,,,,
//DST定義,(NULL),time,x,y,w,h,acc,a,r,g,b,blend,filter,angle,center,loop,timer,op1,op2,op3
#DST_IMAGE,0,0,464,539,45,-481,0,255,255,255,255,1,0,0,0,0,102,243,0,0

//SRC定義,(NULL),gr,x,y,w,h,div_x,div_y,cycle,timer,op1,op2,op3,,,,,,,
#SRC_IMAGE,0,9,110,0,55,491,1,1,0,103,0,0,0,,,,,,,
//DST定義,(NULL),time,x,y,w,h,acc,a,r,g,b,blend,filter,angle,center,loop,timer,op1,op2,op3
#DST_IMAGE,0,0,510,539,55,-481,0,255,255,255,255,1,0,0,0,0,103,243,0,0

//SRC定義,(NULL),gr,x,y,w,h,div_x,div_y,cycle,timer,op1,op2,op3,,,,,,,
#SRC_IMAGE,0,9,90,491,45,491,1,1,0,104,0,0,0,,,,,,,
//DST定義,(NULL),time,x,y,w,h,acc,a,r,g,b,blend,filter,angle,center,loop,timer,op1,op2,op3
#DST_IMAGE,0,0,566,539,45,-481,0,255,255,255,255,1,0,0,0,0,104,243,0,0

//SRC定義,(NULL),gr,x,y,w,h,div_x,div_y,cycle,timer,op1,op2,op3,,,,,,,
#SRC_IMAGE,0,9,110,0,55,491,1,1,0,105,0,0,0,,,,,,,
//DST定義,(NULL),time,x,y,w,h,acc,a,r,g,b,blend,filter,angle,center,loop,timer,op1,op2,op3
#DST_IMAGE,0,0,612,539,55,-481,0,255,255,255,255,1,0,0,0,0,105,243,0,0

//SRC定義,(NULL),gr,x,y,w,h,div_x,div_y,cycle,timer,op1,op2,op3,,,,,,,
#SRC_IMAGE,0,9,90,491,45,491,1,1,0,106,0,0,0,,,,,,,
//DST定義,(NULL),time,x,y,w,h,acc,a,r,g,b,blend,filter,angle,center,loop,timer,op1,op2,op3
#DST_IMAGE,0,0,668,539,45,-481,0,255,255,255,255,1,0,0,0,0,106,243,0,0

//SRC定義,(NULL),gr,x,y,w,h,div_x,div_y,cycle,timer,op1,op2,op3,,,,,,,
#SRC_IMAGE,0,9,110,0,55,491,1,1,0,107,0,0,0,,,,,,,
//DST定義,(NULL),time,x,y,w,h,acc,a,r,g,b,blend,filter,angle,center,loop,timer,op1,op2,op3
#DST_IMAGE,0,0,714,539,55,-481,0,255,255,255,255,1,0,0,0,0,107,243,0,0

//SRC定義,(NULL),gr,x,y,w,h,div_x,div_y,cycle,timer,op1,op2,op3,,,,,,,
#SRC_IMAGE,0,9,90,491,45,491,1,1,0,108,0,0,0,,,,,,,
//DST定義,(NULL),time,x,y,w,h,acc,a,r,g,b,blend,filter,angle,center,loop,timer,op1,op2,op3
#DST_IMAGE,0,0,770,539,45,-481,0,255,255,255,255,1,0,0,0,0,108,243,0,0

//SRC定義,(NULL),gr,x,y,w,h,div_x,div_y,cycle,timer,op1,op2,op3,,,,,,,
#SRC_IMAGE,0,9,110,0,55,491,1,1,0,109,0,0,0,,,,,,,
//DST定義,(NULL),time,x,y,w,h,acc,a,r,g,b,blend,filter,angle,center,loop,timer,op1,op2,op3
#DST_IMAGE,0,0,816,539,55,-481,0,255,255,255,255,1,0,0,0,0,109,243,0,0

//1Pレーザーオフ(timer120),,,,,,,,,,,,,,,,,,,,

//SRC定義,(NULL),gr,x,y,w,h,div_x,div_y,cycle,timer,op1,op2,op3,,,,,,,
#SRC_IMAGE,0,9,110,0,55,491,1,1,0,121,0,0,0,,,,,,,
//DST定義,(NULL),time,x,y,w,h,acc,a,r,g,b,blend,filter,angle,center,loop,timer,op1,op2,op3
#DST_IMAGE,0,0,408,539,55,-481,0,255,255,255,255,1,0,0,0,50,121,243,0,0
#DST_IMAGE,0,50,432,539,0,-481,0,255,255,255,255,1,0,0,0,,,,,

//SRC定義,(NULL),gr,x,y,w,h,div_x,div_y,cycle,timer,op1,op2,op3,,,,,,,
#SRC_IMAGE,0,9,90,491,45,491,1,1,0,122,0,0,0,,,,,,,
//DST定義,(NULL),time,x,y,w,h,acc,a,r,g,b,blend,filter,angle,center,loop,timer,op1,op2,op3
#DST_IMAGE,0,0,464,539,45,-481,0,255,255,255,255,1,0,0,0,50,122,243,0,0
#DST_IMAGE,0,50,487,539,0,-481,0,255,255,255,255,1,0,0,0,,,,,

//SRC定義,(NULL),gr,x,y,w,h,div_x,div_y,cycle,timer,op1,op2,op3,,,,,,,
#SRC_IMAGE,0,9,110,0,55,491,1,1,0,123,0,0,0,,,,,,,
//DST定義,(NULL),time,x,y,w,h,acc,a,r,g,b,blend,filter,angle,center,loop,timer,op1,op2,op3
#DST_IMAGE,0,0,510,539,55,-481,0,255,255,255,255,1,0,0,0,50,123,243,0,0
#DST_IMAGE,0,50,538,539,0,-481,0,255,255,255,255,1,0,0,0,,,,,

//SRC定義,(NULL),gr,x,y,w,h,div_x,div_y,cycle,timer,op1,op2,op3,,,,,,,
#SRC_IMAGE,0,9,90,491,45,491,1,1,0,124,0,0,0,,,,,,,
//DST定義,(NULL),time,x,y,w,h,acc,a,r,g,b,blend,filter,angle,center,loop,timer,op1,op2,op3
#DST_IMAGE,0,0,566,539,45,-481,0,255,255,255,255,1,0,0,0,50,124,243,0,0
#DST_IMAGE,0,50,589,539,0,-481,0,255,255,255,255,1,0,0,0,,,,,

//SRC定義,(NULL),gr,x,y,w,h,div_x,div_y,cycle,timer,op1,op2,op3,,,,,,,
#SRC_IMAGE,0,9,110,0,55,491,1,1,0,125,0,0,0,,,,,,,
//DST定義,(NULL),time,x,y,w,h,acc,a,r,g,b,blend,filter,angle,center,loop,timer,op1,op2,op3
#DST_IMAGE,0,0,612,539,55,-481,0,255,255,255,255,1,0,0,0,50,125,243,0,0
#DST_IMAGE,0,50,650,539,0,-481,0,255,255,255,255,1,0,0,0,,,,,

//SRC定義,(NULL),gr,x,y,w,h,div_x,div_y,cycle,timer,op1,op2,op3,,,,,,,
#SRC_IMAGE,0,9,90,491,45,491,1,1,0,126,0,0,0,,,,,,,
//DST定義,(NULL),time,x,y,w,h,acc,a,r,g,b,blend,filter,angle,center,loop,timer,op1,op2,op3
#DST_IMAGE,0,0,668,539,45,-481,0,255,255,255,255,1,0,0,0,50,126,243,0,0
#DST_IMAGE,0,50,691,539,0,-481,0,255,255,255,255,1,0,0,0,,,,,

//SRC定義,(NULL),gr,x,y,w,h,div_x,div_y,cycle,timer,op1,op2,op3,,,,,,,
#SRC_IMAGE,0,9,110,0,55,491,1,1,0,127,0,0,0,,,,,,,
//DST定義,(NULL),time,x,y,w,h,acc,a,r,g,b,blend,filter,angle,center,loop,timer,op1,op2,op3
#DST_IMAGE,0,0,714,539,55,-481,0,255,255,255,255,1,0,0,0,50,127,243,0,0
#DST_IMAGE,0,50,742,539,0,-481,0,255,255,255,255,1,0,0,0,,,,,

//SRC定義,(NULL),gr,x,y,w,h,div_x,div_y,cycle,timer,op1,op2,op3,,,,,,,
#SRC_IMAGE,0,9,90,491,45,491,1,1,0,128,0,0,0,,,,,,,
//DST定義,(NULL),time,x,y,w,h,acc,a,r,g,b,blend,filter,angle,center,loop,timer,op1,op2,op3
#DST_IMAGE,0,0,770,539,45,-481,0,255,255,255,255,1,0,0,0,50,128,243,0,0
#DST_IMAGE,0,50,793,539,0,-481,0,255,255,255,255,1,0,0,0,,,,,

//SRC定義,(NULL),gr,x,y,w,h,div_x,div_y,cycle,timer,op1,op2,op3,,,,,,,
#SRC_IMAGE,0,9,110,0,55,491,1,1,0,129,0,0,0,,,,,,,
//DST定義,(NULL),time,x,y,w,h,acc,a,r,g,b,blend,filter,angle,center,loop,timer,op1,op2,op3
#DST_IMAGE,0,0,816,539,55,-481,0,255,255,255,255,1,0,0,0,50,129,243,0,0
#DST_IMAGE,0,50,844,539,0,-481,0,255,255,255,255,1,0,0,0,,,,,
---------BAD-------------------------------------------------------------------------------------------
//SRC定義,(NULL),gr,x,y,w,h,div_x,div_y,cycle,timer,op1,op2,op3,,,,,,,
#SRC_IMAGE,0,9,165,0,55,491,1,1,0,101,0,0,0,,,,,,,
//DST定義,(NULL),time,x,y,w,h,acc,a,r,g,b,blend,filter,angle,center,loop,timer,op1,op2,op3
#DST_IMAGE,0,0,408,539,55,-481,0,255,255,255,255,1,0,0,0,0,101,244,0,0

//SRC定義,(NULL),gr,x,y,w,h,div_x,div_y,cycle,timer,op1,op2,op3,,,,,,,
#SRC_IMAGE,0,9,135,491,45,491,1,1,0,102,0,0,0,,,,,,,
//DST定義,(NULL),time,x,y,w,h,acc,a,r,g,b,blend,filter,angle,center,loop,timer,op1,op2,op3
#DST_IMAGE,0,0,464,539,45,-481,0,255,255,255,255,1,0,0,0,0,102,244,0,0

//SRC定義,(NULL),gr,x,y,w,h,div_x,div_y,cycle,timer,op1,op2,op3,,,,,,,
#SRC_IMAGE,0,9,165,0,55,491,1,1,0,103,0,0,0,,,,,,,
//DST定義,(NULL),time,x,y,w,h,acc,a,r,g,b,blend,filter,angle,center,loop,timer,op1,op2,op3
#DST_IMAGE,0,0,510,539,55,-481,0,255,255,255,255,1,0,0,0,0,103,244,0,0

//SRC定義,(NULL),gr,x,y,w,h,div_x,div_y,cycle,timer,op1,op2,op3,,,,,,,
#SRC_IMAGE,0,9,135,491,45,491,1,1,0,104,0,0,0,,,,,,,
//DST定義,(NULL),time,x,y,w,h,acc,a,r,g,b,blend,filter,angle,center,loop,timer,op1,op2,op3
#DST_IMAGE,0,0,566,539,45,-481,0,255,255,255,255,1,0,0,0,0,104,244,0,0

//SRC定義,(NULL),gr,x,y,w,h,div_x,div_y,cycle,timer,op1,op2,op3,,,,,,,
#SRC_IMAGE,0,9,165,0,55,491,1,1,0,105,0,0,0,,,,,,,
//DST定義,(NULL),time,x,y,w,h,acc,a,r,g,b,blend,filter,angle,center,loop,timer,op1,op2,op3
#DST_IMAGE,0,0,612,539,55,-481,0,255,255,255,255,1,0,0,0,0,105,244,0,0

//SRC定義,(NULL),gr,x,y,w,h,div_x,div_y,cycle,timer,op1,op2,op3,,,,,,,
#SRC_IMAGE,0,9,135,491,45,491,1,1,0,106,0,0,0,,,,,,,
//DST定義,(NULL),time,x,y,w,h,acc,a,r,g,b,blend,filter,angle,center,loop,timer,op1,op2,op3
#DST_IMAGE,0,0,668,539,45,-481,0,255,255,255,255,1,0,0,0,0,106,244,0,0

//SRC定義,(NULL),gr,x,y,w,h,div_x,div_y,cycle,timer,op1,op2,op3,,,,,,,
#SRC_IMAGE,0,9,165,0,55,491,1,1,0,107,0,0,0,,,,,,,
//DST定義,(NULL),time,x,y,w,h,acc,a,r,g,b,blend,filter,angle,center,loop,timer,op1,op2,op3
#DST_IMAGE,0,0,714,539,55,-481,0,255,255,255,255,1,0,0,0,0,107,244,0,0

//SRC定義,(NULL),gr,x,y,w,h,div_x,div_y,cycle,timer,op1,op2,op3,,,,,,,
#SRC_IMAGE,0,9,135,491,45,491,1,1,0,108,0,0,0,,,,,,,
//DST定義,(NULL),time,x,y,w,h,acc,a,r,g,b,blend,filter,angle,center,loop,timer,op1,op2,op3
#DST_IMAGE,0,0,770,539,45,-481,0,255,255,255,255,1,0,0,0,0,108,244,0,0

//SRC定義,(NULL),gr,x,y,w,h,div_x,div_y,cycle,timer,op1,op2,op3,,,,,,,
#SRC_IMAGE,0,9,165,0,55,491,1,1,0,109,0,0,0,,,,,,,
//DST定義,(NULL),time,x,y,w,h,acc,a,r,g,b,blend,filter,angle,center,loop,timer,op1,op2,op3
#DST_IMAGE,0,0,816,539,55,-481,0,255,255,255,255,1,0,0,0,0,109,244,0,0

//1Pレーザーオフ(timer120),,,,,,,,,,,,,,,,,,,,

//SRC定義,(NULL),gr,x,y,w,h,div_x,div_y,cycle,timer,op1,op2,op3,,,,,,,
#SRC_IMAGE,0,9,165,0,55,491,1,1,0,121,0,0,0,,,,,,,
//DST定義,(NULL),time,x,y,w,h,acc,a,r,g,b,blend,filter,angle,center,loop,timer,op1,op2,op3
#DST_IMAGE,0,0,408,539,55,-481,0,255,255,255,255,1,0,0,0,50,121,244,0,0
#DST_IMAGE,0,50,432,539,0,-481,0,255,255,255,255,1,0,0,0,,,,,

//SRC定義,(NULL),gr,x,y,w,h,div_x,div_y,cycle,timer,op1,op2,op3,,,,,,,
#SRC_IMAGE,0,9,135,491,45,491,1,1,0,122,0,0,0,,,,,,,
//DST定義,(NULL),time,x,y,w,h,acc,a,r,g,b,blend,filter,angle,center,loop,timer,op1,op2,op3
#DST_IMAGE,0,0,464,539,45,-481,0,255,255,255,255,1,0,0,0,50,122,244,0,0
#DST_IMAGE,0,50,487,539,0,-481,0,255,255,255,255,1,0,0,0,,,,,

//SRC定義,(NULL),gr,x,y,w,h,div_x,div_y,cycle,timer,op1,op2,op3,,,,,,,
#SRC_IMAGE,0,9,165,0,55,491,1,1,0,123,0,0,0,,,,,,,
//DST定義,(NULL),time,x,y,w,h,acc,a,r,g,b,blend,filter,angle,center,loop,timer,op1,op2,op3
#DST_IMAGE,0,0,510,539,55,-481,0,255,255,255,255,1,0,0,0,50,123,244,0,0
#DST_IMAGE,0,50,538,539,0,-481,0,255,255,255,255,1,0,0,0,,,,,

//SRC定義,(NULL),gr,x,y,w,h,div_x,div_y,cycle,timer,op1,op2,op3,,,,,,,
#SRC_IMAGE,0,9,135,491,45,491,1,1,0,124,0,0,0,,,,,,,
//DST定義,(NULL),time,x,y,w,h,acc,a,r,g,b,blend,filter,angle,center,loop,timer,op1,op2,op3
#DST_IMAGE,0,0,566,539,45,-481,0,255,255,255,255,1,0,0,0,50,124,244,0,0
#DST_IMAGE,0,50,589,539,0,-481,0,255,255,255,255,1,0,0,0,,,,,

//SRC定義,(NULL),gr,x,y,w,h,div_x,div_y,cycle,timer,op1,op2,op3,,,,,,,
#SRC_IMAGE,0,9,165,0,55,491,1,1,0,125,0,0,0,,,,,,,
//DST定義,(NULL),time,x,y,w,h,acc,a,r,g,b,blend,filter,angle,center,loop,timer,op1,op2,op3
#DST_IMAGE,0,0,612,539,55,-481,0,255,255,255,255,1,0,0,0,50,125,244,0,0
#DST_IMAGE,0,50,650,539,0,-481,0,255,255,255,255,1,0,0,0,,,,,

//SRC定義,(NULL),gr,x,y,w,h,div_x,div_y,cycle,timer,op1,op2,op3,,,,,,,
#SRC_IMAGE,0,9,135,491,45,491,1,1,0,126,0,0,0,,,,,,,
//DST定義,(NULL),time,x,y,w,h,acc,a,r,g,b,blend,filter,angle,center,loop,timer,op1,op2,op3
#DST_IMAGE,0,0,668,539,45,-481,0,255,255,255,255,1,0,0,0,50,126,244,0,0
#DST_IMAGE,0,50,691,539,0,-481,0,255,255,255,255,1,0,0,0,,,,,

//SRC定義,(NULL),gr,x,y,w,h,div_x,div_y,cycle,timer,op1,op2,op3,,,,,,,
#SRC_IMAGE,0,9,165,0,55,491,1,1,0,127,0,0,0,,,,,,,
//DST定義,(NULL),time,x,y,w,h,acc,a,r,g,b,blend,filter,angle,center,loop,timer,op1,op2,op3
#DST_IMAGE,0,0,714,539,55,-481,0,255,255,255,255,1,0,0,0,50,127,244,0,0
#DST_IMAGE,0,50,742,539,0,-481,0,255,255,255,255,1,0,0,0,,,,,

//SRC定義,(NULL),gr,x,y,w,h,div_x,div_y,cycle,timer,op1,op2,op3,,,,,,,
#SRC_IMAGE,0,9,135,491,45,491,1,1,0,128,0,0,0,,,,,,,
//DST定義,(NULL),time,x,y,w,h,acc,a,r,g,b,blend,filter,angle,center,loop,timer,op1,op2,op3
#DST_IMAGE,0,0,770,539,45,-481,0,255,255,255,255,1,0,0,0,50,128,244,0,0
#DST_IMAGE,0,50,793,539,0,-481,0,255,255,255,255,1,0,0,0,,,,,

//SRC定義,(NULL),gr,x,y,w,h,div_x,div_y,cycle,timer,op1,op2,op3,,,,,,,
#SRC_IMAGE,0,9,165,0,55,491,1,1,0,129,0,0,0,,,,,,,
//DST定義,(NULL),time,x,y,w,h,acc,a,r,g,b,blend,filter,angle,center,loop,timer,op1,op2,op3
#DST_IMAGE,0,0,816,539,55,-481,0,255,255,255,255,1,0,0,0,50,129,244,0,0
#DST_IMAGE,0,50,844,539,0,-481,0,255,255,255,255,1,0,0,0,,,,,
----POOR--------------------------------------------------------------------------------
//SRC定義,(NULL),gr,x,y,w,h,div_x,div_y,cycle,timer,op1,op2,op3,,,,,,,
#SRC_IMAGE,0,9,220,0,55,491,1,1,0,101,0,0,0,,,,,,,
//DST定義,(NULL),time,x,y,w,h,acc,a,r,g,b,blend,filter,angle,center,loop,timer,op1,op2,op3
#DST_IMAGE,0,0,408,539,55,-481,0,255,255,255,255,1,0,0,0,0,101,245,0,0

//SRC定義,(NULL),gr,x,y,w,h,div_x,div_y,cycle,timer,op1,op2,op3,,,,,,,
#SRC_IMAGE,0,9,180,491,45,491,1,1,0,102,0,0,0,,,,,,,
//DST定義,(NULL),time,x,y,w,h,acc,a,r,g,b,blend,filter,angle,center,loop,timer,op1,op2,op3
#DST_IMAGE,0,0,464,539,45,-481,0,255,255,255,255,1,0,0,0,0,102,245,0,0

//SRC定義,(NULL),gr,x,y,w,h,div_x,div_y,cycle,timer,op1,op2,op3,,,,,,,
#SRC_IMAGE,0,9,220,0,55,491,1,1,0,103,0,0,0,,,,,,,
//DST定義,(NULL),time,x,y,w,h,acc,a,r,g,b,blend,filter,angle,center,loop,timer,op1,op2,op3
#DST_IMAGE,0,0,510,539,55,-481,0,255,255,255,255,1,0,0,0,0,103,245,0,0

//SRC定義,(NULL),gr,x,y,w,h,div_x,div_y,cycle,timer,op1,op2,op3,,,,,,,
#SRC_IMAGE,0,9,180,491,45,491,1,1,0,104,0,0,0,,,,,,,
//DST定義,(NULL),time,x,y,w,h,acc,a,r,g,b,blend,filter,angle,center,loop,timer,op1,op2,op3
#DST_IMAGE,0,0,566,539,45,-481,0,255,255,255,255,1,0,0,0,0,104,245,0,0

//SRC定義,(NULL),gr,x,y,w,h,div_x,div_y,cycle,timer,op1,op2,op3,,,,,,,
#SRC_IMAGE,0,9,220,0,55,491,1,1,0,105,0,0,0,,,,,,,
//DST定義,(NULL),time,x,y,w,h,acc,a,r,g,b,blend,filter,angle,center,loop,timer,op1,op2,op3
#DST_IMAGE,0,0,612,539,55,-481,0,255,255,255,255,1,0,0,0,0,105,245,0,0

//SRC定義,(NULL),gr,x,y,w,h,div_x,div_y,cycle,timer,op1,op2,op3,,,,,,,
#SRC_IMAGE,0,9,180,491,45,491,1,1,0,106,0,0,0,,,,,,,
//DST定義,(NULL),time,x,y,w,h,acc,a,r,g,b,blend,filter,angle,center,loop,timer,op1,op2,op3
#DST_IMAGE,0,0,668,539,45,-481,0,255,255,255,255,1,0,0,0,0,106,245,0,0

//SRC定義,(NULL),gr,x,y,w,h,div_x,div_y,cycle,timer,op1,op2,op3,,,,,,,
#SRC_IMAGE,0,9,220,0,55,491,1,1,0,107,0,0,0,,,,,,,
//DST定義,(NULL),time,x,y,w,h,acc,a,r,g,b,blend,filter,angle,center,loop,timer,op1,op2,op3
#DST_IMAGE,0,0,714,539,55,-481,0,255,255,255,255,1,0,0,0,0,107,245,0,0

//SRC定義,(NULL),gr,x,y,w,h,div_x,div_y,cycle,timer,op1,op2,op3,,,,,,,
#SRC_IMAGE,0,9,180,491,45,491,1,1,0,108,0,0,0,,,,,,,
//DST定義,(NULL),time,x,y,w,h,acc,a,r,g,b,blend,filter,angle,center,loop,timer,op1,op2,op3
#DST_IMAGE,0,0,770,539,45,-481,0,255,255,255,255,1,0,0,0,0,108,245,0,0

//SRC定義,(NULL),gr,x,y,w,h,div_x,div_y,cycle,timer,op1,op2,op3,,,,,,,
#SRC_IMAGE,0,9,220,0,55,491,1,1,0,109,0,0,0,,,,,,,
//DST定義,(NULL),time,x,y,w,h,acc,a,r,g,b,blend,filter,angle,center,loop,timer,op1,op2,op3
#DST_IMAGE,0,0,816,539,55,-481,0,255,255,255,255,1,0,0,0,0,109,245,0,0

//1Pレーザーオフ(timer120),,,,,,,,,,,,,,,,,,,,

//SRC定義,(NULL),gr,x,y,w,h,div_x,div_y,cycle,timer,op1,op2,op3,,,,,,,
#SRC_IMAGE,0,9,220,0,55,491,1,1,0,121,0,0,0,,,,,,,
//DST定義,(NULL),time,x,y,w,h,acc,a,r,g,b,blend,filter,angle,center,loop,timer,op1,op2,op3
#DST_IMAGE,0,0,408,539,55,-481,0,255,255,255,255,1,0,0,0,50,121,245,0,0
#DST_IMAGE,0,50,432,539,0,-481,0,255,255,255,255,1,0,0,0,,,,,

//SRC定義,(NULL),gr,x,y,w,h,div_x,div_y,cycle,timer,op1,op2,op3,,,,,,,
#SRC_IMAGE,0,9,180,491,45,491,1,1,0,122,0,0,0,,,,,,,
//DST定義,(NULL),time,x,y,w,h,acc,a,r,g,b,blend,filter,angle,center,loop,timer,op1,op2,op3
#DST_IMAGE,0,0,464,539,45,-481,0,255,255,255,255,1,0,0,0,50,122,245,0,0
#DST_IMAGE,0,50,487,539,0,-481,0,255,255,255,255,1,0,0,0,,,,,

//SRC定義,(NULL),gr,x,y,w,h,div_x,div_y,cycle,timer,op1,op2,op3,,,,,,,
#SRC_IMAGE,0,9,220,0,55,491,1,1,0,123,0,0,0,,,,,,,
//DST定義,(NULL),time,x,y,w,h,acc,a,r,g,b,blend,filter,angle,center,loop,timer,op1,op2,op3
#DST_IMAGE,0,0,510,539,55,-481,0,255,255,255,255,1,0,0,0,50,123,245,0,0
#DST_IMAGE,0,50,538,539,0,-481,0,255,255,255,255,1,0,0,0,,,,,

//SRC定義,(NULL),gr,x,y,w,h,div_x,div_y,cycle,timer,op1,op2,op3,,,,,,,
#SRC_IMAGE,0,9,180,491,45,491,1,1,0,124,0,0,0,,,,,,,
//DST定義,(NULL),time,x,y,w,h,acc,a,r,g,b,blend,filter,angle,center,loop,timer,op1,op2,op3
#DST_IMAGE,0,0,566,539,45,-481,0,255,255,255,255,1,0,0,0,50,124,245,0,0
#DST_IMAGE,0,50,589,539,0,-481,0,255,255,255,255,1,0,0,0,,,,,

//SRC定義,(NULL),gr,x,y,w,h,div_x,div_y,cycle,timer,op1,op2,op3,,,,,,,
#SRC_IMAGE,0,9,220,0,55,491,1,1,0,125,0,0,0,,,,,,,
//DST定義,(NULL),time,x,y,w,h,acc,a,r,g,b,blend,filter,angle,center,loop,timer,op1,op2,op3
#DST_IMAGE,0,0,612,539,55,-481,0,255,255,255,255,1,0,0,0,50,125,245,0,0
#DST_IMAGE,0,50,650,539,0,-481,0,255,255,255,255,1,0,0,0,,,,,

//SRC定義,(NULL),gr,x,y,w,h,div_x,div_y,cycle,timer,op1,op2,op3,,,,,,,
#SRC_IMAGE,0,9,180,491,45,491,1,1,0,126,0,0,0,,,,,,,
//DST定義,(NULL),time,x,y,w,h,acc,a,r,g,b,blend,filter,angle,center,loop,timer,op1,op2,op3
#DST_IMAGE,0,0,668,539,45,-481,0,255,255,255,255,1,0,0,0,50,126,245,0,0
#DST_IMAGE,0,50,691,539,0,-481,0,255,255,255,255,1,0,0,0,,,,,

//SRC定義,(NULL),gr,x,y,w,h,div_x,div_y,cycle,timer,op1,op2,op3,,,,,,,
#SRC_IMAGE,0,9,220,0,55,491,1,1,0,127,0,0,0,,,,,,,
//DST定義,(NULL),time,x,y,w,h,acc,a,r,g,b,blend,filter,angle,center,loop,timer,op1,op2,op3
#DST_IMAGE,0,0,714,539,55,-481,0,255,255,255,255,1,0,0,0,50,127,245,0,0
#DST_IMAGE,0,50,742,539,0,-481,0,255,255,255,255,1,0,0,0,,,,,

//SRC定義,(NULL),gr,x,y,w,h,div_x,div_y,cycle,timer,op1,op2,op3,,,,,,,
#SRC_IMAGE,0,9,180,491,45,491,1,1,0,128,0,0,0,,,,,,,
//DST定義,(NULL),time,x,y,w,h,acc,a,r,g,b,blend,filter,angle,center,loop,timer,op1,op2,op3
#DST_IMAGE,0,0,770,539,45,-481,0,255,255,255,255,1,0,0,0,50,128,245,0,0
#DST_IMAGE,0,50,793,539,0,-481,0,255,255,255,255,1,0,0,0,,,,,

//SRC定義,(NULL),gr,x,y,w,h,div_x,div_y,cycle,timer,op1,op2,op3,,,,,,,
#SRC_IMAGE,0,9,220,0,55,491,1,1,0,129,0,0,0,,,,,,,
//DST定義,(NULL),time,x,y,w,h,acc,a,r,g,b,blend,filter,angle,center,loop,timer,op1,op2,op3
#DST_IMAGE,0,0,816,539,55,-481,0,255,255,255,255,1,0,0,0,50,129,245,0,0
#DST_IMAGE,0,50,844,539,0,-481,0,255,255,255,255,1,0,0,0,,,,,
-------------空POOR-----------------------------------------------------------------
//SRC定義,(NULL),gr,x,y,w,h,div_x,div_y,cycle,timer,op1,op2,op3,,,,,,,
#SRC_IMAGE,0,9,220,0,55,491,1,1,0,101,0,0,0,,,,,,,
//DST定義,(NULL),time,x,y,w,h,acc,a,r,g,b,blend,filter,angle,center,loop,timer,op1,op2,op3
#DST_IMAGE,0,0,408,539,55,-481,0,255,255,255,255,1,0,0,0,0,101,246,0,0

//SRC定義,(NULL),gr,x,y,w,h,div_x,div_y,cycle,timer,op1,op2,op3,,,,,,,
#SRC_IMAGE,0,9,180,491,45,491,1,1,0,102,0,0,0,,,,,,,
//DST定義,(NULL),time,x,y,w,h,acc,a,r,g,b,blend,filter,angle,center,loop,timer,op1,op2,op3
#DST_IMAGE,0,0,464,539,45,-481,0,255,255,255,255,1,0,0,0,0,102,246,0,0

//SRC定義,(NULL),gr,x,y,w,h,div_x,div_y,cycle,timer,op1,op2,op3,,,,,,,
#SRC_IMAGE,0,9,220,0,55,491,1,1,0,103,0,0,0,,,,,,,
//DST定義,(NULL),time,x,y,w,h,acc,a,r,g,b,blend,filter,angle,center,loop,timer,op1,op2,op3
#DST_IMAGE,0,0,510,539,55,-481,0,255,255,255,255,1,0,0,0,0,103,246,0,0

//SRC定義,(NULL),gr,x,y,w,h,div_x,div_y,cycle,timer,op1,op2,op3,,,,,,,
#SRC_IMAGE,0,9,180,491,45,491,1,1,0,104,0,0,0,,,,,,,
//DST定義,(NULL),time,x,y,w,h,acc,a,r,g,b,blend,filter,angle,center,loop,timer,op1,op2,op3
#DST_IMAGE,0,0,566,539,45,-481,0,255,255,255,255,1,0,0,0,0,104,246,0,0

//SRC定義,(NULL),gr,x,y,w,h,div_x,div_y,cycle,timer,op1,op2,op3,,,,,,,
#SRC_IMAGE,0,9,220,0,55,491,1,1,0,105,0,0,0,,,,,,,
//DST定義,(NULL),time,x,y,w,h,acc,a,r,g,b,blend,filter,angle,center,loop,timer,op1,op2,op3
#DST_IMAGE,0,0,612,539,55,-481,0,255,255,255,255,1,0,0,0,0,105,246,0,0

//SRC定義,(NULL),gr,x,y,w,h,div_x,div_y,cycle,timer,op1,op2,op3,,,,,,,
#SRC_IMAGE,0,9,180,491,45,491,1,1,0,106,0,0,0,,,,,,,
//DST定義,(NULL),time,x,y,w,h,acc,a,r,g,b,blend,filter,angle,center,loop,timer,op1,op2,op3
#DST_IMAGE,0,0,668,539,45,-481,0,255,255,255,255,1,0,0,0,0,106,246,0,0

//SRC定義,(NULL),gr,x,y,w,h,div_x,div_y,cycle,timer,op1,op2,op3,,,,,,,
#SRC_IMAGE,0,9,220,0,55,491,1,1,0,107,0,0,0,,,,,,,
//DST定義,(NULL),time,x,y,w,h,acc,a,r,g,b,blend,filter,angle,center,loop,timer,op1,op2,op3
#DST_IMAGE,0,0,714,539,55,-481,0,255,255,255,255,1,0,0,0,0,107,246,0,0

//SRC定義,(NULL),gr,x,y,w,h,div_x,div_y,cycle,timer,op1,op2,op3,,,,,,,
#SRC_IMAGE,0,9,180,491,45,491,1,1,0,108,0,0,0,,,,,,,
//DST定義,(NULL),time,x,y,w,h,acc,a,r,g,b,blend,filter,angle,center,loop,timer,op1,op2,op3
#DST_IMAGE,0,0,770,539,45,-481,0,255,255,255,255,1,0,0,0,0,108,246,0,0

//SRC定義,(NULL),gr,x,y,w,h,div_x,div_y,cycle,timer,op1,op2,op3,,,,,,,
#SRC_IMAGE,0,9,220,0,55,491,1,1,0,109,0,0,0,,,,,,,
//DST定義,(NULL),time,x,y,w,h,acc,a,r,g,b,blend,filter,angle,center,loop,timer,op1,op2,op3
#DST_IMAGE,0,0,816,539,55,-481,0,255,255,255,255,1,0,0,0,0,109,246,0,0

//1Pレーザーオフ(timer120),,,,,,,,,,,,,,,,,,,,

//SRC定義,(NULL),gr,x,y,w,h,div_x,div_y,cycle,timer,op1,op2,op3,,,,,,,
#SRC_IMAGE,0,9,220,0,55,491,1,1,0,121,0,0,0,,,,,,,
//DST定義,(NULL),time,x,y,w,h,acc,a,r,g,b,blend,filter,angle,center,loop,timer,op1,op2,op3
#DST_IMAGE,0,0,408,539,55,-481,0,255,255,255,255,1,0,0,0,50,121,246,0,0
#DST_IMAGE,0,50,432,539,0,-481,0,255,255,255,255,1,0,0,0,,,,,

//SRC定義,(NULL),gr,x,y,w,h,div_x,div_y,cycle,timer,op1,op2,op3,,,,,,,
#SRC_IMAGE,0,9,180,491,45,491,1,1,0,122,0,0,0,,,,,,,
//DST定義,(NULL),time,x,y,w,h,acc,a,r,g,b,blend,filter,angle,center,loop,timer,op1,op2,op3
#DST_IMAGE,0,0,464,539,45,-481,0,255,255,255,255,1,0,0,0,50,122,246,0,0
#DST_IMAGE,0,50,487,539,0,-481,0,255,255,255,255,1,0,0,0,,,,,

//SRC定義,(NULL),gr,x,y,w,h,div_x,div_y,cycle,timer,op1,op2,op3,,,,,,,
#SRC_IMAGE,0,9,220,0,55,491,1,1,0,123,0,0,0,,,,,,,
//DST定義,(NULL),time,x,y,w,h,acc,a,r,g,b,blend,filter,angle,center,loop,timer,op1,op2,op3
#DST_IMAGE,0,0,510,539,55,-481,0,255,255,255,255,1,0,0,0,50,123,246,0,0
#DST_IMAGE,0,50,538,539,0,-481,0,255,255,255,255,1,0,0,0,,,,,

//SRC定義,(NULL),gr,x,y,w,h,div_x,div_y,cycle,timer,op1,op2,op3,,,,,,,
#SRC_IMAGE,0,9,180,491,45,491,1,1,0,124,0,0,0,,,,,,,
//DST定義,(NULL),time,x,y,w,h,acc,a,r,g,b,blend,filter,angle,center,loop,timer,op1,op2,op3
#DST_IMAGE,0,0,566,539,45,-481,0,255,255,255,255,1,0,0,0,50,124,246,0,0
#DST_IMAGE,0,50,589,539,0,-481,0,255,255,255,255,1,0,0,0,,,,,

//SRC定義,(NULL),gr,x,y,w,h,div_x,div_y,cycle,timer,op1,op2,op3,,,,,,,
#SRC_IMAGE,0,9,220,0,55,491,1,1,0,125,0,0,0,,,,,,,
//DST定義,(NULL),time,x,y,w,h,acc,a,r,g,b,blend,filter,angle,center,loop,timer,op1,op2,op3
#DST_IMAGE,0,0,612,539,55,-481,0,255,255,255,255,1,0,0,0,50,125,246,0,0
#DST_IMAGE,0,50,650,539,0,-481,0,255,255,255,255,1,0,0,0,,,,,

//SRC定義,(NULL),gr,x,y,w,h,div_x,div_y,cycle,timer,op1,op2,op3,,,,,,,
#SRC_IMAGE,0,9,180,491,45,491,1,1,0,126,0,0,0,,,,,,,
//DST定義,(NULL),time,x,y,w,h,acc,a,r,g,b,blend,filter,angle,center,loop,timer,op1,op2,op3
#DST_IMAGE,0,0,668,539,45,-481,0,255,255,255,255,1,0,0,0,50,126,246,0,0
#DST_IMAGE,0,50,691,539,0,-481,0,255,255,255,255,1,0,0,0,,,,,

//SRC定義,(NULL),gr,x,y,w,h,div_x,div_y,cycle,timer,op1,op2,op3,,,,,,,
#SRC_IMAGE,0,9,220,0,55,491,1,1,0,127,0,0,0,,,,,,,
//DST定義,(NULL),time,x,y,w,h,acc,a,r,g,b,blend,filter,angle,center,loop,timer,op1,op2,op3
#DST_IMAGE,0,0,714,539,55,-481,0,255,255,255,255,1,0,0,0,50,127,246,0,0
#DST_IMAGE,0,50,742,539,0,-481,0,255,255,255,255,1,0,0,0,,,,,

//SRC定義,(NULL),gr,x,y,w,h,div_x,div_y,cycle,timer,op1,op2,op3,,,,,,,
#SRC_IMAGE,0,9,180,491,45,491,1,1,0,128,0,0,0,,,,,,,
//DST定義,(NULL),time,x,y,w,h,acc,a,r,g,b,blend,filter,angle,center,loop,timer,op1,op2,op3
#DST_IMAGE,0,0,770,539,45,-481,0,255,255,255,255,1,0,0,0,50,128,246,0,0
#DST_IMAGE,0,50,793,539,0,-481,0,255,255,255,255,1,0,0,0,,,,,

//SRC定義,(NULL),gr,x,y,w,h,div_x,div_y,cycle,timer,op1,op2,op3,,,,,,,
#SRC_IMAGE,0,9,220,0,55,491,1,1,0,129,0,0,0,,,,,,,
//DST定義,(NULL),time,x,y,w,h,acc,a,r,g,b,blend,filter,angle,center,loop,timer,op1,op2,op3
#DST_IMAGE,0,0,816,539,55,-481,0,255,255,255,255,1,0,0,0,50,129,246,0,0
#DST_IMAGE,0,50,844,539,0,-481,0,255,255,255,255,1,0,0,0,,,,,

#ELSEIF,941
----COOL------------------------------------------------------------------------------------
//1Pレーザーオン(timer100-),,,,,,,,,,,,,,,,,,,,

//SRC定義,(NULL),gr,x,y,w,h,div_x,div_y,cycle,timer,op1,op2,op3,,,,,,,
#SRC_IMAGE,0,9,0,0,55,491,1,1,0,101,0,0,0,,,,,,,
//DST定義,(NULL),time,x,y,w,h,acc,a,r,g,b,blend,filter,angle,center,loop,timer,op1,op2,op3
#DST_IMAGE,0,0,408,539,55,-241,0,255,255,255,255,1,0,0,0,0,101,241,0,0

//SRC定義,(NULL),gr,x,y,w,h,div_x,div_y,cycle,timer,op1,op2,op3,,,,,,,
#SRC_IMAGE,0,9,0,491,45,491,1,1,0,102,0,0,0,,,,,,,
//DST定義,(NULL),time,x,y,w,h,acc,a,r,g,b,blend,filter,angle,center,loop,timer,op1,op2,op3
#DST_IMAGE,0,0,464,539,45,-241,0,255,255,255,255,1,0,0,0,0,102,241,0,0

//SRC定義,(NULL),gr,x,y,w,h,div_x,div_y,cycle,timer,op1,op2,op3,,,,,,,
#SRC_IMAGE,0,9,0,0,55,491,1,1,0,103,0,0,0,,,,,,,
//DST定義,(NULL),time,x,y,w,h,acc,a,r,g,b,blend,filter,angle,center,loop,timer,op1,op2,op3
#DST_IMAGE,0,0,510,539,55,-241,0,255,255,255,255,1,0,0,0,0,103,241,0,0

//SRC定義,(NULL),gr,x,y,w,h,div_x,div_y,cycle,timer,op1,op2,op3,,,,,,,
#SRC_IMAGE,0,9,0,491,45,491,1,1,0,104,0,0,0,,,,,,,
//DST定義,(NULL),time,x,y,w,h,acc,a,r,g,b,blend,filter,angle,center,loop,timer,op1,op2,op3
#DST_IMAGE,0,0,566,539,45,-241,0,255,255,255,255,1,0,0,0,0,104,241,0,0

//SRC定義,(NULL),gr,x,y,w,h,div_x,div_y,cycle,timer,op1,op2,op3,,,,,,,
#SRC_IMAGE,0,9,0,0,55,491,1,1,0,105,0,0,0,,,,,,,
//DST定義,(NULL),time,x,y,w,h,acc,a,r,g,b,blend,filter,angle,center,loop,timer,op1,op2,op3
#DST_IMAGE,0,0,612,539,55,-241,0,255,255,255,255,1,0,0,0,0,105,241,0,0

//SRC定義,(NULL),gr,x,y,w,h,div_x,div_y,cycle,timer,op1,op2,op3,,,,,,,
#SRC_IMAGE,0,9,0,491,45,491,1,1,0,106,0,0,0,,,,,,,
//DST定義,(NULL),time,x,y,w,h,acc,a,r,g,b,blend,filter,angle,center,loop,timer,op1,op2,op3
#DST_IMAGE,0,0,668,539,45,-241,0,255,255,255,255,1,0,0,0,0,106,241,0,0

//SRC定義,(NULL),gr,x,y,w,h,div_x,div_y,cycle,timer,op1,op2,op3,,,,,,,
#SRC_IMAGE,0,9,0,0,55,491,1,1,0,107,0,0,0,,,,,,,
//DST定義,(NULL),time,x,y,w,h,acc,a,r,g,b,blend,filter,angle,center,loop,timer,op1,op2,op3
#DST_IMAGE,0,0,714,539,55,-241,0,255,255,255,255,1,0,0,0,0,107,241,0,0

//SRC定義,(NULL),gr,x,y,w,h,div_x,div_y,cycle,timer,op1,op2,op3,,,,,,,
#SRC_IMAGE,0,9,0,491,45,491,1,1,0,108,0,0,0,,,,,,,
//DST定義,(NULL),time,x,y,w,h,acc,a,r,g,b,blend,filter,angle,center,loop,timer,op1,op2,op3
#DST_IMAGE,0,0,770,539,45,-241,0,255,255,255,255,1,0,0,0,0,108,241,0,0

//SRC定義,(NULL),gr,x,y,w,h,div_x,div_y,cycle,timer,op1,op2,op3,,,,,,,
#SRC_IMAGE,0,9,0,0,55,491,1,1,0,109,0,0,0,,,,,,,
//DST定義,(NULL),time,x,y,w,h,acc,a,r,g,b,blend,filter,angle,center,loop,timer,op1,op2,op3
#DST_IMAGE,0,0,816,539,55,-241,0,255,255,255,255,1,0,0,0,0,109,241,0,0

//1Pレーザーオフ(timer120),,,,,,,,,,,,,,,,,,,,

//SRC定義,(NULL),gr,x,y,w,h,div_x,div_y,cycle,timer,op1,op2,op3,,,,,,,
#SRC_IMAGE,0,9,0,0,55,491,1,1,0,121,0,0,0,,,,,,,
//DST定義,(NULL),time,x,y,w,h,acc,a,r,g,b,blend,filter,angle,center,loop,timer,op1,op2,op3
#DST_IMAGE,0,0,408,539,55,-241,0,255,255,255,255,1,0,0,0,50,121,241,0,0
#DST_IMAGE,0,50,432,539,0,-241,0,255,255,255,255,1,0,0,0,,,,,

//SRC定義,(NULL),gr,x,y,w,h,div_x,div_y,cycle,timer,op1,op2,op3,,,,,,,
#SRC_IMAGE,0,9,0,491,45,491,1,1,0,122,0,0,0,,,,,,,
//DST定義,(NULL),time,x,y,w,h,acc,a,r,g,b,blend,filter,angle,center,loop,timer,op1,op2,op3
#DST_IMAGE,0,0,464,539,45,-241,0,255,255,255,255,1,0,0,0,50,122,241,0,0
#DST_IMAGE,0,50,487,539,0,-241,0,255,255,255,255,1,0,0,0,,,,,

//SRC定義,(NULL),gr,x,y,w,h,div_x,div_y,cycle,timer,op1,op2,op3,,,,,,,
#SRC_IMAGE,0,9,0,0,55,491,1,1,0,123,0,0,0,,,,,,,
//DST定義,(NULL),time,x,y,w,h,acc,a,r,g,b,blend,filter,angle,center,loop,timer,op1,op2,op3
#DST_IMAGE,0,0,510,539,55,-241,0,255,255,255,255,1,0,0,0,50,123,241,0,0
#DST_IMAGE,0,50,538,539,0,-241,0,255,255,255,255,1,0,0,0,,,,,

//SRC定義,(NULL),gr,x,y,w,h,div_x,div_y,cycle,timer,op1,op2,op3,,,,,,,
#SRC_IMAGE,0,9,0,491,45,491,1,1,0,124,0,0,0,,,,,,,
//DST定義,(NULL),time,x,y,w,h,acc,a,r,g,b,blend,filter,angle,center,loop,timer,op1,op2,op3
#DST_IMAGE,0,0,566,539,45,-241,0,255,255,255,255,1,0,0,0,50,124,241,0,0
#DST_IMAGE,0,50,589,539,0,-241,0,255,255,255,255,1,0,0,0,,,,,

//SRC定義,(NULL),gr,x,y,w,h,div_x,div_y,cycle,timer,op1,op2,op3,,,,,,,
#SRC_IMAGE,0,9,0,0,55,491,1,1,0,125,0,0,0,,,,,,,
//DST定義,(NULL),time,x,y,w,h,acc,a,r,g,b,blend,filter,angle,center,loop,timer,op1,op2,op3
#DST_IMAGE,0,0,612,539,55,-241,0,255,255,255,255,1,0,0,0,50,125,241,0,0
#DST_IMAGE,0,50,650,539,0,-241,0,255,255,255,255,1,0,0,0,,,,,

//SRC定義,(NULL),gr,x,y,w,h,div_x,div_y,cycle,timer,op1,op2,op3,,,,,,,
#SRC_IMAGE,0,9,0,491,45,491,1,1,0,126,0,0,0,,,,,,,
//DST定義,(NULL),time,x,y,w,h,acc,a,r,g,b,blend,filter,angle,center,loop,timer,op1,op2,op3
#DST_IMAGE,0,0,668,539,45,-241,0,255,255,255,255,1,0,0,0,50,126,241,0,0
#DST_IMAGE,0,50,691,539,0,-241,0,255,255,255,255,1,0,0,0,,,,,

//SRC定義,(NULL),gr,x,y,w,h,div_x,div_y,cycle,timer,op1,op2,op3,,,,,,,
#SRC_IMAGE,0,9,0,0,55,491,1,1,0,127,0,0,0,,,,,,,
//DST定義,(NULL),time,x,y,w,h,acc,a,r,g,b,blend,filter,angle,center,loop,timer,op1,op2,op3
#DST_IMAGE,0,0,714,539,55,-241,0,255,255,255,255,1,0,0,0,50,127,241,0,0
#DST_IMAGE,0,50,742,539,0,-241,0,255,255,255,255,1,0,0,0,,,,,

//SRC定義,(NULL),gr,x,y,w,h,div_x,div_y,cycle,timer,op1,op2,op3,,,,,,,
#SRC_IMAGE,0,9,0,491,45,491,1,1,0,128,0,0,0,,,,,,,
//DST定義,(NULL),time,x,y,w,h,acc,a,r,g,b,blend,filter,angle,center,loop,timer,op1,op2,op3
#DST_IMAGE,0,0,770,539,45,-241,0,255,255,255,255,1,0,0,0,50,128,241,0,0
#DST_IMAGE,0,50,793,539,0,-241,0,255,255,255,255,1,0,0,0,,,,,

//SRC定義,(NULL),gr,x,y,w,h,div_x,div_y,cycle,timer,op1,op2,op3,,,,,,,
#SRC_IMAGE,0,9,0,0,55,491,1,1,0,129,0,0,0,,,,,,,
//DST定義,(NULL),time,x,y,w,h,acc,a,r,g,b,blend,filter,angle,center,loop,timer,op1,op2,op3
#DST_IMAGE,0,0,816,539,55,-241,0,255,255,255,255,1,0,0,0,50,129,241,0,0
#DST_IMAGE,0,50,844,539,0,-241,0,255,255,255,255,1,0,0,0,,,,,
---GREAT-------------------------------------------------------------------------------------
//SRC定義,(NULL),gr,x,y,w,h,div_x,div_y,cycle,timer,op1,op2,op3,,,,,,,
#SRC_IMAGE,0,9,55,0,55,491,1,1,0,101,0,0,0,,,,,,,
//DST定義,(NULL),time,x,y,w,h,acc,a,r,g,b,blend,filter,angle,center,loop,timer,op1,op2,op3
#DST_IMAGE,0,0,408,539,55,-241,0,255,255,255,255,1,0,0,0,0,101,242,0,0

//SRC定義,(NULL),gr,x,y,w,h,div_x,div_y,cycle,timer,op1,op2,op3,,,,,,,
#SRC_IMAGE,0,9,45,491,45,491,1,1,0,102,0,0,0,,,,,,,
//DST定義,(NULL),time,x,y,w,h,acc,a,r,g,b,blend,filter,angle,center,loop,timer,op1,op2,op3
#DST_IMAGE,0,0,464,539,45,-241,0,255,255,255,255,1,0,0,0,0,102,242,0,0

//SRC定義,(NULL),gr,x,y,w,h,div_x,div_y,cycle,timer,op1,op2,op3,,,,,,,
#SRC_IMAGE,0,9,55,0,55,491,1,1,0,103,0,0,0,,,,,,,
//DST定義,(NULL),time,x,y,w,h,acc,a,r,g,b,blend,filter,angle,center,loop,timer,op1,op2,op3
#DST_IMAGE,0,0,510,539,55,-241,0,255,255,255,255,1,0,0,0,0,103,242,0,0

//SRC定義,(NULL),gr,x,y,w,h,div_x,div_y,cycle,timer,op1,op2,op3,,,,,,,
#SRC_IMAGE,0,9,45,491,45,491,1,1,0,104,0,0,0,,,,,,,
//DST定義,(NULL),time,x,y,w,h,acc,a,r,g,b,blend,filter,angle,center,loop,timer,op1,op2,op3
#DST_IMAGE,0,0,566,539,45,-241,0,255,255,255,255,1,0,0,0,0,104,242,0,0

//SRC定義,(NULL),gr,x,y,w,h,div_x,div_y,cycle,timer,op1,op2,op3,,,,,,,
#SRC_IMAGE,0,9,55,0,55,491,1,1,0,105,0,0,0,,,,,,,
//DST定義,(NULL),time,x,y,w,h,acc,a,r,g,b,blend,filter,angle,center,loop,timer,op1,op2,op3
#DST_IMAGE,0,0,612,539,55,-241,0,255,255,255,255,1,0,0,0,0,105,242,0,0

//SRC定義,(NULL),gr,x,y,w,h,div_x,div_y,cycle,timer,op1,op2,op3,,,,,,,
#SRC_IMAGE,0,9,45,491,45,491,1,1,0,106,0,0,0,,,,,,,
//DST定義,(NULL),time,x,y,w,h,acc,a,r,g,b,blend,filter,angle,center,loop,timer,op1,op2,op3
#DST_IMAGE,0,0,668,539,45,-241,0,255,255,255,255,1,0,0,0,0,106,242,0,0

//SRC定義,(NULL),gr,x,y,w,h,div_x,div_y,cycle,timer,op1,op2,op3,,,,,,,
#SRC_IMAGE,0,9,55,0,55,491,1,1,0,107,0,0,0,,,,,,,
//DST定義,(NULL),time,x,y,w,h,acc,a,r,g,b,blend,filter,angle,center,loop,timer,op1,op2,op3
#DST_IMAGE,0,0,714,539,55,-241,0,255,255,255,255,1,0,0,0,0,107,242,0,0

//SRC定義,(NULL),gr,x,y,w,h,div_x,div_y,cycle,timer,op1,op2,op3,,,,,,,
#SRC_IMAGE,0,9,45,491,45,491,1,1,0,108,0,0,0,,,,,,,
//DST定義,(NULL),time,x,y,w,h,acc,a,r,g,b,blend,filter,angle,center,loop,timer,op1,op2,op3
#DST_IMAGE,0,0,770,539,45,-241,0,255,255,255,255,1,0,0,0,0,108,242,0,0

//SRC定義,(NULL),gr,x,y,w,h,div_x,div_y,cycle,timer,op1,op2,op3,,,,,,,
#SRC_IMAGE,0,9,55,0,55,491,1,1,0,109,0,0,0,,,,,,,
//DST定義,(NULL),time,x,y,w,h,acc,a,r,g,b,blend,filter,angle,center,loop,timer,op1,op2,op3
#DST_IMAGE,0,0,816,539,55,-241,0,255,255,255,255,1,0,0,0,0,109,242,0,0

//1Pレーザーオフ(timer120),,,,,,,,,,,,,,,,,,,,

//SRC定義,(NULL),gr,x,y,w,h,div_x,div_y,cycle,timer,op1,op2,op3,,,,,,,
#SRC_IMAGE,0,9,55,0,55,491,1,1,0,121,0,0,0,,,,,,,
//DST定義,(NULL),time,x,y,w,h,acc,a,r,g,b,blend,filter,angle,center,loop,timer,op1,op2,op3
#DST_IMAGE,0,0,408,539,55,-241,0,255,255,255,255,1,0,0,0,50,121,242,0,0
#DST_IMAGE,0,50,432,539,0,-241,0,255,255,255,255,1,0,0,0,,,,,

//SRC定義,(NULL),gr,x,y,w,h,div_x,div_y,cycle,timer,op1,op2,op3,,,,,,,
#SRC_IMAGE,0,9,45,491,45,491,1,1,0,122,0,0,0,,,,,,,
//DST定義,(NULL),time,x,y,w,h,acc,a,r,g,b,blend,filter,angle,center,loop,timer,op1,op2,op3
#DST_IMAGE,0,0,464,539,45,-241,0,255,255,255,255,1,0,0,0,50,122,242,0,0
#DST_IMAGE,0,50,487,539,0,-241,0,255,255,255,255,1,0,0,0,,,,,

//SRC定義,(NULL),gr,x,y,w,h,div_x,div_y,cycle,timer,op1,op2,op3,,,,,,,
#SRC_IMAGE,0,9,55,0,55,491,1,1,0,123,0,0,0,,,,,,,
//DST定義,(NULL),time,x,y,w,h,acc,a,r,g,b,blend,filter,angle,center,loop,timer,op1,op2,op3
#DST_IMAGE,0,0,510,539,55,-241,0,255,255,255,255,1,0,0,0,50,123,242,0,0
#DST_IMAGE,0,50,538,539,0,-241,0,255,255,255,255,1,0,0,0,,,,,

//SRC定義,(NULL),gr,x,y,w,h,div_x,div_y,cycle,timer,op1,op2,op3,,,,,,,
#SRC_IMAGE,0,9,45,491,45,491,1,1,0,124,0,0,0,,,,,,,
//DST定義,(NULL),time,x,y,w,h,acc,a,r,g,b,blend,filter,angle,center,loop,timer,op1,op2,op3
#DST_IMAGE,0,0,566,539,45,-241,0,255,255,255,255,1,0,0,0,50,124,242,0,0
#DST_IMAGE,0,50,589,539,0,-241,0,255,255,255,255,1,0,0,0,,,,,

//SRC定義,(NULL),gr,x,y,w,h,div_x,div_y,cycle,timer,op1,op2,op3,,,,,,,
#SRC_IMAGE,0,9,55,0,55,491,1,1,0,125,0,0,0,,,,,,,
//DST定義,(NULL),time,x,y,w,h,acc,a,r,g,b,blend,filter,angle,center,loop,timer,op1,op2,op3
#DST_IMAGE,0,0,612,539,55,-241,0,255,255,255,255,1,0,0,0,50,125,242,0,0
#DST_IMAGE,0,50,650,539,0,-241,0,255,255,255,255,1,0,0,0,,,,,

//SRC定義,(NULL),gr,x,y,w,h,div_x,div_y,cycle,timer,op1,op2,op3,,,,,,,
#SRC_IMAGE,0,9,45,491,45,491,1,1,0,126,0,0,0,,,,,,,
//DST定義,(NULL),time,x,y,w,h,acc,a,r,g,b,blend,filter,angle,center,loop,timer,op1,op2,op3
#DST_IMAGE,0,0,668,539,45,-241,0,255,255,255,255,1,0,0,0,50,126,242,0,0
#DST_IMAGE,0,50,691,539,0,-241,0,255,255,255,255,1,0,0,0,,,,,

//SRC定義,(NULL),gr,x,y,w,h,div_x,div_y,cycle,timer,op1,op2,op3,,,,,,,
#SRC_IMAGE,0,9,55,0,55,491,1,1,0,127,0,0,0,,,,,,,
//DST定義,(NULL),time,x,y,w,h,acc,a,r,g,b,blend,filter,angle,center,loop,timer,op1,op2,op3
#DST_IMAGE,0,0,714,539,55,-241,0,255,255,255,255,1,0,0,0,50,127,242,0,0
#DST_IMAGE,0,50,742,539,0,-241,0,255,255,255,255,1,0,0,0,,,,,

//SRC定義,(NULL),gr,x,y,w,h,div_x,div_y,cycle,timer,op1,op2,op3,,,,,,,
#SRC_IMAGE,0,9,45,491,45,491,1,1,0,128,0,0,0,,,,,,,
//DST定義,(NULL),time,x,y,w,h,acc,a,r,g,b,blend,filter,angle,center,loop,timer,op1,op2,op3
#DST_IMAGE,0,0,770,539,45,-241,0,255,255,255,255,1,0,0,0,50,128,242,0,0
#DST_IMAGE,0,50,793,539,0,-241,0,255,255,255,255,1,0,0,0,,,,,

//SRC定義,(NULL),gr,x,y,w,h,div_x,div_y,cycle,timer,op1,op2,op3,,,,,,,
#SRC_IMAGE,0,9,55,0,55,491,1,1,0,129,0,0,0,,,,,,,
//DST定義,(NULL),time,x,y,w,h,acc,a,r,g,b,blend,filter,angle,center,loop,timer,op1,op2,op3
#DST_IMAGE,0,0,816,539,55,-241,0,255,255,255,255,1,0,0,0,50,129,242,0,0
#DST_IMAGE,0,50,844,539,0,-241,0,255,255,255,255,1,0,0,0,,,,,
-----GOOD-------------------------------------------------------------------
//SRC定義,(NULL),gr,x,y,w,h,div_x,div_y,cycle,timer,op1,op2,op3,,,,,,,
#SRC_IMAGE,0,9,110,0,55,491,1,1,0,101,0,0,0,,,,,,,
//DST定義,(NULL),time,x,y,w,h,acc,a,r,g,b,blend,filter,angle,center,loop,timer,op1,op2,op3
#DST_IMAGE,0,0,408,539,55,-241,0,255,255,255,255,1,0,0,0,0,101,243,0,0

//SRC定義,(NULL),gr,x,y,w,h,div_x,div_y,cycle,timer,op1,op2,op3,,,,,,,
#SRC_IMAGE,0,9,90,491,45,491,1,1,0,102,0,0,0,,,,,,,
//DST定義,(NULL),time,x,y,w,h,acc,a,r,g,b,blend,filter,angle,center,loop,timer,op1,op2,op3
#DST_IMAGE,0,0,464,539,45,-241,0,255,255,255,255,1,0,0,0,0,102,243,0,0

//SRC定義,(NULL),gr,x,y,w,h,div_x,div_y,cycle,timer,op1,op2,op3,,,,,,,
#SRC_IMAGE,0,9,110,0,55,491,1,1,0,103,0,0,0,,,,,,,
//DST定義,(NULL),time,x,y,w,h,acc,a,r,g,b,blend,filter,angle,center,loop,timer,op1,op2,op3
#DST_IMAGE,0,0,510,539,55,-241,0,255,255,255,255,1,0,0,0,0,103,243,0,0

//SRC定義,(NULL),gr,x,y,w,h,div_x,div_y,cycle,timer,op1,op2,op3,,,,,,,
#SRC_IMAGE,0,9,90,491,45,491,1,1,0,104,0,0,0,,,,,,,
//DST定義,(NULL),time,x,y,w,h,acc,a,r,g,b,blend,filter,angle,center,loop,timer,op1,op2,op3
#DST_IMAGE,0,0,566,539,45,-241,0,255,255,255,255,1,0,0,0,0,104,243,0,0

//SRC定義,(NULL),gr,x,y,w,h,div_x,div_y,cycle,timer,op1,op2,op3,,,,,,,
#SRC_IMAGE,0,9,110,0,55,491,1,1,0,105,0,0,0,,,,,,,
//DST定義,(NULL),time,x,y,w,h,acc,a,r,g,b,blend,filter,angle,center,loop,timer,op1,op2,op3
#DST_IMAGE,0,0,612,539,55,-241,0,255,255,255,255,1,0,0,0,0,105,243,0,0

//SRC定義,(NULL),gr,x,y,w,h,div_x,div_y,cycle,timer,op1,op2,op3,,,,,,,
#SRC_IMAGE,0,9,90,491,45,491,1,1,0,106,0,0,0,,,,,,,
//DST定義,(NULL),time,x,y,w,h,acc,a,r,g,b,blend,filter,angle,center,loop,timer,op1,op2,op3
#DST_IMAGE,0,0,668,539,45,-241,0,255,255,255,255,1,0,0,0,0,106,243,0,0

//SRC定義,(NULL),gr,x,y,w,h,div_x,div_y,cycle,timer,op1,op2,op3,,,,,,,
#SRC_IMAGE,0,9,110,0,55,491,1,1,0,107,0,0,0,,,,,,,
//DST定義,(NULL),time,x,y,w,h,acc,a,r,g,b,blend,filter,angle,center,loop,timer,op1,op2,op3
#DST_IMAGE,0,0,714,539,55,-241,0,255,255,255,255,1,0,0,0,0,107,243,0,0

//SRC定義,(NULL),gr,x,y,w,h,div_x,div_y,cycle,timer,op1,op2,op3,,,,,,,
#SRC_IMAGE,0,9,90,491,45,491,1,1,0,108,0,0,0,,,,,,,
//DST定義,(NULL),time,x,y,w,h,acc,a,r,g,b,blend,filter,angle,center,loop,timer,op1,op2,op3
#DST_IMAGE,0,0,770,539,45,-241,0,255,255,255,255,1,0,0,0,0,108,243,0,0

//SRC定義,(NULL),gr,x,y,w,h,div_x,div_y,cycle,timer,op1,op2,op3,,,,,,,
#SRC_IMAGE,0,9,110,0,55,491,1,1,0,109,0,0,0,,,,,,,
//DST定義,(NULL),time,x,y,w,h,acc,a,r,g,b,blend,filter,angle,center,loop,timer,op1,op2,op3
#DST_IMAGE,0,0,816,539,55,-241,0,255,255,255,255,1,0,0,0,0,109,243,0,0

//1Pレーザーオフ(timer120),,,,,,,,,,,,,,,,,,,,

//SRC定義,(NULL),gr,x,y,w,h,div_x,div_y,cycle,timer,op1,op2,op3,,,,,,,
#SRC_IMAGE,0,9,110,0,55,491,1,1,0,121,0,0,0,,,,,,,
//DST定義,(NULL),time,x,y,w,h,acc,a,r,g,b,blend,filter,angle,center,loop,timer,op1,op2,op3
#DST_IMAGE,0,0,408,539,55,-241,0,255,255,255,255,1,0,0,0,50,121,243,0,0
#DST_IMAGE,0,50,432,539,0,-241,0,255,255,255,255,1,0,0,0,,,,,

//SRC定義,(NULL),gr,x,y,w,h,div_x,div_y,cycle,timer,op1,op2,op3,,,,,,,
#SRC_IMAGE,0,9,90,491,45,491,1,1,0,122,0,0,0,,,,,,,
//DST定義,(NULL),time,x,y,w,h,acc,a,r,g,b,blend,filter,angle,center,loop,timer,op1,op2,op3
#DST_IMAGE,0,0,464,539,45,-241,0,255,255,255,255,1,0,0,0,50,122,243,0,0
#DST_IMAGE,0,50,487,539,0,-241,0,255,255,255,255,1,0,0,0,,,,,

//SRC定義,(NULL),gr,x,y,w,h,div_x,div_y,cycle,timer,op1,op2,op3,,,,,,,
#SRC_IMAGE,0,9,110,0,55,491,1,1,0,123,0,0,0,,,,,,,
//DST定義,(NULL),time,x,y,w,h,acc,a,r,g,b,blend,filter,angle,center,loop,timer,op1,op2,op3
#DST_IMAGE,0,0,510,539,55,-241,0,255,255,255,255,1,0,0,0,50,123,243,0,0
#DST_IMAGE,0,50,538,539,0,-241,0,255,255,255,255,1,0,0,0,,,,,

//SRC定義,(NULL),gr,x,y,w,h,div_x,div_y,cycle,timer,op1,op2,op3,,,,,,,
#SRC_IMAGE,0,9,90,491,45,491,1,1,0,124,0,0,0,,,,,,,
//DST定義,(NULL),time,x,y,w,h,acc,a,r,g,b,blend,filter,angle,center,loop,timer,op1,op2,op3
#DST_IMAGE,0,0,566,539,45,-241,0,255,255,255,255,1,0,0,0,50,124,243,0,0
#DST_IMAGE,0,50,589,539,0,-241,0,255,255,255,255,1,0,0,0,,,,,

//SRC定義,(NULL),gr,x,y,w,h,div_x,div_y,cycle,timer,op1,op2,op3,,,,,,,
#SRC_IMAGE,0,9,110,0,55,491,1,1,0,125,0,0,0,,,,,,,
//DST定義,(NULL),time,x,y,w,h,acc,a,r,g,b,blend,filter,angle,center,loop,timer,op1,op2,op3
#DST_IMAGE,0,0,612,539,55,-241,0,255,255,255,255,1,0,0,0,50,125,243,0,0
#DST_IMAGE,0,50,650,539,0,-241,0,255,255,255,255,1,0,0,0,,,,,

//SRC定義,(NULL),gr,x,y,w,h,div_x,div_y,cycle,timer,op1,op2,op3,,,,,,,
#SRC_IMAGE,0,9,90,491,45,491,1,1,0,126,0,0,0,,,,,,,
//DST定義,(NULL),time,x,y,w,h,acc,a,r,g,b,blend,filter,angle,center,loop,timer,op1,op2,op3
#DST_IMAGE,0,0,668,539,45,-241,0,255,255,255,255,1,0,0,0,50,126,243,0,0
#DST_IMAGE,0,50,691,539,0,-241,0,255,255,255,255,1,0,0,0,,,,,

//SRC定義,(NULL),gr,x,y,w,h,div_x,div_y,cycle,timer,op1,op2,op3,,,,,,,
#SRC_IMAGE,0,9,110,0,55,491,1,1,0,127,0,0,0,,,,,,,
//DST定義,(NULL),time,x,y,w,h,acc,a,r,g,b,blend,filter,angle,center,loop,timer,op1,op2,op3
#DST_IMAGE,0,0,714,539,55,-241,0,255,255,255,255,1,0,0,0,50,127,243,0,0
#DST_IMAGE,0,50,742,539,0,-241,0,255,255,255,255,1,0,0,0,,,,,

//SRC定義,(NULL),gr,x,y,w,h,div_x,div_y,cycle,timer,op1,op2,op3,,,,,,,
#SRC_IMAGE,0,9,90,491,45,491,1,1,0,128,0,0,0,,,,,,,
//DST定義,(NULL),time,x,y,w,h,acc,a,r,g,b,blend,filter,angle,center,loop,timer,op1,op2,op3
#DST_IMAGE,0,0,770,539,45,-241,0,255,255,255,255,1,0,0,0,50,128,243,0,0
#DST_IMAGE,0,50,793,539,0,-241,0,255,255,255,255,1,0,0,0,,,,,

//SRC定義,(NULL),gr,x,y,w,h,div_x,div_y,cycle,timer,op1,op2,op3,,,,,,,
#SRC_IMAGE,0,9,110,0,55,491,1,1,0,129,0,0,0,,,,,,,
//DST定義,(NULL),time,x,y,w,h,acc,a,r,g,b,blend,filter,angle,center,loop,timer,op1,op2,op3
#DST_IMAGE,0,0,816,539,55,-241,0,255,255,255,255,1,0,0,0,50,129,243,0,0
#DST_IMAGE,0,50,844,539,0,-241,0,255,255,255,255,1,0,0,0,,,,,
---------BAD-------------------------------------------------------------------------------------------
//SRC定義,(NULL),gr,x,y,w,h,div_x,div_y,cycle,timer,op1,op2,op3,,,,,,,
#SRC_IMAGE,0,9,165,0,55,491,1,1,0,101,0,0,0,,,,,,,
//DST定義,(NULL),time,x,y,w,h,acc,a,r,g,b,blend,filter,angle,center,loop,timer,op1,op2,op3
#DST_IMAGE,0,0,408,539,55,-241,0,255,255,255,255,1,0,0,0,0,101,244,0,0

//SRC定義,(NULL),gr,x,y,w,h,div_x,div_y,cycle,timer,op1,op2,op3,,,,,,,
#SRC_IMAGE,0,9,135,491,45,491,1,1,0,102,0,0,0,,,,,,,
//DST定義,(NULL),time,x,y,w,h,acc,a,r,g,b,blend,filter,angle,center,loop,timer,op1,op2,op3
#DST_IMAGE,0,0,464,539,45,-241,0,255,255,255,255,1,0,0,0,0,102,244,0,0

//SRC定義,(NULL),gr,x,y,w,h,div_x,div_y,cycle,timer,op1,op2,op3,,,,,,,
#SRC_IMAGE,0,9,165,0,55,491,1,1,0,103,0,0,0,,,,,,,
//DST定義,(NULL),time,x,y,w,h,acc,a,r,g,b,blend,filter,angle,center,loop,timer,op1,op2,op3
#DST_IMAGE,0,0,510,539,55,-241,0,255,255,255,255,1,0,0,0,0,103,244,0,0

//SRC定義,(NULL),gr,x,y,w,h,div_x,div_y,cycle,timer,op1,op2,op3,,,,,,,
#SRC_IMAGE,0,9,135,491,45,491,1,1,0,104,0,0,0,,,,,,,
//DST定義,(NULL),time,x,y,w,h,acc,a,r,g,b,blend,filter,angle,center,loop,timer,op1,op2,op3
#DST_IMAGE,0,0,566,539,45,-241,0,255,255,255,255,1,0,0,0,0,104,244,0,0

//SRC定義,(NULL),gr,x,y,w,h,div_x,div_y,cycle,timer,op1,op2,op3,,,,,,,
#SRC_IMAGE,0,9,165,0,55,491,1,1,0,105,0,0,0,,,,,,,
//DST定義,(NULL),time,x,y,w,h,acc,a,r,g,b,blend,filter,angle,center,loop,timer,op1,op2,op3
#DST_IMAGE,0,0,612,539,55,-241,0,255,255,255,255,1,0,0,0,0,105,244,0,0

//SRC定義,(NULL),gr,x,y,w,h,div_x,div_y,cycle,timer,op1,op2,op3,,,,,,,
#SRC_IMAGE,0,9,135,491,45,491,1,1,0,106,0,0,0,,,,,,,
//DST定義,(NULL),time,x,y,w,h,acc,a,r,g,b,blend,filter,angle,center,loop,timer,op1,op2,op3
#DST_IMAGE,0,0,668,539,45,-241,0,255,255,255,255,1,0,0,0,0,106,244,0,0

//SRC定義,(NULL),gr,x,y,w,h,div_x,div_y,cycle,timer,op1,op2,op3,,,,,,,
#SRC_IMAGE,0,9,165,0,55,491,1,1,0,107,0,0,0,,,,,,,
//DST定義,(NULL),time,x,y,w,h,acc,a,r,g,b,blend,filter,angle,center,loop,timer,op1,op2,op3
#DST_IMAGE,0,0,714,539,55,-241,0,255,255,255,255,1,0,0,0,0,107,244,0,0

//SRC定義,(NULL),gr,x,y,w,h,div_x,div_y,cycle,timer,op1,op2,op3,,,,,,,
#SRC_IMAGE,0,9,135,491,45,491,1,1,0,108,0,0,0,,,,,,,
//DST定義,(NULL),time,x,y,w,h,acc,a,r,g,b,blend,filter,angle,center,loop,timer,op1,op2,op3
#DST_IMAGE,0,0,770,539,45,-241,0,255,255,255,255,1,0,0,0,0,108,244,0,0

//SRC定義,(NULL),gr,x,y,w,h,div_x,div_y,cycle,timer,op1,op2,op3,,,,,,,
#SRC_IMAGE,0,9,165,0,55,491,1,1,0,109,0,0,0,,,,,,,
//DST定義,(NULL),time,x,y,w,h,acc,a,r,g,b,blend,filter,angle,center,loop,timer,op1,op2,op3
#DST_IMAGE,0,0,816,539,55,-241,0,255,255,255,255,1,0,0,0,0,109,244,0,0

//1Pレーザーオフ(timer120),,,,,,,,,,,,,,,,,,,,

//SRC定義,(NULL),gr,x,y,w,h,div_x,div_y,cycle,timer,op1,op2,op3,,,,,,,
#SRC_IMAGE,0,9,165,0,55,491,1,1,0,121,0,0,0,,,,,,,
//DST定義,(NULL),time,x,y,w,h,acc,a,r,g,b,blend,filter,angle,center,loop,timer,op1,op2,op3
#DST_IMAGE,0,0,408,539,55,-241,0,255,255,255,255,1,0,0,0,50,121,244,0,0
#DST_IMAGE,0,50,432,539,0,-241,0,255,255,255,255,1,0,0,0,,,,,

//SRC定義,(NULL),gr,x,y,w,h,div_x,div_y,cycle,timer,op1,op2,op3,,,,,,,
#SRC_IMAGE,0,9,135,491,45,491,1,1,0,122,0,0,0,,,,,,,
//DST定義,(NULL),time,x,y,w,h,acc,a,r,g,b,blend,filter,angle,center,loop,timer,op1,op2,op3
#DST_IMAGE,0,0,464,539,45,-241,0,255,255,255,255,1,0,0,0,50,122,244,0,0
#DST_IMAGE,0,50,487,539,0,-241,0,255,255,255,255,1,0,0,0,,,,,

//SRC定義,(NULL),gr,x,y,w,h,div_x,div_y,cycle,timer,op1,op2,op3,,,,,,,
#SRC_IMAGE,0,9,165,0,55,491,1,1,0,123,0,0,0,,,,,,,
//DST定義,(NULL),time,x,y,w,h,acc,a,r,g,b,blend,filter,angle,center,loop,timer,op1,op2,op3
#DST_IMAGE,0,0,510,539,55,-241,0,255,255,255,255,1,0,0,0,50,123,244,0,0
#DST_IMAGE,0,50,538,539,0,-241,0,255,255,255,255,1,0,0,0,,,,,

//SRC定義,(NULL),gr,x,y,w,h,div_x,div_y,cycle,timer,op1,op2,op3,,,,,,,
#SRC_IMAGE,0,9,135,491,45,491,1,1,0,124,0,0,0,,,,,,,
//DST定義,(NULL),time,x,y,w,h,acc,a,r,g,b,blend,filter,angle,center,loop,timer,op1,op2,op3
#DST_IMAGE,0,0,566,539,45,-241,0,255,255,255,255,1,0,0,0,50,124,244,0,0
#DST_IMAGE,0,50,589,539,0,-241,0,255,255,255,255,1,0,0,0,,,,,

//SRC定義,(NULL),gr,x,y,w,h,div_x,div_y,cycle,timer,op1,op2,op3,,,,,,,
#SRC_IMAGE,0,9,165,0,55,491,1,1,0,125,0,0,0,,,,,,,
//DST定義,(NULL),time,x,y,w,h,acc,a,r,g,b,blend,filter,angle,center,loop,timer,op1,op2,op3
#DST_IMAGE,0,0,612,539,55,-241,0,255,255,255,255,1,0,0,0,50,125,244,0,0
#DST_IMAGE,0,50,650,539,0,-241,0,255,255,255,255,1,0,0,0,,,,,

//SRC定義,(NULL),gr,x,y,w,h,div_x,div_y,cycle,timer,op1,op2,op3,,,,,,,
#SRC_IMAGE,0,9,135,491,45,491,1,1,0,126,0,0,0,,,,,,,
//DST定義,(NULL),time,x,y,w,h,acc,a,r,g,b,blend,filter,angle,center,loop,timer,op1,op2,op3
#DST_IMAGE,0,0,668,539,45,-241,0,255,255,255,255,1,0,0,0,50,126,244,0,0
#DST_IMAGE,0,50,691,539,0,-241,0,255,255,255,255,1,0,0,0,,,,,

//SRC定義,(NULL),gr,x,y,w,h,div_x,div_y,cycle,timer,op1,op2,op3,,,,,,,
#SRC_IMAGE,0,9,165,0,55,491,1,1,0,127,0,0,0,,,,,,,
//DST定義,(NULL),time,x,y,w,h,acc,a,r,g,b,blend,filter,angle,center,loop,timer,op1,op2,op3
#DST_IMAGE,0,0,714,539,55,-241,0,255,255,255,255,1,0,0,0,50,127,244,0,0
#DST_IMAGE,0,50,742,539,0,-241,0,255,255,255,255,1,0,0,0,,,,,

//SRC定義,(NULL),gr,x,y,w,h,div_x,div_y,cycle,timer,op1,op2,op3,,,,,,,
#SRC_IMAGE,0,9,135,491,45,491,1,1,0,128,0,0,0,,,,,,,
//DST定義,(NULL),time,x,y,w,h,acc,a,r,g,b,blend,filter,angle,center,loop,timer,op1,op2,op3
#DST_IMAGE,0,0,770,539,45,-241,0,255,255,255,255,1,0,0,0,50,128,244,0,0
#DST_IMAGE,0,50,793,539,0,-241,0,255,255,255,255,1,0,0,0,,,,,

//SRC定義,(NULL),gr,x,y,w,h,div_x,div_y,cycle,timer,op1,op2,op3,,,,,,,
#SRC_IMAGE,0,9,165,0,55,491,1,1,0,129,0,0,0,,,,,,,
//DST定義,(NULL),time,x,y,w,h,acc,a,r,g,b,blend,filter,angle,center,loop,timer,op1,op2,op3
#DST_IMAGE,0,0,816,539,55,-241,0,255,255,255,255,1,0,0,0,50,129,244,0,0
#DST_IMAGE,0,50,844,539,0,-241,0,255,255,255,255,1,0,0,0,,,,,
----POOR--------------------------------------------------------------------------------
//SRC定義,(NULL),gr,x,y,w,h,div_x,div_y,cycle,timer,op1,op2,op3,,,,,,,
#SRC_IMAGE,0,9,220,0,55,491,1,1,0,101,0,0,0,,,,,,,
//DST定義,(NULL),time,x,y,w,h,acc,a,r,g,b,blend,filter,angle,center,loop,timer,op1,op2,op3
#DST_IMAGE,0,0,408,539,55,-241,0,255,255,255,255,1,0,0,0,0,101,245,0,0

//SRC定義,(NULL),gr,x,y,w,h,div_x,div_y,cycle,timer,op1,op2,op3,,,,,,,
#SRC_IMAGE,0,9,180,491,45,491,1,1,0,102,0,0,0,,,,,,,
//DST定義,(NULL),time,x,y,w,h,acc,a,r,g,b,blend,filter,angle,center,loop,timer,op1,op2,op3
#DST_IMAGE,0,0,464,539,45,-241,0,255,255,255,255,1,0,0,0,0,102,245,0,0

//SRC定義,(NULL),gr,x,y,w,h,div_x,div_y,cycle,timer,op1,op2,op3,,,,,,,
#SRC_IMAGE,0,9,220,0,55,491,1,1,0,103,0,0,0,,,,,,,
//DST定義,(NULL),time,x,y,w,h,acc,a,r,g,b,blend,filter,angle,center,loop,timer,op1,op2,op3
#DST_IMAGE,0,0,510,539,55,-241,0,255,255,255,255,1,0,0,0,0,103,245,0,0

//SRC定義,(NULL),gr,x,y,w,h,div_x,div_y,cycle,timer,op1,op2,op3,,,,,,,
#SRC_IMAGE,0,9,180,491,45,491,1,1,0,104,0,0,0,,,,,,,
//DST定義,(NULL),time,x,y,w,h,acc,a,r,g,b,blend,filter,angle,center,loop,timer,op1,op2,op3
#DST_IMAGE,0,0,566,539,45,-241,0,255,255,255,255,1,0,0,0,0,104,245,0,0

//SRC定義,(NULL),gr,x,y,w,h,div_x,div_y,cycle,timer,op1,op2,op3,,,,,,,
#SRC_IMAGE,0,9,220,0,55,491,1,1,0,105,0,0,0,,,,,,,
//DST定義,(NULL),time,x,y,w,h,acc,a,r,g,b,blend,filter,angle,center,loop,timer,op1,op2,op3
#DST_IMAGE,0,0,612,539,55,-241,0,255,255,255,255,1,0,0,0,0,105,245,0,0

//SRC定義,(NULL),gr,x,y,w,h,div_x,div_y,cycle,timer,op1,op2,op3,,,,,,,
#SRC_IMAGE,0,9,180,491,45,491,1,1,0,106,0,0,0,,,,,,,
//DST定義,(NULL),time,x,y,w,h,acc,a,r,g,b,blend,filter,angle,center,loop,timer,op1,op2,op3
#DST_IMAGE,0,0,668,539,45,-241,0,255,255,255,255,1,0,0,0,0,106,245,0,0

//SRC定義,(NULL),gr,x,y,w,h,div_x,div_y,cycle,timer,op1,op2,op3,,,,,,,
#SRC_IMAGE,0,9,220,0,55,491,1,1,0,107,0,0,0,,,,,,,
//DST定義,(NULL),time,x,y,w,h,acc,a,r,g,b,blend,filter,angle,center,loop,timer,op1,op2,op3
#DST_IMAGE,0,0,714,539,55,-241,0,255,255,255,255,1,0,0,0,0,107,245,0,0

//SRC定義,(NULL),gr,x,y,w,h,div_x,div_y,cycle,timer,op1,op2,op3,,,,,,,
#SRC_IMAGE,0,9,180,491,45,491,1,1,0,108,0,0,0,,,,,,,
//DST定義,(NULL),time,x,y,w,h,acc,a,r,g,b,blend,filter,angle,center,loop,timer,op1,op2,op3
#DST_IMAGE,0,0,770,539,45,-241,0,255,255,255,255,1,0,0,0,0,108,245,0,0

//SRC定義,(NULL),gr,x,y,w,h,div_x,div_y,cycle,timer,op1,op2,op3,,,,,,,
#SRC_IMAGE,0,9,220,0,55,491,1,1,0,109,0,0,0,,,,,,,
//DST定義,(NULL),time,x,y,w,h,acc,a,r,g,b,blend,filter,angle,center,loop,timer,op1,op2,op3
#DST_IMAGE,0,0,816,539,55,-241,0,255,255,255,255,1,0,0,0,0,109,245,0,0

//1Pレーザーオフ(timer120),,,,,,,,,,,,,,,,,,,,

//SRC定義,(NULL),gr,x,y,w,h,div_x,div_y,cycle,timer,op1,op2,op3,,,,,,,
#SRC_IMAGE,0,9,220,0,55,491,1,1,0,121,0,0,0,,,,,,,
//DST定義,(NULL),time,x,y,w,h,acc,a,r,g,b,blend,filter,angle,center,loop,timer,op1,op2,op3
#DST_IMAGE,0,0,408,539,55,-241,0,255,255,255,255,1,0,0,0,50,121,245,0,0
#DST_IMAGE,0,50,432,539,0,-241,0,255,255,255,255,1,0,0,0,,,,,

//SRC定義,(NULL),gr,x,y,w,h,div_x,div_y,cycle,timer,op1,op2,op3,,,,,,,
#SRC_IMAGE,0,9,180,491,45,491,1,1,0,122,0,0,0,,,,,,,
//DST定義,(NULL),time,x,y,w,h,acc,a,r,g,b,blend,filter,angle,center,loop,timer,op1,op2,op3
#DST_IMAGE,0,0,464,539,45,-241,0,255,255,255,255,1,0,0,0,50,122,245,0,0
#DST_IMAGE,0,50,487,539,0,-241,0,255,255,255,255,1,0,0,0,,,,,

//SRC定義,(NULL),gr,x,y,w,h,div_x,div_y,cycle,timer,op1,op2,op3,,,,,,,
#SRC_IMAGE,0,9,220,0,55,491,1,1,0,123,0,0,0,,,,,,,
//DST定義,(NULL),time,x,y,w,h,acc,a,r,g,b,blend,filter,angle,center,loop,timer,op1,op2,op3
#DST_IMAGE,0,0,510,539,55,-241,0,255,255,255,255,1,0,0,0,50,123,245,0,0
#DST_IMAGE,0,50,538,539,0,-241,0,255,255,255,255,1,0,0,0,,,,,

//SRC定義,(NULL),gr,x,y,w,h,div_x,div_y,cycle,timer,op1,op2,op3,,,,,,,
#SRC_IMAGE,0,9,180,491,45,491,1,1,0,124,0,0,0,,,,,,,
//DST定義,(NULL),time,x,y,w,h,acc,a,r,g,b,blend,filter,angle,center,loop,timer,op1,op2,op3
#DST_IMAGE,0,0,566,539,45,-241,0,255,255,255,255,1,0,0,0,50,124,245,0,0
#DST_IMAGE,0,50,589,539,0,-241,0,255,255,255,255,1,0,0,0,,,,,

//SRC定義,(NULL),gr,x,y,w,h,div_x,div_y,cycle,timer,op1,op2,op3,,,,,,,
#SRC_IMAGE,0,9,220,0,55,491,1,1,0,125,0,0,0,,,,,,,
//DST定義,(NULL),time,x,y,w,h,acc,a,r,g,b,blend,filter,angle,center,loop,timer,op1,op2,op3
#DST_IMAGE,0,0,612,539,55,-241,0,255,255,255,255,1,0,0,0,50,125,245,0,0
#DST_IMAGE,0,50,650,539,0,-241,0,255,255,255,255,1,0,0,0,,,,,

//SRC定義,(NULL),gr,x,y,w,h,div_x,div_y,cycle,timer,op1,op2,op3,,,,,,,
#SRC_IMAGE,0,9,180,491,45,491,1,1,0,126,0,0,0,,,,,,,
//DST定義,(NULL),time,x,y,w,h,acc,a,r,g,b,blend,filter,angle,center,loop,timer,op1,op2,op3
#DST_IMAGE,0,0,668,539,45,-241,0,255,255,255,255,1,0,0,0,50,126,245,0,0
#DST_IMAGE,0,50,691,539,0,-241,0,255,255,255,255,1,0,0,0,,,,,

//SRC定義,(NULL),gr,x,y,w,h,div_x,div_y,cycle,timer,op1,op2,op3,,,,,,,
#SRC_IMAGE,0,9,220,0,55,491,1,1,0,127,0,0,0,,,,,,,
//DST定義,(NULL),time,x,y,w,h,acc,a,r,g,b,blend,filter,angle,center,loop,timer,op1,op2,op3
#DST_IMAGE,0,0,714,539,55,-241,0,255,255,255,255,1,0,0,0,50,127,245,0,0
#DST_IMAGE,0,50,742,539,0,-241,0,255,255,255,255,1,0,0,0,,,,,

//SRC定義,(NULL),gr,x,y,w,h,div_x,div_y,cycle,timer,op1,op2,op3,,,,,,,
#SRC_IMAGE,0,9,180,491,45,491,1,1,0,128,0,0,0,,,,,,,
//DST定義,(NULL),time,x,y,w,h,acc,a,r,g,b,blend,filter,angle,center,loop,timer,op1,op2,op3
#DST_IMAGE,0,0,770,539,45,-241,0,255,255,255,255,1,0,0,0,50,128,245,0,0
#DST_IMAGE,0,50,793,539,0,-241,0,255,255,255,255,1,0,0,0,,,,,

//SRC定義,(NULL),gr,x,y,w,h,div_x,div_y,cycle,timer,op1,op2,op3,,,,,,,
#SRC_IMAGE,0,9,220,0,55,491,1,1,0,129,0,0,0,,,,,,,
//DST定義,(NULL),time,x,y,w,h,acc,a,r,g,b,blend,filter,angle,center,loop,timer,op1,op2,op3
#DST_IMAGE,0,0,816,539,55,-241,0,255,255,255,255,1,0,0,0,50,129,245,0,0
#DST_IMAGE,0,50,844,539,0,-241,0,255,255,255,255,1,0,0,0,,,,,
-------------空POOR-----------------------------------------------------------------
//SRC定義,(NULL),gr,x,y,w,h,div_x,div_y,cycle,timer,op1,op2,op3,,,,,,,
#SRC_IMAGE,0,9,220,0,55,491,1,1,0,101,0,0,0,,,,,,,
//DST定義,(NULL),time,x,y,w,h,acc,a,r,g,b,blend,filter,angle,center,loop,timer,op1,op2,op3
#DST_IMAGE,0,0,408,539,55,-241,0,255,255,255,255,1,0,0,0,0,101,246,0,0

//SRC定義,(NULL),gr,x,y,w,h,div_x,div_y,cycle,timer,op1,op2,op3,,,,,,,
#SRC_IMAGE,0,9,180,491,45,491,1,1,0,102,0,0,0,,,,,,,
//DST定義,(NULL),time,x,y,w,h,acc,a,r,g,b,blend,filter,angle,center,loop,timer,op1,op2,op3
#DST_IMAGE,0,0,464,539,45,-241,0,255,255,255,255,1,0,0,0,0,102,246,0,0

//SRC定義,(NULL),gr,x,y,w,h,div_x,div_y,cycle,timer,op1,op2,op3,,,,,,,
#SRC_IMAGE,0,9,220,0,55,491,1,1,0,103,0,0,0,,,,,,,
//DST定義,(NULL),time,x,y,w,h,acc,a,r,g,b,blend,filter,angle,center,loop,timer,op1,op2,op3
#DST_IMAGE,0,0,510,539,55,-241,0,255,255,255,255,1,0,0,0,0,103,246,0,0

//SRC定義,(NULL),gr,x,y,w,h,div_x,div_y,cycle,timer,op1,op2,op3,,,,,,,
#SRC_IMAGE,0,9,180,491,45,491,1,1,0,104,0,0,0,,,,,,,
//DST定義,(NULL),time,x,y,w,h,acc,a,r,g,b,blend,filter,angle,center,loop,timer,op1,op2,op3
#DST_IMAGE,0,0,566,539,45,-241,0,255,255,255,255,1,0,0,0,0,104,246,0,0

//SRC定義,(NULL),gr,x,y,w,h,div_x,div_y,cycle,timer,op1,op2,op3,,,,,,,
#SRC_IMAGE,0,9,220,0,55,491,1,1,0,105,0,0,0,,,,,,,
//DST定義,(NULL),time,x,y,w,h,acc,a,r,g,b,blend,filter,angle,center,loop,timer,op1,op2,op3
#DST_IMAGE,0,0,612,539,55,-241,0,255,255,255,255,1,0,0,0,0,105,246,0,0

//SRC定義,(NULL),gr,x,y,w,h,div_x,div_y,cycle,timer,op1,op2,op3,,,,,,,
#SRC_IMAGE,0,9,180,491,45,491,1,1,0,106,0,0,0,,,,,,,
//DST定義,(NULL),time,x,y,w,h,acc,a,r,g,b,blend,filter,angle,center,loop,timer,op1,op2,op3
#DST_IMAGE,0,0,668,539,45,-241,0,255,255,255,255,1,0,0,0,0,106,246,0,0

//SRC定義,(NULL),gr,x,y,w,h,div_x,div_y,cycle,timer,op1,op2,op3,,,,,,,
#SRC_IMAGE,0,9,220,0,55,491,1,1,0,107,0,0,0,,,,,,,
//DST定義,(NULL),time,x,y,w,h,acc,a,r,g,b,blend,filter,angle,center,loop,timer,op1,op2,op3
#DST_IMAGE,0,0,714,539,55,-241,0,255,255,255,255,1,0,0,0,0,107,246,0,0

//SRC定義,(NULL),gr,x,y,w,h,div_x,div_y,cycle,timer,op1,op2,op3,,,,,,,
#SRC_IMAGE,0,9,180,491,45,491,1,1,0,108,0,0,0,,,,,,,
//DST定義,(NULL),time,x,y,w,h,acc,a,r,g,b,blend,filter,angle,center,loop,timer,op1,op2,op3
#DST_IMAGE,0,0,770,539,45,-241,0,255,255,255,255,1,0,0,0,0,108,246,0,0

//SRC定義,(NULL),gr,x,y,w,h,div_x,div_y,cycle,timer,op1,op2,op3,,,,,,,
#SRC_IMAGE,0,9,220,0,55,491,1,1,0,109,0,0,0,,,,,,,
//DST定義,(NULL),time,x,y,w,h,acc,a,r,g,b,blend,filter,angle,center,loop,timer,op1,op2,op3
#DST_IMAGE,0,0,816,539,55,-241,0,255,255,255,255,1,0,0,0,0,109,246,0,0

//1Pレーザーオフ(timer120),,,,,,,,,,,,,,,,,,,,

//SRC定義,(NULL),gr,x,y,w,h,div_x,div_y,cycle,timer,op1,op2,op3,,,,,,,
#SRC_IMAGE,0,9,220,0,55,491,1,1,0,121,0,0,0,,,,,,,
//DST定義,(NULL),time,x,y,w,h,acc,a,r,g,b,blend,filter,angle,center,loop,timer,op1,op2,op3
#DST_IMAGE,0,0,408,539,55,-241,0,255,255,255,255,1,0,0,0,50,121,246,0,0
#DST_IMAGE,0,50,432,539,0,-241,0,255,255,255,255,1,0,0,0,,,,,

//SRC定義,(NULL),gr,x,y,w,h,div_x,div_y,cycle,timer,op1,op2,op3,,,,,,,
#SRC_IMAGE,0,9,180,491,45,491,1,1,0,122,0,0,0,,,,,,,
//DST定義,(NULL),time,x,y,w,h,acc,a,r,g,b,blend,filter,angle,center,loop,timer,op1,op2,op3
#DST_IMAGE,0,0,464,539,45,-241,0,255,255,255,255,1,0,0,0,50,122,246,0,0
#DST_IMAGE,0,50,487,539,0,-241,0,255,255,255,255,1,0,0,0,,,,,

//SRC定義,(NULL),gr,x,y,w,h,div_x,div_y,cycle,timer,op1,op2,op3,,,,,,,
#SRC_IMAGE,0,9,220,0,55,491,1,1,0,123,0,0,0,,,,,,,
//DST定義,(NULL),time,x,y,w,h,acc,a,r,g,b,blend,filter,angle,center,loop,timer,op1,op2,op3
#DST_IMAGE,0,0,510,539,55,-241,0,255,255,255,255,1,0,0,0,50,123,246,0,0
#DST_IMAGE,0,50,538,539,0,-241,0,255,255,255,255,1,0,0,0,,,,,

//SRC定義,(NULL),gr,x,y,w,h,div_x,div_y,cycle,timer,op1,op2,op3,,,,,,,
#SRC_IMAGE,0,9,180,491,45,491,1,1,0,124,0,0,0,,,,,,,
//DST定義,(NULL),time,x,y,w,h,acc,a,r,g,b,blend,filter,angle,center,loop,timer,op1,op2,op3
#DST_IMAGE,0,0,566,539,45,-241,0,255,255,255,255,1,0,0,0,50,124,246,0,0
#DST_IMAGE,0,50,589,539,0,-241,0,255,255,255,255,1,0,0,0,,,,,

//SRC定義,(NULL),gr,x,y,w,h,div_x,div_y,cycle,timer,op1,op2,op3,,,,,,,
#SRC_IMAGE,0,9,220,0,55,491,1,1,0,125,0,0,0,,,,,,,
//DST定義,(NULL),time,x,y,w,h,acc,a,r,g,b,blend,filter,angle,center,loop,timer,op1,op2,op3
#DST_IMAGE,0,0,612,539,55,-241,0,255,255,255,255,1,0,0,0,50,125,246,0,0
#DST_IMAGE,0,50,650,539,0,-241,0,255,255,255,255,1,0,0,0,,,,,

//SRC定義,(NULL),gr,x,y,w,h,div_x,div_y,cycle,timer,op1,op2,op3,,,,,,,
#SRC_IMAGE,0,9,180,491,45,491,1,1,0,126,0,0,0,,,,,,,
//DST定義,(NULL),time,x,y,w,h,acc,a,r,g,b,blend,filter,angle,center,loop,timer,op1,op2,op3
#DST_IMAGE,0,0,668,539,45,-241,0,255,255,255,255,1,0,0,0,50,126,246,0,0
#DST_IMAGE,0,50,691,539,0,-241,0,255,255,255,255,1,0,0,0,,,,,

//SRC定義,(NULL),gr,x,y,w,h,div_x,div_y,cycle,timer,op1,op2,op3,,,,,,,
#SRC_IMAGE,0,9,220,0,55,491,1,1,0,127,0,0,0,,,,,,,
//DST定義,(NULL),time,x,y,w,h,acc,a,r,g,b,blend,filter,angle,center,loop,timer,op1,op2,op3
#DST_IMAGE,0,0,714,539,55,-241,0,255,255,255,255,1,0,0,0,50,127,246,0,0
#DST_IMAGE,0,50,742,539,0,-241,0,255,255,255,255,1,0,0,0,,,,,

//SRC定義,(NULL),gr,x,y,w,h,div_x,div_y,cycle,timer,op1,op2,op3,,,,,,,
#SRC_IMAGE,0,9,180,491,45,491,1,1,0,128,0,0,0,,,,,,,
//DST定義,(NULL),time,x,y,w,h,acc,a,r,g,b,blend,filter,angle,center,loop,timer,op1,op2,op3
#DST_IMAGE,0,0,770,539,45,-241,0,255,255,255,255,1,0,0,0,50,128,246,0,0
#DST_IMAGE,0,50,793,539,0,-241,0,255,255,255,255,1,0,0,0,,,,,

//SRC定義,(NULL),gr,x,y,w,h,div_x,div_y,cycle,timer,op1,op2,op3,,,,,,,
#SRC_IMAGE,0,9,220,0,55,491,1,1,0,129,0,0,0,,,,,,,
//DST定義,(NULL),time,x,y,w,h,acc,a,r,g,b,blend,filter,angle,center,loop,timer,op1,op2,op3
#DST_IMAGE,0,0,816,539,55,-241,0,255,255,255,255,1,0,0,0,50,129,246,0,0
#DST_IMAGE,0,50,844,539,0,-241,0,255,255,255,255,1,0,0,0,,,,,

#ELSEIF,942
----COOL------------------------------------------------------------------------------------
//1Pレーザーオン(timer100-),,,,,,,,,,,,,,,,,,,,

//SRC定義,(NULL),gr,x,y,w,h,div_x,div_y,cycle,timer,op1,op2,op3,,,,,,,
#SRC_IMAGE,0,9,0,0,55,491,1,1,0,101,0,0,0,,,,,,,
//DST定義,(NULL),time,x,y,w,h,acc,a,r,g,b,blend,filter,angle,center,loop,timer,op1,op2,op3
#DST_IMAGE,0,0,408,539,55,-160,0,255,255,255,255,1,0,0,0,0,101,241,0,0

//SRC定義,(NULL),gr,x,y,w,h,div_x,div_y,cycle,timer,op1,op2,op3,,,,,,,
#SRC_IMAGE,0,9,0,491,45,491,1,1,0,102,0,0,0,,,,,,,
//DST定義,(NULL),time,x,y,w,h,acc,a,r,g,b,blend,filter,angle,center,loop,timer,op1,op2,op3
#DST_IMAGE,0,0,464,539,45,-160,0,255,255,255,255,1,0,0,0,0,102,241,0,0

//SRC定義,(NULL),gr,x,y,w,h,div_x,div_y,cycle,timer,op1,op2,op3,,,,,,,
#SRC_IMAGE,0,9,0,0,55,491,1,1,0,103,0,0,0,,,,,,,
//DST定義,(NULL),time,x,y,w,h,acc,a,r,g,b,blend,filter,angle,center,loop,timer,op1,op2,op3
#DST_IMAGE,0,0,510,539,55,-160,0,255,255,255,255,1,0,0,0,0,103,241,0,0

//SRC定義,(NULL),gr,x,y,w,h,div_x,div_y,cycle,timer,op1,op2,op3,,,,,,,
#SRC_IMAGE,0,9,0,491,45,491,1,1,0,104,0,0,0,,,,,,,
//DST定義,(NULL),time,x,y,w,h,acc,a,r,g,b,blend,filter,angle,center,loop,timer,op1,op2,op3
#DST_IMAGE,0,0,566,539,45,-160,0,255,255,255,255,1,0,0,0,0,104,241,0,0

//SRC定義,(NULL),gr,x,y,w,h,div_x,div_y,cycle,timer,op1,op2,op3,,,,,,,
#SRC_IMAGE,0,9,0,0,55,491,1,1,0,105,0,0,0,,,,,,,
//DST定義,(NULL),time,x,y,w,h,acc,a,r,g,b,blend,filter,angle,center,loop,timer,op1,op2,op3
#DST_IMAGE,0,0,612,539,55,-160,0,255,255,255,255,1,0,0,0,0,105,241,0,0

//SRC定義,(NULL),gr,x,y,w,h,div_x,div_y,cycle,timer,op1,op2,op3,,,,,,,
#SRC_IMAGE,0,9,0,491,45,491,1,1,0,106,0,0,0,,,,,,,
//DST定義,(NULL),time,x,y,w,h,acc,a,r,g,b,blend,filter,angle,center,loop,timer,op1,op2,op3
#DST_IMAGE,0,0,668,539,45,-160,0,255,255,255,255,1,0,0,0,0,106,241,0,0

//SRC定義,(NULL),gr,x,y,w,h,div_x,div_y,cycle,timer,op1,op2,op3,,,,,,,
#SRC_IMAGE,0,9,0,0,55,491,1,1,0,107,0,0,0,,,,,,,
//DST定義,(NULL),time,x,y,w,h,acc,a,r,g,b,blend,filter,angle,center,loop,timer,op1,op2,op3
#DST_IMAGE,0,0,714,539,55,-160,0,255,255,255,255,1,0,0,0,0,107,241,0,0

//SRC定義,(NULL),gr,x,y,w,h,div_x,div_y,cycle,timer,op1,op2,op3,,,,,,,
#SRC_IMAGE,0,9,0,491,45,491,1,1,0,108,0,0,0,,,,,,,
//DST定義,(NULL),time,x,y,w,h,acc,a,r,g,b,blend,filter,angle,center,loop,timer,op1,op2,op3
#DST_IMAGE,0,0,770,539,45,-160,0,255,255,255,255,1,0,0,0,0,108,241,0,0

//SRC定義,(NULL),gr,x,y,w,h,div_x,div_y,cycle,timer,op1,op2,op3,,,,,,,
#SRC_IMAGE,0,9,0,0,55,491,1,1,0,109,0,0,0,,,,,,,
//DST定義,(NULL),time,x,y,w,h,acc,a,r,g,b,blend,filter,angle,center,loop,timer,op1,op2,op3
#DST_IMAGE,0,0,816,539,55,-160,0,255,255,255,255,1,0,0,0,0,109,241,0,0

//1Pレーザーオフ(timer120),,,,,,,,,,,,,,,,,,,,

//SRC定義,(NULL),gr,x,y,w,h,div_x,div_y,cycle,timer,op1,op2,op3,,,,,,,
#SRC_IMAGE,0,9,0,0,55,491,1,1,0,121,0,0,0,,,,,,,
//DST定義,(NULL),time,x,y,w,h,acc,a,r,g,b,blend,filter,angle,center,loop,timer,op1,op2,op3
#DST_IMAGE,0,0,408,539,55,-160,0,255,255,255,255,1,0,0,0,50,121,241,0,0
#DST_IMAGE,0,50,432,539,0,-160,0,255,255,255,255,1,0,0,0,,,,,

//SRC定義,(NULL),gr,x,y,w,h,div_x,div_y,cycle,timer,op1,op2,op3,,,,,,,
#SRC_IMAGE,0,9,0,491,45,491,1,1,0,122,0,0,0,,,,,,,
//DST定義,(NULL),time,x,y,w,h,acc,a,r,g,b,blend,filter,angle,center,loop,timer,op1,op2,op3
#DST_IMAGE,0,0,464,539,45,-160,0,255,255,255,255,1,0,0,0,50,122,241,0,0
#DST_IMAGE,0,50,487,539,0,-160,0,255,255,255,255,1,0,0,0,,,,,

//SRC定義,(NULL),gr,x,y,w,h,div_x,div_y,cycle,timer,op1,op2,op3,,,,,,,
#SRC_IMAGE,0,9,0,0,55,491,1,1,0,123,0,0,0,,,,,,,
//DST定義,(NULL),time,x,y,w,h,acc,a,r,g,b,blend,filter,angle,center,loop,timer,op1,op2,op3
#DST_IMAGE,0,0,510,539,55,-160,0,255,255,255,255,1,0,0,0,50,123,241,0,0
#DST_IMAGE,0,50,538,539,0,-160,0,255,255,255,255,1,0,0,0,,,,,

//SRC定義,(NULL),gr,x,y,w,h,div_x,div_y,cycle,timer,op1,op2,op3,,,,,,,
#SRC_IMAGE,0,9,0,491,45,491,1,1,0,124,0,0,0,,,,,,,
//DST定義,(NULL),time,x,y,w,h,acc,a,r,g,b,blend,filter,angle,center,loop,timer,op1,op2,op3
#DST_IMAGE,0,0,566,539,45,-160,0,255,255,255,255,1,0,0,0,50,124,241,0,0
#DST_IMAGE,0,50,589,539,0,-160,0,255,255,255,255,1,0,0,0,,,,,

//SRC定義,(NULL),gr,x,y,w,h,div_x,div_y,cycle,timer,op1,op2,op3,,,,,,,
#SRC_IMAGE,0,9,0,0,55,491,1,1,0,125,0,0,0,,,,,,,
//DST定義,(NULL),time,x,y,w,h,acc,a,r,g,b,blend,filter,angle,center,loop,timer,op1,op2,op3
#DST_IMAGE,0,0,612,539,55,-160,0,255,255,255,255,1,0,0,0,50,125,241,0,0
#DST_IMAGE,0,50,650,539,0,-160,0,255,255,255,255,1,0,0,0,,,,,

//SRC定義,(NULL),gr,x,y,w,h,div_x,div_y,cycle,timer,op1,op2,op3,,,,,,,
#SRC_IMAGE,0,9,0,491,45,491,1,1,0,126,0,0,0,,,,,,,
//DST定義,(NULL),time,x,y,w,h,acc,a,r,g,b,blend,filter,angle,center,loop,timer,op1,op2,op3
#DST_IMAGE,0,0,668,539,45,-160,0,255,255,255,255,1,0,0,0,50,126,241,0,0
#DST_IMAGE,0,50,691,539,0,-160,0,255,255,255,255,1,0,0,0,,,,,

//SRC定義,(NULL),gr,x,y,w,h,div_x,div_y,cycle,timer,op1,op2,op3,,,,,,,
#SRC_IMAGE,0,9,0,0,55,491,1,1,0,127,0,0,0,,,,,,,
//DST定義,(NULL),time,x,y,w,h,acc,a,r,g,b,blend,filter,angle,center,loop,timer,op1,op2,op3
#DST_IMAGE,0,0,714,539,55,-160,0,255,255,255,255,1,0,0,0,50,127,241,0,0
#DST_IMAGE,0,50,742,539,0,-160,0,255,255,255,255,1,0,0,0,,,,,

//SRC定義,(NULL),gr,x,y,w,h,div_x,div_y,cycle,timer,op1,op2,op3,,,,,,,
#SRC_IMAGE,0,9,0,491,45,491,1,1,0,128,0,0,0,,,,,,,
//DST定義,(NULL),time,x,y,w,h,acc,a,r,g,b,blend,filter,angle,center,loop,timer,op1,op2,op3
#DST_IMAGE,0,0,770,539,45,-160,0,255,255,255,255,1,0,0,0,50,128,241,0,0
#DST_IMAGE,0,50,793,539,0,-160,0,255,255,255,255,1,0,0,0,,,,,

//SRC定義,(NULL),gr,x,y,w,h,div_x,div_y,cycle,timer,op1,op2,op3,,,,,,,
#SRC_IMAGE,0,9,0,0,55,491,1,1,0,129,0,0,0,,,,,,,
//DST定義,(NULL),time,x,y,w,h,acc,a,r,g,b,blend,filter,angle,center,loop,timer,op1,op2,op3
#DST_IMAGE,0,0,816,539,55,-160,0,255,255,255,255,1,0,0,0,50,129,241,0,0
#DST_IMAGE,0,50,844,539,0,-160,0,255,255,255,255,1,0,0,0,,,,,
---GREAT-------------------------------------------------------------------------------------
//SRC定義,(NULL),gr,x,y,w,h,div_x,div_y,cycle,timer,op1,op2,op3,,,,,,,
#SRC_IMAGE,0,9,55,0,55,491,1,1,0,101,0,0,0,,,,,,,
//DST定義,(NULL),time,x,y,w,h,acc,a,r,g,b,blend,filter,angle,center,loop,timer,op1,op2,op3
#DST_IMAGE,0,0,408,539,55,-160,0,255,255,255,255,1,0,0,0,0,101,242,0,0

//SRC定義,(NULL),gr,x,y,w,h,div_x,div_y,cycle,timer,op1,op2,op3,,,,,,,
#SRC_IMAGE,0,9,45,491,45,491,1,1,0,102,0,0,0,,,,,,,
//DST定義,(NULL),time,x,y,w,h,acc,a,r,g,b,blend,filter,angle,center,loop,timer,op1,op2,op3
#DST_IMAGE,0,0,464,539,45,-160,0,255,255,255,255,1,0,0,0,0,102,242,0,0

//SRC定義,(NULL),gr,x,y,w,h,div_x,div_y,cycle,timer,op1,op2,op3,,,,,,,
#SRC_IMAGE,0,9,55,0,55,491,1,1,0,103,0,0,0,,,,,,,
//DST定義,(NULL),time,x,y,w,h,acc,a,r,g,b,blend,filter,angle,center,loop,timer,op1,op2,op3
#DST_IMAGE,0,0,510,539,55,-160,0,255,255,255,255,1,0,0,0,0,103,242,0,0

//SRC定義,(NULL),gr,x,y,w,h,div_x,div_y,cycle,timer,op1,op2,op3,,,,,,,
#SRC_IMAGE,0,9,45,491,45,491,1,1,0,104,0,0,0,,,,,,,
//DST定義,(NULL),time,x,y,w,h,acc,a,r,g,b,blend,filter,angle,center,loop,timer,op1,op2,op3
#DST_IMAGE,0,0,566,539,45,-160,0,255,255,255,255,1,0,0,0,0,104,242,0,0

//SRC定義,(NULL),gr,x,y,w,h,div_x,div_y,cycle,timer,op1,op2,op3,,,,,,,
#SRC_IMAGE,0,9,55,0,55,491,1,1,0,105,0,0,0,,,,,,,
//DST定義,(NULL),time,x,y,w,h,acc,a,r,g,b,blend,filter,angle,center,loop,timer,op1,op2,op3
#DST_IMAGE,0,0,612,539,55,-160,0,255,255,255,255,1,0,0,0,0,105,242,0,0

//SRC定義,(NULL),gr,x,y,w,h,div_x,div_y,cycle,timer,op1,op2,op3,,,,,,,
#SRC_IMAGE,0,9,45,491,45,491,1,1,0,106,0,0,0,,,,,,,
//DST定義,(NULL),time,x,y,w,h,acc,a,r,g,b,blend,filter,angle,center,loop,timer,op1,op2,op3
#DST_IMAGE,0,0,668,539,45,-160,0,255,255,255,255,1,0,0,0,0,106,242,0,0

//SRC定義,(NULL),gr,x,y,w,h,div_x,div_y,cycle,timer,op1,op2,op3,,,,,,,
#SRC_IMAGE,0,9,55,0,55,491,1,1,0,107,0,0,0,,,,,,,
//DST定義,(NULL),time,x,y,w,h,acc,a,r,g,b,blend,filter,angle,center,loop,timer,op1,op2,op3
#DST_IMAGE,0,0,714,539,55,-160,0,255,255,255,255,1,0,0,0,0,107,242,0,0

//SRC定義,(NULL),gr,x,y,w,h,div_x,div_y,cycle,timer,op1,op2,op3,,,,,,,
#SRC_IMAGE,0,9,45,491,45,491,1,1,0,108,0,0,0,,,,,,,
//DST定義,(NULL),time,x,y,w,h,acc,a,r,g,b,blend,filter,angle,center,loop,timer,op1,op2,op3
#DST_IMAGE,0,0,770,539,45,-160,0,255,255,255,255,1,0,0,0,0,108,242,0,0

//SRC定義,(NULL),gr,x,y,w,h,div_x,div_y,cycle,timer,op1,op2,op3,,,,,,,
#SRC_IMAGE,0,9,55,0,55,491,1,1,0,109,0,0,0,,,,,,,
//DST定義,(NULL),time,x,y,w,h,acc,a,r,g,b,blend,filter,angle,center,loop,timer,op1,op2,op3
#DST_IMAGE,0,0,816,539,55,-160,0,255,255,255,255,1,0,0,0,0,109,242,0,0

//1Pレーザーオフ(timer120),,,,,,,,,,,,,,,,,,,,

//SRC定義,(NULL),gr,x,y,w,h,div_x,div_y,cycle,timer,op1,op2,op3,,,,,,,
#SRC_IMAGE,0,9,55,0,55,491,1,1,0,121,0,0,0,,,,,,,
//DST定義,(NULL),time,x,y,w,h,acc,a,r,g,b,blend,filter,angle,center,loop,timer,op1,op2,op3
#DST_IMAGE,0,0,408,539,55,-160,0,255,255,255,255,1,0,0,0,50,121,242,0,0
#DST_IMAGE,0,50,432,539,0,-160,0,255,255,255,255,1,0,0,0,,,,,

//SRC定義,(NULL),gr,x,y,w,h,div_x,div_y,cycle,timer,op1,op2,op3,,,,,,,
#SRC_IMAGE,0,9,45,491,45,491,1,1,0,122,0,0,0,,,,,,,
//DST定義,(NULL),time,x,y,w,h,acc,a,r,g,b,blend,filter,angle,center,loop,timer,op1,op2,op3
#DST_IMAGE,0,0,464,539,45,-160,0,255,255,255,255,1,0,0,0,50,122,242,0,0
#DST_IMAGE,0,50,487,539,0,-160,0,255,255,255,255,1,0,0,0,,,,,

//SRC定義,(NULL),gr,x,y,w,h,div_x,div_y,cycle,timer,op1,op2,op3,,,,,,,
#SRC_IMAGE,0,9,55,0,55,491,1,1,0,123,0,0,0,,,,,,,
//DST定義,(NULL),time,x,y,w,h,acc,a,r,g,b,blend,filter,angle,center,loop,timer,op1,op2,op3
#DST_IMAGE,0,0,510,539,55,-160,0,255,255,255,255,1,0,0,0,50,123,242,0,0
#DST_IMAGE,0,50,538,539,0,-160,0,255,255,255,255,1,0,0,0,,,,,

//SRC定義,(NULL),gr,x,y,w,h,div_x,div_y,cycle,timer,op1,op2,op3,,,,,,,
#SRC_IMAGE,0,9,45,491,45,491,1,1,0,124,0,0,0,,,,,,,
//DST定義,(NULL),time,x,y,w,h,acc,a,r,g,b,blend,filter,angle,center,loop,timer,op1,op2,op3
#DST_IMAGE,0,0,566,539,45,-160,0,255,255,255,255,1,0,0,0,50,124,242,0,0
#DST_IMAGE,0,50,589,539,0,-160,0,255,255,255,255,1,0,0,0,,,,,

//SRC定義,(NULL),gr,x,y,w,h,div_x,div_y,cycle,timer,op1,op2,op3,,,,,,,
#SRC_IMAGE,0,9,55,0,55,491,1,1,0,125,0,0,0,,,,,,,
//DST定義,(NULL),time,x,y,w,h,acc,a,r,g,b,blend,filter,angle,center,loop,timer,op1,op2,op3
#DST_IMAGE,0,0,612,539,55,-160,0,255,255,255,255,1,0,0,0,50,125,242,0,0
#DST_IMAGE,0,50,650,539,0,-160,0,255,255,255,255,1,0,0,0,,,,,

//SRC定義,(NULL),gr,x,y,w,h,div_x,div_y,cycle,timer,op1,op2,op3,,,,,,,
#SRC_IMAGE,0,9,45,491,45,491,1,1,0,126,0,0,0,,,,,,,
//DST定義,(NULL),time,x,y,w,h,acc,a,r,g,b,blend,filter,angle,center,loop,timer,op1,op2,op3
#DST_IMAGE,0,0,668,539,45,-160,0,255,255,255,255,1,0,0,0,50,126,242,0,0
#DST_IMAGE,0,50,691,539,0,-160,0,255,255,255,255,1,0,0,0,,,,,

//SRC定義,(NULL),gr,x,y,w,h,div_x,div_y,cycle,timer,op1,op2,op3,,,,,,,
#SRC_IMAGE,0,9,55,0,55,491,1,1,0,127,0,0,0,,,,,,,
//DST定義,(NULL),time,x,y,w,h,acc,a,r,g,b,blend,filter,angle,center,loop,timer,op1,op2,op3
#DST_IMAGE,0,0,714,539,55,-160,0,255,255,255,255,1,0,0,0,50,127,242,0,0
#DST_IMAGE,0,50,742,539,0,-160,0,255,255,255,255,1,0,0,0,,,,,

//SRC定義,(NULL),gr,x,y,w,h,div_x,div_y,cycle,timer,op1,op2,op3,,,,,,,
#SRC_IMAGE,0,9,45,491,45,491,1,1,0,128,0,0,0,,,,,,,
//DST定義,(NULL),time,x,y,w,h,acc,a,r,g,b,blend,filter,angle,center,loop,timer,op1,op2,op3
#DST_IMAGE,0,0,770,539,45,-160,0,255,255,255,255,1,0,0,0,50,128,242,0,0
#DST_IMAGE,0,50,793,539,0,-160,0,255,255,255,255,1,0,0,0,,,,,

//SRC定義,(NULL),gr,x,y,w,h,div_x,div_y,cycle,timer,op1,op2,op3,,,,,,,
#SRC_IMAGE,0,9,55,0,55,491,1,1,0,129,0,0,0,,,,,,,
//DST定義,(NULL),time,x,y,w,h,acc,a,r,g,b,blend,filter,angle,center,loop,timer,op1,op2,op3
#DST_IMAGE,0,0,816,539,55,-160,0,255,255,255,255,1,0,0,0,50,129,242,0,0
#DST_IMAGE,0,50,844,539,0,-160,0,255,255,255,255,1,0,0,0,,,,,
-----GOOD-------------------------------------------------------------------
//SRC定義,(NULL),gr,x,y,w,h,div_x,div_y,cycle,timer,op1,op2,op3,,,,,,,
#SRC_IMAGE,0,9,110,0,55,491,1,1,0,101,0,0,0,,,,,,,
//DST定義,(NULL),time,x,y,w,h,acc,a,r,g,b,blend,filter,angle,center,loop,timer,op1,op2,op3
#DST_IMAGE,0,0,408,539,55,-160,0,255,255,255,255,1,0,0,0,0,101,243,0,0

//SRC定義,(NULL),gr,x,y,w,h,div_x,div_y,cycle,timer,op1,op2,op3,,,,,,,
#SRC_IMAGE,0,9,90,491,45,491,1,1,0,102,0,0,0,,,,,,,
//DST定義,(NULL),time,x,y,w,h,acc,a,r,g,b,blend,filter,angle,center,loop,timer,op1,op2,op3
#DST_IMAGE,0,0,464,539,45,-160,0,255,255,255,255,1,0,0,0,0,102,243,0,0

//SRC定義,(NULL),gr,x,y,w,h,div_x,div_y,cycle,timer,op1,op2,op3,,,,,,,
#SRC_IMAGE,0,9,110,0,55,491,1,1,0,103,0,0,0,,,,,,,
//DST定義,(NULL),time,x,y,w,h,acc,a,r,g,b,blend,filter,angle,center,loop,timer,op1,op2,op3
#DST_IMAGE,0,0,510,539,55,-160,0,255,255,255,255,1,0,0,0,0,103,243,0,0

//SRC定義,(NULL),gr,x,y,w,h,div_x,div_y,cycle,timer,op1,op2,op3,,,,,,,
#SRC_IMAGE,0,9,90,491,45,491,1,1,0,104,0,0,0,,,,,,,
//DST定義,(NULL),time,x,y,w,h,acc,a,r,g,b,blend,filter,angle,center,loop,timer,op1,op2,op3
#DST_IMAGE,0,0,566,539,45,-160,0,255,255,255,255,1,0,0,0,0,104,243,0,0

//SRC定義,(NULL),gr,x,y,w,h,div_x,div_y,cycle,timer,op1,op2,op3,,,,,,,
#SRC_IMAGE,0,9,110,0,55,491,1,1,0,105,0,0,0,,,,,,,
//DST定義,(NULL),time,x,y,w,h,acc,a,r,g,b,blend,filter,angle,center,loop,timer,op1,op2,op3
#DST_IMAGE,0,0,612,539,55,-160,0,255,255,255,255,1,0,0,0,0,105,243,0,0

//SRC定義,(NULL),gr,x,y,w,h,div_x,div_y,cycle,timer,op1,op2,op3,,,,,,,
#SRC_IMAGE,0,9,90,491,45,491,1,1,0,106,0,0,0,,,,,,,
//DST定義,(NULL),time,x,y,w,h,acc,a,r,g,b,blend,filter,angle,center,loop,timer,op1,op2,op3
#DST_IMAGE,0,0,668,539,45,-160,0,255,255,255,255,1,0,0,0,0,106,243,0,0

//SRC定義,(NULL),gr,x,y,w,h,div_x,div_y,cycle,timer,op1,op2,op3,,,,,,,
#SRC_IMAGE,0,9,110,0,55,491,1,1,0,107,0,0,0,,,,,,,
//DST定義,(NULL),time,x,y,w,h,acc,a,r,g,b,blend,filter,angle,center,loop,timer,op1,op2,op3
#DST_IMAGE,0,0,714,539,55,-160,0,255,255,255,255,1,0,0,0,0,107,243,0,0

//SRC定義,(NULL),gr,x,y,w,h,div_x,div_y,cycle,timer,op1,op2,op3,,,,,,,
#SRC_IMAGE,0,9,90,491,45,491,1,1,0,108,0,0,0,,,,,,,
//DST定義,(NULL),time,x,y,w,h,acc,a,r,g,b,blend,filter,angle,center,loop,timer,op1,op2,op3
#DST_IMAGE,0,0,770,539,45,-160,0,255,255,255,255,1,0,0,0,0,108,243,0,0

//SRC定義,(NULL),gr,x,y,w,h,div_x,div_y,cycle,timer,op1,op2,op3,,,,,,,
#SRC_IMAGE,0,9,110,0,55,491,1,1,0,109,0,0,0,,,,,,,
//DST定義,(NULL),time,x,y,w,h,acc,a,r,g,b,blend,filter,angle,center,loop,timer,op1,op2,op3
#DST_IMAGE,0,0,816,539,55,-160,0,255,255,255,255,1,0,0,0,0,109,243,0,0

//1Pレーザーオフ(timer120),,,,,,,,,,,,,,,,,,,,

//SRC定義,(NULL),gr,x,y,w,h,div_x,div_y,cycle,timer,op1,op2,op3,,,,,,,
#SRC_IMAGE,0,9,110,0,55,491,1,1,0,121,0,0,0,,,,,,,
//DST定義,(NULL),time,x,y,w,h,acc,a,r,g,b,blend,filter,angle,center,loop,timer,op1,op2,op3
#DST_IMAGE,0,0,408,539,55,-160,0,255,255,255,255,1,0,0,0,50,121,243,0,0
#DST_IMAGE,0,50,432,539,0,-160,0,255,255,255,255,1,0,0,0,,,,,

//SRC定義,(NULL),gr,x,y,w,h,div_x,div_y,cycle,timer,op1,op2,op3,,,,,,,
#SRC_IMAGE,0,9,90,491,45,491,1,1,0,122,0,0,0,,,,,,,
//DST定義,(NULL),time,x,y,w,h,acc,a,r,g,b,blend,filter,angle,center,loop,timer,op1,op2,op3
#DST_IMAGE,0,0,464,539,45,-160,0,255,255,255,255,1,0,0,0,50,122,243,0,0
#DST_IMAGE,0,50,487,539,0,-160,0,255,255,255,255,1,0,0,0,,,,,

//SRC定義,(NULL),gr,x,y,w,h,div_x,div_y,cycle,timer,op1,op2,op3,,,,,,,
#SRC_IMAGE,0,9,110,0,55,491,1,1,0,123,0,0,0,,,,,,,
//DST定義,(NULL),time,x,y,w,h,acc,a,r,g,b,blend,filter,angle,center,loop,timer,op1,op2,op3
#DST_IMAGE,0,0,510,539,55,-160,0,255,255,255,255,1,0,0,0,50,123,243,0,0
#DST_IMAGE,0,50,538,539,0,-160,0,255,255,255,255,1,0,0,0,,,,,

//SRC定義,(NULL),gr,x,y,w,h,div_x,div_y,cycle,timer,op1,op2,op3,,,,,,,
#SRC_IMAGE,0,9,90,491,45,491,1,1,0,124,0,0,0,,,,,,,
//DST定義,(NULL),time,x,y,w,h,acc,a,r,g,b,blend,filter,angle,center,loop,timer,op1,op2,op3
#DST_IMAGE,0,0,566,539,45,-160,0,255,255,255,255,1,0,0,0,50,124,243,0,0
#DST_IMAGE,0,50,589,539,0,-160,0,255,255,255,255,1,0,0,0,,,,,

//SRC定義,(NULL),gr,x,y,w,h,div_x,div_y,cycle,timer,op1,op2,op3,,,,,,,
#SRC_IMAGE,0,9,110,0,55,491,1,1,0,125,0,0,0,,,,,,,
//DST定義,(NULL),time,x,y,w,h,acc,a,r,g,b,blend,filter,angle,center,loop,timer,op1,op2,op3
#DST_IMAGE,0,0,612,539,55,-160,0,255,255,255,255,1,0,0,0,50,125,243,0,0
#DST_IMAGE,0,50,650,539,0,-160,0,255,255,255,255,1,0,0,0,,,,,

//SRC定義,(NULL),gr,x,y,w,h,div_x,div_y,cycle,timer,op1,op2,op3,,,,,,,
#SRC_IMAGE,0,9,90,491,45,491,1,1,0,126,0,0,0,,,,,,,
//DST定義,(NULL),time,x,y,w,h,acc,a,r,g,b,blend,filter,angle,center,loop,timer,op1,op2,op3
#DST_IMAGE,0,0,668,539,45,-160,0,255,255,255,255,1,0,0,0,50,126,243,0,0
#DST_IMAGE,0,50,691,539,0,-160,0,255,255,255,255,1,0,0,0,,,,,

//SRC定義,(NULL),gr,x,y,w,h,div_x,div_y,cycle,timer,op1,op2,op3,,,,,,,
#SRC_IMAGE,0,9,110,0,55,491,1,1,0,127,0,0,0,,,,,,,
//DST定義,(NULL),time,x,y,w,h,acc,a,r,g,b,blend,filter,angle,center,loop,timer,op1,op2,op3
#DST_IMAGE,0,0,714,539,55,-160,0,255,255,255,255,1,0,0,0,50,127,243,0,0
#DST_IMAGE,0,50,742,539,0,-160,0,255,255,255,255,1,0,0,0,,,,,

//SRC定義,(NULL),gr,x,y,w,h,div_x,div_y,cycle,timer,op1,op2,op3,,,,,,,
#SRC_IMAGE,0,9,90,491,45,491,1,1,0,128,0,0,0,,,,,,,
//DST定義,(NULL),time,x,y,w,h,acc,a,r,g,b,blend,filter,angle,center,loop,timer,op1,op2,op3
#DST_IMAGE,0,0,770,539,45,-160,0,255,255,255,255,1,0,0,0,50,128,243,0,0
#DST_IMAGE,0,50,793,539,0,-160,0,255,255,255,255,1,0,0,0,,,,,

//SRC定義,(NULL),gr,x,y,w,h,div_x,div_y,cycle,timer,op1,op2,op3,,,,,,,
#SRC_IMAGE,0,9,110,0,55,491,1,1,0,129,0,0,0,,,,,,,
//DST定義,(NULL),time,x,y,w,h,acc,a,r,g,b,blend,filter,angle,center,loop,timer,op1,op2,op3
#DST_IMAGE,0,0,816,539,55,-160,0,255,255,255,255,1,0,0,0,50,129,243,0,0
#DST_IMAGE,0,50,844,539,0,-160,0,255,255,255,255,1,0,0,0,,,,,
---------BAD-------------------------------------------------------------------------------------------
//SRC定義,(NULL),gr,x,y,w,h,div_x,div_y,cycle,timer,op1,op2,op3,,,,,,,
#SRC_IMAGE,0,9,165,0,55,491,1,1,0,101,0,0,0,,,,,,,
//DST定義,(NULL),time,x,y,w,h,acc,a,r,g,b,blend,filter,angle,center,loop,timer,op1,op2,op3
#DST_IMAGE,0,0,408,539,55,-160,0,255,255,255,255,1,0,0,0,0,101,244,0,0

//SRC定義,(NULL),gr,x,y,w,h,div_x,div_y,cycle,timer,op1,op2,op3,,,,,,,
#SRC_IMAGE,0,9,135,491,45,491,1,1,0,102,0,0,0,,,,,,,
//DST定義,(NULL),time,x,y,w,h,acc,a,r,g,b,blend,filter,angle,center,loop,timer,op1,op2,op3
#DST_IMAGE,0,0,464,539,45,-160,0,255,255,255,255,1,0,0,0,0,102,244,0,0

//SRC定義,(NULL),gr,x,y,w,h,div_x,div_y,cycle,timer,op1,op2,op3,,,,,,,
#SRC_IMAGE,0,9,165,0,55,491,1,1,0,103,0,0,0,,,,,,,
//DST定義,(NULL),time,x,y,w,h,acc,a,r,g,b,blend,filter,angle,center,loop,timer,op1,op2,op3
#DST_IMAGE,0,0,510,539,55,-160,0,255,255,255,255,1,0,0,0,0,103,244,0,0

//SRC定義,(NULL),gr,x,y,w,h,div_x,div_y,cycle,timer,op1,op2,op3,,,,,,,
#SRC_IMAGE,0,9,135,491,45,491,1,1,0,104,0,0,0,,,,,,,
//DST定義,(NULL),time,x,y,w,h,acc,a,r,g,b,blend,filter,angle,center,loop,timer,op1,op2,op3
#DST_IMAGE,0,0,566,539,45,-160,0,255,255,255,255,1,0,0,0,0,104,244,0,0

//SRC定義,(NULL),gr,x,y,w,h,div_x,div_y,cycle,timer,op1,op2,op3,,,,,,,
#SRC_IMAGE,0,9,165,0,55,491,1,1,0,105,0,0,0,,,,,,,
//DST定義,(NULL),time,x,y,w,h,acc,a,r,g,b,blend,filter,angle,center,loop,timer,op1,op2,op3
#DST_IMAGE,0,0,612,539,55,-160,0,255,255,255,255,1,0,0,0,0,105,244,0,0

//SRC定義,(NULL),gr,x,y,w,h,div_x,div_y,cycle,timer,op1,op2,op3,,,,,,,
#SRC_IMAGE,0,9,135,491,45,491,1,1,0,106,0,0,0,,,,,,,
//DST定義,(NULL),time,x,y,w,h,acc,a,r,g,b,blend,filter,angle,center,loop,timer,op1,op2,op3
#DST_IMAGE,0,0,668,539,45,-160,0,255,255,255,255,1,0,0,0,0,106,244,0,0

//SRC定義,(NULL),gr,x,y,w,h,div_x,div_y,cycle,timer,op1,op2,op3,,,,,,,
#SRC_IMAGE,0,9,165,0,55,491,1,1,0,107,0,0,0,,,,,,,
//DST定義,(NULL),time,x,y,w,h,acc,a,r,g,b,blend,filter,angle,center,loop,timer,op1,op2,op3
#DST_IMAGE,0,0,714,539,55,-160,0,255,255,255,255,1,0,0,0,0,107,244,0,0

//SRC定義,(NULL),gr,x,y,w,h,div_x,div_y,cycle,timer,op1,op2,op3,,,,,,,
#SRC_IMAGE,0,9,135,491,45,491,1,1,0,108,0,0,0,,,,,,,
//DST定義,(NULL),time,x,y,w,h,acc,a,r,g,b,blend,filter,angle,center,loop,timer,op1,op2,op3
#DST_IMAGE,0,0,770,539,45,-160,0,255,255,255,255,1,0,0,0,0,108,244,0,0

//SRC定義,(NULL),gr,x,y,w,h,div_x,div_y,cycle,timer,op1,op2,op3,,,,,,,
#SRC_IMAGE,0,9,165,0,55,491,1,1,0,109,0,0,0,,,,,,,
//DST定義,(NULL),time,x,y,w,h,acc,a,r,g,b,blend,filter,angle,center,loop,timer,op1,op2,op3
#DST_IMAGE,0,0,816,539,55,-160,0,255,255,255,255,1,0,0,0,0,109,244,0,0

//1Pレーザーオフ(timer120),,,,,,,,,,,,,,,,,,,,

//SRC定義,(NULL),gr,x,y,w,h,div_x,div_y,cycle,timer,op1,op2,op3,,,,,,,
#SRC_IMAGE,0,9,165,0,55,491,1,1,0,121,0,0,0,,,,,,,
//DST定義,(NULL),time,x,y,w,h,acc,a,r,g,b,blend,filter,angle,center,loop,timer,op1,op2,op3
#DST_IMAGE,0,0,408,539,55,-160,0,255,255,255,255,1,0,0,0,50,121,244,0,0
#DST_IMAGE,0,50,432,539,0,-160,0,255,255,255,255,1,0,0,0,,,,,

//SRC定義,(NULL),gr,x,y,w,h,div_x,div_y,cycle,timer,op1,op2,op3,,,,,,,
#SRC_IMAGE,0,9,135,491,45,491,1,1,0,122,0,0,0,,,,,,,
//DST定義,(NULL),time,x,y,w,h,acc,a,r,g,b,blend,filter,angle,center,loop,timer,op1,op2,op3
#DST_IMAGE,0,0,464,539,45,-160,0,255,255,255,255,1,0,0,0,50,122,244,0,0
#DST_IMAGE,0,50,487,539,0,-160,0,255,255,255,255,1,0,0,0,,,,,

//SRC定義,(NULL),gr,x,y,w,h,div_x,div_y,cycle,timer,op1,op2,op3,,,,,,,
#SRC_IMAGE,0,9,165,0,55,491,1,1,0,123,0,0,0,,,,,,,
//DST定義,(NULL),time,x,y,w,h,acc,a,r,g,b,blend,filter,angle,center,loop,timer,op1,op2,op3
#DST_IMAGE,0,0,510,539,55,-160,0,255,255,255,255,1,0,0,0,50,123,244,0,0
#DST_IMAGE,0,50,538,539,0,-160,0,255,255,255,255,1,0,0,0,,,,,

//SRC定義,(NULL),gr,x,y,w,h,div_x,div_y,cycle,timer,op1,op2,op3,,,,,,,
#SRC_IMAGE,0,9,135,491,45,491,1,1,0,124,0,0,0,,,,,,,
//DST定義,(NULL),time,x,y,w,h,acc,a,r,g,b,blend,filter,angle,center,loop,timer,op1,op2,op3
#DST_IMAGE,0,0,566,539,45,-160,0,255,255,255,255,1,0,0,0,50,124,244,0,0
#DST_IMAGE,0,50,589,539,0,-160,0,255,255,255,255,1,0,0,0,,,,,

//SRC定義,(NULL),gr,x,y,w,h,div_x,div_y,cycle,timer,op1,op2,op3,,,,,,,
#SRC_IMAGE,0,9,165,0,55,491,1,1,0,125,0,0,0,,,,,,,
//DST定義,(NULL),time,x,y,w,h,acc,a,r,g,b,blend,filter,angle,center,loop,timer,op1,op2,op3
#DST_IMAGE,0,0,612,539,55,-160,0,255,255,255,255,1,0,0,0,50,125,244,0,0
#DST_IMAGE,0,50,650,539,0,-160,0,255,255,255,255,1,0,0,0,,,,,

//SRC定義,(NULL),gr,x,y,w,h,div_x,div_y,cycle,timer,op1,op2,op3,,,,,,,
#SRC_IMAGE,0,9,135,491,45,491,1,1,0,126,0,0,0,,,,,,,
//DST定義,(NULL),time,x,y,w,h,acc,a,r,g,b,blend,filter,angle,center,loop,timer,op1,op2,op3
#DST_IMAGE,0,0,668,539,45,-160,0,255,255,255,255,1,0,0,0,50,126,244,0,0
#DST_IMAGE,0,50,691,539,0,-160,0,255,255,255,255,1,0,0,0,,,,,

//SRC定義,(NULL),gr,x,y,w,h,div_x,div_y,cycle,timer,op1,op2,op3,,,,,,,
#SRC_IMAGE,0,9,165,0,55,491,1,1,0,127,0,0,0,,,,,,,
//DST定義,(NULL),time,x,y,w,h,acc,a,r,g,b,blend,filter,angle,center,loop,timer,op1,op2,op3
#DST_IMAGE,0,0,714,539,55,-160,0,255,255,255,255,1,0,0,0,50,127,244,0,0
#DST_IMAGE,0,50,742,539,0,-160,0,255,255,255,255,1,0,0,0,,,,,

//SRC定義,(NULL),gr,x,y,w,h,div_x,div_y,cycle,timer,op1,op2,op3,,,,,,,
#SRC_IMAGE,0,9,135,491,45,491,1,1,0,128,0,0,0,,,,,,,
//DST定義,(NULL),time,x,y,w,h,acc,a,r,g,b,blend,filter,angle,center,loop,timer,op1,op2,op3
#DST_IMAGE,0,0,770,539,45,-160,0,255,255,255,255,1,0,0,0,50,128,244,0,0
#DST_IMAGE,0,50,793,539,0,-160,0,255,255,255,255,1,0,0,0,,,,,

//SRC定義,(NULL),gr,x,y,w,h,div_x,div_y,cycle,timer,op1,op2,op3,,,,,,,
#SRC_IMAGE,0,9,165,0,55,491,1,1,0,129,0,0,0,,,,,,,
//DST定義,(NULL),time,x,y,w,h,acc,a,r,g,b,blend,filter,angle,center,loop,timer,op1,op2,op3
#DST_IMAGE,0,0,816,539,55,-160,0,255,255,255,255,1,0,0,0,50,129,244,0,0
#DST_IMAGE,0,50,844,539,0,-160,0,255,255,255,255,1,0,0,0,,,,,
----POOR--------------------------------------------------------------------------------
//SRC定義,(NULL),gr,x,y,w,h,div_x,div_y,cycle,timer,op1,op2,op3,,,,,,,
#SRC_IMAGE,0,9,220,0,55,491,1,1,0,101,0,0,0,,,,,,,
//DST定義,(NULL),time,x,y,w,h,acc,a,r,g,b,blend,filter,angle,center,loop,timer,op1,op2,op3
#DST_IMAGE,0,0,408,539,55,-160,0,255,255,255,255,1,0,0,0,0,101,245,0,0

//SRC定義,(NULL),gr,x,y,w,h,div_x,div_y,cycle,timer,op1,op2,op3,,,,,,,
#SRC_IMAGE,0,9,180,491,45,491,1,1,0,102,0,0,0,,,,,,,
//DST定義,(NULL),time,x,y,w,h,acc,a,r,g,b,blend,filter,angle,center,loop,timer,op1,op2,op3
#DST_IMAGE,0,0,464,539,45,-160,0,255,255,255,255,1,0,0,0,0,102,245,0,0

//SRC定義,(NULL),gr,x,y,w,h,div_x,div_y,cycle,timer,op1,op2,op3,,,,,,,
#SRC_IMAGE,0,9,220,0,55,491,1,1,0,103,0,0,0,,,,,,,
//DST定義,(NULL),time,x,y,w,h,acc,a,r,g,b,blend,filter,angle,center,loop,timer,op1,op2,op3
#DST_IMAGE,0,0,510,539,55,-160,0,255,255,255,255,1,0,0,0,0,103,245,0,0

//SRC定義,(NULL),gr,x,y,w,h,div_x,div_y,cycle,timer,op1,op2,op3,,,,,,,
#SRC_IMAGE,0,9,180,491,45,491,1,1,0,104,0,0,0,,,,,,,
//DST定義,(NULL),time,x,y,w,h,acc,a,r,g,b,blend,filter,angle,center,loop,timer,op1,op2,op3
#DST_IMAGE,0,0,566,539,45,-160,0,255,255,255,255,1,0,0,0,0,104,245,0,0

//SRC定義,(NULL),gr,x,y,w,h,div_x,div_y,cycle,timer,op1,op2,op3,,,,,,,
#SRC_IMAGE,0,9,220,0,55,491,1,1,0,105,0,0,0,,,,,,,
//DST定義,(NULL),time,x,y,w,h,acc,a,r,g,b,blend,filter,angle,center,loop,timer,op1,op2,op3
#DST_IMAGE,0,0,612,539,55,-160,0,255,255,255,255,1,0,0,0,0,105,245,0,0

//SRC定義,(NULL),gr,x,y,w,h,div_x,div_y,cycle,timer,op1,op2,op3,,,,,,,
#SRC_IMAGE,0,9,180,491,45,491,1,1,0,106,0,0,0,,,,,,,
//DST定義,(NULL),time,x,y,w,h,acc,a,r,g,b,blend,filter,angle,center,loop,timer,op1,op2,op3
#DST_IMAGE,0,0,668,539,45,-160,0,255,255,255,255,1,0,0,0,0,106,245,0,0

//SRC定義,(NULL),gr,x,y,w,h,div_x,div_y,cycle,timer,op1,op2,op3,,,,,,,
#SRC_IMAGE,0,9,220,0,55,491,1,1,0,107,0,0,0,,,,,,,
//DST定義,(NULL),time,x,y,w,h,acc,a,r,g,b,blend,filter,angle,center,loop,timer,op1,op2,op3
#DST_IMAGE,0,0,714,539,55,-160,0,255,255,255,255,1,0,0,0,0,107,245,0,0

//SRC定義,(NULL),gr,x,y,w,h,div_x,div_y,cycle,timer,op1,op2,op3,,,,,,,
#SRC_IMAGE,0,9,180,491,45,491,1,1,0,108,0,0,0,,,,,,,
//DST定義,(NULL),time,x,y,w,h,acc,a,r,g,b,blend,filter,angle,center,loop,timer,op1,op2,op3
#DST_IMAGE,0,0,770,539,45,-160,0,255,255,255,255,1,0,0,0,0,108,245,0,0

//SRC定義,(NULL),gr,x,y,w,h,div_x,div_y,cycle,timer,op1,op2,op3,,,,,,,
#SRC_IMAGE,0,9,220,0,55,491,1,1,0,109,0,0,0,,,,,,,
//DST定義,(NULL),time,x,y,w,h,acc,a,r,g,b,blend,filter,angle,center,loop,timer,op1,op2,op3
#DST_IMAGE,0,0,816,539,55,-160,0,255,255,255,255,1,0,0,0,0,109,245,0,0

//1Pレーザーオフ(timer120),,,,,,,,,,,,,,,,,,,,

//SRC定義,(NULL),gr,x,y,w,h,div_x,div_y,cycle,timer,op1,op2,op3,,,,,,,
#SRC_IMAGE,0,9,220,0,55,491,1,1,0,121,0,0,0,,,,,,,
//DST定義,(NULL),time,x,y,w,h,acc,a,r,g,b,blend,filter,angle,center,loop,timer,op1,op2,op3
#DST_IMAGE,0,0,408,539,55,-160,0,255,255,255,255,1,0,0,0,50,121,245,0,0
#DST_IMAGE,0,50,432,539,0,-160,0,255,255,255,255,1,0,0,0,,,,,

//SRC定義,(NULL),gr,x,y,w,h,div_x,div_y,cycle,timer,op1,op2,op3,,,,,,,
#SRC_IMAGE,0,9,180,491,45,491,1,1,0,122,0,0,0,,,,,,,
//DST定義,(NULL),time,x,y,w,h,acc,a,r,g,b,blend,filter,angle,center,loop,timer,op1,op2,op3
#DST_IMAGE,0,0,464,539,45,-160,0,255,255,255,255,1,0,0,0,50,122,245,0,0
#DST_IMAGE,0,50,487,539,0,-160,0,255,255,255,255,1,0,0,0,,,,,

//SRC定義,(NULL),gr,x,y,w,h,div_x,div_y,cycle,timer,op1,op2,op3,,,,,,,
#SRC_IMAGE,0,9,220,0,55,491,1,1,0,123,0,0,0,,,,,,,
//DST定義,(NULL),time,x,y,w,h,acc,a,r,g,b,blend,filter,angle,center,loop,timer,op1,op2,op3
#DST_IMAGE,0,0,510,539,55,-160,0,255,255,255,255,1,0,0,0,50,123,245,0,0
#DST_IMAGE,0,50,538,539,0,-160,0,255,255,255,255,1,0,0,0,,,,,

//SRC定義,(NULL),gr,x,y,w,h,div_x,div_y,cycle,timer,op1,op2,op3,,,,,,,
#SRC_IMAGE,0,9,180,491,45,491,1,1,0,124,0,0,0,,,,,,,
//DST定義,(NULL),time,x,y,w,h,acc,a,r,g,b,blend,filter,angle,center,loop,timer,op1,op2,op3
#DST_IMAGE,0,0,566,539,45,-160,0,255,255,255,255,1,0,0,0,50,124,245,0,0
#DST_IMAGE,0,50,589,539,0,-160,0,255,255,255,255,1,0,0,0,,,,,

//SRC定義,(NULL),gr,x,y,w,h,div_x,div_y,cycle,timer,op1,op2,op3,,,,,,,
#SRC_IMAGE,0,9,220,0,55,491,1,1,0,125,0,0,0,,,,,,,
//DST定義,(NULL),time,x,y,w,h,acc,a,r,g,b,blend,filter,angle,center,loop,timer,op1,op2,op3
#DST_IMAGE,0,0,612,539,55,-160,0,255,255,255,255,1,0,0,0,50,125,245,0,0
#DST_IMAGE,0,50,650,539,0,-160,0,255,255,255,255,1,0,0,0,,,,,

//SRC定義,(NULL),gr,x,y,w,h,div_x,div_y,cycle,timer,op1,op2,op3,,,,,,,
#SRC_IMAGE,0,9,180,491,45,491,1,1,0,126,0,0,0,,,,,,,
//DST定義,(NULL),time,x,y,w,h,acc,a,r,g,b,blend,filter,angle,center,loop,timer,op1,op2,op3
#DST_IMAGE,0,0,668,539,45,-160,0,255,255,255,255,1,0,0,0,50,126,245,0,0
#DST_IMAGE,0,50,691,539,0,-160,0,255,255,255,255,1,0,0,0,,,,,

//SRC定義,(NULL),gr,x,y,w,h,div_x,div_y,cycle,timer,op1,op2,op3,,,,,,,
#SRC_IMAGE,0,9,220,0,55,491,1,1,0,127,0,0,0,,,,,,,
//DST定義,(NULL),time,x,y,w,h,acc,a,r,g,b,blend,filter,angle,center,loop,timer,op1,op2,op3
#DST_IMAGE,0,0,714,539,55,-160,0,255,255,255,255,1,0,0,0,50,127,245,0,0
#DST_IMAGE,0,50,742,539,0,-160,0,255,255,255,255,1,0,0,0,,,,,

//SRC定義,(NULL),gr,x,y,w,h,div_x,div_y,cycle,timer,op1,op2,op3,,,,,,,
#SRC_IMAGE,0,9,180,491,45,491,1,1,0,128,0,0,0,,,,,,,
//DST定義,(NULL),time,x,y,w,h,acc,a,r,g,b,blend,filter,angle,center,loop,timer,op1,op2,op3
#DST_IMAGE,0,0,770,539,45,-160,0,255,255,255,255,1,0,0,0,50,128,245,0,0
#DST_IMAGE,0,50,793,539,0,-160,0,255,255,255,255,1,0,0,0,,,,,

//SRC定義,(NULL),gr,x,y,w,h,div_x,div_y,cycle,timer,op1,op2,op3,,,,,,,
#SRC_IMAGE,0,9,220,0,55,491,1,1,0,129,0,0,0,,,,,,,
//DST定義,(NULL),time,x,y,w,h,acc,a,r,g,b,blend,filter,angle,center,loop,timer,op1,op2,op3
#DST_IMAGE,0,0,816,539,55,-160,0,255,255,255,255,1,0,0,0,50,129,245,0,0
#DST_IMAGE,0,50,844,539,0,-160,0,255,255,255,255,1,0,0,0,,,,,
-------------空POOR-----------------------------------------------------------------
//SRC定義,(NULL),gr,x,y,w,h,div_x,div_y,cycle,timer,op1,op2,op3,,,,,,,
#SRC_IMAGE,0,9,220,0,55,491,1,1,0,101,0,0,0,,,,,,,
//DST定義,(NULL),time,x,y,w,h,acc,a,r,g,b,blend,filter,angle,center,loop,timer,op1,op2,op3
#DST_IMAGE,0,0,408,539,55,-160,0,255,255,255,255,1,0,0,0,0,101,246,0,0

//SRC定義,(NULL),gr,x,y,w,h,div_x,div_y,cycle,timer,op1,op2,op3,,,,,,,
#SRC_IMAGE,0,9,180,491,45,491,1,1,0,102,0,0,0,,,,,,,
//DST定義,(NULL),time,x,y,w,h,acc,a,r,g,b,blend,filter,angle,center,loop,timer,op1,op2,op3
#DST_IMAGE,0,0,464,539,45,-160,0,255,255,255,255,1,0,0,0,0,102,246,0,0

//SRC定義,(NULL),gr,x,y,w,h,div_x,div_y,cycle,timer,op1,op2,op3,,,,,,,
#SRC_IMAGE,0,9,220,0,55,491,1,1,0,103,0,0,0,,,,,,,
//DST定義,(NULL),time,x,y,w,h,acc,a,r,g,b,blend,filter,angle,center,loop,timer,op1,op2,op3
#DST_IMAGE,0,0,510,539,55,-160,0,255,255,255,255,1,0,0,0,0,103,246,0,0

//SRC定義,(NULL),gr,x,y,w,h,div_x,div_y,cycle,timer,op1,op2,op3,,,,,,,
#SRC_IMAGE,0,9,180,491,45,491,1,1,0,104,0,0,0,,,,,,,
//DST定義,(NULL),time,x,y,w,h,acc,a,r,g,b,blend,filter,angle,center,loop,timer,op1,op2,op3
#DST_IMAGE,0,0,566,539,45,-160,0,255,255,255,255,1,0,0,0,0,104,246,0,0

//SRC定義,(NULL),gr,x,y,w,h,div_x,div_y,cycle,timer,op1,op2,op3,,,,,,,
#SRC_IMAGE,0,9,220,0,55,491,1,1,0,105,0,0,0,,,,,,,
//DST定義,(NULL),time,x,y,w,h,acc,a,r,g,b,blend,filter,angle,center,loop,timer,op1,op2,op3
#DST_IMAGE,0,0,612,539,55,-160,0,255,255,255,255,1,0,0,0,0,105,246,0,0

//SRC定義,(NULL),gr,x,y,w,h,div_x,div_y,cycle,timer,op1,op2,op3,,,,,,,
#SRC_IMAGE,0,9,180,491,45,491,1,1,0,106,0,0,0,,,,,,,
//DST定義,(NULL),time,x,y,w,h,acc,a,r,g,b,blend,filter,angle,center,loop,timer,op1,op2,op3
#DST_IMAGE,0,0,668,539,45,-160,0,255,255,255,255,1,0,0,0,0,106,246,0,0

//SRC定義,(NULL),gr,x,y,w,h,div_x,div_y,cycle,timer,op1,op2,op3,,,,,,,
#SRC_IMAGE,0,9,220,0,55,491,1,1,0,107,0,0,0,,,,,,,
//DST定義,(NULL),time,x,y,w,h,acc,a,r,g,b,blend,filter,angle,center,loop,timer,op1,op2,op3
#DST_IMAGE,0,0,714,539,55,-160,0,255,255,255,255,1,0,0,0,0,107,246,0,0

//SRC定義,(NULL),gr,x,y,w,h,div_x,div_y,cycle,timer,op1,op2,op3,,,,,,,
#SRC_IMAGE,0,9,180,491,45,491,1,1,0,108,0,0,0,,,,,,,
//DST定義,(NULL),time,x,y,w,h,acc,a,r,g,b,blend,filter,angle,center,loop,timer,op1,op2,op3
#DST_IMAGE,0,0,770,539,45,-160,0,255,255,255,255,1,0,0,0,0,108,246,0,0

//SRC定義,(NULL),gr,x,y,w,h,div_x,div_y,cycle,timer,op1,op2,op3,,,,,,,
#SRC_IMAGE,0,9,220,0,55,491,1,1,0,109,0,0,0,,,,,,,
//DST定義,(NULL),time,x,y,w,h,acc,a,r,g,b,blend,filter,angle,center,loop,timer,op1,op2,op3
#DST_IMAGE,0,0,816,539,55,-160,0,255,255,255,255,1,0,0,0,0,109,246,0,0

//1Pレーザーオフ(timer120),,,,,,,,,,,,,,,,,,,,

//SRC定義,(NULL),gr,x,y,w,h,div_x,div_y,cycle,timer,op1,op2,op3,,,,,,,
#SRC_IMAGE,0,9,220,0,55,491,1,1,0,121,0,0,0,,,,,,,
//DST定義,(NULL),time,x,y,w,h,acc,a,r,g,b,blend,filter,angle,center,loop,timer,op1,op2,op3
#DST_IMAGE,0,0,408,539,55,-160,0,255,255,255,255,1,0,0,0,50,121,246,0,0
#DST_IMAGE,0,50,432,539,0,-160,0,255,255,255,255,1,0,0,0,,,,,

//SRC定義,(NULL),gr,x,y,w,h,div_x,div_y,cycle,timer,op1,op2,op3,,,,,,,
#SRC_IMAGE,0,9,180,491,45,491,1,1,0,122,0,0,0,,,,,,,
//DST定義,(NULL),time,x,y,w,h,acc,a,r,g,b,blend,filter,angle,center,loop,timer,op1,op2,op3
#DST_IMAGE,0,0,464,539,45,-160,0,255,255,255,255,1,0,0,0,50,122,246,0,0
#DST_IMAGE,0,50,487,539,0,-160,0,255,255,255,255,1,0,0,0,,,,,

//SRC定義,(NULL),gr,x,y,w,h,div_x,div_y,cycle,timer,op1,op2,op3,,,,,,,
#SRC_IMAGE,0,9,220,0,55,491,1,1,0,123,0,0,0,,,,,,,
//DST定義,(NULL),time,x,y,w,h,acc,a,r,g,b,blend,filter,angle,center,loop,timer,op1,op2,op3
#DST_IMAGE,0,0,510,539,55,-160,0,255,255,255,255,1,0,0,0,50,123,246,0,0
#DST_IMAGE,0,50,538,539,0,-160,0,255,255,255,255,1,0,0,0,,,,,

//SRC定義,(NULL),gr,x,y,w,h,div_x,div_y,cycle,timer,op1,op2,op3,,,,,,,
#SRC_IMAGE,0,9,180,491,45,491,1,1,0,124,0,0,0,,,,,,,
//DST定義,(NULL),time,x,y,w,h,acc,a,r,g,b,blend,filter,angle,center,loop,timer,op1,op2,op3
#DST_IMAGE,0,0,566,539,45,-160,0,255,255,255,255,1,0,0,0,50,124,246,0,0
#DST_IMAGE,0,50,589,539,0,-160,0,255,255,255,255,1,0,0,0,,,,,

//SRC定義,(NULL),gr,x,y,w,h,div_x,div_y,cycle,timer,op1,op2,op3,,,,,,,
#SRC_IMAGE,0,9,220,0,55,491,1,1,0,125,0,0,0,,,,,,,
//DST定義,(NULL),time,x,y,w,h,acc,a,r,g,b,blend,filter,angle,center,loop,timer,op1,op2,op3
#DST_IMAGE,0,0,612,539,55,-160,0,255,255,255,255,1,0,0,0,50,125,246,0,0
#DST_IMAGE,0,50,650,539,0,-160,0,255,255,255,255,1,0,0,0,,,,,

//SRC定義,(NULL),gr,x,y,w,h,div_x,div_y,cycle,timer,op1,op2,op3,,,,,,,
#SRC_IMAGE,0,9,180,491,45,491,1,1,0,126,0,0,0,,,,,,,
//DST定義,(NULL),time,x,y,w,h,acc,a,r,g,b,blend,filter,angle,center,loop,timer,op1,op2,op3
#DST_IMAGE,0,0,668,539,45,-160,0,255,255,255,255,1,0,0,0,50,126,246,0,0
#DST_IMAGE,0,50,691,539,0,-160,0,255,255,255,255,1,0,0,0,,,,,

//SRC定義,(NULL),gr,x,y,w,h,div_x,div_y,cycle,timer,op1,op2,op3,,,,,,,
#SRC_IMAGE,0,9,220,0,55,491,1,1,0,127,0,0,0,,,,,,,
//DST定義,(NULL),time,x,y,w,h,acc,a,r,g,b,blend,filter,angle,center,loop,timer,op1,op2,op3
#DST_IMAGE,0,0,714,539,55,-160,0,255,255,255,255,1,0,0,0,50,127,246,0,0
#DST_IMAGE,0,50,742,539,0,-160,0,255,255,255,255,1,0,0,0,,,,,

//SRC定義,(NULL),gr,x,y,w,h,div_x,div_y,cycle,timer,op1,op2,op3,,,,,,,
#SRC_IMAGE,0,9,180,491,45,491,1,1,0,128,0,0,0,,,,,,,
//DST定義,(NULL),time,x,y,w,h,acc,a,r,g,b,blend,filter,angle,center,loop,timer,op1,op2,op3
#DST_IMAGE,0,0,770,539,45,-160,0,255,255,255,255,1,0,0,0,50,128,246,0,0
#DST_IMAGE,0,50,793,539,0,-160,0,255,255,255,255,1,0,0,0,,,,,

//SRC定義,(NULL),gr,x,y,w,h,div_x,div_y,cycle,timer,op1,op2,op3,,,,,,,
#SRC_IMAGE,0,9,220,0,55,491,1,1,0,129,0,0,0,,,,,,,
//DST定義,(NULL),time,x,y,w,h,acc,a,r,g,b,blend,filter,angle,center,loop,timer,op1,op2,op3
#DST_IMAGE,0,0,816,539,55,-160,0,255,255,255,255,1,0,0,0,50,129,246,0,0
#DST_IMAGE,0,50,844,539,0,-160,0,255,255,255,255,1,0,0,0,,,,,
#ENDIF



//判定バー,,,,,,,,,,,,,,,,,,,,
//1x9、横92コマのアニメーション画像を308x9に引き伸ばして使用
//SRC定義,(NULL),gr,x,y,w,h,div_x,div_y,cycle,timer,op1,op2,op3,,,,,,,
#SRC_IMAGE,0,0,231,386,92,9,92,1,1500,0,0,0,0,,,,,,,
//DST定義,(NULL),time,x,y,w,h,acc,a,r,g,b,blend,filter,angle,center,loop,timer,op1,op2,op3
#DST_IMAGE,0,200,408,540,463,10,0,0,255,255,255,1,0,0,0,300,0,0,0,0
#DST_IMAGE,0,300,408,540,463,10,0,255,255,255,255,1,0,0,0,,,,,


/////////////////////////////////////////////////////////////////////////////////////////////////////,,,,,,,,,,,,,,,,,,,,
//ノート関連定義,,,,,,,,,,,,,,,,,,,,

//[小節線],,,,,,,,,,,,,,,,,,,,
//使用しない場合でもダミーを定義しておかないと環境によってはLR2が落ちるようです
#IF,950,
//SRC定義,(NULL),gr,x,y,w,h,div_x,div_y,cycle,timer,op1,op2,op3,,,,,,,
#SRC_LINE,0,7,1,1,1,1,1,1,0,0,0,0,0,,,,,,,
//DST定義,(NULL),time,x,y,w,h,acc,a,r,g,b,blend,filter,angle,center,loop,timer,op1,op2,op3
#DST_LINE,0,0,0,0,0,0,0,255,255,255,255,1,0,0,0,0,0,0,0,0
#ENDIF

#IF,951,
//SRC定義,(NULL),gr,x,y,w,h,div_x,div_y,cycle,timer,op1,op2,op3,,,,,,,
#SRC_LINE,0,0,173,32,1,1,1,1,0,0,0,0,0,,,,,,,
//DST定義,(NULL),time,x,y,w,h,acc,a,r,g,b,blend,filter,angle,center,loop,timer,op1,op2,op3
#DST_LINE,0,0,408,545,463,2,0,255,255,255,255,1,0,0,0,0,0,0,0,0
#ENDIF
//[ノート関連定義],,,,,,,,,,,,,
//indexは、0がスクラッチ、1～9が鍵盤です,,,,,,,,,,,,,
//pmsの場合は、index1-9で定義して下さい。pms本体の記述形式とは異なり、2P側のレーンは使用していません。,,,,,,,,,,,,,

//+10で2P側,,,,,,,,,,,,,

//op906 BM SEQUENCE
#IF,906,

//SRC定義,index,gr,x,y,w,h,div_x,div_y,cycle,timer,op1,op2,op3
#SRC_NOTE,1,0,101,28,34,9,1,1,0,0,0,0,0
#SRC_NOTE,2,0,136,28,32,9,1,1,0,0,0,0,0
#SRC_NOTE,3,0,101,28,34,9,1,1,0,0,0,0,0
#SRC_NOTE,4,0,136,28,32,9,1,1,0,0,0,0,0
#SRC_NOTE,5,0,101,28,34,9,1,1,0,0,0,0,0
#SRC_NOTE,6,0,136,28,32,9,1,1,0,0,0,0,0
#SRC_NOTE,7,0,101,28,34,9,1,1,0,0,0,0,0
#SRC_NOTE,8,0,136,28,32,9,1,1,0,0,0,0,0
#SRC_NOTE,9,0,101,28,34,9,1,1,0,0,0,0,0

//地雷,,,,,,,,,,,,,
#SRC_MINE,1,0,101,53,34,9,1,1,0,0,0,0,0
#SRC_MINE,2,0,136,53,32,9,1,1,0,0,0,0,0
#SRC_MINE,3,0,101,53,34,9,1,1,0,0,0,0,0
#SRC_MINE,4,0,136,53,32,9,1,1,0,0,0,0,0
#SRC_MINE,5,0,101,53,34,9,1,1,0,0,0,0,0
#SRC_MINE,6,0,136,53,32,9,1,1,0,0,0,0,0
#SRC_MINE,7,0,101,53,34,9,1,1,0,0,0,0,0
#SRC_MINE,8,0,136,53,32,9,1,1,0,0,0,0,0
#SRC_MINE,9,0,101,53,34,9,1,1,0,0,0,0,0

//ロングノートの中間のバー,,,,,,,,,,,,,
#SRC_LN_BODY,1,0,101,38,34,8,1,8,250,0,0,0,0
#SRC_LN_BODY,2,0,136,38,32,8,1,8,250,0,0,0,0
#SRC_LN_BODY,3,0,101,38,34,8,1,8,250,0,0,0,0
#SRC_LN_BODY,4,0,136,38,32,8,1,8,250,0,0,0,0
#SRC_LN_BODY,5,0,101,38,34,8,1,8,250,0,0,0,0
#SRC_LN_BODY,6,0,136,38,32,8,1,8,250,0,0,0,0
#SRC_LN_BODY,7,0,101,38,34,8,1,8,250,0,0,0,0
#SRC_LN_BODY,8,0,136,38,32,8,1,8,250,0,0,0,0
#SRC_LN_BODY,9,0,101,38,34,8,1,8,250,0,0,0,0

//ロングノート上,,,,,,,,,,,,,
#SRC_LN_END,1,0,101,28,34,9,1,1,0,0,0,0,0
#SRC_LN_END,2,0,136,28,32,9,1,1,0,0,0,0,0
#SRC_LN_END,3,0,101,28,34,9,1,1,0,0,0,0,0
#SRC_LN_END,4,0,136,28,32,9,1,1,0,0,0,0,0
#SRC_LN_END,5,0,101,28,34,9,1,1,0,0,0,0,0
#SRC_LN_END,6,0,136,28,32,9,1,1,0,0,0,0,0
#SRC_LN_END,7,0,101,28,34,9,1,1,0,0,0,0,0
#SRC_LN_END,8,0,136,28,32,9,1,1,0,0,0,0,0
#SRC_LN_END,9,0,101,28,34,9,1,1,0,0,0,0,0

//ロングノート下,,,,,,,,,,,,,
#SRC_LN_START,1,0,101,28,34,9,1,1,0,0,0,0,0
#SRC_LN_START,2,0,136,28,32,9,1,1,0,0,0,0,0
#SRC_LN_START,3,0,101,28,34,9,1,1,0,0,0,0,0
#SRC_LN_START,4,0,136,28,32,9,1,1,0,0,0,0,0
#SRC_LN_START,5,0,101,28,34,9,1,1,0,0,0,0,0
#SRC_LN_START,6,0,136,28,32,9,1,1,0,0,0,0,0
#SRC_LN_START,7,0,101,28,34,9,1,1,0,0,0,0,0
#SRC_LN_START,8,0,136,28,32,9,1,1,0,0,0,0,0
#SRC_LN_START,9,0,101,28,34,9,1,1,0,0,0,0,0


//ノート落下地点,,,,,,,,,,,,,,,,,,,,
//DST定義,index,time,x,y,w,h,acc,a,r,g,b,blend,filter,angle,center,loop,timer,op1,op2,op3
#DST_NOTE,1,0,408,540,55,10,0,255,255,255,255,0,0,0,0,0,0,0,0,0
#DST_NOTE,2,0,464,540,45,10,0,255,255,255,255,0,0,0,0,0,0,0,0,0
#DST_NOTE,3,0,510,540,55,10,0,255,255,255,255,0,0,0,0,0,0,0,0,0
#DST_NOTE,4,0,566,540,45,10,0,255,255,255,255,0,0,0,0,0,0,0,0,0
#DST_NOTE,5,0,612,540,55,10,0,255,255,255,255,0,0,0,0,0,0,0,0,0
#DST_NOTE,6,0,668,540,45,10,0,255,255,255,255,0,0,0,0,0,0,0,0,0
#DST_NOTE,7,0,714,540,55,10,0,255,255,255,255,0,0,0,0,0,0,0,0,0
#DST_NOTE,8,0,770,540,45,10,0,255,255,255,255,0,0,0,0,0,0,0,0,0
#DST_NOTE,9,0,816,540,55,10,0,255,255,255,255,0,0,0,0,0,0,0,0,0


//op905 PM SEQUENCE
#ELSE,

//SRC定義,index,gr,x,y,w,h,div_x,div_y,cycle,timer,op1,op2,op3
#SRC_NOTE,1,0,114,868,55,162,1,6,1500,0,0,0,0
#SRC_NOTE,2,0,171,868,45,162,1,6,1500,0,0,0,0
#SRC_NOTE,3,0,0,868,55,162,1,6,1500,0,0,0,0
#SRC_NOTE,4,0,218,868,45,162,1,6,1500,0,0,0,0
#SRC_NOTE,5,0,57,868,55,162,1,6,1500,0,0,0,0
#SRC_NOTE,6,0,218,868,45,162,1,6,1500,0,0,0,0
#SRC_NOTE,7,0,0,868,55,162,1,6,1500,0,0,0,0
#SRC_NOTE,8,0,171,868,45,162,1,6,1500,0,0,0,0
#SRC_NOTE,9,0,114,868,55,162,1,6,1500,0,0,0,0

//地雷,,,,,,,,,,,,,
#SRC_MINE,1,0,154,73,36,18,1,1,0,0,0,0,0
#SRC_MINE,2,0,192,73,28,18,1,1,0,0,0,0,0
#SRC_MINE,3,0,154,73,36,18,1,1,0,0,0,0,0
#SRC_MINE,4,0,192,73,28,18,1,1,0,0,0,0,0
#SRC_MINE,5,0,154,73,36,18,1,1,0,0,0,0,0
#SRC_MINE,6,0,192,73,28,18,1,1,0,0,0,0,0
#SRC_MINE,7,0,154,73,36,18,1,1,0,0,0,0,0
#SRC_MINE,8,0,192,73,28,18,1,1,0,0,0,0,0
#SRC_MINE,9,0,154,73,36,18,1,1,0,0,0,0,0

//ロングノートの中間のバー,,,,,,,,,,,,,
#SRC_LN_BODY,1,0,394,39,36,6,1,1,0,0,0,0,0
#SRC_LN_BODY,2,0,432,39,28,6,1,1,0,0,0,0,0
#SRC_LN_BODY,3,0,394,79,36,6,1,1,0,0,0,0,0
#SRC_LN_BODY,4,0,432,79,28,6,1,1,0,0,0,0,0
#SRC_LN_BODY,5,0,394,119,36,6,1,1,0,0,0,0,0
#SRC_LN_BODY,6,0,432,79,28,6,1,1,0,0,0,0,0
#SRC_LN_BODY,7,0,394,79,36,6,1,1,0,0,0,0,0
#SRC_LN_BODY,8,0,432,39,28,6,1,1,0,0,0,0,0
#SRC_LN_BODY,9,0,394,39,36,6,1,1,0,0,0,0,0

//ロングノート上,,,,,,,,,,,,,
#SRC_LN_END,1,0,394,27,36,18,1,1,0,0,0,0,0
#SRC_LN_END,2,0,432,27,28,18,1,1,0,0,0,0,0
#SRC_LN_END,3,0,394,67,36,18,1,1,0,0,0,0,0
#SRC_LN_END,4,0,432,67,28,18,1,1,0,0,0,0,0
#SRC_LN_END,5,0,394,107,36,18,1,1,0,0,0,0,0
#SRC_LN_END,6,0,432,67,28,18,1,1,0,0,0,0,0
#SRC_LN_END,7,0,394,67,36,18,1,1,0,0,0,0,0
#SRC_LN_END,8,0,432,27,28,18,1,1,0,0,0,0,0
#SRC_LN_END,9,0,394,27,36,18,1,1,0,0,0,0,0

//ロングノート下,,,,,,,,,,,,,
#SRC_LN_START,1,0,394,47,36,18,1,1,0,0,0,0,0
#SRC_LN_START,2,0,432,47,28,18,1,1,0,0,0,0,0
#SRC_LN_START,3,0,394,87,36,18,1,1,0,0,0,0,0
#SRC_LN_START,4,0,432,87,28,18,1,1,0,0,0,0,0
#SRC_LN_START,5,0,394,127,36,18,1,1,0,0,0,0,0
#SRC_LN_START,6,0,432,87,28,18,1,1,0,0,0,0,0
#SRC_LN_START,7,0,394,87,36,18,1,1,0,0,0,0,0
#SRC_LN_START,8,0,432,47,28,18,1,1,0,0,0,0,0
#SRC_LN_START,9,0,394,47,36,18,1,1,0,0,0,0,0


//ノート落下地点,,,,,,,,,,,,,,,,,,,,
//DST定義,index,time,x,y,w,h,acc,a,r,g,b,blend,filter,angle,center,loop,timer,op1,op2,op3
#DST_NOTE,1,0,408,523,55,27,0,255,255,255,255,1,1,0,0,0,0,0,0,0
#DST_NOTE,2,0,464,523,45,27,0,255,255,255,255,0,1,0,0,0,0,0,0,0
#DST_NOTE,3,0,510,523,55,27,0,255,255,255,255,0,1,0,0,0,0,0,0,0
#DST_NOTE,4,0,566,523,45,27,0,255,255,255,255,0,1,0,0,0,0,0,0,0
#DST_NOTE,5,0,612,523,55,27,0,255,255,255,255,0,1,0,0,0,0,0,0,0
#DST_NOTE,6,0,668,523,45,27,0,255,255,255,255,0,1,0,0,0,0,0,0,0
#DST_NOTE,7,0,714,523,55,27,0,255,255,255,255,0,1,0,0,0,0,0,0,0
#DST_NOTE,8,0,770,523,45,27,0,255,255,255,255,0,1,0,0,0,0,0,0,0
#DST_NOTE,9,0,816,523,55,27,0,255,255,255,255,0,1,0,0,0,0,0,0,0

#ENDIF,


//サドプラ,,,,,,,,,,,,,,,,,,,,
//スライダーの一種として扱います,,,,,,,,,,,,,,,,,,,,
//1P 4 2P 5,,,,,,,,,,,,,,,,,,,,

//SRC定義,index,gr,x,y,w,h,div_x,div_y,cycle,timer,muki,range,type,disable,,,,,,
#SRC_SLIDER,0,8,0,0,463,491,1,1,0,0,2,491,4,1,,,,,,
//DST定義,index,time,x,y,w,h,acc,a,r,g,b,blend,filter,angle,center,loop,timer,op1,op2,op3
#DST_SLIDER,0,300,408,-613,463,491,0,255,255,255,255,1,0,0,0,4000,0,0,0,0
#DST_SLIDER,0,4000,408,-433,463,491,0,255,255,255,255,1,0,0,0,,,,,

//フレーム天井,,,,,,,,,,,,,,,,,,,,
//SRC定義,(NULL),gr,x,y,w,h,div_x,div_y,cycle,timer,op1,op2,op3,,,,,,,
#SRC_IMAGE,0,1,408,0,463,59,1,1,0,0,0,0,0,,,,,,,
//DST定義,(NULL),time,x,y,w,h,acc,a,r,g,b,blend,filter,angle,center,loop,timer,op1,op2,op3
#DST_IMAGE,0,500,408,0,463,59,0,255,255,255,255,1,0,0,0,300,0,0,0,


//ボム,,,,,,,,,,,,,,,,,,,,
//今回からIMAGEに統合しました,,,,,,,,,,,,,,,,,,,,
//タイマー50-70はそれぞれのレーンのボムタイマー,,,,,,,,,,,,,,,,,,,,

//1,,,,,,,,,,,,,,,,,,,,
//SRC定義,(NULL),gr,x,y,w,h,div_x,div_y,cycle,timer,op1,op2,op3,,,,,,,
#SRC_IMAGE,0,4,0,0,2896,192,16,0,251,51,0,0,0,,,,,,,
//DST定義,(NULL),time,x,y,w,h,acc,a,r,g,b,blend,filter,angle,center,loop,timer,op1,op2,op3
#DST_IMAGE,0,0,280,420,360,288,0,255,255,255,255,2,1,0,0,-1,51,0,0,0
#DST_IMAGE,0,250,280,420,360,288,0,255,255,255,255,2,1,0,0,,,,,

//2,,,,,,,,,,,,,,,,,,,,
//SRC定義,(NULL),gr,x,y,w,h,div_x,div_y,cycle,timer,op1,op2,op3,,,,,,,
#SRC_IMAGE,0,4,0,0,2896,192,16,0,251,52,0,0,0,,,,,,,
//DST定義,(NULL),time,x,y,w,h,acc,a,r,g,b,blend,filter,angle,center,loop,timer,op1,op2,op3
#DST_IMAGE,0,0,332,420,360,288,0,255,255,255,255,2,1,0,0,-1,52,0,0,0
#DST_IMAGE,0,250,332,420,360,288,0,255,255,255,255,2,1,0,0,,,,,

//3,,,,,,,,,,,,,,,,,,,,
//SRC定義,(NULL),gr,x,y,w,h,div_x,div_y,cycle,timer,op1,op2,op3,,,,,,,
#SRC_IMAGE,0,4,0,0,2896,192,16,0,251,53,0,0,0,,,,,,,
//DST定義,(NULL),time,x,y,w,h,acc,a,r,g,b,blend,filter,angle,center,loop,timer,op1,op2,op3
#DST_IMAGE,0,0,380,420,360,288,0,255,255,255,255,2,1,0,0,-1,53,0,0,0
#DST_IMAGE,0,250,380,420,360,288,0,255,255,255,255,2,1,0,0,,,,,

//4,,,,,,,,,,,,,,,,,,,,
//SRC定義,(NULL),gr,x,y,w,h,div_x,div_y,cycle,timer,op1,op2,op3,,,,,,,
#SRC_IMAGE,0,4,0,0,2896,192,16,0,251,54,0,0,0,,,,,,,
//DST定義,(NULL),time,x,y,w,h,acc,a,r,g,b,blend,filter,angle,center,loop,timer,op1,op2,op3
#DST_IMAGE,0,0,433,420,360,288,0,255,255,255,255,2,1,0,0,-1,54,0,0,0
#DST_IMAGE,0,250,433,420,360,288,0,255,255,255,255,2,1,0,0,,,,,

//5,,,,,,,,,,,,,,,,,,,,
//SRC定義,(NULL),gr,x,y,w,h,div_x,div_y,cycle,timer,op1,op2,op3,,,,,,,
#SRC_IMAGE,0,4,0,0,2896,192,16,0,251,55,0,0,0,,,,,,,
//DST定義,(NULL),time,x,y,w,h,acc,a,r,g,b,blend,filter,angle,center,loop,timer,op1,op2,op3
#DST_IMAGE,0,0,483,420,360,288,0,255,255,255,255,2,1,0,0,-1,55,0,0,0
#DST_IMAGE,0,250,483,420,360,288,0,255,255,255,255,2,1,0,0,,,,,

//6 ,,,,,,,,,,,,,,,,,,,,
//SRC定義,(NULL),gr,x,y,w,h,div_x,div_y,cycle,timer,op1,op2,op3,,,,,,,
#SRC_IMAGE,0,4,0,0,2896,192,16,0,251,56,0,0,0,,,,,,,
//DST定義,(NULL),time,x,y,w,h,acc,a,r,g,b,blend,filter,angle,center,loop,timer,op1,op2,op3
#DST_IMAGE,0,0,535,420,360,288,0,255,255,255,255,2,1,0,0,-1,56,0,0,0
#DST_IMAGE,0,250,535,420,360,288,0,255,255,255,255,2,1,0,0,,,,,

//7,,,,,,,,,,,,,,,,,,,,
//SRC定義,(NULL),gr,x,y,w,h,div_x,div_y,cycle,timer,op1,op2,op3,,,,,,,
#SRC_IMAGE,0,4,0,0,2896,192,16,0,251,57,0,0,0,,,,,,,
//DST定義,(NULL),time,x,y,w,h,acc,a,r,g,b,blend,filter,angle,center,loop,timer,op1,op2,op3
#DST_IMAGE,0,0,584,420,360,288,0,255,255,255,255,2,1,0,0,-1,57,0,0,0
#DST_IMAGE,0,250,584,420,360,288,0,255,255,255,255,2,1,0,0,,,,,

//7,,,,,,,,,,,,,,,,,,,,
//SRC定義,(NULL),gr,x,y,w,h,div_x,div_y,cycle,timer,op1,op2,op3,,,,,,,
#SRC_IMAGE,0,4,0,0,2896,192,16,0,251,58,0,0,0,,,,,,,
//DST定義,(NULL),time,x,y,w,h,acc,a,r,g,b,blend,filter,angle,center,loop,timer,op1,op2,op3
#DST_IMAGE,0,0,640,420,360,288,0,255,255,255,255,2,1,0,0,-1,58,0,0,0
#DST_IMAGE,0,250,640,420,360,288,0,255,255,255,255,2,1,0,0,,,,,

//7,,,,,,,,,,,,,,,,,,,,
//SRC定義,(NULL),gr,x,y,w,h,div_x,div_y,cycle,timer,op1,op2,op3,,,,,,,
#SRC_IMAGE,0,4,0,0,2896,192,16,0,251,59,0,0,0,,,,,,,
//DST定義,(NULL),time,x,y,w,h,acc,a,r,g,b,blend,filter,angle,center,loop,timer,op1,op2,op3
#DST_IMAGE,0,0,688,420,360,288,0,255,255,255,255,2,1,0,0,-1,59,0,0,0
#DST_IMAGE,0,250,688,420,360,288,0,255,255,255,255,2,1,0,0,,,,,

//LN EFFECT,timer70- 1P LN BOM,,,,,,,,,,,,,,,,,,,


//1,,,,,,,,,,,,,,,,,,,,
//SRC定義,(NULL),gr,x,y,w,h,div_x,div_y,cycle,timer,op1,op2,op3,,,,,,,
#SRC_IMAGE,0,4,0,0,724,192,4,1,80,71,0,0,0,,,,,,,
//DST定義,(NULL),time,x,y,w,h,acc,a,r,g,b,blend,filter,angle,center,loop,timer,op1,op2,op3
#DST_IMAGE,0,0,280,420,360,288,0,255,255,255,255,2,1,0,0,0,71,0,0,0

//2,,,,,,,,,,,,,,,,,,,,
//SRC定義,(NULL),gr,x,y,w,h,div_x,div_y,cycle,timer,op1,op2,op3,,,,,,,
#SRC_IMAGE,0,4,0,0,724,192,4,1,80,72,0,0,0,,,,,,,
//DST定義,(NULL),time,x,y,w,h,acc,a,r,g,b,blend,filter,angle,center,loop,timer,op1,op2,op3
#DST_IMAGE,0,0,332,420,360,288,0,255,255,255,255,2,1,0,0,0,72,0,0,0

//3,,,,,,,,,,,,,,,,,,,,
//SRC定義,(NULL),gr,x,y,w,h,div_x,div_y,cycle,timer,op1,op2,op3,,,,,,,
#SRC_IMAGE,0,4,0,0,724,192,4,1,80,73,0,0,0,,,,,,,
//DST定義,(NULL),time,x,y,w,h,acc,a,r,g,b,blend,filter,angle,center,loop,timer,op1,op2,op3
#DST_IMAGE,0,0,380,420,360,288,0,255,255,255,255,2,1,0,0,0,73,0,0,0

//4,,,,,,,,,,,,,,,,,,,,
//SRC定義,(NULL),gr,x,y,w,h,div_x,div_y,cycle,timer,op1,op2,op3,,,,,,,
#SRC_IMAGE,0,4,0,0,724,192,4,1,80,74,0,0,0,,,,,,,
//DST定義,(NULL),time,x,y,w,h,acc,a,r,g,b,blend,filter,angle,center,loop,timer,op1,op2,op3
#DST_IMAGE,0,0,433,420,360,288,0,255,255,255,255,2,1,0,0,0,74,0,0,0

//5,,,,,,,,,,,,,,,,,,,,
//SRC定義,(NULL),gr,x,y,w,h,div_x,div_y,cycle,timer,op1,op2,op3,,,,,,,
#SRC_IMAGE,0,4,0,0,724,192,4,1,80,75,0,0,0,,,,,,,
//DST定義,(NULL),time,x,y,w,h,acc,a,r,g,b,blend,filter,angle,center,loop,timer,op1,op2,op3
#DST_IMAGE,0,0,483,420,360,288,0,255,255,255,255,2,1,0,0,0,75,0,0,0

//6 ,,,,,,,,,,,,,,,,,,,,
//SRC定義,(NULL),gr,x,y,w,h,div_x,div_y,cycle,timer,op1,op2,op3,,,,,,,
#SRC_IMAGE,0,4,0,0,724,192,4,1,80,76,0,0,0,,,,,,,
//DST定義,(NULL),time,x,y,w,h,acc,a,r,g,b,blend,filter,angle,center,loop,timer,op1,op2,op3
#DST_IMAGE,0,0,535,420,360,288,0,255,255,255,255,2,1,0,0,0,76,0,0,0

//7,,,,,,,,,,,,,,,,,,,,
//SRC定義,(NULL),gr,x,y,w,h,div_x,div_y,cycle,timer,op1,op2,op3,,,,,,,
#SRC_IMAGE,0,4,0,0,724,192,4,1,80,77,0,0,0,,,,,,,
//DST定義,(NULL),time,x,y,w,h,acc,a,r,g,b,blend,filter,angle,center,loop,timer,op1,op2,op3
#DST_IMAGE,0,0,584,420,360,288,0,255,255,255,255,2,1,0,0,0,77,0,0,0

//6 ,,,,,,,,,,,,,,,,,,,,
//SRC定義,(NULL),gr,x,y,w,h,div_x,div_y,cycle,timer,op1,op2,op3,,,,,,,
#SRC_IMAGE,0,4,0,0,724,192,4,1,80,78,0,0,0,,,,,,,
//DST定義,(NULL),time,x,y,w,h,acc,a,r,g,b,blend,filter,angle,center,loop,timer,op1,op2,op3
#DST_IMAGE,0,0,640,420,360,288,0,255,255,255,255,2,1,0,0,0,78,0,0,0

//7,,,,,,,,,,,,,,,,,,,,
//SRC定義,(NULL),gr,x,y,w,h,div_x,div_y,cycle,timer,op1,op2,op3,,,,,,,
#SRC_IMAGE,0,4,0,0,724,192,4,1,80,79,0,0,0,,,,,,,
//DST定義,(NULL),time,x,y,w,h,acc,a,r,g,b,blend,filter,angle,center,loop,timer,op1,op2,op3
#DST_IMAGE,0,0,688,420,360,288,0,255,255,255,255,2,1,0,0,0,79,0,0,0

//数値関連

//スコア(6桁) 1P 100,,,,,,,,,,,,,,,,,
//SRC定義,(null),gr,x,y,w,h,div_x,div_y,cycle,timer,num,align,keta,,,,
#SRC_NUMBER,0,0,250,506,319,38,11,1,0,0,100,0,6,,,,
//DST定義,(NULL),time,x,y,w,h,acc,a,r,g,b,blend,filter,angle,center,loop,timer
#DST_NUMBER,0,200,205,580,27,38,0,0,255,255,255,1,1,0,0,300,0
#DST_NUMBER,0,300,205,580,27,38,0,255,255,255,255,1,1,0,0,,

//マックスコンボ(5桁) 1P 105,,,,,,,,,,,,,,,,,
//SRC定義,(null),gr,x,y,w,h,div_x,div_y,cycle,timer,num,align,keta,,,,
#SRC_NUMBER,0,0,250,544,319,38,11,1,0,0,105,0,4,,,,
//DST定義,(NULL),time,x,y,w,h,acc,a,r,g,b,blend,filter,angle,center,loop,timer
#DST_NUMBER,0,200,235,650,27,36,0,0,255,255,255,1,1,0,0,300,0
#DST_NUMBER,0,300,235,650,27,36,0,255,255,255,255,1,1,0,0,,

//BPM 160,,,,,,,,,,,,,,,,,
//SRC定義,(null),gr,x,y,w,h,div_x,div_y,cycle,timer,num,align,keta,,,,
#SRC_NUMBER,0,0,250,582,290,38,10,0,0,0,160,0,3,,,,
//DST定義,(NULL),time,x,y,w,h,acc,a,r,g,b,blend,filter,angle,center,loop,timer
#DST_NUMBER,0,200,991,556,25,28,0,0,255,255,255,1,1,0,0,300,0
#DST_NUMBER,0,300,991,556,25,28,0,255,255,255,255,1,1,0,0,,

//分,,,,,,,,,,,,,,,,,
//SRC定義,(null),gr,x,y,w,h,div_x,div_y,cycle,timer,num,align,keta,,,,
#SRC_NUMBER,0,0,0,782,319,38,11,1,0,0,163,0,2,,,,
//DST定義,(NULL),time,x,y,w,h,acc,a,r,g,b,blend,filter,angle,center,loop,timer
#DST_NUMBER,0,200,213,118,27,38,0,0,255,255,255,1,1,0,0,300,0
#DST_NUMBER,0,300,213,118,27,38,0,255,255,255,255,1,1,0,0,,
//秒,,,,,,,,,,,,,,,,,
//SRC定義,(null),gr,x,y,w,h,div_x,div_y,cycle,timer,num,align,keta,,,,
#SRC_NUMBER,0,0,0,782,319,38,11,1,0,0,164,0,2,,,,
//DST定義,(NULL),time,x,y,w,h,acc,a,r,g,b,blend,filter,angle,center,loop,timer
#DST_NUMBER,0,200,290,118,27,38,0,0,255,255,255,1,1,0,0,300,0
#DST_NUMBER,0,300,290,118,27,38,0,255,255,255,255,1,1,0,0,,
//:,,,,,,,,,,,,,,,,,,,,
//SRC定義,(NULL),gr,x,y,w,h,div_x,div_y,cycle,timer,op1,op2,op3,,,,,,,,
#SRC_IMAGE,0,0,0,752,9,25,1,1,0,0,0,0,0,,,,,,,,
//DST定義,(NULL),time,x,y,w,h,acc,a,r,g,b,blend,filter,angle,center,loop,timer,op1,op2,op3,
#DST_IMAGE,0,200,275,127,9,25,0,0,255,255,255,1,0,0,0,300,0,0,0,0,
#DST_IMAGE,0,300,275,127,9,25,0,255,255,255,255,1,0,0,0,,,,,,


//ジャッジカウンタ(4桁),,,,,,,,,,,,,,,,,
//PERFECT 1P 110,,,,,,,,,,,,,,,,,
//SRC定義,(null),gr,x,y,w,h,div_x,div_y,cycle,timer,num,align,keta,,,,
#SRC_NUMBER,0,0,0,278,165,20,11,0,0,0,110,0,4,,,,
//DST定義,(NULL),time,x,y,w,h,acc,a,r,g,b,blend,filter,angle,center,loop,timer
#DST_NUMBER,0,200,810,696,15,18,0,0,255,255,255,1,1,0,0,300,0
#DST_NUMBER,0,300,810,696,15,18,0,255,255,255,255,1,1,0,0,,

//GREAT 1P 111,,,,,,,,,,,,,,,,,
//SRC定義,(null),gr,x,y,w,h,div_x,div_y,cycle,timer,num,align,keta,,,,
#SRC_NUMBER,0,0,0,298,165,20,11,0,0,0,111,0,4,,,,
//DST定義,(NULL),time,x,y,w,h,acc,a,r,g,b,blend,filter,angle,center,loop,timer
#DST_NUMBER,0,200,710,696,15,18,0,0,255,255,255,1,1,0,0,300,0
#DST_NUMBER,0,300,710,696,15,18,0,255,255,255,255,1,1,0,0,,

//GOOD 1P 112,,,,,,,,,,,,,,,,,
//SRC定義,(null),gr,x,y,w,h,div_x,div_y,cycle,timer,num,align,keta,,,,
#SRC_NUMBER,0,0,0,318,165,20,11,0,0,0,112,0,4,,,,
//DST定義,(NULL),time,x,y,w,h,acc,a,r,g,b,blend,filter,angle,center,loop,timer
#DST_NUMBER,0,200,610,696,15,18,0,0,255,255,255,1,1,0,0,300,0
#DST_NUMBER,0,300,610,696,15,18,0,255,255,255,255,1,1,0,0,,

//BAD 1P 113,,,,,,,,,,,,,,,,,
//SRC定義,(null),gr,x,y,w,h,div_x,div_y,cycle,timer,num,align,keta,,,,
#SRC_NUMBER,0,0,0,338,165,20,11,0,0,0,113,0,4,,,,
//DST定義,(NULL),time,x,y,w,h,acc,a,r,g,b,blend,filter,angle,center,loop,timer
#DST_NUMBER,0,200,510,696,15,18,0,0,255,255,255,1,1,0,0,300,0
#DST_NUMBER,0,300,510,696,15,18,0,255,255,255,255,1,1,0,0,,

//POOR 1P 114,,,,,,,,,,,,,,,,,
//SRC定義,(null),gr,x,y,w,h,div_x,div_y,cycle,timer,num,align,keta,,,,
#SRC_NUMBER,0,0,0,358,165,20,11,0,0,0,114,0,4,,,,
//DST定義,(NULL),time,x,y,w,h,acc,a,r,g,b,blend,filter,angle,center,loop,timer
#DST_NUMBER,0,200,410,696,15,18,0,0,255,255,255,1,1,0,0,300,0
#DST_NUMBER,0,300,410,696,15,18,0,255,255,255,255,1,1,0,0,,

///ハイスピード1P 10,,,,,,,,,,,,,,,,,,,,
//SRC定義,(null),gr,x,y,w,h,div_x,div_y,cycle,timer,num,align,keta,,,,,,,
#SRC_NUMBER,0,0,0,595,187,24,11,1,0,0,10,0,3,,,,,,,
//DST定義,(NULL),time,x,y,w,h,acc,a,r,g,b,blend,filter,angle,center,loop,timer,,,
#DST_NUMBER,0,200,986,621,17,24,0,0,255,255,255,1,1,0,0,300,0,,,
#DST_NUMBER,0,300,986,621,17,24,0,255,255,255,255,1,1,0,0,,,,,

//スコアグラフ,,,,,,,,,,,,,,,,,,,,

//スコアグラフ背景,,,,,,,,,,,,,,,,,,,,,
//SRC定義,(NULL),gr,x,y,w,h,div_x,div_y,cycle,timer,op1,op2,op3,,,,,,,,
#SRC_IMAGE,0,0,792,183,183,636,1,1,0,0,0,0,0,,,,,,,,
//DST定義,(NULL),time,x,y,w,h,acc,a,r,g,b,blend,filter,angle,center,loop,timer,op1,op2,op3,
#DST_IMAGE,0,200,0,46,183,636,0,0,255,255,255,1,0,0,0,300,0,32,39,0,
#DST_IMAGE,0,300,0,46,183,636,0,255,255,255,255,1,0,0,0,,,,,,
,,,,,,,,,,,,,,,,,,,,,
,,,,,,,,,,,,,,,,,,,,,
//AAA確定,//option220 AAA確定,,,,,,,,,,,,,,,,,,,,
//SRC定義,(NULL),gr,x,y,w,h,div_x,div_y,cycle,timer,op1,op2,op3,,,,,,,,
#SRC_IMAGE,0,0,174,29,1,1,1,1,0,40,0,0,0,,,,,,,,
//DST定義,(NULL),time,x,y,w,h,acc,a,r,g,b,blend,filter,angle,center,loop,timer,op1,op2,op3,
#DST_IMAGE,0,0,0,108,183,3,0,255,255,255,255,1,0,0,0,0,40,32,39,220,
,,,,,,,,,,,,,,,,,,,,,
//AA確定,//option221 AA確定,,,,,,,,,,,,,,,,,,,,
//SRC定義,(NULL),gr,x,y,w,h,div_x,div_y,cycle,timer,op1,op2,op3,,,,,,,,
#SRC_IMAGE,0,0,174,29,1,1,1,1,0,40,0,0,0,,,,,,,,
//DST定義,(NULL),time,x,y,w,h,acc,a,r,g,b,blend,filter,angle,center,loop,timer,op1,op2,op3,
#DST_IMAGE,0,0,0,167,183,3,0,255,255,255,255,1,0,0,0,0,40,32,39,221,
,,,,,,,,,,,,,,,,,,,,,
//A確定,//option222 A確定,,,,,,,,,,,,,,,,,,,,
//SRC定義,(NULL),gr,x,y,w,h,div_x,div_y,cycle,timer,op1,op2,op3,,,,,,,,
#SRC_IMAGE,0,0,174,29,1,1,1,1,0,40,0,0,0,,,,,,,,
//DST定義,(NULL),time,x,y,w,h,acc,a,r,g,b,blend,filter,angle,center,loop,timer,op1,op2,op3,
#DST_IMAGE,0,0,0,224,183,3,0,255,255,255,255,1,0,0,0,0,40,32,39,222,
,,,,,,,,,,,,,,,,,,,,,
,,,,,,,,,,,,,,,,,,,,,
//now score,//type10 1P EXSCORE,,,,,,,,,,,,,,,,,,,,
//SRC定義,(NULL),gr,x,y,w,h,div_x,div_y,cycle,timer,type,muki,op3,,,,,,,,
#SRC_BARGRAPH,0,0,631,259,32,200,1,1,0,0,10,1,0,,,,,,,,
//DST定義,(NULL),time,x,y,w,h,acc,a,r,g,b,blend,filter,angle,center,loop,timer,op1,op2,op3,
#DST_BARGRAPH,0,300,17,573,45,0,2,255,255,255,255,1,0,0,0,4000,0,32,39,0,
#DST_BARGRAPH,0,4000,17,573,45,-528,2,255,255,255,255,1,0,0,0,,,,,,
,,,,,,,,,,,,,,,,,,,,,
//mybest bg,//type13 1P HIGHSCORE最終値,,,,,,,,,,,,,,,,,,,,
//SRC定義,(NULL),gr,x,y,w,h,div_x,div_y,cycle,timer,type,muki,op3,,,,,,,,
#SRC_BARGRAPH,0,0,730,259,32,200,1,1,0,0,13,1,0,,,,,,,,
//DST定義,(NULL),time,x,y,w,h,acc,a,r,g,b,blend,filter,angle,center,loop,timer,op1,op2,op3,
#DST_BARGRAPH,0,300,68,573,45,0,2,255,255,255,255,1,0,0,0,4000,0,32,39,0,
#DST_BARGRAPH,0,4000,68,573,45,-528,2,255,255,255,255,1,0,0,0,,,,,,
,,,,,,,,,,,,,,,,,,,,,
//mybest(FirstTry),//type10 1P EXSCORE,,,,//option100 NOT PLAYED,,,,,,,,,,,,,,,,
//SRC定義,(NULL),gr,x,y,w,h,div_x,div_y,cycle,timer,type,muki,op3,,,,,,,,
#SRC_BARGRAPH,0,0,664,259,32,200,1,1,0,0,10,1,0,,,,,,,,
//DST定義,(NULL),time,x,y,w,h,acc,a,r,g,b,blend,filter,angle,center,loop,timer,op1,op2,op3,
#DST_BARGRAPH,0,300,68,573,45,0,2,255,255,255,255,1,0,0,0,4000,0,32,39,100,
#DST_BARGRAPH,0,4000,68,573,45,-528,2,255,255,255,255,1,0,0,0,,,,,,
,,,,,,,,,,,,,,,,,,,,,
//mybest,//type12 1P HIGHSCORE現在値,,,,,,,,,,,,,,,,,,,,
//SRC定義,(NULL),gr,x,y,w,h,div_x,div_y,cycle,timer,type,muki,op3,,,,,,,,
#SRC_BARGRAPH,0,0,664,259,32,200,1,1,0,0,12,1,0,,,,,,,,
//DST定義,(NULL),time,x,y,w,h,acc,a,r,g,b,blend,filter,angle,center,loop,timer,op1,op2,op3,
#DST_BARGRAPH,0,300,68,573,45,0,2,255,255,255,255,1,0,0,0,4000,0,32,39,0,
#DST_BARGRAPH,0,4000,68,573,45,-528,2,255,255,255,255,1,0,0,0,,,,,,
,,,,,,,,,,,,,,,,,,,,,
//target bg,//type15 2P(target) EXSCORE最終値,,,,,,,,,,,,,,,,,,,,
//SRC定義,(NULL),gr,x,y,w,h,div_x,div_y,cycle,timer,type,muki,op3,,,,,,,,
#SRC_BARGRAPH,0,0,730,259,32,200,1,1,0,0,15,1,0,,,,,,,,
//DST定義,(NULL),time,x,y,w,h,acc,a,r,g,b,blend,filter,angle,center,loop,timer,op1,op2,op3,
#DST_BARGRAPH,0,300,119,573,45,0,2,255,255,255,255,1,0,0,0,4000,0,32,39,0,
#DST_BARGRAPH,0,4000,119,573,45,-528,2,255,255,255,255,1,0,0,0,,,,,,
,,,,,,,,,,,,,,,,,,,,,
//target,//type14 2P(target) EXSCORE現在値,,,,,,,,,,,,,,,,,,,,
//SRC定義,(NULL),gr,x,y,w,h,div_x,div_y,cycle,timer,type,muki,op3,,,,,,,,
#SRC_BARGRAPH,0,0,697,259,32,200,1,1,0,0,14,1,0,,,,,,,,
//DST定義,(NULL),time,x,y,w,h,acc,a,r,g,b,blend,filter,angle,center,loop,timer,op1,op2,op3,
#DST_BARGRAPH,0,300,119,573,45,0,2,255,255,255,255,1,0,0,0,4000,0,32,39,0,
#DST_BARGRAPH,0,4000,119,573,45,-528,2,255,255,255,255,1,0,0,0,,,,,,

//AAA,,,,,,,,,,,,,,,,,,,,
//SRC定義,(NULL),gr,x,y,w,h,div_x,div_y,cycle,timer,op1,op2,op3,,,,,,,
#SRC_IMAGE,0,15,0,0,128,41,1,1,0,0,0,0,0,,,,,,,
//DST定義,(NULL),time,x,y,w,h,acc,a,r,g,b,blend,filter,angle,center,loop,timer,op1,op2,op3
#DST_IMAGE,0,200,932,116,128,41,0,0,255,255,255,1,0,0,0,300,0,200,0,0
#DST_IMAGE,0,300,932,116,128,41,0,255,255,255,255,1,0,,,,,,,
,,,,,,,,,,,,,,,,,,,,
//AA,,,,,,,,,,,,,,,,,,,,
//SRC定義,(NULL),gr,x,y,w,h,div_x,div_y,cycle,timer,op1,op2,op3,,,,,,,
#SRC_IMAGE,0,15,0,41,128,41,1,1,0,0,0,0,0,,,,,,,
//DST定義,(NULL),time,x,y,w,h,acc,a,r,g,b,blend,filter,angle,center,loop,timer,op1,op2,op3
#DST_IMAGE,0,200,932,116,128,41,0,0,255,255,255,1,0,0,0,300,0,201,0,0
#DST_IMAGE,0,300,932,116,128,41,0,255,255,255,255,1,0,,,,,,,
,,,,,,,,,,,,,,,,,,,,
//A,,,,,,,,,,,,,,,,,,,,
//SRC定義,(NULL),gr,x,y,w,h,div_x,div_y,cycle,timer,op1,op2,op3,,,,,,,
#SRC_IMAGE,0,15,0,82,128,41,1,1,0,0,0,0,0,,,,,,,
//DST定義,(NULL),time,x,y,w,h,acc,a,r,g,b,blend,filter,angle,center,loop,timer,op1,op2,op3
#DST_IMAGE,0,200,932,116,128,41,0,0,255,255,255,1,0,0,0,300,0,202,0,0
#DST_IMAGE,0,300,932,116,128,41,0,255,255,255,255,1,0,,,,,,,
,,,,,,,,,,,,,,,,,,,,
//B,,,,,,,,,,,,,,,,,,,,
//SRC定義,(NULL),gr,x,y,w,h,div_x,div_y,cycle,timer,op1,op2,op3,,,,,,,
#SRC_IMAGE,0,15,0,123,128,41,1,1,0,0,0,0,0,,,,,,,
//DST定義,(NULL),time,x,y,w,h,acc,a,r,g,b,blend,filter,angle,center,loop,timer,op1,op2,op3
#DST_IMAGE,0,200,932,116,128,41,0,0,255,255,255,1,0,0,0,300,0,203,0,0
#DST_IMAGE,0,300,932,116,128,41,0,255,255,255,255,1,0,,,,,,,
,,,,,,,,,,,,,,,,,,,,
//C,,,,,,,,,,,,,,,,,,,,
//SRC定義,(NULL),gr,x,y,w,h,div_x,div_y,cycle,timer,op1,op2,op3,,,,,,,
#SRC_IMAGE,0,15,0,164,128,41,1,1,0,0,0,0,0,,,,,,,
//DST定義,(NULL),time,x,y,w,h,acc,a,r,g,b,blend,filter,angle,center,loop,timer,op1,op2,op3
#DST_IMAGE,0,200,932,116,128,41,0,0,255,255,255,1,0,0,0,300,0,204,0,0
#DST_IMAGE,0,300,932,116,128,41,0,255,255,255,255,1,0,,,,,,,
,,,,,,,,,,,,,,,,,,,,
//D,,,,,,,,,,,,,,,,,,,,
//SRC定義,(NULL),gr,x,y,w,h,div_x,div_y,cycle,timer,op1,op2,op3,,,,,,,
#SRC_IMAGE,0,15,0,205,128,41,1,1,0,0,0,0,0,,,,,,,
//DST定義,(NULL),time,x,y,w,h,acc,a,r,g,b,blend,filter,angle,center,loop,timer,op1,op2,op3
#DST_IMAGE,0,200,932,116,128,41,0,0,255,255,255,1,0,0,0,300,0,205,0,0
#DST_IMAGE,0,300,932,116,128,41,0,255,255,255,255,1,0,,,,,,,
,,,,,,,,,,,,,,,,,,,,
//E,,,,,,,,,,,,,,,,,,,,
//SRC定義,(NULL),gr,x,y,w,h,div_x,div_y,cycle,timer,op1,op2,op3,,,,,,,
#SRC_IMAGE,0,15,0,246,128,41,1,1,0,0,0,0,0,,,,,,,
//DST定義,(NULL),time,x,y,w,h,acc,a,r,g,b,blend,filter,angle,center,loop,timer,op1,op2,op3
#DST_IMAGE,0,200,932,116,128,41,0,0,255,255,255,1,0,0,0,300,0,206,0,0
#DST_IMAGE,0,300,932,116,128,41,0,255,255,255,255,1,0,,,,,,,
,,,,,,,,,,,,,,,,,,,,
//F,,,,,,,,,,,,,,,,,,,,
//SRC定義,(NULL),gr,x,y,w,h,div_x,div_y,cycle,timer,op1,op2,op3,,,,,,,
#SRC_IMAGE,0,15,0,287,128,41,1,1,0,0,0,0,0,,,,,,,
//DST定義,(NULL),time,x,y,w,h,acc,a,r,g,b,blend,filter,angle,center,loop,timer,op1,op2,op3
#DST_IMAGE,0,200,932,116,128,41,0,0,255,255,255,1,0,0,0,300,0,207,0,0
#DST_IMAGE,0,300,932,116,128,41,0,255,255,255,255,1,0,,,,,,,

//譜面種別表示

//通常
#IF,151,
//EASY,,,,,,,,,,,,,,,,,,,,
//SRC定義,(NULL),gr,x,y,w,h,div_x,div_y,cycle,timer,op1,op2,op3,,,,,,,
#SRC_IMAGE,0,0,0,162,70,108,1,1,0,0,0,0,0,,,,,,,

#ELSEIF,152,
//NORMAL,,,,,,,,,,,,,,,,,,,,
//SRC定義,(NULL),gr,x,y,w,h,div_x,div_y,cycle,timer,op1,op2,op3,,,,,,,
#SRC_IMAGE,0,0,70,162,70,108,1,1,0,0,0,0,0,,,,,,,

#ELSEIF,153,
//HARD,,,,,,,,,,,,,,,,,,,,
//SRC定義,(NULL),gr,x,y,w,h,div_x,div_y,cycle,timer,op1,op2,op3,,,,,,,
#SRC_IMAGE,0,0,140,162,70,108,1,1,0,0,0,0,0,,,,,,,

#ELSEIF,154,
//EXPERT,,,,,,,,,,,,,,,,,,,,
//SRC定義,(NULL),gr,x,y,w,h,div_x,div_y,cycle,timer,op1,op2,op3,,,,,,,
#SRC_IMAGE,0,0,210,162,70,108,1,1,0,0,0,0,0,,,,,,,

#ELSEIF,155,
//INSANE,,,,,,,,,,,,,,,,,,,,
//SRC定義,(NULL),gr,x,y,w,h,div_x,div_y,cycle,timer,op1,op2,op3,,,,,,,
#SRC_IMAGE,0,0,280,162,70,108,1,1,0,0,0,0,0,,,,,,,

//コース1曲目
#ELSEIF,280,701,
//EASY,,,,,,,,,,,,,,,,,,,,
//SRC定義,(NULL),gr,x,y,w,h,div_x,div_y,cycle,timer,op1,op2,op3,,,,,,,
#SRC_IMAGE,0,0,0,162,70,108,1,1,0,0,0,0,0,,,,,,,

#ELSEIF,280,702,
//NORMAL,,,,,,,,,,,,,,,,,,,,
//SRC定義,(NULL),gr,x,y,w,h,div_x,div_y,cycle,timer,op1,op2,op3,,,,,,,
#SRC_IMAGE,0,0,70,162,70,108,1,1,0,0,0,0,0,,,,,,,

#ELSEIF,280,703,
//HARD,,,,,,,,,,,,,,,,,,,,
//SRC定義,(NULL),gr,x,y,w,h,div_x,div_y,cycle,timer,op1,op2,op3,,,,,,,
#SRC_IMAGE,0,0,140,162,70,108,1,1,0,0,0,0,0,,,,,,,

#ELSEIF,280,704,
//EXPERT,,,,,,,,,,,,,,,,,,,,
//SRC定義,(NULL),gr,x,y,w,h,div_x,div_y,cycle,timer,op1,op2,op3,,,,,,,
#SRC_IMAGE,0,0,210,162,70,108,1,1,0,0,0,0,0,,,,,,,

#ELSEIF,280,705,
//INSANE,,,,,,,,,,,,,,,,,,,,
//SRC定義,(NULL),gr,x,y,w,h,div_x,div_y,cycle,timer,op1,op2,op3,,,,,,,
#SRC_IMAGE,0,0,280,162,70,108,1,1,0,0,0,0,0,,,,,,,

//コース2曲目
#ELSEIF,281,711,
//EASY,,,,,,,,,,,,,,,,,,,,
//SRC定義,(NULL),gr,x,y,w,h,div_x,div_y,cycle,timer,op1,op2,op3,,,,,,,
#SRC_IMAGE,0,0,0,162,70,108,1,1,0,0,0,0,0,,,,,,,

#ELSEIF,281,712,
//NORMAL,,,,,,,,,,,,,,,,,,,,
//SRC定義,(NULL),gr,x,y,w,h,div_x,div_y,cycle,timer,op1,op2,op3,,,,,,,
#SRC_IMAGE,0,0,70,162,70,108,1,1,0,0,0,0,0,,,,,,,

#ELSEIF,281,713,
//HARD,,,,,,,,,,,,,,,,,,,,
//SRC定義,(NULL),gr,x,y,w,h,div_x,div_y,cycle,timer,op1,op2,op3,,,,,,,
#SRC_IMAGE,0,0,140,162,70,108,1,1,0,0,0,0,0,,,,,,,

#ELSEIF,281,714,
//EXPERT,,,,,,,,,,,,,,,,,,,,
//SRC定義,(NULL),gr,x,y,w,h,div_x,div_y,cycle,timer,op1,op2,op3,,,,,,,
#SRC_IMAGE,0,0,210,162,70,108,1,1,0,0,0,0,0,,,,,,,

#ELSEIF,281,715,
//INSANE,,,,,,,,,,,,,,,,,,,,
//SRC定義,(NULL),gr,x,y,w,h,div_x,div_y,cycle,timer,op1,op2,op3,,,,,,,
#SRC_IMAGE,0,0,280,162,70,108,1,1,0,0,0,0,0,,,,,,,

//コース3曲目
#ELSEIF,282,721,
//EASY,,,,,,,,,,,,,,,,,,,,
//SRC定義,(NULL),gr,x,y,w,h,div_x,div_y,cycle,timer,op1,op2,op3,,,,,,,
#SRC_IMAGE,0,0,0,162,70,108,1,1,0,0,0,0,0,,,,,,,

#ELSEIF,282,722,
//NORMAL,,,,,,,,,,,,,,,,,,,,
//SRC定義,(NULL),gr,x,y,w,h,div_x,div_y,cycle,timer,op1,op2,op3,,,,,,,
#SRC_IMAGE,0,0,70,162,70,108,1,1,0,0,0,0,0,,,,,,,

#ELSEIF,282,723,
//HARD,,,,,,,,,,,,,,,,,,,,
//SRC定義,(NULL),gr,x,y,w,h,div_x,div_y,cycle,timer,op1,op2,op3,,,,,,,
#SRC_IMAGE,0,0,140,162,70,108,1,1,0,0,0,0,0,,,,,,,

#ELSEIF,282,724,
//EXPERT,,,,,,,,,,,,,,,,,,,,
//SRC定義,(NULL),gr,x,y,w,h,div_x,div_y,cycle,timer,op1,op2,op3,,,,,,,
#SRC_IMAGE,0,0,210,162,70,108,1,1,0,0,0,0,0,,,,,,,

#ELSEIF,282,725,
//INSANE,,,,,,,,,,,,,,,,,,,,
//SRC定義,(NULL),gr,x,y,w,h,div_x,div_y,cycle,timer,op1,op2,op3,,,,,,,
#SRC_IMAGE,0,0,280,162,70,108,1,1,0,0,0,0,0,,,,,,,

//コース4曲目
#ELSEIF,283,731,
//EASY,,,,,,,,,,,,,,,,,,,,
//SRC定義,(NULL),gr,x,y,w,h,div_x,div_y,cycle,timer,op1,op2,op3,,,,,,,
#SRC_IMAGE,0,0,0,162,70,108,1,1,0,0,0,0,0,,,,,,,

#ELSEIF,283,732,
//NORMAL,,,,,,,,,,,,,,,,,,,,
//SRC定義,(NULL),gr,x,y,w,h,div_x,div_y,cycle,timer,op1,op2,op3,,,,,,,
#SRC_IMAGE,0,0,70,162,70,108,1,1,0,0,0,0,0,,,,,,,

#ELSEIF,283,733,
//HARD,,,,,,,,,,,,,,,,,,,,
//SRC定義,(NULL),gr,x,y,w,h,div_x,div_y,cycle,timer,op1,op2,op3,,,,,,,
#SRC_IMAGE,0,0,140,162,70,108,1,1,0,0,0,0,0,,,,,,,

#ELSEIF,283,734,
//EXPERT,,,,,,,,,,,,,,,,,,,,
//SRC定義,(NULL),gr,x,y,w,h,div_x,div_y,cycle,timer,op1,op2,op3,,,,,,,
#SRC_IMAGE,0,0,210,162,70,108,1,1,0,0,0,0,0,,,,,,,

#ELSEIF,283,735,
//INSANE,,,,,,,,,,,,,,,,,,,,
//SRC定義,(NULL),gr,x,y,w,h,div_x,div_y,cycle,timer,op1,op2,op3,,,,,,,
#SRC_IMAGE,0,0,280,162,70,108,1,1,0,0,0,0,0,,,,,,,

//コースFINAL(5曲目)
#ELSEIF,289,584,741,
//EASY,,,,,,,,,,,,,,,,,,,,
//SRC定義,(NULL),gr,x,y,w,h,div_x,div_y,cycle,timer,op1,op2,op3,,,,,,,
#SRC_IMAGE,0,0,0,162,70,108,1,1,0,0,0,0,0,,,,,,,

#ELSEIF,289,584,742,
//NORMAL,,,,,,,,,,,,,,,,,,,,
//SRC定義,(NULL),gr,x,y,w,h,div_x,div_y,cycle,timer,op1,op2,op3,,,,,,,
#SRC_IMAGE,0,0,70,162,70,108,1,1,0,0,0,0,0,,,,,,,

#ELSEIF,289,584,743,
//HARD,,,,,,,,,,,,,,,,,,,,
//SRC定義,(NULL),gr,x,y,w,h,div_x,div_y,cycle,timer,op1,op2,op3,,,,,,,
#SRC_IMAGE,0,0,140,162,70,108,1,1,0,0,0,0,0,,,,,,,

#ELSEIF,289,584,744,
//EXPERT,,,,,,,,,,,,,,,,,,,,
//SRC定義,(NULL),gr,x,y,w,h,div_x,div_y,cycle,timer,op1,op2,op3,,,,,,,
#SRC_IMAGE,0,0,210,162,70,108,1,1,0,0,0,0,0,,,,,,,

#ELSEIF,289,584,745,
//INSANE,,,,,,,,,,,,,,,,,,,,
//SRC定義,(NULL),gr,x,y,w,h,div_x,div_y,cycle,timer,op1,op2,op3,,,,,,,
#SRC_IMAGE,0,0,280,162,70,108,1,1,0,0,0,0,0,,,,,,,

//コースFINAL(4曲目)
#ELSEIF,289,583,731,
//EASY,,,,,,,,,,,,,,,,,,,,
//SRC定義,(NULL),gr,x,y,w,h,div_x,div_y,cycle,timer,op1,op2,op3,,,,,,,
#SRC_IMAGE,0,0,0,162,70,108,1,1,0,0,0,0,0,,,,,,,

#ELSEIF,289,583,732,
//NORMAL,,,,,,,,,,,,,,,,,,,,
//SRC定義,(NULL),gr,x,y,w,h,div_x,div_y,cycle,timer,op1,op2,op3,,,,,,,
#SRC_IMAGE,0,0,70,162,70,108,1,1,0,0,0,0,0,,,,,,,

#ELSEIF,289,583,733,
//HARD,,,,,,,,,,,,,,,,,,,,
//SRC定義,(NULL),gr,x,y,w,h,div_x,div_y,cycle,timer,op1,op2,op3,,,,,,,
#SRC_IMAGE,0,0,140,162,70,108,1,1,0,0,0,0,0,,,,,,,

#ELSEIF,289,583,734,
//EXPERT,,,,,,,,,,,,,,,,,,,,
//SRC定義,(NULL),gr,x,y,w,h,div_x,div_y,cycle,timer,op1,op2,op3,,,,,,,
#SRC_IMAGE,0,0,210,162,70,108,1,1,0,0,0,0,0,,,,,,,

#ELSEIF,289,583,735,
//INSANE,,,,,,,,,,,,,,,,,,,,
//SRC定義,(NULL),gr,x,y,w,h,div_x,div_y,cycle,timer,op1,op2,op3,,,,,,,
#SRC_IMAGE,0,0,280,162,70,108,1,1,0,0,0,0,0,,,,,,,

//コースFINAL(3曲目)
#ELSEIF,289,582,721,
//EASY,,,,,,,,,,,,,,,,,,,,
//SRC定義,(NULL),gr,x,y,w,h,div_x,div_y,cycle,timer,op1,op2,op3,,,,,,,
#SRC_IMAGE,0,0,0,162,70,108,1,1,0,0,0,0,0,,,,,,,

#ELSEIF,289,582,722,
//NORMAL,,,,,,,,,,,,,,,,,,,,
//SRC定義,(NULL),gr,x,y,w,h,div_x,div_y,cycle,timer,op1,op2,op3,,,,,,,
#SRC_IMAGE,0,0,70,162,70,108,1,1,0,0,0,0,0,,,,,,,

#ELSEIF,289,582,723,
//HARD,,,,,,,,,,,,,,,,,,,,
//SRC定義,(NULL),gr,x,y,w,h,div_x,div_y,cycle,timer,op1,op2,op3,,,,,,,
#SRC_IMAGE,0,0,140,162,70,108,1,1,0,0,0,0,0,,,,,,,

#ELSEIF,289,582,724,
//EXPERT,,,,,,,,,,,,,,,,,,,,
//SRC定義,(NULL),gr,x,y,w,h,div_x,div_y,cycle,timer,op1,op2,op3,,,,,,,
#SRC_IMAGE,0,0,210,162,70,108,1,1,0,0,0,0,0,,,,,,,

#ELSEIF,289,582,725,
//INSANE,,,,,,,,,,,,,,,,,,,,
//SRC定義,(NULL),gr,x,y,w,h,div_x,div_y,cycle,timer,op1,op2,op3,,,,,,,
#SRC_IMAGE,0,0,280,162,70,108,1,1,0,0,0,0,0,,,,,,,

//コースFINAL(2曲目)
#ELSEIF,289,581,711,
//EASY,,,,,,,,,,,,,,,,,,,,
//SRC定義,(NULL),gr,x,y,w,h,div_x,div_y,cycle,timer,op1,op2,op3,,,,,,,
#SRC_IMAGE,0,0,0,162,70,108,1,1,0,0,0,0,0,,,,,,,

#ELSEIF,289,581,712,
//NORMAL,,,,,,,,,,,,,,,,,,,,
//SRC定義,(NULL),gr,x,y,w,h,div_x,div_y,cycle,timer,op1,op2,op3,,,,,,,
#SRC_IMAGE,0,0,70,162,70,108,1,1,0,0,0,0,0,,,,,,,

#ELSEIF,289,581,713,
//HARD,,,,,,,,,,,,,,,,,,,,
//SRC定義,(NULL),gr,x,y,w,h,div_x,div_y,cycle,timer,op1,op2,op3,,,,,,,
#SRC_IMAGE,0,0,140,162,70,108,1,1,0,0,0,0,0,,,,,,,

#ELSEIF,289,581,714,
//EXPERT,,,,,,,,,,,,,,,,,,,,
//SRC定義,(NULL),gr,x,y,w,h,div_x,div_y,cycle,timer,op1,op2,op3,,,,,,,
#SRC_IMAGE,0,0,210,162,70,108,1,1,0,0,0,0,0,,,,,,,

#ELSEIF,289,581,715,
//INSANE,,,,,,,,,,,,,,,,,,,,
//SRC定義,(NULL),gr,x,y,w,h,div_x,div_y,cycle,timer,op1,op2,op3,,,,,,,
#SRC_IMAGE,0,0,280,162,70,108,1,1,0,0,0,0,0,,,,,,,

//コースFINAL(1曲目)
#ELSEIF,289,580,701,
//EASY,,,,,,,,,,,,,,,,,,,,
//SRC定義,(NULL),gr,x,y,w,h,div_x,div_y,cycle,timer,op1,op2,op3,,,,,,,
#SRC_IMAGE,0,0,0,162,70,108,1,1,0,0,0,0,0,,,,,,,

#ELSEIF,289,580,702,
//NORMAL,,,,,,,,,,,,,,,,,,,,
//SRC定義,(NULL),gr,x,y,w,h,div_x,div_y,cycle,timer,op1,op2,op3,,,,,,,
#SRC_IMAGE,0,0,70,162,70,108,1,1,0,0,0,0,0,,,,,,,

#ELSEIF,289,580,703,
//HARD,,,,,,,,,,,,,,,,,,,,
//SRC定義,(NULL),gr,x,y,w,h,div_x,div_y,cycle,timer,op1,op2,op3,,,,,,,
#SRC_IMAGE,0,0,140,162,70,108,1,1,0,0,0,0,0,,,,,,,

#ELSEIF,289,580,704,
//EXPERT,,,,,,,,,,,,,,,,,,,,
//SRC定義,(NULL),gr,x,y,w,h,div_x,div_y,cycle,timer,op1,op2,op3,,,,,,,
#SRC_IMAGE,0,0,210,162,70,108,1,1,0,0,0,0,0,,,,,,,

#ELSEIF,289,580,705,
//INSANE,,,,,,,,,,,,,,,,,,,,
//SRC定義,(NULL),gr,x,y,w,h,div_x,div_y,cycle,timer,op1,op2,op3,,,,,,,
#SRC_IMAGE,0,0,280,162,70,108,1,1,0,0,0,0,0,,,,,,,

#ELSE,
//DST誤爆防止用ダミー
//SRC定義,(NULL),gr,x,y,w,h,div_x,div_y,cycle,timer,op1,op2,op3,,,,,,,
#SRC_IMAGE,0,0,0,0,0,0,0,0,0,0,0,0,0,,,,,,,

#ENDIF,

//DST定義,(NULL),time,x,y,w,h,acc,a,r,g,b,blend,filter,angle,center,loop,timer,op1,op2,op3
#DST_IMAGE,0,200,908,597,70,108,0,0,255,255,255,1,0,0,0,300,0,0,0,0
#DST_IMAGE,0,300,908,597,70,108,0,255,255,255,255,1,0,,,,,,,

//op906 BMオブジェ
#IF,906,
//BM SEQUENCE,,,,,,,,,,,,,,,,,,,,
//SRC定義,(NULL),gr,x,y,w,h,div_x,div_y,cycle,timer,op1,op2,op3,,,,,,,
#SRC_IMAGE,0,0,588,627,61,53,1,1,0,0,0,0,0,,,,,,,
//DST定義,(NULL),time,x,y,w,h,acc,a,r,g,b,blend,filter,angle,center,loop,timer,op1,op2,op3
#DST_IMAGE,0,200,981,652,61,53,0,0,255,255,255,1,0,0,0,300,0,0,0,0
#DST_IMAGE,0,300,981,652,61,53,0,255,255,255,255,1,0,0,0,,,,,
#ENDIF,

//HID-SUD
//SRC定義,index,gr,x,y,w,h,div_x,div_y,cycle,timer,type,click,panel,,,,,,,
#SRC_BUTTON,0,0,710,468,61,212,1,4,0,0,50,0,0,0,,,,,,
//DST定義,index,time,x,y,w,h,acc,a,r,g,b,blend,filter,angle,center,loop,timer,op1,op2,op3
#DST_BUTTON,0,200,1043,597,61,53,0,0,255,255,255,1,1,0,0,300,0,0,0,0
#DST_BUTTON,0,300,1043,597,61,53,0,255,255,255,255,1,1,0,0,,,,,

//SUDDEN+
//SRC定義,index,gr,x,y,w,h,div_x,div_y,cycle,timer,type,click,panel,,,,,,,
#SRC_BUTTON,0,0,588,680,61,106,1,2,0,0,46,0,0,0,,,,,,
//DST定義,index,time,x,y,w,h,acc,a,r,g,b,blend,filter,angle,center,loop,timer,op1,op2,op3
#DST_BUTTON,0,200,1043,597,61,53,0,0,255,255,255,1,0,0,0,300,0,0,0,0
#DST_BUTTON,0,300,1043,597,61,53,0,255,255,255,255,1,0,0,0,,,,,

//RAN-MIR
//SRC定義,index,gr,x,y,w,h,div_x,div_y,cycle,timer,type,click,panel,,,,,,,
#SRC_BUTTON,0,0,649,468,61,318,1,6,0,0,42,0,0,0,,,,,,
//DST定義,index,time,x,y,w,h,acc,a,r,g,b,blend,filter,angle,center,loop,timer,op1,op2,op3
#DST_BUTTON,0,200,1043,652,61,53,0,0,255,255,255,1,1,0,0,300,0,0,0,0
#DST_BUTTON,0,300,1043,652,61,53,0,255,255,255,255,1,1,0,0,,,,,

///////////////////////////////////////////////////////////////////////,,,,,,,,,,,,,,,,,,,,


/////////////////////////////////////////////////////////////////////////////////////////////////////////////////////////////////////////////,,,,,,,,,,,,,,,,,,,,
//フルコンエフェクト他,,,,,,,,,,,,,,,,,,,,
//全ノートの処理の終了時に、タイマーが発動します,,,,,,,,,,,,,,,,,,,,

//SRC定義,(NULL),gr,x,y,w,h,div_x,div_y,cycle,timer,op1,op2,op3,,,,,,,
#SRC_IMAGE,0,6,0,0,3388,318,11,1,250,48,0,0,0,,,,,,,
//DST定義,(NULL),time,x,y,w,h,acc,a,r,g,b,blend,filter,angle,center,loop,timer,op1,op2,op3
#DST_IMAGE,0,0,408,540,463,0,0,0,255,255,255,1,1,0,0,-1,48,0,0,0
#DST_IMAGE,0,250,408,59,463,481,0,255,255,255,255,1,1,0,0,,,,,

//SRC定義,(NULL),gr,x,y,w,h,div_x,div_y,cycle,timer,op1,op2,op3,,,,,,,
#SRC_IMAGE,0,6,3080,0,308,318,1,1,0,48,0,0,0,,,,,,,
//DST定義,(NULL),time,x,y,w,h,acc,a,r,g,b,blend,filter,angle,center,loop,timer,op1,op2,op3
#DST_IMAGE,0,250,408,59,463,481,0,255,255,255,255,1,1,0,1750,-1,48,0,0,0
#DST_IMAGE,0,1250,408,59,463,481,0,255,255,255,255,1,1,0,1750,-1,48,0,0,0
#DST_IMAGE,0,1750,408,59,463,481,0,0,255,255,255,1,1,0,0,,,,,

/////////////////////////////////////////////////////////////////////////////////////////,,,,,,,,,,,,,,,,,,,,
//ゴースト,,,,,,,,,,,,,,,,,,,,

//ジャッジ表示,,,,,,,,,,,,,,,,,
//基本的に#SRC_IMAGEと同じですが、コンボの幅の半分だけ左に自動的にシフトして表示されます。,,,,,,,,,,,,,,,,,
//シフトをオフにする場合(ジャッジとコンボを二列に分けて表示するときとか)は、noshift=1にして下さい,,,,,,,,,,,,,,,,,

//空Poor index = 0,,,,,,,,,,,,,,,,,
//SRC定義,index,gr,x,y,w,h,div_x,div_y,cycle,timer,noshift,op2,op3,,,,
#SRC_NOWJUDGE_1P,0,0,760,112,125,28,1,1,0,46,1,0,0,,,,
//DST定義,index,time,x,y,w,h,acc,a,r,g,b,blend,filter,angle,center,loop,timer
#DST_NOWJUDGE_1P,0,0,578,439,125,28,0,255,255,255,255,1,0,0,0,-1,46
#DST_NOWJUDGE_1P,0,500,578,439,125,28,0,0,255,255,255,1,0,0,0,,
#DST_NOWJUDGE_1P,0,1500,578,439,125,28,0,0,255,255,255,1,0,0,0,,


//見逃しPoor index = 1,,,,,,,,,,,,,,,,,
//SRC定義,index,gr,x,y,w,h,div_x,div_y,cycle,timer,noshift,op2,op3,,,,
#SRC_NOWJUDGE_1P,1,0,760,112,125,28,1,1,0,46,1,0,0,,,,
//DST定義,index,time,x,y,w,h,acc,a,r,g,b,blend,filter,angle,center,loop,timer
#DST_NOWJUDGE_1P,1,0,578,439,125,28,0,255,255,255,255,1,0,0,0,-1,46
#DST_NOWJUDGE_1P,1,500,578,439,125,28,0,0,255,255,255,1,0,0,0,,


//Bad index = 2,,,,,,,,,,,,,,,,,
//SRC定義,index,gr,x,y,w,h,div_x,div_y,cycle,timer,noshift,op2,op3,,,,
#SRC_NOWJUDGE_1P,2,0,760,84,125,28,1,1,0,46,1,0,0,,,,
//DST定義,index,time,x,y,w,h,acc,a,r,g,b,blend,filter,angle,center,loop,timer
#DST_NOWJUDGE_1P,2,0,578,439,125,28,0,255,255,255,255,1,0,0,0,-1,46
#DST_NOWJUDGE_1P,2,500,578,439,125,28,0,0,255,255,255,1,0,0,0,,


//Good index = 3,,,,,,,,,,,,,,,,,
//SRC定義,index,gr,x,y,w,h,div_x,div_y,cycle,timer,noshift,op2,op3,,,,
#SRC_NOWJUDGE_1P,3,0,760,56,125,28,1,1,0,46,1,0,0,,,,
//DST定義,index,time,x,y,w,h,acc,a,r,g,b,blend,filter,angle,center,loop,timer
#DST_NOWJUDGE_1P,3,0,578,439,125,28,0,255,255,255,255,1,0,0,0,-1,46
#DST_NOWJUDGE_1P,3,500,578,439,125,28,0,0,255,255,255,1,0,0,0,,


//Great index = 4,,,,,,,,,,,,,,,,,
//SRC定義,index,gr,x,y,w,h,div_x,div_y,cycle,timer,noshift,op2,op3,,,,
#SRC_NOWJUDGE_1P,4,0,760,28,125,28,1,1,0,46,1,0,0,,,,
//DST定義,index,time,x,y,w,h,acc,a,r,g,b,blend,filter,angle,center,loop,timer
#DST_NOWJUDGE_1P,4,0,578,439,125,28,0,255,255,255,255,1,0,0,0,-1,46
#DST_NOWJUDGE_1P,4,500,578,439,125,28,0,0,255,255,255,1,0,0,0,,


//PERFECT index = 5,,,,,,,,,,,,,,,,,
//SRC定義,index,gr,x,y,w,h,div_x,div_y,cycle,timer,noshift,op2,op3,,,,
#SRC_NOWJUDGE_1P,5,0,760,0,125,28,1,1,0,46,1,0,0,,,,
//DST定義,index,time,x,y,w,h,acc,a,r,g,b,blend,filter,angle,center,loop,timer
#DST_NOWJUDGE_1P,5,0,578,439,125,28,0,0,255,255,255,1,0,0,0,-1,46
#DST_NOWJUDGE_1P,5,500,578,439,125,28,0,0,0,255,255,1,0,0,0,,

//通常COOL
//SRC定義,(NULL),gr,x,y,w,h,div_x,div_y,cycle,timer,op1,op2,op3,,,,
#SRC_IMAGE,0,0,760,0,125,28,1,1,0,46,0,0,0,,,,
//DST定義,(NULL),time,x,y,w,h,acc,a,r,g,b,blend,filter,angle,center,loop,timer,op1,op2,op3
#DST_IMAGE,0,0,578,439,125,28,0,255,255,255,255,1,0,0,0,-1,46,!240,241,0
#DST_IMAGE,0,500,578,439,125,28,0,0,255,255,255,1,0,0,0,,,,,

//虹色COOL
//SRC定義,(NULL),gr,x,y,w,h,div_x,div_y,cycle,timer,op1,op2,op3,,,,
#SRC_IMAGE,0,0,760,140,125,28,1,1,0,46,0,0,0,,,,
//DST定義,(NULL),time,x,y,w,h,acc,a,r,g,b,blend,filter,angle,center,loop,timer,op1,op2,op3
#DST_IMAGE,0,0,578,439,125,28,0,255,255,255,255,1,0,0,0,-1,46,240,241,0
#DST_IMAGE,0,500,578,439,125,28,0,0,255,255,255,1,0,0,0,,,,,


//コンボカウント,,,,,,,,,,,,,,,,,
//DST_JUDGEからの相対位置になります。それ以外は#DST_NUMBERと同じです,,,,,,,,,,,,,,,,,

//空Poor,,,,,,,,,,,,,,,,,
//Poor,,,,,,,,,,,,,,,,,
//Bad,,,,,,,,,,,,,,,,,
//以上はコンボは表示しないので定義しない,,,,,,,,,,,,,,,,,

//Good index = 3,,,,,,,,,,,,,,,,,
//SRC定義,index,gr,x,y,w,h,div_x,div_y,cycle,timer,num,align,keta,,,,
#SRC_NOWCOMBO_1P,3,0,0,132,220,30,10,1,0,46,0,1,7,,,,
//DST定義,index,time,x,y,w,h,acc,a,r,g,b,blend,filter,angle,center,loop,timer
#DST_NOWCOMBO_1P,3,0,50,30,22,30,0,255,255,255,255,1,0,0,0,-1,46
#DST_NOWCOMBO_1P,3,500,50,30,22,30,0,0,255,255,255,1,0,0,0,,

//Great index = 4,,,,,,,,,,,,,,,,,
//SRC定義,index,gr,x,y,w,h,div_x,div_y,cycle,timer,num,align,keta,,,,
#SRC_NOWCOMBO_1P,4,0,0,132,220,30,10,1,0,46,0,1,7,,,,
//DST定義,index,time,x,y,w,h,acc,a,r,g,b,blend,filter,angle,center,loop,timer
#DST_NOWCOMBO_1P,4,0,50,30,22,30,0,255,255,255,255,1,0,0,0,-1,46
#DST_NOWCOMBO_1P,4,500,50,30,22,30,0,0,255,255,255,1,0,0,0,,

//Just Great index = 5,,,,,,,,,,,,,,,,,
//SRC定義,index,gr,x,y,w,h,div_x,div_y,cycle,timer,num,align,keta,,,,
#SRC_NOWCOMBO_1P,5,0,0,132,220,30,10,1,0,46,0,1,7,,,,
//DST定義,index,time,x,y,w,h,acc,a,r,g,b,blend,filter,angle,center,loop,timer
#DST_NOWCOMBO_1P,5,0,50,30,22,30,0,255,255,255,255,1,0,0,0,-1,46
#DST_NOWCOMBO_1P,5,500,50,30,22,30,0,0,255,255,255,1,0,0,0,,

///////////////////////////////////////////////////////////////////////,,,,,,,,,,,,,,,,,,,,
//TYPE A
//option35 ghost typeA
//option32 autoplay off
//number108 exscore2pとの差
//timer46 ジャッジタイマー 1P
//SRC定義,(null),gr,x,y,w,h,div_x,div_y,cycle,timer,num,align,keta
#SRC_NUMBER,0,0,0,542,144,38,12,2,0,0,108,0,4,,,,,,,,
//DST定義,(NULL),time,x,y,w,h,acc,a,r,g,b,blend,filter,angle,center,loop,timer,op1,op2,op3,
#DST_NUMBER,0,0,610,390,12,19,0,255,255,255,255,1,1,0,0,-1,46,35,32,0,
#DST_NUMBER,0,500,610,390,12,19,0,255,255,255,255,1,1,0,0,,,,,,

//TYPE B
//option36 ghost typeB
//option32 autoplay off
//number108 exscore2pとの差
//timer40 READY
//SRC定義,(null),gr,x,y,w,h,div_x,div_y,cycle,timer,num,align,keta
#SRC_NUMBER,0,0,0,542,144,38,12,2,0,0,108,0,4,,,,,,,,
//DST定義,(NULL),time,x,y,w,h,acc,a,r,g,b,blend,filter,angle,center,loop,timer,op1,op2,op3,
#DST_NUMBER,0,0,610,410,12,19,0,255,255,255,255,1,01,0,0,-1,46,36,32,0,
#DST_NUMBER,0,500,610,410,12,19,0,255,255,255,255,1,1,0,0,,,,,,

//option37 TYPE C
//option37 ghost typeC
//option32 autoplay off
//number108 exscore2pとの差
//timer40 READY
//SRC定義,(null),gr,x,y,w,h,div_x,div_y,cycle,timer,num,align,keta
#SRC_NUMBER,0,0,0,542,144,38,12,2,0,0,108,0,4,,,,,,,,
//DST定義,(NULL),time,x,y,w,h,acc,a,r,g,b,blend,filter,angle,center,loop,timer,op1,op2,op3,
#DST_NUMBER,0,1000,610,420,12,19,0,255,255,255,255,1,1,0,0,1000,40,37,32,0,

/////////////////////////////////////////////////////////////////////////////////////////////////////////////////////////////////////,,,,,,,,,,,,,,,,,
//グルーヴゲージ,,,,,,,,,,,,,,,,,

//最初のゲージ,,,,,,,,,,,,,,,,,
//表赤、表緑、裏赤、裏緑の順にsrc分割を行ってください。4の倍数でcycle>0ならちゃんとアニメーションします,,,,,,,,,,,,,,,,,
//次のゲージの相対位置はadd_x、add_yで指定して下さい。,,,,,,,,,,,,,,,,,
//SRC定義,index,gr,x,y,w,h,div_x,div_y,cycle,timer,add_x,add_y,,,,,
#SRC_GROOVEGAUGE,0,0,0,482,72,37,8,1,0,0,9,0,,,,,
//DST定義,index,time,x,y,w,h,acc,a,r,g,b,blend,filter,angle,center,loop,timer
#DST_GROOVEGAUGE,0,200,413,645,9,37,0,0,255,255,255,1,1,0,0,300,0
#DST_GROOVEGAUGE,0,300,413,645,9,37,0,255,255,255,255,1,1,0,0,,

////////////////////////////////////////////////////////////////////////////////////////////////////,,,,,,,,,,,,,,,,,,,,
//タイトルとか表示,,,,,,,,,,,,,,,,,,,,

//プレイ中,,,,,,,,,,,,,,,,,,,,

//タイトル,,,,,,,,,,,,,,,,,,,,
//SRC定義,(NULL),font,st,align,edit,,,,,,,,,,,,,,,
#SRC_TEXT,0,6,10,1,0,,,,,,,,,,,,,,,
//DST定義,(NULL),time,x,y,w,size,acc,a,r,g,b,blend,filter,(NULL),(NULL),loop,timer,(NULL),(NULL),(NULL)
#DST_TEXT,0,200,640,16,448,30,0,0,255,255,255,1,1,0,0,300,0,0,0,0
#DST_TEXT,0,300,640,16,448,30,0,255,255,255,255,1,1,0,0,,,,,

//ロード中,,,,,,,,,,,,,,,,,,,,

//影//option80 ロード未完了,//option195 BACKBMP有り,,,,,,,,,,,,,,,,,,,
//SRC定義,(NULL),gr,x,y,w,h,div_x,div_y,cycle,timer,op1,op2,op3,,,,,,,
#SRC_IMAGE,0,0,177,32,1,1,1,1,0,0,0,0,0,,,,,,,
//DST定義,(NULL),time,x,y,w,h,acc,a,r,g,b,blend,filter,angle,center,loop,timer,op1,op2,op3
#DST_IMAGE,0,0,0,130,1280,400,0,0,255,255,255,1,1,0,0,750,0,80,0,0
#DST_IMAGE,0,500,0,130,1280,400,0,0,255,255,255,1,1,0,0,750,0,80,0,0
#DST_IMAGE,0,750,0,130,1280,400,0,95,255,255,255,1,1,0,0,,,,,

//影//option81 ロード完了,//option195 BACKBMP有り,,,,,,,,,,,,,,,,,,,
//SRC定義,(NULL),gr,x,y,w,h,div_x,div_y,cycle,timer,op1,op2,op3,,,,,,,
#SRC_IMAGE,0,0,177,32,1,1,1,1,0,0,0,0,0,,,,,,,
//DST定義,(NULL),time,x,y,w,h,acc,a,r,g,b,blend,filter,angle,center,loop,timer,op1,op2,op3
#DST_IMAGE,0,0,0,130,1280,400,0,95,255,255,255,1,1,0,0,-1,40,81,0,0
#DST_IMAGE,0,500,0,130,1280,400,0,95,255,255,255,1,1,0,0,-1,40,81,0,0
#DST_IMAGE,0,750,0,130,1280,400,0,0,255,255,255,1,1,0,0,,,,,

//ジャンル,,,,,,,,,,,,,,,,,,,,
//SRC定義,(NULL),font,st,align,edit,,,,,,,,,,,,,,,
#SRC_TEXT,0,1,13,1,0,,,,,,,,,,,,,,,
//DST定義,(NULL),time,x,y,w,size,acc,a,r,g,b,blend,filter,(NULL),(NULL),loop,timer,(NULL),(NULL),(NULL)
#DST_TEXT,0,0,645,159,420,44,0,0,255,255,255,1,1,0,0,750,0,80,194,0
#DST_TEXT,0,500,645,159,420,30,0,0,255,255,255,1,1,0,0,750,0,80,194,0
#DST_TEXT,0,750,645,159,420,30,0,255,255,255,255,1,1,0,0,,,,,

//ジャンル,,,,,,,,,,,,,,,,,,,,
//SRC定義,(NULL),font,st,align,edit,,,,,,,,,,,,,,,
#SRC_TEXT,0,1,13,1,0,,,,,,,,,,,,,,,
//DST定義,(NULL),time,x,y,w,size,acc,a,r,g,b,blend,filter,(NULL),(NULL),loop,timer,(NULL),(NULL),(NULL)
#DST_TEXT,0,0,645,159,420,30,0,255,255,255,255,1,1,0,0,-1,40,81,194,0
#DST_TEXT,0,500,645,159,420,30,0,255,255,255,255,1,1,0,0,-1,40,81,194,0
#DST_TEXT,0,750,645,159,420,30,0,0,255,255,255,1,1,0,0,,,,,

//タイトル,,,,,,,,,,,,,,,,,,,,
//SRC定義,(NULL),font,st,align,edit,,,,,,,,,,,,,,,
#SRC_TEXT,0,0,10,1,0,,,,,,,,,,,,,,,
//DST定義,(NULL),time,x,y,w,size,acc,a,r,g,b,blend,filter,(NULL),(NULL),loop,timer,(NULL),(NULL),(NULL)
#DST_TEXT,0,0,645,220,420,120,0,0,255,255,255,1,1,0,0,750,0,80,194,0
#DST_TEXT,0,500,645,220,420,120,0,0,255,255,255,1,1,0,0,750,0,80,194,0
#DST_TEXT,0,750,645,220,420,120,0,255,255,255,255,1,1,0,0,,,,,

//タイトル,,,,,,,,,,,,,,,,,,,,
//SRC定義,(NULL),font,st,align,edit,,,,,,,,,,,,,,,
#SRC_TEXT,0,0,10,1,0,,,,,,,,,,,,,,,
//DST定義,(NULL),time,x,y,w,size,acc,a,r,g,b,blend,filter,(NULL),(NULL),loop,timer,(NULL),(NULL),(NULL)
#DST_TEXT,0,0,645,220,420,120,0,255,255,255,255,1,1,0,0,-1,40,81,194,0
#DST_TEXT,0,500,645,220,420,120,0,255,255,255,255,1,1,0,0,-1,40,81,194,0
#DST_TEXT,0,750,645,220,420,120,0,0,255,255,255,1,1,0,0,,,,,

//サブタイトル,,,,,,,,,,,,,,,,,,,,
//SRC定義,(NULL),font,st,align,edit,,,,,,,,,,,,,,,
#SRC_TEXT,0,3,11,1,0,,,,,,,,,,,,,,,
//DST定義,(NULL),time,x,y,w,size,acc,a,r,g,b,blend,filter,(NULL),(NULL),loop,timer,(NULL),(NULL),(NULL)
#DST_TEXT,0,0,645,321,420,40,0,0,255,255,255,1,1,0,0,750,0,80,194,0
#DST_TEXT,0,500,645,321,420,40,0,0,255,255,255,1,1,0,0,750,0,80,194,0
#DST_TEXT,0,750,645,321,420,40,0,255,255,255,255,1,1,0,0,,,,,

//サブタイトル,,,,,,,,,,,,,,,,,,,,
//SRC定義,(NULL),font,st,align,edit,,,,,,,,,,,,,,,
#SRC_TEXT,0,3,11,1,0,,,,,,,,,,,,,,,
//DST定義,(NULL),time,x,y,w,size,acc,a,r,g,b,blend,filter,(NULL),(NULL),loop,timer,(NULL),(NULL),(NULL)
#DST_TEXT,0,0,645,321,420,40,0,255,255,255,255,1,1,0,0,-1,40,81,194,0
#DST_TEXT,0,500,645,321,420,40,0,255,255,255,255,1,1,0,0,-1,40,81,194,0
#DST_TEXT,0,750,645,321,420,40,0,0,255,255,255,1,1,0,0,,,,,

//アーティスト,,,,,,,,,,,,,,,,,,,,
//SRC定義,(NULL),font,st,align,edit,,,,,,,,,,,,,,,
#SRC_TEXT,0,3,14,1,0,,,,,,,,,,,,,,,
//DST定義,(NULL),time,x,y,w,size,acc,a,r,g,b,blend,filter,(NULL),(NULL),loop,timer,(NULL),(NULL),(NULL)
#DST_TEXT,0,0,645,400,420,40,0,0,255,255,255,1,1,0,0,750,0,80,194,0
#DST_TEXT,0,500,645,400,420,40,0,0,255,255,255,1,1,0,0,750,0,80,194,0
#DST_TEXT,0,750,645,400,420,40,0,255,255,255,255,1,1,0,0,,,,,

//アーティスト,,,,,,,,,,,,,,,,,,,,
//SRC定義,(NULL),font,st,align,edit,,,,,,,,,,,,,,,
#SRC_TEXT,0,3,14,1,0,,,,,,,,,,,,,,,
//DST定義,(NULL),time,x,y,w,size,acc,a,r,g,b,blend,filter,(NULL),(NULL),loop,timer,(NULL),(NULL),(NULL)
#DST_TEXT,0,0,645,400,420,40,0,255,255,255,255,1,1,0,0,-1,40,81,194,0
#DST_TEXT,0,500,645,400,420,40,0,255,255,255,255,1,1,0,0,-1,40,81,194,0
#DST_TEXT,0,750,645,400,420,40,0,0,255,255,255,1,1,0,0,,,,,

//BGAアーティスト,,,,,,,,,,,,,,,,,,,,
//SRC定義,(NULL),font,st,align,edit,,,,,,,,,,,,,,,
#SRC_TEXT,0,4,15,1,0,,,,,,,,,,,,,,,
//DST定義,(NULL),time,x,y,w,size,acc,a,r,g,b,blend,filter,(NULL),(NULL),loop,timer,(NULL),(NULL),(NULL)
#DST_TEXT,0,0,645,450,420,30,0,0,255,255,255,1,1,0,0,750,0,80,194,0
#DST_TEXT,0,500,645,450,420,30,0,0,255,255,255,1,1,0,0,750,0,80,194,0
#DST_TEXT,0,750,645,450,420,30,0,255,255,255,255,1,1,0,0,,,,,

//BGAアーティスト,,,,,,,,,,,,,,,,,,,,
//SRC定義,(NULL),font,st,align,edit,,,,,,,,,,,,,,,
#SRC_TEXT,0,4,15,1,0,,,,,,,,,,,,,,,
//DST定義,(NULL),time,x,y,w,size,acc,a,r,g,b,blend,filter,(NULL),(NULL),loop,timer,(NULL),(NULL),(NULL)
#DST_TEXT,0,0,645,450,420,30,0,255,255,255,255,1,1,0,0,-1,40,81,194,0
#DST_TEXT,0,500,645,450,420,30,0,255,255,255,255,1,1,0,0,-1,40,81,194,0
#DST_TEXT,0,750,645,450,420,30,0,0,255,255,255,1,1,0,0,,,,,

//BGA枠背景影1(BACKBMP)//option80 ロード未完了,//option195 BACKBMP有り,,,,,,,,,,,,,,,,,,,
//SRC定義,(NULL),gr,x,y,w,h,div_x,div_y,cycle,timer,op1,op2,op3,,,,,,,
#SRC_IMAGE,0,101,0,0,-1,-1,1,1,0,0,0,0,0,,,,,,,
//DST定義,(NULL),time,x,y,w,h,acc,a,r,g,b,blend,filter,angle,center,loop,timer,op1,op2,op3
#DST_IMAGE,0,0,345,56,576,576,0,0,255,255,255,3,1,0,0,750,0,80,195,0
#DST_IMAGE,0,500,345,56,576,576,0,0,255,255,255,3,1,0,0,750,0,80,195,0
#DST_IMAGE,0,750,345,56,576,576,0,255,255,255,255,3,1,0,0,,,,,

//BGA枠背景影1(BACKBMP)//option81 ロード完了,//option195 BACKBMP有り,,,,,,,,,,,,,,,,,,,
//SRC定義,(NULL),gr,x,y,w,h,div_x,div_y,cycle,timer,op1,op2,op3,,,,,,,
#SRC_IMAGE,0,101,0,0,-1,-1,1,1,0,0,0,0,0,,,,,,,
//DST定義,(NULL),time,x,y,w,h,acc,a,r,g,b,blend,filter,angle,center,loop,timer,op1,op2,op3
#DST_IMAGE,0,0,345,56,576,576,0,255,255,255,255,3,1,0,0,-1,40,81,195,0
#DST_IMAGE,0,500,345,56,576,576,0,255,255,255,255,3,1,0,0,-1,40,81,195,0
#DST_IMAGE,0,750,345,56,576,576,0,0,255,255,255,3,1,0,0,,,,,

//BGA枠背景影2(BACKBMP)//option80 ロード未完了,//option195 BACKBMP有り,,,,,,,,,,,,,,,,,,,
//SRC定義,(NULL),gr,x,y,w,h,div_x,div_y,cycle,timer,op1,op2,op3,,,,,,,
#SRC_IMAGE,0,101,0,0,-1,-1,1,1,0,0,0,0,0,,,,,,,
//DST定義,(NULL),time,x,y,w,h,acc,a,r,g,b,blend,filter,angle,center,loop,timer,op1,op2,op3
#DST_IMAGE,0,0,345,56,576,576,0,0,255,255,255,3,1,0,0,750,0,80,195,0
#DST_IMAGE,0,500,345,56,576,576,0,0,255,255,255,3,1,0,0,750,0,80,195,0
#DST_IMAGE,0,750,345,56,576,576,0,255,255,255,255,3,1,0,0,,,,,

//BGA枠背景影2(BACKBMP)//option81 ロード完了,//option195 BACKBMP有り,,,,,,,,,,,,,,,,,,,
//SRC定義,(NULL),gr,x,y,w,h,div_x,div_y,cycle,timer,op1,op2,op3,,,,,,,
#SRC_IMAGE,0,101,0,0,-1,-1,1,1,0,0,0,0,0,,,,,,,
//DST定義,(NULL),time,x,y,w,h,acc,a,r,g,b,blend,filter,angle,center,loop,timer,op1,op2,op3
#DST_IMAGE,0,0,345,56,576,576,0,255,255,255,255,3,1,0,0,-1,40,81,195,0
#DST_IMAGE,0,500,345,56,576,576,0,255,255,255,255,3,1,0,0,-1,40,81,195,0
#DST_IMAGE,0,750,345,56,576,576,0,0,255,255,255,3,1,0,0,,,,,

//BGA枠背景(BACKBMP)//option80 ロード未完了,//option195 BACKBMP有り,,,,,,,,,,,,,,,,,,,
//SRC定義,(NULL),gr,x,y,w,h,div_x,div_y,cycle,timer,op1,op2,op3,,,,,,,
#SRC_IMAGE,0,101,0,0,-1,-1,1,1,0,0,0,0,0,,,,,,,
//DST定義,(NULL),time,x,y,w,h,acc,a,r,g,b,blend,filter,angle,center,loop,timer,op1,op2,op3
#DST_IMAGE,0,0,345,56,576,576,0,0,255,255,255,2,1,0,0,750,0,80,195,0
#DST_IMAGE,0,500,345,56,576,576,0,0,255,255,255,2,1,0,0,750,0,80,195,0
#DST_IMAGE,0,750,345,56,576,576,0,255,255,255,255,2,1,0,0,,,,,

//BGA枠背景(BACKBMP)//option81 ロード完了,//option195 BACKBMP有り,,,,,,,,,,,,,,,,,,,
//SRC定義,(NULL),gr,x,y,w,h,div_x,div_y,cycle,timer,op1,op2,op3,,,,,,,
#SRC_IMAGE,0,101,0,0,-1,-1,1,1,0,0,0,0,0,,,,,,,
//DST定義,(NULL),time,x,y,w,h,acc,a,r,g,b,blend,filter,angle,center,loop,timer,op1,op2,op3
#DST_IMAGE,0,0,345,56,576,576,0,255,255,255,255,2,1,0,0,-1,40,81,195,0
#DST_IMAGE,0,500,345,56,576,576,0,255,255,255,255,2,1,0,0,-1,40,81,195,0
#DST_IMAGE,0,750,345,56,576,576,0,0,255,255,255,2,1,0,0,,,,,



//ロード完了後 ARE YOU READY?,,,,,,,,,,,,,,,,,,,,
//ベース,//option81 ロード完了,,,,//timer40 READY,,,,,,,,,,,,,,,,
//SRC定義,(NULL),gr,x,y,w,h,div_x,div_y,cycle,timer,op1,op2,op3,,,,,,,,
#SRC_IMAGE,0,0,0,639,425,70,1,1,0,,,,,,,,,,,,
//DST定義,(NULL),time,x,y,w,h,acc,a,r,g,b,blend,filter,angle,center,loop,timer,op1,op2,op3,
#DST_IMAGE,0,200,288,425,70,0,0,255,255,255,1,0,0,0,-1,40,81,0,0,
#DST_IMAGE,0,500,288,425,70,0,255,255,255,255,1,0,0,0,


//ロード完了後 ARE YOU READY?,,,,,,,,,,,,,,,,,,,,
//ベース,//option81 ロード完了,,,,//timer40 READY,,,,,,,,,,,,,,,,
//SRC定義,(NULL),gr,x,y,w,h,div_x,div_y,cycle,timer,op1,op2,op3,,,,,,,,
#SRC_IMAGE,0,0,0,639,425,70,1,1,0,,,,,,,,,,,,
//DST定義,(NULL),time,x,y,w,h,acc,a,r,g,b,blend,filter,angle,center,loop,timer,op1,op2,op3,
#DST_IMAGE,0,200,427,288,425,70,0,0,255,255,255,1,0,0,0,-1,40,81,0,0,
#DST_IMAGE,0,500,427,288,425,70,0,255,255,255,255,1,0,0,0,


//ロード完了後 ARE YOU READY?,,,,,,,,,,,,,,,,,,,,
//ベース,//option81 ロード完了,,,,//timer40 READY,,,,,,,,,,,,,,,,
//SRC定義,(NULL),gr,x,y,w,h,div_x,div_y,cycle,timer,op1,op2,op3,,,,,,,,
#SRC_IMAGE,0,0,0,639,425,70,1,1,0,,,,,,,,,,,,
//DST定義,(NULL),time,x,y,w,h,acc,a,r,g,b,blend,filter,angle,center,loop,timer,op1,op2,op3,
#DST_IMAGE,0,500,427,288,425,70,0,255,255,255,255,1,0,0,0,-1,40,81,0,0,
#DST_IMAGE,0,1500,427,288,425,70,0,255,255,255,255,1,0,0,0,-1,40,81,0,0,
#DST_IMAGE,0,1800,427,358,425,70,0,0,255,255,255,1,0,0,0,


load未
//SRC定義,(NULL),gr,x,y,w,h,div_x,div_y,cycle,timer,type,muki
#SRC_BARGRAPH,0,16,404,414,388,2,1,1,0,0,2,0
//DST定義,(NULL),time,x,y,w,h,acc,a,r,g,b,blend,filter,angle,center,loop,timer,op1,op1,op3
#DST_BARGRAPH,0,0,445,508,388,2,0,0,255,255,255,0,0,0,0,300,0,80,0,0
#DST_BARGRAPH,0,300,445,508,388,2,0,255,255,255,255,0,0,0,0,0,0

わく
//SRC定義,(NULL),gr,x,y,w,h,div_x,div_y,cycle,timer,op1,op2,op3,,,,,,,
#SRC_IMAGE,0,16,0,394,400,24,1,1,0,0,0,0,0,,,,,,,
//DST定義,(NULL),time,x,y,w,h,acc,a,r,g,b,blend,filter,angle,center,loop,timer,op1,op2,op3
#DST_IMAGE,0,0,440,498,400,24,0,0,255,255,255,1,0,0,0,300,0,80,0,0
#DST_IMAGE,0,300,440,498,400,24,0,255,255,255,255,1,0,0,0,,,,,


load完
//SRC定義,(NULL),gr,x,y,w,h,div_x,div_y,cycle,timer,type,muki
#SRC_BARGRAPH,0,16,404,414,388,2,1,1,0,0,2,0
//DST定義,(NULL),time,x,y,w,h,acc,a,r,g,b,blend,filter,angle,center,loop,timer,op1,op1,op3
#DST_BARGRAPH,0,0,445,508,388,2,0,255,255,255,255,1,0,0,0,-1,40,81,0,0
#DST_BARGRAPH,0,500,445,508,388,2,0,0,255,255,255,1,0,0,0,0,0

わく
//SRC定義,(NULL),gr,x,y,w,h,div_x,div_y,cycle,timer,op1,op2,op3,,,,,,,
#SRC_IMAGE,0,16,0,394,400,24,1,1,0,0,0,0,0,,,,,,,
//DST定義,(NULL),time,x,y,w,h,acc,a,r,g,b,blend,filter,angle,center,loop,timer,op1,op2,op3
#DST_IMAGE,0,0,440,498,400,24,0,255,255,255,255,1,0,0,0,-1,40,81,0,0
#DST_IMAGE,0,500,440,498,400,24,0,0,255,255,255,1,0,0,0,,,,,


////////////////////////////////////////////////////////////////,,,,,,,,,,,,,,,,,,,,
//フェードアウト層,,,,,,,,,,,,,,,,,,,,

//フェードアウト,,,,,,,,,,,,,,,,,,,,
//timer = 2,,,,,,,,,,,,,,,,,,,,
//SRC定義,(NULL),gr,x,y,w,h,div_x,div_y,cycle,timer,op1,op2,op3,,,,,,,
#SRC_IMAGE,0,110,0,0,1,1,1,1,0,2,0,0,0,,,,,,,
//DST定義,(NULL),time,x,y,w,h,acc,a,r,g,b,blend,filter,angle,center,loop,timer,op1,op2,op3
#DST_IMAGE,0,0,0,0,1280,720,0,0,255,255,255,1,0,0,0,500,2,0,0,0
#DST_IMAGE,0,500,0,0,1280,720,0,255,255,255,255,1,0,0,0,,,,,

//扉上,,,,,,,,,,,,,,,,,,,,
//SRC定義,(NULL),gr,x,y,w,h,div_x,div_y,cycle,timer,op1,op2,op3,,,,,,,
#SRC_IMAGE,0,2,0,0,1280,360,1,1,0,3,0,0,0,,,,,,,
//DST定義,(NULL),time,x,y,w,h,acc,a,r,g,b,blend,filter,angle,center,loop,timer,op1,op2,op3
#DST_IMAGE,0,0,0,-240,1280,360,2,255,255,255,255,0,0,0,0,300,3,0,0,0
#DST_IMAGE,0,300,0,0,1280,360,2,255,255,255,255,0,0,0,0,,,,,

//扉下,,,,,,,,,,,,,,,,,,,,
//SRC定義,(NULL),gr,x,y,w,h,div_x,div_y,cycle,timer,op1,op2,op3,,,,,,,
#SRC_IMAGE,0,2,0,360,1280,360,1,1,0,3,0,0,0,,,,,,,
//DST定義,(NULL),time,x,y,w,h,acc,a,r,g,b,blend,filter,angle,center,loop,timer,op1,op2,op3
#DST_IMAGE,0,0,0,720,1280,360,2,255,255,255,255,0,0,0,0,300,3,0,0,0
#DST_IMAGE,0,300,0,360,1280,360,2,255,255,255,255,0,0,0,0,,,,,

//グロー,,,,,,,,,,,,,,,,,,,,
//SRC定義,(NULL),gr,x,y,w,h,div_x,div_y,cycle,timer,op1,op2,op3,,,,,,,
#SRC_IMAGE,0,2,0,1319,1029,121,1,1,0,3,0,0,0,,,,,,,
//DST定義,(NULL),time,x,y,w,h,acc,a,r,g,b,blend,filter,angle,center,loop,timer,op1,op2,op3
#DST_IMAGE,0,0,128,300,1029,121,0,0,255,255,255,2,0,0,0,1000,3,0,0,0
#DST_IMAGE,0,400,128,300,1029,121,0,0,255,255,255,2,0,0,0,,,,,
#DST_IMAGE,0,700,128,300,1029,121,0,255,255,255,255,2,0,0,0,,,,,
#DST_IMAGE,0,1000,128,300,1029,121,0,0,255,255,255,2,,0,0,,,,,

//フェーイ,,,,,,,,,,,,,,,,,,,,
//SRC定義,(NULL),gr,x,y,w,h,div_x,div_y,cycle,timer,op1,op2,op3,,,,,,,
#SRC_IMAGE,0,2,0,1221,268,56,1,1,0,3,0,0,0,,,,,,,
//DST定義,(NULL),time,x,y,w,h,acc,a,r,g,b,blend,filter,angle,center,loop,timer,op1,op2,op3
#DST_IMAGE,0,0,507,333,268,56,0,0,255,255,255,2,0,0,0,1000,3,0,0,0
#DST_IMAGE,0,400,507,333,268,56,0,0,255,255,255,2,0,0,0,,,,,
#DST_IMAGE,0,700,507,333,268,56,0,255,255,255,255,2,0,0,0,,,,,
#DST_IMAGE,0,1000,507,333,268,56,0,0,255,255,255,2,,0,0,,,,,

//フェード,,,,,,,,,,,,,,,,,,,,
//SRC定義,(NULL),gr,x,y,w,h,div_x,div_y,cycle,timer,op1,op2,op3,,,,,,,
#SRC_IMAGE,0,2,13,1,1,1,1,1,0,2,0,0,0,,,,,,,
//DST定義,(NULL),time,x,y,w,h,acc,a,r,g,b,blend,filter,angle,center,loop,timer,op1,op2,op3
#DST_IMAGE,0,1500,0,0,1280,720,0,0,255,255,255,1,0,0,0,2500,3,0,0,0
#DST_IMAGE,0,2500,0,0,1280,720,0,255,255,255,255,1,0,0,0,,,,,

//SRC定義,(NULL),gr,x,y,w,h,div_x,div_y,cycle,timer,op1,op2,op3,,,,,,,
#SRC_IMAGE,0,27,0,720,748,720,1,1,0,0,0,0,0,,,,,,,
//DST定義,(NULL),time,x,y,w,h,acc,a,r,g,b,blend,filter,angle,center,loop,timer,op1,op2,op3
#DST_IMAGE,0,0,532,0,748,720,0,255,255,255,255,1,0,0,5,500,0,0,0,0
#DST_IMAGE,0,100,532,0,748,720,0,255,255,255,255,1,0,0,0,,,,,
#DST_IMAGE,0,500,1251,720,748,720,0,255,255,255,255,1,0,0,0,,,,,


//SRC定義,(NULL),gr,x,y,w,h,div_x,div_y,cycle,timer,op1,op2,op3,,,,,,,
#SRC_IMAGE,0,27,0,0,899,720,1,1,0,0,0,0,0,,,,,,,
//DST定義,(NULL),time,x,y,w,h,acc,a,r,g,b,blend,filter,angle,center,loop,timer,op1,op2,op3
#DST_IMAGE,0,0,0,0,899,720,0,255,255,255,255,1,0,0,5,500,0,0,0,0
#DST_IMAGE,0,100,0,0,899,720,0,255,255,255,255,1,0,0,0,,,,,
#DST_IMAGE,0,500,-719,-719,899,720,0,255,255,255,255,1,0,0,0,,,,,