#ENDOFHEADER,,,,,,,

#DISABLEFLIP,,,,,,,

//[透過色設定],,,
//必要無くても必ず設定して下さい。(なんかライブラリの仕様でオフに出来ないみたいなので,,,
//透過色,R,G,B
#TRANSCLOLR,0,255,0

//[入力開始時間],,,
//入力開始時間,ms,ランク表示後,更新表示後
#STARTINPUT,500,500,500







[画像定義],,,,,,,
//画像定義,filename,,,,,,
#IMAGE,LR2files\Theme\EndlessCirculation\Result_S\Pmain.png,,,,,,0
#IMAGE,LR2files\Theme\EndlessCirculation\Result_S\IMAGE\aaa\*.png,,,,,,1
#IMAGE,LR2files\Theme\EndlessCirculation\Result_S\IMAGE\aa\*.png,,,,,,2
#IMAGE,LR2files\Theme\EndlessCirculation\Result_S\IMAGE\a\*.png,,,,,,3
#IMAGE,dummy,,,,,,,,,,//4
#IMAGE,dummy,,,,,,,,,,//5
#IMAGE,dummy,,,,,,,,,,//6
#IMAGE,dummy,,,,,,,,,,//7
#IMAGE,dummy,,,,,,,,,,//8
#IMAGE,LR2files\Theme\EndlessCirculation\Result_S\CLEAR.png,,,,,,,,,,//9
#IMAGE,dummy,,,,,,,,,,//10
#IMAGE,dummy,,,,,,,,,,//11
#IMAGE,dummy,,,,,,,,,,//12
#IMAGE,dummy,,,,,,,,,,//13
#IMAGE,dummy,,,,,,,,,,//14
#IMAGE,dummy,,,,,,,,,,//15
#IMAGE,dummy,,,,,,,,,,//16
#IMAGE,dummy,,,,,,,,,,//17
#IMAGE,dummy,,,,,,,,,,//18
#IMAGE,dummy,,,,,,,,,,//19
#IMAGE,dummy,,,,,,,,,,//20
#IMAGE,dummy,,,,,,,,,,//21
#IMAGE,dummy,,,,,,,,,,//22
#IMAGE,CONTINUE,,,,,,,,,,//23
#IMAGE,dummy,,,,,,,,,,//24
#IMAGE,dummy,,,,,,,,,,//25
#IMAGE,dummy,,,,,,,,,,//26
#IMAGE,LR2files\Theme\EndlessCirculation\SE-Select\FRAME\*\Shutter.png,


//フォント定義,,,,,,,
//日本語フォントなら8mbぐらいメモリを消費するので、無駄使いは止めましょう。,,,,,,,
//thick:文字太さ,,,,,,,
//aa/edge:0 normal 1 edge 2 aa 3 edge + aa,,,,,,,
//フォントは右に候補をいくつでも追加できます。,,,,,,,
,size,thick,aa/edge,name,,,
//#FONT,22,3,3,S2GP月,,,

#LR2FONT,CONTINUE,,,,,,0
#LR2FONT,LR2files\Theme\EndlessCirculation\Result_S\font\bar\font.lr2font,,,,,,1
#LR2FONT,LR2files\Theme\EndlessCirculation\Result\font\level\system\font.lr2font,,,,,,2
#LR2FONT,LR2files\Theme\EndlessCirculation\Result\font\level\system_black\font.lr2font,,,,,,3
#LR2FONT,CONTINUE,,,,,,4
#LR2FONT,LR2files\Theme\EndlessCirculation\Result_S\font\DJNAME\font.lr2font,,,,,,5


//OPTION 980 ステージファイルが無い、もしくは無視,,,,,,,,,,,,,,,,,,,,
#IF,921,
#SETOPTION,980,1
#ENDIF,,

#IF,190,
#SETOPTION,980,1
#ENDIF,,

//OPTION 981 ステージファイルがあり、無視設定でもない,,
#IF,191,920
#SETOPTION,981,1
#ENDIF,,



//[フェードアウト],,,,,,,
#FADEOUT,2000,,,,,,,,,,,,,,,,,,,

[画像配置],,,,,,,,,,,,,,,,,,,,

//コピペ用テンプレート,,,,,,,,,,,,,,,,,,,,
//SRC定義,(NULL),gr,x,y,w,h,div_x,div_y,cycle,timer,op1,op2,op3,,,,,,,

//DST定義,(NULL),time,x,y,w,h,acc,a,r,g,b,blend,filter,angle,center,loop,timer,op1,op2,op3

////////////////////////////////////////////,,,,,,,,,,,,,,,,,,,,


/////////////////////////////////,,,,,,,,,,,,,,,,,,,,
//ミス,,,,,,,,,,,,,,,,,,,,
/////////////////////////////////,,,,,,,,,,,,,,,,,,,,



/赤背景
//SRC定義,(NULL),gr,x,y,w,h,div_x,div_y,cycle,timer,op1,op2,op3,,,,,,,
#SRC_IMAGE,0,0,0,2920,1280,720,1,1,0,0,0,0,0,,,,,,,
//DST定義,(NULL),time,x,y,w,h,acc,a,r,g,b,blend,filter,angle,center,loop,timer,op1,op2,op3
#DST_IMAGE,0,0,0,0,1280,720,0,255,255,255,255,2,0,0,0,100,0,91,0,0
#DST_IMAGE,0,100,0,0,1280,720,0,255,255,255,255,2,0,0,0,,,,,

/赤ハイライト
//SRC定義,(NULL),gr,x,y,w,h,div_x,div_y,cycle,timer,op1,op2,op3,,,,,,,
#SRC_IMAGE,0,0,2568,1623,1280,720,1,1,0,0,0,0,0,,,,,,,
//DST定義,(NULL),time,x,y,w,h,acc,a,r,g,b,blend,filter,angle,center,loop,timer,op1,op2,op3
#DST_IMAGE,0,0,0,0,1280,720,0,0,255,255,255,1,0,0,0,100,0,91,0,0
#DST_IMAGE,0,100,0,0,1280,720,0,225,255,255,255,1,0,0,0,,,,,

/十字
//SRC定義,(NULL),gr,x,y,w,h,div_x,div_y,cycle,timer,op1,op2,op3,,,,,,,
#SRC_IMAGE,0,0,2575,866,1211,22,1,2,75,0,0,0,0,,,,,,,
//DST定義,(NULL),time,x,y,w,h,acc,a,r,g,b,blend,filter,angle,center,loop,timer,op1,op2,op3
#DST_IMAGE,0,0,32,-11,1211,11,0,155,255,255,255,2,0,0,0,0,0,91,0,0
#DST_IMAGE,0,2000,32,105,1211,11,0,0,255,255,255,2,0,0,0,,,,,
/十字
//SRC定義,(NULL),gr,x,y,w,h,div_x,div_y,cycle,timer,op1,op2,op3,,,,,,,
#SRC_IMAGE,0,0,2575,866,1211,22,1,2,75,0,0,0,0,,,,,,,
//DST定義,(NULL),time,x,y,w,h,acc,a,r,g,b,blend,filter,angle,center,loop,timer,op1,op2,op3
#DST_IMAGE,0,1000,32,-11,1211,11,0,155,255,255,255,2,0,0,0,1000,0,91,0,0
#DST_IMAGE,0,3000,32,105,1211,11,0,0,255,255,255,2,0,0,0,,,,,

/十字下
//SRC定義,(NULL),gr,x,y,w,h,div_x,div_y,cycle,timer,op1,op2,op3,,,,,,,
#SRC_IMAGE,0,0,2575,866,1211,22,1,2,75,0,0,0,0,,,,,,,
//DST定義,(NULL),time,x,y,w,h,acc,a,r,g,b,blend,filter,angle,center,loop,timer,op1,op2,op3
#DST_IMAGE,0,0,32,706,1211,11,0,155,255,255,255,2,0,0,0,0,0,91,0,0
#DST_IMAGE,0,2000,32,590,1211,11,0,0,255,255,255,2,0,0,0,,,,,
/十字下
//SRC定義,(NULL),gr,x,y,w,h,div_x,div_y,cycle,timer,op1,op2,op3,,,,,,,
#SRC_IMAGE,0,0,2575,866,1211,22,1,2,75,0,0,0,0,,,,,,,
//DST定義,(NULL),time,x,y,w,h,acc,a,r,g,b,blend,filter,angle,center,loop,timer,op1,op2,op3
#DST_IMAGE,0,1000,32,706,1211,11,0,155,255,255,255,2,0,0,0,1000,0,91,0,0
#DST_IMAGE,0,3000,32,590,1211,11,0,0,255,255,255,2,0,0,0,,,,,

/エフェクト上
//SRC定義,(NULL),gr,x,y,w,h,div_x,div_y,cycle,timer,op1,op2,op3,,,,,,,
#SRC_IMAGE,0,0,2120,0,1280,125,1,1,0,0,0,0,0,,,,,,,
//DST定義,(NULL),time,x,y,w,h,acc,a,r,g,b,blend,filter,angle,center,loop,timer,op1,op2,op3
#DST_IMAGE,0,0,0,0,1280,125,0,255,255,255,255,1,0,0,0,100,0,91,0,0

/エフェクト下
//SRC定義,(NULL),gr,x,y,w,h,div_x,div_y,cycle,timer,op1,op2,op3,,,,,,,
#SRC_IMAGE,0,0,2120,130,1280,125,1,1,0,0,0,0,0,,,,,,,
//DST定義,(NULL),time,x,y,w,h,acc,a,r,g,b,blend,filter,angle,center,loop,timer,op1,op2,op3
#DST_IMAGE,0,0,0,573,1280,125,0,255,255,255,255,1,0,0,0,100,0,91,0,0


/暗歯車下ハイライト
//SRC定義,(NULL),gr,x,y,w,h,div_x,div_y,cycle,timer,op1,op2,op3,,,,,,,
#SRC_IMAGE,0,0,983,2199,573,573,1,1,0,0,0,0,0,,,,,,,
//DST定義,(NULL),time,x,y,w,h,acc,a,r,g,b,blend,filter,angle,center,loop,timer,op1,op2,op3
#DST_IMAGE,0,0,357,85,573,573,0,255,255,255,255,2,0,0,0,0,0,91,0,0
#DST_IMAGE,0,1200,357,85,573,573,0,255,255,255,255,2,0,0,0,,,,,
#DST_IMAGE,0,1350,357,85,573,573,0,90,255,255,255,2,0,0,0,,,,,
#DST_IMAGE,0,1500,357,85,573,573,0,255,255,255,255,2,0,0,0,,,,,
#DST_IMAGE,0,1800,357,85,573,573,0,255,255,255,255,2,0,0,0,,,,,
#DST_IMAGE,0,2150,357,85,573,573,0,0,255,255,255,2,0,0,0,,,,,
#DST_IMAGE,0,2500,357,85,573,573,0,255,255,255,255,2,0,0,0,,,,,

/暗歯車
//SRC定義,(NULL),gr,x,y,w,h,div_x,div_y,cycle,timer,op1,op2,op3,,,,,,,
#SRC_IMAGE,0,0,3289,308,524,524,1,1,0,0,0,0,0,,,,,,,
//DST定義,(NULL),time,x,y,w,h,acc,a,r,g,b,blend,filter,angle,center,loop,timer,op1,op2,op3
#DST_IMAGE,0,0,381,110,524,524,0,0,255,255,255,1,1,0,0,200,0,91,0,0
#DST_IMAGE,0,200,381,110,524,524,0,245,255,255,255,1,1,0,0,,,,,
#DST_IMAGE,0,19200,381,110,524,524,0,245,255,255,255,1,1,360,0,,,,,

/明歯車
//SRC定義,(NULL),gr,x,y,w,h,div_x,div_y,cycle,timer,op1,op2,op3,,,,,,,
#SRC_IMAGE,0,0,2060,1636,466,468,1,1,0,0,0,0,0,,,,,,,
//DST定義,(NULL),time,x,y,w,h,acc,a,r,g,b,blend,filter,angle,center,loop,timer,op1,op2,op3
#DST_IMAGE,0,550,410,137,466,468,0,0,255,255,255,1,1,0,0,950,0,91,0,0
#DST_IMAGE,0,950,410,137,466,468,0,245,255,255,255,1,1,0,0,,,,,
#DST_IMAGE,0,3950,410,137,466,468,0,245,255,255,255,1,1,0,0,,,,,
#DST_IMAGE,0,5750,410,137,466,468,0,35,255,255,255,1,1,0,0,,,,,
#DST_IMAGE,0,12950,410,137,466,468,0,55,255,255,255,1,1,0,0,,,,,
#DST_IMAGE,0,13650,410,137,466,468,0,245,255,255,255,1,1,0,0,,,,,

/中心円
//SRC定義,(NULL),gr,x,y,w,h,div_x,div_y,cycle,timer,op1,op2,op3,,,,,,,
#SRC_IMAGE,0,0,2853,409,338,338,1,1,0,0,0,0,0,,,,,,,
//DST定義,(NULL),time,x,y,w,h,acc,a,r,g,b,blend,filter,angle,center,loop,timer,op1,op2,op3
#DST_IMAGE,0,0,475,203,338,338,0,255,255,255,255,1,0,45,0,500,0,91,0,0
#DST_IMAGE,0,350,475,203,338,338,0,255,255,255,255,1,0,45,0,500,0,91,0,0
#DST_IMAGE,0,500,475,203,338,338,0,255,255,255,255,1,0,0,0,,,,,

/中心明円
//SRC定義,(NULL),gr,x,y,w,h,div_x,div_y,cycle,timer,op1,op2,op3,,,,,,,
#SRC_IMAGE,0,0,2528,418,300,300,1,1,0,0,0,0,0,,,,,,,
//DST定義,(NULL),time,x,y,w,h,acc,a,r,g,b,blend,filter,angle,center,loop,timer,op1,op2,op3
#DST_IMAGE,0,0,495,222,300,300,0,255,255,255,255,1,0,45,0,500,0,91,0,0
#DST_IMAGE,0,350,495,222,300,300,0,255,255,255,255,1,0,45,0,500,0,91,0,0
#DST_IMAGE,0,500,495,222,300,300,0,255,255,255,255,1,0,0,0,,,,,

/中心明円点滅
//SRC定義,(NULL),gr,x,y,w,h,div_x,div_y,cycle,timer,op1,op2,op3,,,,,,,
#SRC_IMAGE,0,0,2528,418,300,300,1,1,0,0,0,0,0,,,,,,,
//DST定義,(NULL),time,x,y,w,h,acc,a,r,g,b,blend,filter,angle,center,loop,timer,op1,op2,op3
#DST_IMAGE,0,500,495,222,300,300,0,0,255,255,255,2,0,0,0,500,0,91,0,0
#DST_IMAGE,0,800,495,222,300,300,0,30,255,255,255,2,0,0,0,0,0,91,0,0
#DST_IMAGE,0,1000,495,222,300,300,0,0,255,255,255,2,0,0,0,0,0,91,0,0

/針
//SRC定義,(NULL),gr,x,y,w,h,div_x,div_y,cycle,timer,op1,op2,op3,,,,,,,
#SRC_IMAGE,0,0,1530,1635,500,500,1,1,0,0,0,0,0,,,,,,,
//DST定義,(NULL),time,x,y,w,h,acc,a,r,g,b,blend,filter,angle,center,loop,timer,op1,op2,op3
#DST_IMAGE,0,0,387,112,500,500,0,155,255,255,255,1,1,45,0,500,0,91,0,0
#DST_IMAGE,0,350,387,112,500,500,0,155,255,255,255,1,1,45,0,500,0,91,0,0
#DST_IMAGE,0,500,387,112,500,500,0,255,255,255,255,1,1,0,0,,,,,

/リザルト起動時黒
//SRC定義,(NULL),gr,x,y,w,h,div_x,div_y,cycle,timer,op1,op2,op3,,,,,,,
#SRC_IMAGE,0,0,2568,901,1280,720,1,1,0,0,0,0,0,,,,,,,
//DST定義,(NULL),time,x,y,w,h,acc,a,r,g,b,blend,filter,angle,center,loop,timer,op1,op2,op3
#DST_IMAGE,0,0,0,0,1280,720,0,255,255,255,255,4,0,0,0,599,0,91,0,0
#DST_IMAGE,0,598,0,0,1280,720,0,255,255,255,255,4,0,0,0,,,,,
#DST_IMAGE,0,599,0,0,1280,720,0,0,255,255,255,4,0,0,0,,,,,

-----こっちはクリア-------------------------------------------------------------------------------
/青背景
//SRC定義,(NULL),gr,x,y,w,h,div_x,div_y,cycle,timer,op1,op2,op3,,,,,,,
#SRC_IMAGE,0,0,0,914,1280,720,1,1,0,0,0,0,0,,,,,,,
//DST定義,(NULL),time,x,y,w,h,acc,a,r,g,b,blend,filter,angle,center,loop,timer,op1,op2,op3
#DST_IMAGE,0,0,0,0,1280,720,0,255,255,255,255,2,0,0,0,100,0,90,0,0
#DST_IMAGE,0,100,0,0,1280,720,0,255,255,255,255,2,0,0,0,,,,,

/青ハイライト
//SRC定義,(NULL),gr,x,y,w,h,div_x,div_y,cycle,timer,op1,op2,op3,,,,,,,
#SRC_IMAGE,0,0,1281,914,1280,720,1,1,0,0,0,0,0,,,,,,,
//DST定義,(NULL),time,x,y,w,h,acc,a,r,g,b,blend,filter,angle,center,loop,timer,op1,op2,op3
#DST_IMAGE,0,0,0,0,1280,720,0,0,255,255,255,1,0,0,0,100,0,90,0,0
#DST_IMAGE,0,100,0,0,1280,720,0,225,255,255,255,1,0,0,0,,,,,

/十字
//SRC定義,(NULL),gr,x,y,w,h,div_x,div_y,cycle,timer,op1,op2,op3,,,,,,,
#SRC_IMAGE,0,0,2575,866,1211,22,1,2,75,0,0,0,0,,,,,,,
//DST定義,(NULL),time,x,y,w,h,acc,a,r,g,b,blend,filter,angle,center,loop,timer,op1,op2,op3
#DST_IMAGE,0,0,32,-11,1211,11,0,155,255,255,255,2,0,0,0,0,0,90,0,0
#DST_IMAGE,0,2000,32,105,1211,11,0,0,255,255,255,2,0,0,0,,,,,
/十字
//SRC定義,(NULL),gr,x,y,w,h,div_x,div_y,cycle,timer,op1,op2,op3,,,,,,,
#SRC_IMAGE,0,0,2575,866,1211,22,1,2,75,0,0,0,0,,,,,,,
//DST定義,(NULL),time,x,y,w,h,acc,a,r,g,b,blend,filter,angle,center,loop,timer,op1,op2,op3
#DST_IMAGE,0,1000,32,-11,1211,11,0,155,255,255,255,2,0,0,0,1000,0,90,0,0
#DST_IMAGE,0,3000,32,105,1211,11,0,0,255,255,255,2,0,0,0,,,,,

/十字下
//SRC定義,(NULL),gr,x,y,w,h,div_x,div_y,cycle,timer,op1,op2,op3,,,,,,,
#SRC_IMAGE,0,0,2575,866,1211,22,1,2,75,0,0,0,0,,,,,,,
//DST定義,(NULL),time,x,y,w,h,acc,a,r,g,b,blend,filter,angle,center,loop,timer,op1,op2,op3
#DST_IMAGE,0,0,32,706,1211,11,0,155,255,255,255,2,0,0,0,0,0,90,0,0
#DST_IMAGE,0,2000,32,590,1211,11,0,0,255,255,255,2,0,0,0,,,,,
/十字下
//SRC定義,(NULL),gr,x,y,w,h,div_x,div_y,cycle,timer,op1,op2,op3,,,,,,,
#SRC_IMAGE,0,0,2575,866,1211,22,1,2,75,0,0,0,0,,,,,,,
//DST定義,(NULL),time,x,y,w,h,acc,a,r,g,b,blend,filter,angle,center,loop,timer,op1,op2,op3
#DST_IMAGE,0,1000,32,706,1211,11,0,155,255,255,255,2,0,0,0,1000,0,90,0,0
#DST_IMAGE,0,3000,32,590,1211,11,0,0,255,255,255,2,0,0,0,,,,,


/エフェクト上
//SRC定義,(NULL),gr,x,y,w,h,div_x,div_y,cycle,timer,op1,op2,op3,,,,,,,
#SRC_IMAGE,0,0,2120,0,1280,125,1,1,0,0,0,0,0,,,,,,,
//DST定義,(NULL),time,x,y,w,h,acc,a,r,g,b,blend,filter,angle,center,loop,timer,op1,op2,op3
#DST_IMAGE,0,0,0,0,1280,125,0,255,255,255,255,1,0,0,0,100,0,90,0,0

/エフェクト下
//SRC定義,(NULL),gr,x,y,w,h,div_x,div_y,cycle,timer,op1,op2,op3,,,,,,,
#SRC_IMAGE,0,0,2120,130,1280,125,1,1,0,0,0,0,0,,,,,,,
//DST定義,(NULL),time,x,y,w,h,acc,a,r,g,b,blend,filter,angle,center,loop,timer,op1,op2,op3
#DST_IMAGE,0,0,0,573,1280,125,0,255,255,255,255,1,0,0,0,100,0,90,0,0


/暗歯車下ハイライト
//SRC定義,(NULL),gr,x,y,w,h,div_x,div_y,cycle,timer,op1,op2,op3,,,,,,,
#SRC_IMAGE,0,0,408,2199,573,573,1,1,0,0,0,0,0,,,,,,,
//DST定義,(NULL),time,x,y,w,h,acc,a,r,g,b,blend,filter,angle,center,loop,timer,op1,op2,op3
#DST_IMAGE,0,0,357,85,573,573,0,255,255,255,255,2,0,0,0,0,0,90,0,0
#DST_IMAGE,0,1200,357,85,573,573,0,255,255,255,255,2,0,0,0,,,,,
#DST_IMAGE,0,1350,357,85,573,573,0,90,255,255,255,2,0,0,0,,,,,
#DST_IMAGE,0,1500,357,85,573,573,0,255,255,255,255,2,0,0,0,,,,,
#DST_IMAGE,0,1800,357,85,573,573,0,255,255,255,255,2,0,0,0,,,,,
#DST_IMAGE,0,2150,357,85,573,573,0,0,255,255,255,2,0,0,0,,,,,
#DST_IMAGE,0,2500,357,85,573,573,0,255,255,255,255,2,0,0,0,,,,,

/暗歯車
//SRC定義,(NULL),gr,x,y,w,h,div_x,div_y,cycle,timer,op1,op2,op3,,,,,,,
#SRC_IMAGE,0,0,0,1636,524,524,1,1,0,0,0,0,0,,,,,,,
//DST定義,(NULL),time,x,y,w,h,acc,a,r,g,b,blend,filter,angle,center,loop,timer,op1,op2,op3
#DST_IMAGE,0,0,381,110,524,524,0,0,255,255,255,1,1,0,0,200,0,90,0,0
#DST_IMAGE,0,200,381,110,524,524,0,245,255,255,255,1,1,0,0,,,,,
#DST_IMAGE,0,19200,381,110,524,524,0,245,255,255,255,1,1,360,0,,,,,

/明歯車
//SRC定義,(NULL),gr,x,y,w,h,div_x,div_y,cycle,timer,op1,op2,op3,,,,,,,
#SRC_IMAGE,0,0,546,1636,466,468,1,1,0,0,0,0,0,,,,,,,
//DST定義,(NULL),time,x,y,w,h,acc,a,r,g,b,blend,filter,angle,center,loop,timer,op1,op2,op3
#DST_IMAGE,0,550,410,137,466,468,0,0,255,255,255,1,1,0,0,950,0,90,0,0
#DST_IMAGE,0,950,410,137,466,468,0,245,255,255,255,1,1,0,0,,,,,
#DST_IMAGE,0,3950,410,137,466,468,0,245,255,255,255,1,1,0,0,,,,,
#DST_IMAGE,0,5750,410,137,466,468,0,35,255,255,255,1,1,0,0,,,,,
#DST_IMAGE,0,12950,410,137,466,468,0,55,255,255,255,1,1,0,0,,,,,
#DST_IMAGE,0,13650,410,137,466,468,0,245,255,255,255,1,1,0,0,,,,,

/中心円
//SRC定義,(NULL),gr,x,y,w,h,div_x,div_y,cycle,timer,op1,op2,op3,,,,,,,
#SRC_IMAGE,0,0,0,2581,338,338,1,1,0,0,0,0,0,,,,,,,
//DST定義,(NULL),time,x,y,w,h,acc,a,r,g,b,blend,filter,angle,center,loop,timer,op1,op2,op3
#DST_IMAGE,0,0,475,203,338,338,0,255,255,255,255,1,0,45,0,500,0,90,0,0
#DST_IMAGE,0,350,475,203,338,338,0,255,255,255,255,1,0,45,0,500,0,90,0,0
#DST_IMAGE,0,500,475,203,338,338,0,255,255,255,255,1,0,0,0,,,,,

/中心明円
//SRC定義,(NULL),gr,x,y,w,h,div_x,div_y,cycle,timer,op1,op2,op3,,,,,,,
#SRC_IMAGE,0,0,1281,418,300,300,1,1,0,0,0,0,0,,,,,,,
//DST定義,(NULL),time,x,y,w,h,acc,a,r,g,b,blend,filter,angle,center,loop,timer,op1,op2,op3
#DST_IMAGE,0,0,495,222,300,300,0,255,255,255,255,1,0,45,0,500,0,90,0,0
#DST_IMAGE,0,350,495,222,300,300,0,255,255,255,255,1,0,45,0,500,0,90,0,0
#DST_IMAGE,0,500,495,222,300,300,0,255,255,255,255,1,0,0,0,,,,,

/中心明円点滅
//SRC定義,(NULL),gr,x,y,w,h,div_x,div_y,cycle,timer,op1,op2,op3,,,,,,,
#SRC_IMAGE,0,0,1281,418,300,300,1,1,0,0,0,0,0,,,,,,,
//DST定義,(NULL),time,x,y,w,h,acc,a,r,g,b,blend,filter,angle,center,loop,timer,op1,op2,op3
#DST_IMAGE,0,500,495,222,300,300,0,0,255,255,255,2,0,0,0,500,0,90,0,0
#DST_IMAGE,0,800,495,222,300,300,0,30,255,255,255,2,0,0,0,0,0,90,0,0
#DST_IMAGE,0,1000,495,222,300,300,0,0,255,255,255,2,0,0,0,0,0,90,0,0

/針
//SRC定義,(NULL),gr,x,y,w,h,div_x,div_y,cycle,timer,op1,op2,op3,,,,,,,
#SRC_IMAGE,0,0,1029,1635,500,500,1,1,0,0,0,0,0,,,,,,,
//DST定義,(NULL),time,x,y,w,h,acc,a,r,g,b,blend,filter,angle,center,loop,timer,op1,op2,op3
#DST_IMAGE,0,0,387,112,500,500,0,155,255,255,255,1,1,45,0,500,0,90,0,0
#DST_IMAGE,0,350,387,112,500,500,0,155,255,255,255,1,1,45,0,500,0,90,0,0
#DST_IMAGE,0,500,387,112,500,500,0,255,255,255,255,1,1,0,0,,,,,

/リザルト起動時黒
//SRC定義,(NULL),gr,x,y,w,h,div_x,div_y,cycle,timer,op1,op2,op3,,,,,,,
#SRC_IMAGE,0,0,2568,901,1280,720,1,1,0,0,0,0,0,,,,,,,
//DST定義,(NULL),time,x,y,w,h,acc,a,r,g,b,blend,filter,angle,center,loop,timer,op1,op2,op3
#DST_IMAGE,0,0,0,0,1280,720,0,255,255,255,255,4,0,0,0,599,0,90,0,0
#DST_IMAGE,0,598,0,0,1280,720,0,255,255,255,255,4,0,0,0,,,,,
#DST_IMAGE,0,599,0,0,1280,720,0,0,255,255,255,4,0,0,0,,,,,



////////////////////////////////////////////,,,,,,,,,,,,,,,,,,,,
//A,//option90 リザ クリア,,,,//option302 1P A,,,,,,,,,,,,,,,
/////////////////////////////////,,,,,,,,,,,,,,,,,,,,
//SRC定義,(NULL),gr,x,y,w,h,div_x,div_y,cycle,timer,op1,op2,op3,,,,,,,
#SRC_IMAGE,0,3,0,0,1280,720,1,1,0,0,0,0,0,,,,,,,
//DST定義,(NULL),time,x,y,w,h,acc,a,r,g,b,blend,filter,angle,center,loop,timer,op1,op2,op3
#DST_IMAGE,0,0,0,0,1280,720,0,255,255,255,255,0,0,0,0,0,0,90,302,0

/////////////////////////////////,,,,,,,,,,,,,,,,,,,,
//AA,//option90 リザ クリア,,,,//option301 1P AA,,,,,,,,,,,,,,,
/////////////////////////////////,,,,,,,,,,,,,,,,,,,,
//SRC定義,(NULL),gr,x,y,w,h,div_x,div_y,cycle,timer,op1,op2,op3,,,,,,,
#SRC_IMAGE,0,2,0,0,1280,720,1,1,0,0,0,0,0,,,,,,,
//DST定義,(NULL),time,x,y,w,h,acc,a,r,g,b,blend,filter,angle,center,loop,timer,op1,op2,op3
#DST_IMAGE,0,0,0,0,1280,720,0,255,255,255,255,0,0,0,0,0,0,90,301,0

/////////////////////////////////,,,,,,,,,,,,,,,,,,,,
//AAA,//option90 リザ クリア,,,,//option300 1P AAA,,,,,,,,,,,,,,,
/////////////////////////////////,,,,,,,,,,,,,,,,,,,,
//SRC定義,(NULL),gr,x,y,w,h,div_x,div_y,cycle,timer,op1,op2,op3,,,,,,,
#SRC_IMAGE,0,1,0,0,1280,720,1,1,0,0,0,0,0,,,,,,,
//DST定義,(NULL),time,x,y,w,h,acc,a,r,g,b,blend,filter,angle,center,loop,timer,op1,op2,op3
#DST_IMAGE,0,0,0,0,1280,720,0,255,255,255,255,0,0,0,0,0,0,90,300,0


//フラッシュclear,,,,,,,,,,,,,,,,,,,,
//SRC定義,(NULL),gr,x,y,w,h,div_x,div_y,cycle,timer,op1,op2,op3,,,,,,,
#SRC_IMAGE,0,0,958,89,1,1,1,1,0,0,0,0,0,,,,,,,
//DST定義,(NULL),time,x,y,w,h,acc,a,r,g,b,blend,filter,angle,center,loop,timer,op1,op2,op3
#DST_IMAGE,0,600,0,0,1280,720,2,200,255,255,255,1,0,0,0,-1,0,90,0,0
#DST_IMAGE,0,1550,0,0,1280,720,2,0,255,255,255,1,0,0,0,,,,,

//フェードインfail,,,,,,,,,,,,,,,,,,,,
//SRC定義,(NULL),gr,x,y,w,h,div_x,div_y,cycle,timer,op1,op2,op3,,,,,,,
#SRC_IMAGE,0,0,960,89,1,1,1,1,0,0,0,0,0,,,,,,,
//DST定義,(NULL),time,x,y,w,h,acc,a,r,g,b,blend,filter,angle,center,loop,timer,op1,op2,op3
#DST_IMAGE,0,600,0,0,1280,720,2,200,255,255,255,1,0,0,0,-1,0,91,0,0
#DST_IMAGE,0,1550,0,0,1280,720,2,0,255,255,255,1,0,0,0,,,,,

/リザルト起動時黒
//SRC定義,(NULL),gr,x,y,w,h,div_x,div_y,cycle,timer,op1,op2,op3,,,,,,,
#SRC_IMAGE,0,0,2568,901,1280,720,1,1,0,0,0,0,0,,,,,,,
//DST定義,(NULL),time,x,y,w,h,acc,a,r,g,b,blend,filter,angle,center,loop,timer,op1,op2,op3
#DST_IMAGE,0,600,0,0,1280,720,2,100,255,255,255,2,0,0,0,-1,,,,
#DST_IMAGE,0,1350,0,0,1280,720,2,0,255,255,255,2,0,0,0,,,,,


//SRC定義,(NULL),gr,x,y,w,h,div_x,div_y,cycle,timer,op1,op2,op3,,,,,,,
#SRC_IMAGE,0,110,0,0,1,1,1,1,0,0,0,0,0,,,,,,,
//DST定義,(NULL),time,x,y,w,h,acc,a,r,g,b,blend,filter,angle,center,loop,timer,op1,op2,op3
#DST_IMAGE,0,0,0,0,20,720,0,255,255,255,255,1,0,0,0,0,0,0,0,0
//SRC定義,(NULL),gr,x,y,w,h,div_x,div_y,cycle,timer,op1,op2,op3,,,,,,,
#SRC_IMAGE,0,110,0,0,1,1,1,1,0,0,0,0,0,,,,,,,
//DST定義,(NULL),time,x,y,w,h,acc,a,r,g,b,blend,filter,angle,center,loop,timer,op1,op2,op3
#DST_IMAGE,0,0,1260,0,20,720,0,255,255,255,255,1,0,0,0,0,0,0,0,0


STAGE RESULT
//SRC定義,(NULL),gr,x,y,w,h,div_x,div_y,cycle,timer,op1,op2,op3,,,,,,,
#SRC_IMAGE,0,0,604,373,256,30,1,1,0,0,0,0,0,,,,,,,
//DST定義,(NULL),time,x,y,w,h,acc,a,r,g,b,blend,filter,angle,center,loop,timer,op1,op2,op3
#DST_IMAGE,0,0,512,14,256,30,2,255,255,255,255,1,0,0,0,0,0,90,0,0
STAGE RESULT-F
//SRC定義,(NULL),gr,x,y,w,h,div_x,div_y,cycle,timer,op1,op2,op3,,,,,,,
#SRC_IMAGE,0,0,604,343,256,30,1,1,0,0,0,0,0,,,,,,,
//DST定義,(NULL),time,x,y,w,h,acc,a,r,g,b,blend,filter,angle,center,loop,timer,op1,op2,op3
#DST_IMAGE,0,0,512,14,256,30,2,255,255,255,255,1,0,0,0,0,0,91,0,0


/ミスカンまでのフレーム,,,,,,,,,,,,,,,,,,,,
//SRC定義,(NULL),gr,x,y,w,h,div_x,div_y,cycle,timer,op1,op2,op3,,,,,,,
#SRC_IMAGE,0,0,27,231,363,168,1,1,0,0,0,0,0,,,,,,,
//DST定義,(NULL),time,x,y,w,h,acc,a,r,g,b,blend,filter,angle,center,loop,timer,op1,op2,op3
#DST_IMAGE,0,300,17,231,363,168,2,0,170,255,255,1,0,0,0,500,0,0,0,0
#DST_IMAGE,0,500,27,231,363,168,2,255,255,255,255,1,0,0,0,0,0,0,0,0

/ペースメーカー,,,,,,,,,,,,,,,,,,,,
//SRC定義,(NULL),gr,x,y,w,h,div_x,div_y,cycle,timer,op1,op2,op3,,,,,,,
#SRC_IMAGE,0,0,31,402,355,32,1,1,0,0,0,0,0,,,,,,,
//DST定義,(NULL),time,x,y,w,h,acc,a,r,g,b,blend,filter,angle,center,loop,timer,op1,op2,op3
#DST_IMAGE,0,330,21,402,355,32,2,0,170,255,255,1,0,0,0,530,0,0,0,0
#DST_IMAGE,0,530,31,402,355,32,2,255,255,255,255,1,0,0,0,0,0,0,0,0
/PG,,,,,,,,,,,,,,,,,,,,
//SRC定義,(NULL),gr,x,y,w,h,div_x,div_y,cycle,timer,op1,op2,op3,,,,,,,
#SRC_IMAGE,0,0,31,437,247,27,1,1,0,0,0,0,0,,,,,,,
//DST定義,(NULL),time,x,y,w,h,acc,a,r,g,b,blend,filter,angle,center,loop,timer,op1,op2,op3
#DST_IMAGE,0,360,21,437,247,27,2,0,170,255,255,1,0,0,0,560,0,0,0,0
#DST_IMAGE,0,560,31,437,247,27,2,255,255,255,255,1,0,0,0,0,0,0,0,0
/G,,,,,,,,,,,,,,,,,,,,
//SRC定義,(NULL),gr,x,y,w,h,div_x,div_y,cycle,timer,op1,op2,op3,,,,,,,
#SRC_IMAGE,0,0,31,465,247,27,1,1,0,0,0,0,0,,,,,,,
//DST定義,(NULL),time,x,y,w,h,acc,a,r,g,b,blend,filter,angle,center,loop,timer,op1,op2,op3
#DST_IMAGE,0,390,21,465,247,27,2,0,170,255,255,1,0,0,0,590,0,0,0,0
#DST_IMAGE,0,590,31,465,247,27,2,255,255,255,255,1,0,0,0,0,0,0,0,0
/GD,,,,,,,,,,,,,,,,,,,
//SRC定義,(NULL),gr,x,y,w,h,div_x,div_y,cycle,timer,op1,op2,op3,,,,,,,
#SRC_IMAGE,0,0,31,493,247,27,1,1,0,0,0,0,0,,,,,,,
//DST定義,(NULL),time,x,y,w,h,acc,a,r,g,b,blend,filter,angle,center,loop,timer,op1,op2,op3
#DST_IMAGE,0,420,21,493,247,27,2,0,170,255,255,1,0,0,0,620,0,0,0,0
#DST_IMAGE,0,620,31,493,247,27,2,255,255,255,255,1,0,0,0,0,0,0,0,0
/BD,,,,,,,,,,,,,,,,,,,
//SRC定義,(NULL),gr,x,y,w,h,div_x,div_y,cycle,timer,op1,op2,op3,,,,,,,
#SRC_IMAGE,0,0,31,521,247,27,1,1,0,0,0,0,0,,,,,,,
//DST定義,(NULL),time,x,y,w,h,acc,a,r,g,b,blend,filter,angle,center,loop,timer,op1,op2,op3
#DST_IMAGE,0,450,21,521,247,27,2,0,170,255,255,1,0,0,0,650,0,0,0,0
#DST_IMAGE,0,650,31,521,247,27,2,255,255,255,255,1,0,0,0,0,0,0,0,0
/PR,,,,,,,,,,,,,,,,,,,
//SRC定義,(NULL),gr,x,y,w,h,div_x,div_y,cycle,timer,op1,op2,op3,,,,,,,
#SRC_IMAGE,0,0,31,549,247,27,1,1,0,0,0,0,0,,,,,,,
//DST定義,(NULL),time,x,y,w,h,acc,a,r,g,b,blend,filter,angle,center,loop,timer,op1,op2,op3
#DST_IMAGE,0,480,21,549,247,27,2,0,170,255,255,1,0,0,0,680,0,0,0,0
#DST_IMAGE,0,680,31,549,247,27,2,255,255,255,255,1,0,0,0,0,0,0,0,0
/COMBO,,,,,,,,,,,,,,,,,,,
//SRC定義,(NULL),gr,x,y,w,h,div_x,div_y,cycle,timer,op1,op2,op3,,,,,,,
#SRC_IMAGE,0,0,31,583,247,27,1,1,0,0,0,0,0,,,,,,,
//DST定義,(NULL),time,x,y,w,h,acc,a,r,g,b,blend,filter,angle,center,loop,timer,op1,op2,op3
#DST_IMAGE,0,510,21,583,247,27,2,0,170,255,255,1,0,0,0,710,0,0,0,0
#DST_IMAGE,0,710,31,583,247,27,2,255,255,255,255,1,0,0,0,0,0,0,0,0
/RATE,,,,,,,,,,,,,,,,,,,
//SRC定義,(NULL),gr,x,y,w,h,div_x,div_y,cycle,timer,op1,op2,op3,,,,,,,
#SRC_IMAGE,0,0,31,617,247,27,1,1,0,0,0,0,0,,,,,,,
//DST定義,(NULL),time,x,y,w,h,acc,a,r,g,b,blend,filter,angle,center,loop,timer,op1,op2,op3
#DST_IMAGE,0,540,21,617,247,27,2,0,170,255,255,1,0,0,0,740,0,0,0,0
#DST_IMAGE,0,740,31,617,247,27,2,255,255,255,255,1,0,0,0,0,0,0,0,0
/IR,,,,,,,,,,,,,,,,,,,
//SRC定義,(NULL),gr,x,y,w,h,div_x,div_y,cycle,timer,op1,op2,op3,,,,,,,
#SRC_IMAGE,0,0,31,645,247,27,1,1,0,0,0,0,0,,,,,,,
//DST定義,(NULL),time,x,y,w,h,acc,a,r,g,b,blend,filter,angle,center,loop,timer,op1,op2,op3
#DST_IMAGE,0,570,21,645,247,27,2,0,170,255,255,1,0,0,0,770,0,0,0,0
#DST_IMAGE,0,770,31,645,247,27,2,255,255,255,255,1,0,0,0,0,0,0,0,0


/ショップランキング,,,,,,,,,,,,,,,,,,,,
//SRC定義,(NULL),gr,x,y,w,h,div_x,div_y,cycle,timer,op1,op2,op3,,,,,,,
#SRC_IMAGE,0,0,2137,288,386,625,1,1,0,0,0,0,0,,,,,,,
//DST定義,(NULL),time,x,y,w,h,acc,a,r,g,b,blend,filter,angle,center,loop,timer,op1,op2,op3
#DST_IMAGE,0,0,872,55,386,625,2,0,255,255,255,1,0,0,0,700,0,0,0,0
#DST_IMAGE,0,700,872,55,386,625,2,255,255,255,255,1,0,0,0,0,0,0,0,0


/上昇
//SRC定義,(NULL),gr,x,y,w,h,div_x,div_y,cycle,timer,op1,op2,op3,,,,,,,
#SRC_IMAGE,0,0,3412,136,208,118,1,1,0,0,0,0,0,,,,,,,
//DST定義,(NULL),time,x,y,w,h,acc,a,r,g,b,blend,filter,angle,center,loop,timer,op1,op2,op3
#DST_IMAGE,0,700,958,558,208,118,0,0,255,255,255,1,0,0,0,700,0,0,0,0
#DST_IMAGE,0,4700,958,385,208,118,0,215,255,255,255,1,0,0,0,0,0,0,0,0
#DST_IMAGE,0,8700,958,212,208,118,0,0,255,255,255,1,0,0,0,0,0,0,0,0
/上昇
//SRC定義,(NULL),gr,x,y,w,h,div_x,div_y,cycle,timer,op1,op2,op3,,,,,,,
#SRC_IMAGE,0,0,3412,136,208,118,1,1,0,0,0,0,0,,,,,,,
//DST定義,(NULL),time,x,y,w,h,acc,a,r,g,b,blend,filter,angle,center,loop,timer,op1,op2,op3
#DST_IMAGE,0,2300,958,558,208,118,0,0,255,255,255,1,0,0,0,2300,0,0,0,0
#DST_IMAGE,0,6300,958,385,208,118,0,215,255,255,255,1,0,0,0,0,0,0,0,0
#DST_IMAGE,0,10300,958,212,208,118,0,0,255,255,255,1,0,0,0,0,0,0,0,0
/上昇
//SRC定義,(NULL),gr,x,y,w,h,div_x,div_y,cycle,timer,op1,op2,op3,,,,,,,
#SRC_IMAGE,0,0,3412,136,208,118,1,1,0,0,0,0,0,,,,,,,
//DST定義,(NULL),time,x,y,w,h,acc,a,r,g,b,blend,filter,angle,center,loop,timer,op1,op2,op3
#DST_IMAGE,0,3900,958,558,208,118,0,0,255,255,255,1,0,0,0,3900,0,0,0,0
#DST_IMAGE,0,7900,958,385,208,118,0,215,255,255,255,1,0,0,0,0,0,0,0,0
#DST_IMAGE,0,11900,958,212,208,118,0,0,255,255,255,1,0,0,0,0,0,0,0,0
/上昇
//SRC定義,(NULL),gr,x,y,w,h,div_x,div_y,cycle,timer,op1,op2,op3,,,,,,,
#SRC_IMAGE,0,0,3412,136,208,118,1,1,0,0,0,0,0,,,,,,,
//DST定義,(NULL),time,x,y,w,h,acc,a,r,g,b,blend,filter,angle,center,loop,timer,op1,op2,op3
#DST_IMAGE,0,5500,958,558,208,118,0,0,255,255,255,1,0,0,0,5500,0,0,0,0
#DST_IMAGE,0,9500,958,385,208,118,0,215,255,255,255,1,0,0,0,0,0,0,0,0
#DST_IMAGE,0,13500,958,212,208,118,0,0,255,255,255,1,0,0,0,0,0,0,0,0
/上昇
//SRC定義,(NULL),gr,x,y,w,h,div_x,div_y,cycle,timer,op1,op2,op3,,,,,,,
#SRC_IMAGE,0,0,3412,136,208,118,1,1,0,0,0,0,0,,,,,,,
//DST定義,(NULL),time,x,y,w,h,acc,a,r,g,b,blend,filter,angle,center,loop,timer,op1,op2,op3
#DST_IMAGE,0,7100,958,558,208,118,0,0,255,255,255,1,0,0,0,7100,0,0,0,0
#DST_IMAGE,0,11100,958,385,208,118,0,215,255,255,255,1,0,0,0,0,0,0,0,0
#DST_IMAGE,0,15100,958,212,208,118,0,0,255,255,255,1,0,0,0,0,0,0,0,0


/自分
//SRC定義,(NULL),gr,x,y,w,h,div_x,div_y,cycle,timer,op1,op2,op3,,,,,,,
#SRC_IMAGE,0,0,877,515,383,70,1,1,0,0,0,0,0,,,,,,,
//DST定義,(NULL),time,x,y,w,h,acc,a,r,g,b,blend,filter,angle,center,loop,timer,op1,op2,op3
#DST_IMAGE,0,400,875,227,383,70,2,0,255,255,255,1,0,0,0,700,0,0,0,0
#DST_IMAGE,0,700,875,227,383,70,2,255,255,255,255,1,0,0,0,0,0,0,0,0

/フラッシュ
//SRC定義,(NULL),gr,x,y,w,h,div_x,div_y,cycle,timer,op1,op2,op3,,,,,,,
#SRC_IMAGE,0,0,877,588,74,40,2,1,90,0,0,0,0,,,,,,,
//DST定義,(NULL),time,x,y,w,h,acc,a,r,g,b,blend,filter,angle,center,loop,timer,op1,op2,op3
#DST_IMAGE,0,400,1042,50,37,40,0,0,255,255,255,1,0,0,0,700,0,0,0,0
#DST_IMAGE,0,700,1042,50,37,40,0,255,255,255,255,1,0,0,0,0,0,0,0,0

/2位
//SRC定義,(NULL),gr,x,y,w,h,div_x,div_y,cycle,timer,op1,op2,op3,,,,,,,
#SRC_IMAGE,0,0,877,369,384,70,1,1,0,0,0,0,0,,,,,,,
//DST定義,(NULL),time,x,y,w,h,acc,a,r,g,b,blend,filter,angle,center,loop,timer,op1,op2,op3
#DST_IMAGE,0,400,874,317,384,70,2,0,255,255,255,1,0,0,0,700,0,0,0,0
#DST_IMAGE,0,700,874,317,384,70,2,255,255,255,255,1,0,0,0,0,0,0,0,0
//SRC定義,(NULL),gr,x,y,w,h,div_x,div_y,cycle,timer,op1,op2,op3,,,,,,,
#SRC_IMAGE,0,0,1218,328,38,38,1,1,0,0,0,0,0,,,,,,,
//DST定義,(NULL),time,x,y,w,h,acc,a,r,g,b,blend,filter,angle,center,loop,timer,op1,op2,op3
#DST_IMAGE,0,400,1212,334,38,38,0,0,255,255,255,1,1,0,0,700,0,0,0,0
#DST_IMAGE,0,700,1212,334,38,38,0,255,255,255,255,1,1,0,0,0,
#DST_IMAGE,0,4200,1212,334,38,38,0,255,255,255,255,1,1,360,
/3位
//SRC定義,(NULL),gr,x,y,w,h,div_x,div_y,cycle,timer,op1,op2,op3,,,,,,,
#SRC_IMAGE,0,0,877,369,384,70,1,1,0,0,0,0,0,,,,,,,
//DST定義,(NULL),time,x,y,w,h,acc,a,r,g,b,blend,filter,angle,center,loop,timer,op1,op2,op3
#DST_IMAGE,0,400,874,407,384,70,2,0,255,255,255,1,0,0,0,700,0,0,0,0
#DST_IMAGE,0,700,874,407,384,70,2,255,255,255,255,1,0,0,0,0,0,0,0,0
//SRC定義,(NULL),gr,x,y,w,h,div_x,div_y,cycle,timer,op1,op2,op3,,,,,,,
#SRC_IMAGE,0,0,1218,328,38,38,1,1,0,0,0,0,0,,,,,,,
//DST定義,(NULL),time,x,y,w,h,acc,a,r,g,b,blend,filter,angle,center,loop,timer,op1,op2,op3
#DST_IMAGE,0,400,1212,424,38,38,0,0,255,255,255,1,1,0,0,700,0,0,0,0
#DST_IMAGE,0,700,1212,424,38,38,0,255,255,255,255,1,1,0,0,0,
#DST_IMAGE,0,4200,1212,424,38,38,0,255,255,255,255,1,1,360,
/4位
//SRC定義,(NULL),gr,x,y,w,h,div_x,div_y,cycle,timer,op1,op2,op3,,,,,,,
#SRC_IMAGE,0,0,877,369,384,70,1,1,0,0,0,0,0,,,,,,,
//DST定義,(NULL),time,x,y,w,h,acc,a,r,g,b,blend,filter,angle,center,loop,timer,op1,op2,op3
#DST_IMAGE,0,400,874,497,384,70,2,0,255,255,255,1,0,0,0,700,0,0,0,0
#DST_IMAGE,0,700,874,497,384,70,2,255,255,255,255,1,0,0,0,0,0,0,0,0
//SRC定義,(NULL),gr,x,y,w,h,div_x,div_y,cycle,timer,op1,op2,op3,,,,,,,
#SRC_IMAGE,0,0,1218,328,38,38,1,1,0,0,0,0,0,,,,,,,
//DST定義,(NULL),time,x,y,w,h,acc,a,r,g,b,blend,filter,angle,center,loop,timer,op1,op2,op3
#DST_IMAGE,0,400,1212,514,38,38,0,0,255,255,255,1,1,0,0,700,0,0,0,0
#DST_IMAGE,0,700,1212,514,38,38,0,255,255,255,255,1,1,0,0,0,
#DST_IMAGE,0,4200,1212,514,38,38,0,255,255,255,255,1,1,360,
/5位
//SRC定義,(NULL),gr,x,y,w,h,div_x,div_y,cycle,timer,op1,op2,op3,,,,,,,
#SRC_IMAGE,0,0,877,369,384,70,1,1,0,0,0,0,0,,,,,,,
//DST定義,(NULL),time,x,y,w,h,acc,a,r,g,b,blend,filter,angle,center,loop,timer,op1,op2,op3
#DST_IMAGE,0,400,874,587,384,70,2,0,255,255,255,1,0,0,0,700,0,0,0,0
#DST_IMAGE,0,700,874,587,384,70,2,255,255,255,255,1,0,0,0,0,0,0,0,0
//SRC定義,(NULL),gr,x,y,w,h,div_x,div_y,cycle,timer,op1,op2,op3,,,,,,,
#SRC_IMAGE,0,0,1218,328,38,38,1,1,0,0,0,0,0,,,,,,,
//DST定義,(NULL),time,x,y,w,h,acc,a,r,g,b,blend,filter,angle,center,loop,timer,op1,op2,op3
#DST_IMAGE,0,400,1212,604,38,38,0,0,255,255,255,1,1,0,0,700,0,0,0,0
#DST_IMAGE,0,700,1212,604,38,38,0,255,255,255,255,1,1,0,0,0,
#DST_IMAGE,0,4200,1212,604,38,38,0,255,255,255,255,1,1,360,
//DJ NAME,,,,,,,,,,,,,,,,,,,,
//SRC定義,(NULL),font,st,align,edit,,,,,,,,,,,,,,,
#SRC_TEXT,0,5,2,0,0,,,,,,,,,,,,,,,
//DST定義,(NULL),time,x,y,w,size,acc,a,r,g,b,blend,filter,(NULL),(NULL),loop,timer,(NULL),(NULL),(NULL)
#DST_TEXT,0,500,981,236,75,21,0,0,255,255,255,1,1,0,0,1000,0,0,0,0
#DST_TEXT,0,1000,981,236,75,21,0,255,255,255,255,1,1,0,0,,,,,
/ランキング,小,,,,,,,,,,,,,,,,,,,,
//SRC定義,(null),gr,x,y,w,h,div_x,div_y,cycle,timer,num,align,keta,,,,,,,
#SRC_NUMBER,0,0,602,491,209,17,11,1,0,0,179,0,4,,,,,,,
//DST定義,(NULL),time,x,y,w,h,acc,a,r,g,b,blend,filter,angle,center,loop,timer,op1,op2,op3
#DST_NUMBER,0,400,887,238,18,17,0,30,255,255,255,1,1,0,0,700,0,0,0,0
#DST_NUMBER,0,700,887,238,18,17,0,255,255,255,255,1,1,0,0,0,0,0,0,0
//EXSCORE,,,,,,,,,,,,,,,,,,,,
//SRC定義,(null),gr,x,y,w,h,div_x,div_y,cycle,timer,num,align,keta,,,,,,,
#SRC_NUMBER,0,0,957,1,220,17,11,1,0,0,171,0,4,,,,,,,
//DST定義,(NULL),time,x,y,w,h,acc,a,r,g,b,blend,filter,angle,center,loop,timer,op1,op2,op3
#DST_NUMBER,0,400,1066,237,20,17,0,30,255,255,255,1,0,0,0,700,0,0,0,0
#DST_NUMBER,0,700,1066,237,20,17,0,255,255,255,255,1,0,0,0,0,0,0,0,0

//バーグラフ,,,,,,,,,,,,,,,,,,,,
//SRC定義,(NULL),gr,x,y,w,h,div_x,div_y,cycle,timer,type,muki,op3,,,,,,,
#SRC_BARGRAPH,0,0,568,550,302,16,1,1,0,0,47,0,0,,,,,,,
//DST定義,(NULL),time,x,y,w,h,acc,a,r,g,b,blend,filter,angle,center,loop,timer,op1,op2,op3
#DST_BARGRAPH,0,400,899,270,302,16,2,40,255,255,255,2,0,0,0,700,0,-105,0,0
#DST_BARGRAPH,0,700,899,270,302,16,2,205,255,255,255,2,0,0,0,
//バーグラフルコンAAA,,,,,,,,,,,,,,,,,,,,
//SRC定義,(NULL),gr,x,y,w,h,div_x,div_y,cycle,timer,type,muki,op3,,,,,,,
#SRC_BARGRAPH,0,0,568,533,302,16,1,1,0,0,47,0,0,,,,,,,
//DST定義,(NULL),time,x,y,w,h,acc,a,r,g,b,blend,filter,angle,center,loop,timer,op1,op2,op3
#DST_BARGRAPH,0,400,899,270,302,16,2,40,255,255,255,2,0,0,0,700,0,105,110,0
#DST_BARGRAPH,0,700,899,270,302,16,2,205,255,255,255,2,0,0,0,
//バーグラフルコン,,,,,,,,,,,,,,,,,,,,
//SRC定義,(NULL),gr,x,y,w,h,div_x,div_y,cycle,timer,type,muki,op3,,,,,,,
#SRC_BARGRAPH,0,0,568,516,302,16,1,1,0,0,47,0,0,,,,,,,
//DST定義,(NULL),time,x,y,w,h,acc,a,r,g,b,blend,filter,angle,center,loop,timer,op1,op2,op3
#DST_BARGRAPH,0,400,899,270,302,16,2,40,255,255,255,2,0,0,0,700,0,105,0,0
#DST_BARGRAPH,0,700,899,270,302,16,2,205,255,255,255,2,0,0,0,

/ランプFAILED,,,,,,,,,,,,,,,,,,,,
//SRC定義,(NULL),gr,x,y,w,h,div_x,div_y,cycle,timer,op1,op2,op3,,,,,,,
#SRC_IMAGE,0,0,646,583,26,88,1,2,50,0,0,0,0,,,,,,,
//DST定義,(NULL),time,x,y,w,h,acc,a,r,g,b,blend,filter,angle,center,loop,timer,op1,op2,op3
#DST_IMAGE,0,400,872,256,26,44,0,0,255,255,255,1,0,0,0,700,0,101,0,0
#DST_IMAGE,0,700,872,256,26,44,0,155,255,255,255,1,0,0,0,0,0,0,0,0
/ランプイージー,,,,,,,,,,,,,,,,,,,,
//SRC定義,(NULL),gr,x,y,w,h,div_x,div_y,cycle,timer,op1,op2,op3,,,,,,,
#SRC_IMAGE,0,0,672,583,26,44,1,1,0,0,0,0,0,,,,,,,
//DST定義,(NULL),time,x,y,w,h,acc,a,r,g,b,blend,filter,angle,center,loop,timer,op1,op2,op3
#DST_IMAGE,0,400,872,256,26,44,0,0,255,255,255,1,0,0,0,700,0,102,0,0
#DST_IMAGE,0,700,872,256,26,44,0,255,255,255,255,1,0,0,0,0,0,0,0,0
/ランプノマゲ,,,,,,,,,,,,,,,,,,,,
//SRC定義,(NULL),gr,x,y,w,h,div_x,div_y,cycle,timer,op1,op2,op3,,,,,,,
#SRC_IMAGE,0,0,568,583,26,44,1,1,0,0,0,0,0,,,,,,,
//DST定義,(NULL),time,x,y,w,h,acc,a,r,g,b,blend,filter,angle,center,loop,timer,op1,op2,op3
#DST_IMAGE,0,400,872,256,26,44,0,0,255,255,255,1,0,0,0,700,0,103,0,0
#DST_IMAGE,0,700,872,256,26,44,0,255,255,255,255,1,0,0,0,0,0,0,0,0
/ランプハード,,,,,,,,,,,,,,,,,,,,
//SRC定義,(NULL),gr,x,y,w,h,div_x,div_y,cycle,timer,op1,op2,op3,,,,,,,
#SRC_IMAGE,0,0,594,583,26,44,1,1,0,0,0,0,0,,,,,,,
//DST定義,(NULL),time,x,y,w,h,acc,a,r,g,b,blend,filter,angle,center,loop,timer,op1,op2,op3
#DST_IMAGE,0,400,872,256,26,44,0,0,255,255,255,1,0,0,0,700,0,104,0,0
#DST_IMAGE,0,700,872,256,26,44,0,255,255,255,255,1,0,0,0,0,0,0,0,0
/ランプフルコン,,,,,,,,,,,,,,,,,,,,
//SRC定義,(NULL),gr,x,y,w,h,div_x,div_y,cycle,timer,op1,op2,op3,,,,,,,
#SRC_IMAGE,0,0,568,583,78,44,3,1,100,0,0,0,0,,,,,,,
//DST定義,(NULL),time,x,y,w,h,acc,a,r,g,b,blend,filter,angle,center,loop,timer,op1,op2,op3
#DST_IMAGE,0,400,872,256,26,44,0,0,255,255,255,1,0,0,0,700,0,105,0,0
#DST_IMAGE,0,700,872,256,26,44,0,255,255,255,255,1,0,0,0,0,0,0,0,0


/ランキング,前,,,,,,,,,,,,,,,,,,,,
//SRC定義,(null),gr,x,y,w,h,div_x,div_y,cycle,timer,num,align,keta,,,,,,,
#SRC_NUMBER,0,0,602,454,260,33,10,1,0,0,182,0,4,,,,,,,
//DST定義,(NULL),time,x,y,w,h,acc,a,r,g,b,blend,filter,angle,center,loop,timer,op1,op2,op3
#DST_NUMBER,0,0,907,125,26,33,0,30,255,255,255,1,1,0,0,700,0,0,0,0
#DST_NUMBER,0,700,907,125,26,33,0,255,255,255,255,1,1,0,0,0,0,0,0,0
/ランキング,後,,,,,,,,,,,,,,,,,,,,
//SRC定義,(null),gr,x,y,w,h,div_x,div_y,cycle,timer,num,align,keta,,,,,,,
#SRC_NUMBER,0,0,602,454,260,33,10,1,0,0,179,0,4,,,,,,,
//DST定義,(NULL),time,x,y,w,h,acc,a,r,g,b,blend,filter,angle,center,loop,timer,op1,op2,op3
#DST_NUMBER,0,0,1098,125,26,33,0,30,255,255,255,1,1,0,0,700,0,0,0,0
#DST_NUMBER,0,700,1098,125,26,33,0,255,255,255,255,1,1,0,0,0,0,0,0,0


/曲,,,,,,,,,,,,,,,,,,,,
//SRC定義,(NULL),gr,x,y,w,h,div_x,div_y,cycle,timer,op1,op2,op3,,,,,,,
#SRC_IMAGE,0,0,0,675,1280,45,1,1,0,0,0,0,0,,,,,,,
//DST定義,(NULL),time,x,y,w,h,acc,a,r,g,b,blend,filter,angle,center,loop,timer,op1,op2,op3
#DST_IMAGE,0,0,0,675,1280,45,2,255,255,255,255,1,0,0,0,0,0,0,0,0

/ぐるーぶ,,,,,,,,,,,,,,,,,,,,
//SRC定義,(NULL),gr,x,y,w,h,div_x,div_y,cycle,timer,op1,op2,op3,,,,,,,
#SRC_IMAGE,0,0,30,8,360,186,1,1,0,0,0,0,0,,,,,,,
//DST定義,(NULL),time,x,y,w,h,acc,a,r,g,b,blend,filter,angle,center,loop,timer,op1,op2,op3
#DST_IMAGE,0,0,30,133,360,0,2,0,255,255,255,1,0,0,0,300,0,0,0,0
#DST_IMAGE,0,300,30,41,360,186,2,255,255,255,255,1,0,0,0,0,0,0,0,0


/タイトル+サブタイトル,,,,,,,,,,,,,,,,,,,,
//SRC定義,(NULL),font,st,align,edit,,,,,,,,,,,,,,,
#SRC_TEXT,0,1,12,1,0,,,,,,,,,,,,,,,
//DST定義,(NULL),time,x,y,w,size,acc,a,r,g,b,blend,filter,(NULL),(NULL),loop,timer,(NULL),(NULL),(NULL)
#DST_TEXT,0,500,599,674,630,40,0,0,255,255,255,0,1,0,0,600,0,0,0,0
#DST_TEXT,0,600,599,674,630,40,0,255,255,255,255,0,1,0,0,,,,,



--------------------------------------------------------------------------------------------------

//hard,,,,,,,,,,,,,,,,,,,,
//SRC定義,(NULL),gr,x,y,w,h,div_x,div_y,cycle,timer,op1,op2,op3,,,,,,,
#SRC_IMAGE,0,0,565,172,344,171,1,1,0,0,0,0,0,,,,,,,
//DST定義,(NULL),time,x,y,w,h,acc,a,r,g,b,blend,filter,angle,center,loop,timer,op1,op2,op3
#DST_IMAGE,0,50,38,49,344,171,2,0,255,255,255,2,0,0,0,350,0,42,0,0
#DST_IMAGE,0,350,38,49,344,171,2,70,255,255,255,2,0,0,0,,,,,

//hard,,,,,,,,,,,,,,,,,,,,
//SRC定義,(NULL),gr,x,y,w,h,div_x,div_y,cycle,timer,op1,op2,op3,,,,,,,
#SRC_IMAGE,0,0,565,0,344,171,1,1,0,0,0,0,0,,,,,,,
//DST定義,(NULL),time,x,y,w,h,acc,a,r,g,b,blend,filter,angle,center,loop,timer,op1,op2,op3
#DST_IMAGE,0,50,38,49,344,171,2,0,255,255,255,2,0,0,0,350,0,43,0,0
#DST_IMAGE,0,350,38,49,344,171,2,100,255,255,255,2,0,0,0,,,,,

//chart

//1P緑,,,,,,,,,,,,,,,,,,,,
//SRC定義,index,gr,x,y,w,h,div_x,div_y,cycle,timer,field_w,field_h,start,end,,,,,,
#SRC_GAUGECHART_1P,0,0,961,85,3,3,1,1,0,0,343,168,1000,2500,,,,,,
//DST定義,index,time,x,y,w,h,acc,a,r,g,b,blend,filter,angle,center,loop,timer,,,
#DST_GAUGECHART_1P,0,0,38,217,2,2,0,0,255,255,255,0,1,0,0,0,0,,,
,,,,,,,,,,,,,,,,,,,,
//1P赤,,,,,,,,,,,,,,,,,,,,
//SRC定義,index,gr,x,y,w,h,div_x,div_y,cycle,timer,field_w,field_h,start,end,,,,,,
#SRC_GAUGECHART_1P,1,0,958,85,3,3,1,1,0,0,343,168,1000,2500,,,,,,
//DST定義,index,time,x,y,w,h,acc,a,r,g,b,blend,filter,angle,center,loop,timer,,,
#DST_GAUGECHART_1P,1,0,38,217,2,2,0,0,255,255,255,0,1,0,0,0,0,,,
---------------------------------------------------------------
#IF,160,
SP表示,,,,,,,,,,,,,,,,,,,,
//SRC定義,(NULL),gr,x,y,w,h,div_x,div_y,cycle,timer,op1,op2,op3,,,,,,,
#SRC_IMAGE,0,0,1115,93,29,21,1,1,0,0,0,0,0,,,,,,,
//DST定義,(NULL),time,x,y,w,h,acc,a,r,g,b,blend,filter,angle,center,loop,timer,op1,op2,op3
#DST_IMAGE,0,300,45,194,29,21,2,0,255,255,255,1,0,0,0,700,0,0,0,0
#DST_IMAGE,0,700,45,194,29,21,2,255,255,255,255,1,0,0,0,0,0
#ENDIF
#IF,161,
SP表示,,,,,,,,,,,,,,,,,,,,
//SRC定義,(NULL),gr,x,y,w,h,div_x,div_y,cycle,timer,op1,op2,op3,,,,,,,
#SRC_IMAGE,0,0,1115,93,29,21,1,1,0,0,0,0,0,,,,,,,
//DST定義,(NULL),time,x,y,w,h,acc,a,r,g,b,blend,filter,angle,center,loop,timer,op1,op2,op3
#DST_IMAGE,0,300,45,194,29,21,2,0,255,255,255,1,0,0,0,700,0,0,0,0
#DST_IMAGE,0,700,45,194,29,21,2,255,255,255,255,1,0,0,0,0,0
#ENDIF

#IF,162,
DP表示,,,,,,,,,,,,,,,,,,,,
//SRC定義,(NULL),gr,x,y,w,h,div_x,div_y,cycle,timer,op1,op2,op3,,,,,,,
#SRC_IMAGE,0,0,1115,72,29,21,1,1,0,0,0,0,0,,,,,,,
//DST定義,(NULL),time,x,y,w,h,acc,a,r,g,b,blend,filter,angle,center,loop,timer,op1,op2,op3
#DST_IMAGE,0,300,45,194,29,21,2,0,255,255,255,1,0,0,0,700,0,0,0,0
#DST_IMAGE,0,700,45,194,29,21,2,255,255,255,255,1,0,0,0,0,0
#ENDIF
#IF,163,
DP表示,,,,,,,,,,,,,,,,,,,,
//SRC定義,(NULL),gr,x,y,w,h,div_x,div_y,cycle,timer,op1,op2,op3,,,,,,,
#SRC_IMAGE,0,0,1115,72,29,21,1,1,0,0,0,0,0,,,,,,,
//DST定義,(NULL),time,x,y,w,h,acc,a,r,g,b,blend,filter,angle,center,loop,timer,op1,op2,op3
#DST_IMAGE,0,300,45,194,29,21,2,0,255,255,255,1,0,0,0,700,0,0,0,0
#DST_IMAGE,0,700,45,194,29,21,2,255,255,255,255,1,0,0,0,0,0
#ENDIF
---------------------------------------------------------------
/難易度box,,,,,,,,,,,,,,,,,,,,

/未定義
#IF,150,
//SRC定義,(NULL),gr,x,y,w,h,div_x,div_y,cycle,timer,op1,op2,op3,,,,,,,
#SRC_IMAGE,0,0,912,149,133,21,1,1,0,0,0,0,0,,,,,,,
#ENDIF

/BEGINNER
#IF,151,
//SRC定義,(NULL),gr,x,y,w,h,div_x,div_y,cycle,timer,op1,op2,op3,,,,,,,
#SRC_IMAGE,0,0,912,254,133,21,1,1,0,0,0,0,0,,,,,,,
#ENDIF

/Normal
#IF,152,
//SRC定義,(NULL),gr,x,y,w,h,div_x,div_y,cycle,timer,op1,op2,op3,,,,,,,
#SRC_IMAGE,0,0,912,233,133,21,1,1,0,0,0,0,0,,,,,,,
#ENDIF

/hyper
#IF,153,
//SRC定義,(NULL),gr,x,y,w,h,div_x,div_y,cycle,timer,op1,op2,op3,,,,,,,
#SRC_IMAGE,0,0,912,212,133,21,1,1,0,0,0,0,0,,,,,,,
#ENDIF

/Another
#IF,154,
//SRC定義,(NULL),gr,x,y,w,h,div_x,div_y,cycle,timer,op1,op2,op3,,,,,,,
#SRC_IMAGE,0,0,912,191,133,21,1,1,0,0,0,0,0,,,,,,,
#ENDIF

/BAnother
#IF,155,
//SRC定義,(NULL),gr,x,y,w,h,div_x,div_y,cycle,timer,op1,op2,op3,,,,,,,
#SRC_IMAGE,0,0,912,170,133,21,1,1,0,0,0,0,0,,,,,,,
#ENDIF

//DST定義,(NULL),time,x,y,w,h,acc,a,r,g,b,blend,filter,angle,center,loop,timer,op1,op2,op3
#DST_IMAGE,0,420,49,194,133,21,2,0,255,255,255,1,0,0,0,730,0,0,0,0
#DST_IMAGE,0,730,79,194,133,21,2,255,255,255,255,1,0,0,0,0,0

/level,,,,,,,,,,,,,,,,,,,,
/UN
//SRC定義,(null),gr,x,y,w,h,div_x,div_y,cycle,timer,num,align,keta,,,,,,,
#SRC_NUMBER,0,0,912,275,130,12,10,1,0,0,45,2,2,,,,,,,
//DST定義,(NULL),time,x,y,w,h,acc,a,r,g,b,blend,filter,angle,center,loop,timer,op1,op2,op3
#DST_NUMBER,0,750,169,198,9,12,0,30,200,200,200,1,1,0,0,900,0,150,0,0
#DST_NUMBER,0,900,169,198,9,12,0,255,200,200,200,1,1,0,0,0,0,0,0,0
-
/BG
//SRC定義,(null),gr,x,y,w,h,div_x,div_y,cycle,timer,num,align,keta,,,,,,,
#SRC_NUMBER,0,0,912,275,130,12,10,1,0,0,45,2,2,,,,,,,
//DST定義,(NULL),time,x,y,w,h,acc,a,r,g,b,blend,filter,angle,center,loop,timer,op1,op2,op3
#DST_NUMBER,0,750,170,198,9,12,0,30,0,255,155,1,1,0,0,900,0,151,0,0
#DST_NUMBER,0,900,170,198,9,12,0,255,0,255,155,1,1,0,0,0,0,0,0,0
-
/NO
//SRC定義,(null),gr,x,y,w,h,div_x,div_y,cycle,timer,num,align,keta,,,,,,,
#SRC_NUMBER,0,0,912,275,130,12,10,1,0,0,46,2,2,,,,,,,
//DST定義,(NULL),time,x,y,w,h,acc,a,r,g,b,blend,filter,angle,center,loop,timer,op1,op2,op3
#DST_NUMBER,0,750,170,198,9,12,0,30,20,200,255,1,1,0,0,900,0,152,0,0
#DST_NUMBER,0,900,170,198,9,12,0,255,20,200,255,1,1,0,0,0,0,0,0,0
-
/HY
//SRC定義,(null),gr,x,y,w,h,div_x,div_y,cycle,timer,num,align,keta,,,,,,,
#SRC_NUMBER,0,0,912,275,130,12,10,1,0,0,47,2,2,,,,,,,
//DST定義,(NULL),time,x,y,w,h,acc,a,r,g,b,blend,filter,angle,center,loop,timer,op1,op2,op3
#DST_NUMBER,0,750,170,198,9,12,0,30,255,255,0,1,1,0,0,900,0,153,0,0
#DST_NUMBER,0,900,170,198,9,12,0,255,255,255,0,1,1,0,0,0,0,0,0,0
-
/AN
//SRC定義,(null),gr,x,y,w,h,div_x,div_y,cycle,timer,num,align,keta,,,,,,,
#SRC_NUMBER,0,0,912,275,130,12,10,1,0,0,48,2,2,,,,,,,
//DST定義,(NULL),time,x,y,w,h,acc,a,r,g,b,blend,filter,angle,center,loop,timer,op1,op2,op3
#DST_NUMBER,0,750,170,198,9,12,0,30,225,30,30,1,1,0,0,900,0,154,0,0
#DST_NUMBER,0,900,170,198,9,12,0,255,225,30,30,1,1,0,0,0,0,0,0,0
-
/B-AN
//SRC定義,(null),gr,x,y,w,h,div_x,div_y,cycle,timer,num,align,keta,,,,,,,
#SRC_NUMBER,0,0,912,275,130,12,10,1,0,0,49,2,2,,,,,,,
//DST定義,(NULL),time,x,y,w,h,acc,a,r,g,b,blend,filter,angle,center,loop,timer,op1,op2,op3
#DST_NUMBER,0,750,170,198,9,12,0,30,60,0,0,1,1,0,0,900,0,155,0,0
#DST_NUMBER,0,900,170,198,9,12,0,255,60,0,0,1,1,0,0,0,0,0,0,0

---------------------------------------------------------------
/ノート数box,,,,,,,,,,,,,,,,,,,,
//SRC定義,(NULL),gr,x,y,w,h,div_x,div_y,cycle,timer,op1,op2,op3,,,,,,,
#SRC_IMAGE,0,0,938,113,117,22,1,1,0,0,0,0,0,,,,,,,
//DST定義,(NULL),time,x,y,w,h,acc,a,r,g,b,blend,filter,angle,center,loop,timer,op1,op2,op3
#DST_IMAGE,0,800,262,194,117,22,2,0,255,255,255,1,0,0,0,1100,0,0,0,0
#DST_IMAGE,0,1100,262,194,117,22,2,255,255,255,255,1,0,0,0,0,0

/ノート数,,,,,,,,,,,,,,,,,,,,
//SRC定義,(null),gr,x,y,w,h,div_x,div_y,cycle,timer,num,align,keta,,,,,,,
#SRC_NUMBER,0,0,912,136,143,12,11,1,0,0,106,0,4,,,,,,,
//DST定義,(NULL),time,x,y,w,h,acc,a,r,g,b,blend,filter,angle,center,loop,timer,op1,op2,op3
#DST_NUMBER,0,800,270,199,11,12,0,30,255,255,255,1,1,0,0,1100,0,0,0,0
#DST_NUMBER,0,1100,270,199,11,12,0,255,255,255,255,1,1,0,0,0,0,0,0,0

---------------------------------------------------------------------------------------------------

//CHART dJ LEVEL 



//1P AAA,,,,,,,,,,,,,,,,,,,,
//SRC定義,(NULL),gr,x,y,w,h,div_x,div_y,cycle,timer,op1,op2,op3,,,,,,,
#SRC_IMAGE,0,0,1280,178,86,88,1,1,0,0,0,0,0,,,,,,,
//DST定義,(NULL),time,x,y,w,h,acc,a,r,g,b,blend,filter,angle,center,loop,timer,op1,op2,op3
#DST_IMAGE,0,0,78,-996,86,1200,1,255,255,255,255,1,0,0,0,316,0,300,0,0
#DST_IMAGE,0,250,78,82,86,88,0,255,255,255,255,1,0,0,0,,,,,
#DST_IMAGE,0,316,78,82,86,88,0,255,255,255,255,1,0,0,0,,,,,
#DST_IMAGE,0,983,78,82,86,88,0,255,255,255,255,1,0,0,0,,,,,
#DST_IMAGE,0,1150,78,82,86,88,0,100,255,255,255,1,0,0,0,,,,,
#DST_IMAGE,0,1316,78,82,86,88,0,255,255,255,255,1,0,0,0,,,,,

//SRC定義,(NULL),gr,x,y,w,h,div_x,div_y,cycle,timer,op1,op2,op3,,,,,,,
#SRC_IMAGE,0,0,1280,178,86,88,1,1,0,0,0,0,0,,,,,,,
//DST定義,(NULL),time,x,y,w,h,acc,a,r,g,b,blend,filter,angle,center,loop,timer,op1,op2,op3
#DST_IMAGE,0,50,166,-996,86,1200,1,255,255,255,255,1,0,0,0,583,0,300,0,0
#DST_IMAGE,0,300,166,82,86,88,0,255,255,255,255,1,0,0,0,,,,,
#DST_IMAGE,0,583,166,82,86,88,0,255,255,255,255,1,0,0,0,,,,,
#DST_IMAGE,0,1250,166,82,86,88,0,255,255,255,255,1,0,0,0,,,,,
#DST_IMAGE,0,1416,166,82,86,88,0,100,255,255,255,1,0,0,0,,,,,
#DST_IMAGE,0,1583,166,82,86,88,0,255,255,255,255,1,0,0,0,,,,,

//SRC定義,(NULL),gr,x,y,w,h,div_x,div_y,cycle,timer,op1,op2,op3,,,,,,,
#SRC_IMAGE,0,0,1280,178,86,88,1,1,0,0,0,0,0,,,,,,,
//DST定義,(NULL),time,x,y,w,h,acc,a,r,g,b,blend,filter,angle,center,loop,timer,op1,op2,op3
#DST_IMAGE,0,100,254,-996,86,1200,1,255,255,255,255,1,0,0,0,850,0,300,0,0
#DST_IMAGE,0,350,254,82,86,88,0,255,255,255,255,1,0,0,0,,,,,
#DST_IMAGE,0,850,254,82,86,88,0,255,255,255,255,1,0,0,0,,,,,
#DST_IMAGE,0,1516,254,82,86,88,0,255,255,255,255,1,0,0,0,,,,,
#DST_IMAGE,0,1683,254,82,86,88,0,100,255,255,255,1,0,0,0,,,,,
#DST_IMAGE,0,1850,254,82,86,88,0,255,255,255,255,1,0,0,0,,,,,

//1P AAAテカリ,,,,,,,,,,,,,,,,,,,,
//SRC定義,(NULL),gr,x,y,w,h,div_x,div_y,cycle,timer,op1,op2,op3,,,,,,,
#SRC_IMAGE,0,0,1280,178,86,88,1,1,0,0,0,0,0,,,,,,,
//DST定義,(NULL),time,x,y,w,h,acc,a,r,g,b,blend,filter,angle,center,loop,timer,op1,op2,op3
#DST_IMAGE,0,300,78,82,86,88,0,100,255,255,255,2,0,0,0,-1,0,300,0,0
#DST_IMAGE,0,349,78,82,86,88,0,100,255,255,255,2,0,0,0,,,,,
//SRC定義,(NULL),gr,x,y,w,h,div_x,div_y,cycle,timer,op1,op2,op3,,,,,,,
#SRC_IMAGE,0,0,1280,178,86,88,1,1,0,0,0,0,0,,,,,,,
//DST定義,(NULL),time,x,y,w,h,acc,a,r,g,b,blend,filter,angle,center,loop,timer,op1,op2,op3
#DST_IMAGE,0,350,166,82,86,88,0,100,255,255,255,2,0,0,0,-1,0,300,0,0
#DST_IMAGE,0,399,166,82,86,88,0,100,255,255,255,2,0,0,0,,,,,
//SRC定義,(NULL),gr,x,y,w,h,div_x,div_y,cycle,timer,op1,op2,op3,,,,,,,
#SRC_IMAGE,0,0,1280,178,86,88,1,1,0,0,0,0,0,,,,,,,
//DST定義,(NULL),time,x,y,w,h,acc,a,r,g,b,blend,filter,angle,center,loop,timer,op1,op2,op3
#DST_IMAGE,0,400,254,82,86,88,0,100,255,255,255,2,0,0,0,-1,0,300,0,0
#DST_IMAGE,0,449,254,82,86,88,0,100,255,255,255,2,0,0,0,,,,,



"//1P ""A""AAテカリアニメ1",,,,,,,,,,,,,,,,,,,,
//SRC定義,(NULL),gr,x,y,w,h,div_x,div_y,cycle,timer,op1,op2,op3,,,,,,,
#SRC_IMAGE,0,0,1542,78,86,9,1,1,0,0,0,0,0,,,,,,,
//DST定義,(NULL),time,x,y,w,h,acc,a,r,g,b,blend,filter,angle,center,loop,timer,op1,op2,op3
#DST_IMAGE,0,0,78,162,86,9,0,200,255,255,255,2,0,0,0,0,0,300,0,0
#DST_IMAGE,0,149,78,162,86,9,0,20,255,255,255,2,0,0,0,,,,,
#DST_IMAGE,0,150,78,162,86,9,0,0,255,255,255,2,0,0,0,,,,,
#DST_IMAGE,0,1000,78,162,86,9,0,0,255,255,255,2,0,0,0,,,,,

"//1P ""A""AAテカリアニメ2",,,,,,,,,,,,,,,,,,,,
//SRC定義,(NULL),gr,x,y,w,h,div_x,div_y,cycle,timer,op1,op2,op3,,,,,,,
#SRC_IMAGE,0,0,1542,69,86,9,1,1,0,0,0,0,0,,,,,,,
//DST定義,(NULL),time,x,y,w,h,acc,a,r,g,b,blend,filter,angle,center,loop,timer,op1,op2,op3
#DST_IMAGE,0,16,78,153,86,9,0,180,255,255,255,2,0,0,0,16,0,300,0,0
#DST_IMAGE,0,149,78,153,86,9,0,20,255,255,255,2,0,0,0,,,,,
#DST_IMAGE,0,150,78,153,86,9,0,0,255,255,255,2,0,0,0,,,,,
#DST_IMAGE,0,1016,78,153,86,9,0,0,255,255,255,2,0,0,0,,,,,

"//1P ""A""AAテカリアニメ3",,,,,,,,,,,,,,,,,,,,
//SRC定義,(NULL),gr,x,y,w,h,div_x,div_y,cycle,timer,op1,op2,op3,,,,,,,
#SRC_IMAGE,0,0,1542,60,86,9,1,1,0,0,0,0,0,,,,,,,
//DST定義,(NULL),time,x,y,w,h,acc,a,r,g,b,blend,filter,angle,center,loop,timer,op1,op2,op3
#DST_IMAGE,0,33,78,144,86,9,0,160,255,255,255,2,0,0,0,33,0,300,0,0
#DST_IMAGE,0,149,78,144,86,9,0,20,255,255,255,2,0,0,0,,,,,
#DST_IMAGE,0,150,78,144,86,9,0,0,255,255,255,2,0,0,0,,,,,
#DST_IMAGE,0,1033,78,144,86,9,0,0,255,255,255,2,0,0,0,,,,,

"//1P ""A""AAテカリアニメ4",,,,,,,,,,,,,,,,,,,,
//SRC定義,(NULL),gr,x,y,w,h,div_x,div_y,cycle,timer,op1,op2,op3,,,,,,,
#SRC_IMAGE,0,0,1542,51,86,9,1,1,0,0,0,0,0,,,,,,,
//DST定義,(NULL),time,x,y,w,h,acc,a,r,g,b,blend,filter,angle,center,loop,timer,op1,op2,op3
#DST_IMAGE,0,50,78,135,86,9,0,140,255,255,255,2,0,0,0,50,0,300,0,0
#DST_IMAGE,0,149,78,135,86,9,0,20,255,255,255,2,0,0,0,,,,,
#DST_IMAGE,0,150,78,135,86,9,0,0,255,255,255,2,0,0,0,,,,,
#DST_IMAGE,0,1050,78,135,86,9,0,0,255,255,255,2,0,0,0,,,,,

"//1P ""A""AAテカリアニメ5",,,,,,,,,,,,,,,,,,,,
//SRC定義,(NULL),gr,x,y,w,h,div_x,div_y,cycle,timer,op1,op2,op3,,,,,,,
#SRC_IMAGE,0,0,1542,42,86,9,1,1,0,0,0,0,0,,,,,,,
//DST定義,(NULL),time,x,y,w,h,acc,a,r,g,b,blend,filter,angle,center,loop,timer,op1,op2,op3
#DST_IMAGE,0,66,78,126,86,9,0,120,255,255,255,2,0,0,0,66,0,300,0,0
#DST_IMAGE,0,149,78,126,86,9,0,20,255,255,255,2,0,0,0,,,,,
#DST_IMAGE,0,150,78,126,86,9,0,0,255,255,255,2,0,0,0,,,,,
#DST_IMAGE,0,1066,78,126,86,9,0,0,255,255,255,2,0,0,0,,,,,

"//1P ""A""AAテカリアニメ6",,,,,,,,,,,,,,,,,,,,
//SRC定義,(NULL),gr,x,y,w,h,div_x,div_y,cycle,timer,op1,op2,op3,,,,,,,
#SRC_IMAGE,0,0,1542,33,86,9,1,1,0,0,0,0,0,,,,,,,
//DST定義,(NULL),time,x,y,w,h,acc,a,r,g,b,blend,filter,angle,center,loop,timer,op1,op2,op3
#DST_IMAGE,0,83,78,117,86,9,0,100,255,255,255,2,0,0,0,83,0,300,0,0
#DST_IMAGE,0,149,78,117,86,9,0,20,255,255,255,2,0,0,0,,,,,
#DST_IMAGE,0,150,78,117,86,9,0,0,255,255,255,2,0,0,0,,,,,
#DST_IMAGE,0,1083,78,117,86,9,0,0,255,255,255,2,0,0,0,,,,,

"//1P ""A""AAテカリアニメ7",,,,,,,,,,,,,,,,,,,,
//SRC定義,(NULL),gr,x,y,w,h,div_x,div_y,cycle,timer,op1,op2,op3,,,,,,,
#SRC_IMAGE,0,0,1542,24,86,9,1,1,0,0,0,0,0,,,,,,,
//DST定義,(NULL),time,x,y,w,h,acc,a,r,g,b,blend,filter,angle,center,loop,timer,op1,op2,op3
#DST_IMAGE,0,100,78,108,86,9,0,80,255,255,255,2,0,0,0,100,0,300,0,0
#DST_IMAGE,0,149,78,108,86,9,0,20,255,255,255,2,0,0,0,,,,,
#DST_IMAGE,0,150,78,108,86,9,0,0,255,255,255,2,0,0,0,,,,,
#DST_IMAGE,0,1100,78,108,86,9,0,0,255,255,255,2,0,0,0,,,,,

"//1P ""A""AAテカリアニメ8",,,,,,,,,,,,,,,,,,,,
//SRC定義,(NULL),gr,x,y,w,h,div_x,div_y,cycle,timer,op1,op2,op3,,,,,,,
#SRC_IMAGE,0,0,1542,15,86,9,1,1,0,0,0,0,0,,,,,,,
//DST定義,(NULL),time,x,y,w,h,acc,a,r,g,b,blend,filter,angle,center,loop,timer,op1,op2,op3
#DST_IMAGE,0,116,78,99,86,9,0,60,255,255,255,2,0,0,0,116,0,300,0,0
#DST_IMAGE,0,149,78,99,86,9,0,20,255,255,255,2,0,0,0,,,,,
#DST_IMAGE,0,150,78,99,86,9,0,0,255,255,255,2,0,0,0,,,,,
#DST_IMAGE,0,1116,78,99,86,9,0,0,255,255,255,2,0,0,0,,,,,

"//1P ""A""AAテカリアニメ9",,,,,,,,,,,,,,,,,,,,
//SRC定義,(NULL),gr,x,y,w,h,div_x,div_y,cycle,timer,op1,op2,op3,,,,,,,
#SRC_IMAGE,0,0,1542,6,86,9,1,1,0,0,0,0,0,,,,,,,
//DST定義,(NULL),time,x,y,w,h,acc,a,r,g,b,blend,filter,angle,center,loop,timer,op1,op2,op3
#DST_IMAGE,0,133,78,90,86,9,0,40,255,255,255,2,0,0,0,133,0,300,0,0
#DST_IMAGE,0,149,78,90,86,9,0,20,255,255,255,2,0,0,0,,,,,
#DST_IMAGE,0,150,78,90,86,9,0,0,255,255,255,2,0,0,0,,,,,
#DST_IMAGE,0,1133,78,90,86,9,0,0,255,255,255,2,0,0,0,,,,,


"//1P A""A""Aテカリアニメ1",,,,,,,,,,,,,,,,,,,,
//SRC定義,(NULL),gr,x,y,w,h,div_x,div_y,cycle,timer,op1,op2,op3,,,,,,,
#SRC_IMAGE,0,0,1542,78,86,9,1,1,0,0,0,0,0,,,,,,,
//DST定義,(NULL),time,x,y,w,h,acc,a,r,g,b,blend,filter,angle,center,loop,timer,op1,op2,op3
#DST_IMAGE,0,250,166,162,86,9,0,200,255,255,255,2,0,0,0,250,0,300,0,0
#DST_IMAGE,0,399,166,162,86,9,0,20,255,255,255,2,0,0,0,,,,,
#DST_IMAGE,0,400,166,162,86,9,0,0,255,255,255,2,0,0,0,,,,,
#DST_IMAGE,0,1250,166,162,86,9,0,0,255,255,255,2,0,0,0,,,,,

"//1P A""A""Aテカリアニメ2",,,,,,,,,,,,,,,,,,,,
//SRC定義,(NULL),gr,x,y,w,h,div_x,div_y,cycle,timer,op1,op2,op3,,,,,,,
#SRC_IMAGE,0,0,1542,69,86,9,1,1,0,0,0,0,0,,,,,,,
//DST定義,(NULL),time,x,y,w,h,acc,a,r,g,b,blend,filter,angle,center,loop,timer,op1,op2,op3
#DST_IMAGE,0,266,166,153,86,9,0,180,255,255,255,2,0,0,0,266,0,300,0,0
#DST_IMAGE,0,399,166,153,86,9,0,20,255,255,255,2,0,0,0,,,,,
#DST_IMAGE,0,400,166,153,86,9,0,0,255,255,255,2,0,0,0,,,,,
#DST_IMAGE,0,1266,166,153,86,9,0,0,255,255,255,2,0,0,0,,,,,

"//1P A""A""Aテカリアニメ3",,,,,,,,,,,,,,,,,,,,
//SRC定義,(NULL),gr,x,y,w,h,div_x,div_y,cycle,timer,op1,op2,op3,,,,,,,
#SRC_IMAGE,0,0,1542,60,86,9,1,1,0,0,0,0,0,,,,,,,
//DST定義,(NULL),time,x,y,w,h,acc,a,r,g,b,blend,filter,angle,center,loop,timer,op1,op2,op3
#DST_IMAGE,0,283,166,144,86,9,0,160,255,255,255,2,0,0,0,283,0,300,0,0
#DST_IMAGE,0,399,166,144,86,9,0,20,255,255,255,2,0,0,0,,,,,
#DST_IMAGE,0,400,166,144,86,9,0,0,255,255,255,2,0,0,0,,,,,
#DST_IMAGE,0,1283,166,144,86,9,0,0,255,255,255,2,0,0,0,,,,,

"//1P A""A""Aテカリアニメ4",,,,,,,,,,,,,,,,,,,,
//SRC定義,(NULL),gr,x,y,w,h,div_x,div_y,cycle,timer,op1,op2,op3,,,,,,,
#SRC_IMAGE,0,0,1542,51,86,9,1,1,0,0,0,0,0,,,,,,,
//DST定義,(NULL),time,x,y,w,h,acc,a,r,g,b,blend,filter,angle,center,loop,timer,op1,op2,op3
#DST_IMAGE,0,300,166,135,86,9,0,140,255,255,255,2,0,0,0,300,0,300,0,0
#DST_IMAGE,0,399,166,135,86,9,0,20,255,255,255,2,0,0,0,,,,,
#DST_IMAGE,0,400,166,1135,86,9,0,0,255,255,255,2,0,0,0,,,,,
#DST_IMAGE,0,1300,166,135,86,9,0,0,255,255,255,2,0,0,0,,,,,

"//1P A""A""Aテカリアニメ5",,,,,,,,,,,,,,,,,,,,
//SRC定義,(NULL),gr,x,y,w,h,div_x,div_y,cycle,timer,op1,op2,op3,,,,,,,
#SRC_IMAGE,0,0,1542,42,86,9,1,1,0,0,0,0,0,,,,,,,
//DST定義,(NULL),time,x,y,w,h,acc,a,r,g,b,blend,filter,angle,center,loop,timer,op1,op2,op3
#DST_IMAGE,0,316,166,126,86,9,0,120,255,255,255,2,0,0,0,316,0,300,0,0
#DST_IMAGE,0,399,166,126,86,9,0,20,255,255,255,2,0,0,0,,,,,
#DST_IMAGE,0,400,166,126,86,9,0,0,255,255,255,2,0,0,0,,,,,
#DST_IMAGE,0,1316,166,126,86,9,0,0,255,255,255,2,0,0,0,,,,,

"//1P A""A""Aテカリアニメ6",,,,,,,,,,,,,,,,,,,,
//SRC定義,(NULL),gr,x,y,w,h,div_x,div_y,cycle,timer,op1,op2,op3,,,,,,,
#SRC_IMAGE,0,0,1542,33,86,9,1,1,0,0,0,0,0,,,,,,,
//DST定義,(NULL),time,x,y,w,h,acc,a,r,g,b,blend,filter,angle,center,loop,timer,op1,op2,op3
#DST_IMAGE,0,333,166,117,86,9,0,100,255,255,255,2,0,0,0,333,0,300,0,0
#DST_IMAGE,0,399,166,117,86,9,0,20,255,255,255,2,0,0,0,,,,,
#DST_IMAGE,0,400,166,117,86,9,0,0,255,255,255,2,0,0,0,,,,,
#DST_IMAGE,0,1333,166,117,86,9,0,0,255,255,255,2,0,0,0,,,,,

"//1P A""A""Aテカリアニメ7",,,,,,,,,,,,,,,,,,,,
//SRC定義,(NULL),gr,x,y,w,h,div_x,div_y,cycle,timer,op1,op2,op3,,,,,,,
#SRC_IMAGE,0,0,1542,24,86,9,1,1,0,0,0,0,0,,,,,,,
//DST定義,(NULL),time,x,y,w,h,acc,a,r,g,b,blend,filter,angle,center,loop,timer,op1,op2,op3
#DST_IMAGE,0,350,166,108,86,9,0,80,255,255,255,2,0,0,0,350,0,300,0,0
#DST_IMAGE,0,399,166,108,86,9,0,20,255,255,255,2,0,0,0,,,,,
#DST_IMAGE,0,400,166,108,86,9,0,0,255,255,255,2,0,0,0,,,,,
#DST_IMAGE,0,1350,166,108,86,9,0,0,255,255,255,2,0,0,0,,,,,

"//1P A""A""Aテカリアニメ8",,,,,,,,,,,,,,,,,,,,
//SRC定義,(NULL),gr,x,y,w,h,div_x,div_y,cycle,timer,op1,op2,op3,,,,,,,
#SRC_IMAGE,0,0,1542,15,86,9,1,1,0,0,0,0,0,,,,,,,
//DST定義,(NULL),time,x,y,w,h,acc,a,r,g,b,blend,filter,angle,center,loop,timer,op1,op2,op3
#DST_IMAGE,0,366,166,99,86,9,0,60,255,255,255,2,0,0,0,366,0,300,0,0
#DST_IMAGE,0,399,166,99,86,9,0,20,255,255,255,2,0,0,0,,,,,
#DST_IMAGE,0,400,166,99,86,9,0,0,255,255,255,2,0,0,0,,,,,
#DST_IMAGE,0,1366,166,99,86,9,0,0,255,255,255,2,0,0,0,,,,,

"//1P A""A""Aテカリアニメ9",,,,,,,,,,,,,,,,,,,,
//SRC定義,(NULL),gr,x,y,w,h,div_x,div_y,cycle,timer,op1,op2,op3,,,,,,,
#SRC_IMAGE,0,0,1542,6,86,9,1,1,0,0,0,0,0,,,,,,,
//DST定義,(NULL),time,x,y,w,h,acc,a,r,g,b,blend,filter,angle,center,loop,timer,op1,op2,op3
#DST_IMAGE,0,383,166,90,86,9,0,40,255,255,255,2,0,0,0,383,0,300,0,0
#DST_IMAGE,0,399,166,90,86,9,0,20,255,255,255,2,0,0,0,,,,,
#DST_IMAGE,0,400,166,90,86,9,0,0,255,255,255,2,0,0,0,,,,,
#DST_IMAGE,0,1383,166,90,86,9,0,0,255,255,255,2,0,0,0,,,,,


"//1P AA""A""テカリアニメ1",,,,,,,,,,,,,,,,,,,,
//SRC定義,(NULL),gr,x,y,w,h,div_x,div_y,cycle,timer,op1,op2,op3,,,,,,,
#SRC_IMAGE,0,0,1542,78,86,9,1,1,0,0,0,0,0,,,,,,,
//DST定義,(NULL),time,x,y,w,h,acc,a,r,g,b,blend,filter,angle,center,loop,timer,op1,op2,op3
#DST_IMAGE,0,516,254,162,86,9,0,200,255,255,255,2,0,0,0,516,0,300,0,0
#DST_IMAGE,0,665,254,162,86,9,0,20,255,255,255,2,0,0,0,,,,,
#DST_IMAGE,0,666,254,162,86,9,0,0,255,255,255,2,0,0,0,,,,,
#DST_IMAGE,0,1516,254,162,86,9,0,0,255,255,255,2,0,0,0,,,,,

"//1P AA""A""テカリアニメ2",,,,,,,,,,,,,,,,,,,,
//SRC定義,(NULL),gr,x,y,w,h,div_x,div_y,cycle,timer,op1,op2,op3,,,,,,,
#SRC_IMAGE,0,0,1542,69,86,9,1,1,0,0,0,0,0,,,,,,,
//DST定義,(NULL),time,x,y,w,h,acc,a,r,g,b,blend,filter,angle,center,loop,timer,op1,op2,op3
#DST_IMAGE,0,533,254,153,86,9,0,180,255,255,255,2,0,0,0,533,0,300,0,0
#DST_IMAGE,0,665,254,153,86,9,0,20,255,255,255,2,0,0,0,,,,,
#DST_IMAGE,0,666,254,153,86,9,0,0,255,255,255,2,0,0,0,,,,,
#DST_IMAGE,0,1533,254,153,86,9,0,0,255,255,255,2,0,0,0,,,,,

"//1P AA""A""テカリアニメ3",,,,,,,,,,,,,,,,,,,,
//SRC定義,(NULL),gr,x,y,w,h,div_x,div_y,cycle,timer,op1,op2,op3,,,,,,,
#SRC_IMAGE,0,0,1542,60,86,9,1,1,0,0,0,0,0,,,,,,,
//DST定義,(NULL),time,x,y,w,h,acc,a,r,g,b,blend,filter,angle,center,loop,timer,op1,op2,op3
#DST_IMAGE,0,550,254,144,86,9,0,160,255,255,255,2,0,0,0,550,0,300,0,0
#DST_IMAGE,0,665,254,144,86,9,0,20,255,255,255,2,0,0,0,,,,,
#DST_IMAGE,0,666,254,144,86,9,0,0,255,255,255,2,0,0,0,,,,,
#DST_IMAGE,0,1550,254,144,86,9,0,0,255,255,255,2,0,0,0,,,,,

"//1P AA""A""テカリアニメ4",,,,,,,,,,,,,,,,,,,,
//SRC定義,(NULL),gr,x,y,w,h,div_x,div_y,cycle,timer,op1,op2,op3,,,,,,,
#SRC_IMAGE,0,0,1542,51,86,9,1,1,0,0,0,0,0,,,,,,,
//DST定義,(NULL),time,x,y,w,h,acc,a,r,g,b,blend,filter,angle,center,loop,timer,op1,op2,op3
#DST_IMAGE,0,566,254,135,86,9,0,140,255,255,255,2,0,0,0,566,0,300,0,0
#DST_IMAGE,0,665,254,135,86,9,0,20,255,255,255,2,0,0,0,,,,,
#DST_IMAGE,0,666,254,135,86,9,0,0,255,255,255,2,0,0,0,,,,,
#DST_IMAGE,0,1566,254,135,86,9,0,0,255,255,255,2,0,0,0,,,,,

"//1P AA""A""テカリアニメ5",,,,,,,,,,,,,,,,,,,,
//SRC定義,(NULL),gr,x,y,w,h,div_x,div_y,cycle,timer,op1,op2,op3,,,,,,,
#SRC_IMAGE,0,0,1542,42,86,9,1,1,0,0,0,0,0,,,,,,,
//DST定義,(NULL),time,x,y,w,h,acc,a,r,g,b,blend,filter,angle,center,loop,timer,op1,op2,op3
#DST_IMAGE,0,583,254,126,86,9,0,120,255,255,255,2,0,0,0,583,0,300,0,0
#DST_IMAGE,0,665,254,126,86,9,0,20,255,255,255,2,0,0,0,,,,,
#DST_IMAGE,0,666,254,126,86,9,0,0,255,255,255,2,0,0,0,,,,,
#DST_IMAGE,0,1583,254,126,86,9,0,0,255,255,255,2,0,0,0,,,,,

"//1P AA""A""テカリアニメ6",,,,,,,,,,,,,,,,,,,,
//SRC定義,(NULL),gr,x,y,w,h,div_x,div_y,cycle,timer,op1,op2,op3,,,,,,,
#SRC_IMAGE,0,0,1542,33,86,9,1,1,0,0,0,0,0,,,,,,,
//DST定義,(NULL),time,x,y,w,h,acc,a,r,g,b,blend,filter,angle,center,loop,timer,op1,op2,op3
#DST_IMAGE,0,600,254,117,86,9,0,100,255,255,255,2,0,0,0,600,0,300,0,0
#DST_IMAGE,0,665,254,117,86,9,0,20,255,255,255,2,0,0,0,,,,,
#DST_IMAGE,0,666,254,117,86,9,0,0,255,255,255,2,0,0,0,,,,,
#DST_IMAGE,0,1600,254,117,86,9,0,0,255,255,255,2,0,0,0,,,,,

"//1P AA""A""テカリアニメ7",,,,,,,,,,,,,,,,,,,,
//SRC定義,(NULL),gr,x,y,w,h,div_x,div_y,cycle,timer,op1,op2,op3,,,,,,,
#SRC_IMAGE,0,0,1542,24,86,9,1,1,0,0,0,0,0,,,,,,,
//DST定義,(NULL),time,x,y,w,h,acc,a,r,g,b,blend,filter,angle,center,loop,timer,op1,op2,op3
#DST_IMAGE,0,616,254,108,86,9,0,80,255,255,255,2,0,0,0,616,0,300,0,0
#DST_IMAGE,0,665,254,108,86,9,0,20,255,255,255,2,0,0,0,,,,,
#DST_IMAGE,0,666,254,108,86,9,0,0,255,255,255,2,0,0,0,,,,,
#DST_IMAGE,0,1616,254,108,86,9,0,0,255,255,255,2,0,0,0,,,,,

"//1P AA""A""テカリアニメ8",,,,,,,,,,,,,,,,,,,,
//SRC定義,(NULL),gr,x,y,w,h,div_x,div_y,cycle,timer,op1,op2,op3,,,,,,,
#SRC_IMAGE,0,0,1542,15,86,9,1,1,0,0,0,0,0,,,,,,,
//DST定義,(NULL),time,x,y,w,h,acc,a,r,g,b,blend,filter,angle,center,loop,timer,op1,op2,op3
#DST_IMAGE,0,633,254,99,86,9,0,60,255,255,255,2,0,0,0,633,0,300,0,0
#DST_IMAGE,0,665,254,99,86,9,0,20,255,255,255,2,0,0,0,,,,,
#DST_IMAGE,0,666,254,99,86,9,0,0,255,255,255,2,0,0,0,,,,,
#DST_IMAGE,0,1633,254,99,86,9,0,0,255,255,255,2,0,0,0,,,,,

"//1P AA""A""テカリアニメ9",,,,,,,,,,,,,,,,,,,,
//SRC定義,(NULL),gr,x,y,w,h,div_x,div_y,cycle,timer,op1,op2,op3,,,,,,,
#SRC_IMAGE,0,0,1542,6,86,9,1,1,0,0,0,0,0,,,,,,,
//DST定義,(NULL),time,x,y,w,h,acc,a,r,g,b,blend,filter,angle,center,loop,timer,op1,op2,op3
#DST_IMAGE,0,650,254,90,86,9,0,40,255,255,255,2,0,0,0,650,0,300,0,0
#DST_IMAGE,0,665,254,90,86,9,0,20,255,255,255,2,0,0,0,,,,,
#DST_IMAGE,0,666,254,90,86,9,0,0,255,255,255,2,0,0,0,,,,,
#DST_IMAGE,0,1650,254,90,86,9,0,0,255,255,255,2,0,0,0,,,,,




//1P AA,,,,,,,,,,,,,,,,,,,,
//SRC定義,(NULL),gr,x,y,w,h,div_x,div_y,cycle,timer,op1,op2,op3,,,,,,,
#SRC_IMAGE,0,0,1280,178,86,88,1,1,0,0,0,0,0,,,,,,,
//DST定義,(NULL),time,x,y,w,h,acc,a,r,g,b,blend,filter,angle,center,loop,timer,op1,op2,op3
#DST_IMAGE,0,0,78,-996,86,1200,1,255,255,255,255,1,0,0,0,316,0,301,0,0
#DST_IMAGE,0,250,78,82,86,88,0,255,255,255,255,1,0,0,0,,,,,
#DST_IMAGE,0,316,78,82,86,88,0,255,255,255,255,1,0,0,0,,,,,
#DST_IMAGE,0,983,78,82,86,88,0,255,255,255,255,1,0,0,0,,,,,
#DST_IMAGE,0,1150,78,82,86,88,0,100,255,255,255,1,0,0,0,,,,,
#DST_IMAGE,0,1316,78,82,86,88,0,255,255,255,255,1,0,0,0,,,,,

//SRC定義,(NULL),gr,x,y,w,h,div_x,div_y,cycle,timer,op1,op2,op3,,,,,,,
#SRC_IMAGE,0,0,1280,178,86,88,1,1,0,0,0,0,0,,,,,,,
//DST定義,(NULL),time,x,y,w,h,acc,a,r,g,b,blend,filter,angle,center,loop,timer,op1,op2,op3
#DST_IMAGE,0,50,166,-996,86,1200,1,255,255,255,255,1,0,0,0,583,0,301,0,0
#DST_IMAGE,0,300,166,82,86,88,0,255,255,255,255,1,0,0,0,,,,,
#DST_IMAGE,0,583,166,82,86,88,0,255,255,255,255,1,0,0,0,,,,,
#DST_IMAGE,0,1250,166,82,86,88,0,255,255,255,255,1,0,0,0,,,,,
#DST_IMAGE,0,1416,166,82,86,88,0,100,255,255,255,1,0,0,0,,,,,
#DST_IMAGE,0,1583,166,82,86,88,0,255,255,255,255,1,0,0,0,,,,,

//1P AAテカリ,,,,,,,,,,,,,,,,,,,,
//SRC定義,(NULL),gr,x,y,w,h,div_x,div_y,cycle,timer,op1,op2,op3,,,,,,,
#SRC_IMAGE,0,0,1280,178,86,88,1,1,0,0,0,0,0,,,,,,,
//DST定義,(NULL),time,x,y,w,h,acc,a,r,g,b,blend,filter,angle,center,loop,timer,op1,op2,op3
#DST_IMAGE,0,300,78,82,86,88,0,100,255,255,255,2,0,0,0,-1,0,301,0,0
#DST_IMAGE,0,349,78,82,86,88,0,100,255,255,255,2,0,0,0,,,,,
//SRC定義,(NULL),gr,x,y,w,h,div_x,div_y,cycle,timer,op1,op2,op3,,,,,,,
#SRC_IMAGE,0,0,1280,178,86,88,1,1,0,0,0,0,0,,,,,,,
//DST定義,(NULL),time,x,y,w,h,acc,a,r,g,b,blend,filter,angle,center,loop,timer,op1,op2,op3
#DST_IMAGE,0,350,166,82,86,88,0,100,255,255,255,2,0,0,0,-1,0,301,0,0
#DST_IMAGE,0,399,166,82,86,88,0,100,255,255,255,2,0,0,0,,,,,



"//1P ""A""Aテカリアニメ1",,,,,,,,,,,,,,,,,,,,
//SRC定義,(NULL),gr,x,y,w,h,div_x,div_y,cycle,timer,op1,op2,op3,,,,,,,
#SRC_IMAGE,0,0,1542,78,86,9,1,1,0,0,0,0,0,,,,,,,
//DST定義,(NULL),time,x,y,w,h,acc,a,r,g,b,blend,filter,angle,center,loop,timer,op1,op2,op3
#DST_IMAGE,0,0,78,162,86,9,0,200,255,255,255,2,0,0,0,0,0,301,0,0
#DST_IMAGE,0,149,78,162,86,9,0,20,255,255,255,2,0,0,0,,,,,
#DST_IMAGE,0,150,78,162,86,9,0,0,255,255,255,2,0,0,0,,,,,
#DST_IMAGE,0,1000,78,162,86,9,0,0,255,255,255,2,0,0,0,,,,,

"//1P ""A""Aテカリアニメ2",,,,,,,,,,,,,,,,,,,,
//SRC定義,(NULL),gr,x,y,w,h,div_x,div_y,cycle,timer,op1,op2,op3,,,,,,,
#SRC_IMAGE,0,0,1542,69,86,9,1,1,0,0,0,0,0,,,,,,,
//DST定義,(NULL),time,x,y,w,h,acc,a,r,g,b,blend,filter,angle,center,loop,timer,op1,op2,op3
#DST_IMAGE,0,16,78,153,86,9,0,180,255,255,255,2,0,0,0,16,0,301,0,0
#DST_IMAGE,0,149,78,153,86,9,0,20,255,255,255,2,0,0,0,,,,,
#DST_IMAGE,0,150,78,153,86,9,0,0,255,255,255,2,0,0,0,,,,,
#DST_IMAGE,0,1016,78,153,86,9,0,0,255,255,255,2,0,0,0,,,,,

"//1P ""A""Aテカリアニメ3",,,,,,,,,,,,,,,,,,,,
//SRC定義,(NULL),gr,x,y,w,h,div_x,div_y,cycle,timer,op1,op2,op3,,,,,,,
#SRC_IMAGE,0,0,1542,60,86,9,1,1,0,0,0,0,0,,,,,,,
//DST定義,(NULL),time,x,y,w,h,acc,a,r,g,b,blend,filter,angle,center,loop,timer,op1,op2,op3
#DST_IMAGE,0,33,78,144,86,9,0,160,255,255,255,2,0,0,0,33,0,301,0,0
#DST_IMAGE,0,149,78,144,86,9,0,20,255,255,255,2,0,0,0,,,,,
#DST_IMAGE,0,150,78,144,86,9,0,0,255,255,255,2,0,0,0,,,,,
#DST_IMAGE,0,1033,78,144,86,9,0,0,255,255,255,2,0,0,0,,,,,

"//1P ""A""Aテカリアニメ4",,,,,,,,,,,,,,,,,,,,
//SRC定義,(NULL),gr,x,y,w,h,div_x,div_y,cycle,timer,op1,op2,op3,,,,,,,
#SRC_IMAGE,0,0,1542,51,86,9,1,1,0,0,0,0,0,,,,,,,
//DST定義,(NULL),time,x,y,w,h,acc,a,r,g,b,blend,filter,angle,center,loop,timer,op1,op2,op3
#DST_IMAGE,0,50,78,135,86,9,0,140,255,255,255,2,0,0,0,50,0,301,0,0
#DST_IMAGE,0,149,78,135,86,9,0,20,255,255,255,2,0,0,0,,,,,
#DST_IMAGE,0,150,78,135,86,9,0,0,255,255,255,2,0,0,0,,,,,
#DST_IMAGE,0,1050,78,135,86,9,0,0,255,255,255,2,0,0,0,,,,,

"//1P ""A""Aテカリアニメ5",,,,,,,,,,,,,,,,,,,,
//SRC定義,(NULL),gr,x,y,w,h,div_x,div_y,cycle,timer,op1,op2,op3,,,,,,,
#SRC_IMAGE,0,0,1542,42,86,9,1,1,0,0,0,0,0,,,,,,,
//DST定義,(NULL),time,x,y,w,h,acc,a,r,g,b,blend,filter,angle,center,loop,timer,op1,op2,op3
#DST_IMAGE,0,66,78,126,86,9,0,120,255,255,255,2,0,0,0,66,0,301,0,0
#DST_IMAGE,0,149,78,126,86,9,0,20,255,255,255,2,0,0,0,,,,,
#DST_IMAGE,0,150,78,126,86,9,0,0,255,255,255,2,0,0,0,,,,,
#DST_IMAGE,0,1066,78,126,86,9,0,0,255,255,255,2,0,0,0,,,,,

"//1P ""A""Aテカリアニメ6",,,,,,,,,,,,,,,,,,,,
//SRC定義,(NULL),gr,x,y,w,h,div_x,div_y,cycle,timer,op1,op2,op3,,,,,,,
#SRC_IMAGE,0,0,1542,33,86,9,1,1,0,0,0,0,0,,,,,,,
//DST定義,(NULL),time,x,y,w,h,acc,a,r,g,b,blend,filter,angle,center,loop,timer,op1,op2,op3
#DST_IMAGE,0,83,78,117,86,9,0,100,255,255,255,2,0,0,0,83,0,301,0,0
#DST_IMAGE,0,149,78,117,86,9,0,20,255,255,255,2,0,0,0,,,,,
#DST_IMAGE,0,150,78,117,86,9,0,0,255,255,255,2,0,0,0,,,,,
#DST_IMAGE,0,1083,78,117,86,9,0,0,255,255,255,2,0,0,0,,,,,

"//1P ""A""Aテカリアニメ7",,,,,,,,,,,,,,,,,,,,
//SRC定義,(NULL),gr,x,y,w,h,div_x,div_y,cycle,timer,op1,op2,op3,,,,,,,
#SRC_IMAGE,0,0,1542,24,86,9,1,1,0,0,0,0,0,,,,,,,
//DST定義,(NULL),time,x,y,w,h,acc,a,r,g,b,blend,filter,angle,center,loop,timer,op1,op2,op3
#DST_IMAGE,0,100,78,108,86,9,0,80,255,255,255,2,0,0,0,100,0,301,0,0
#DST_IMAGE,0,149,78,108,86,9,0,20,255,255,255,2,0,0,0,,,,,
#DST_IMAGE,0,150,78,108,86,9,0,0,255,255,255,2,0,0,0,,,,,
#DST_IMAGE,0,1100,78,108,86,9,0,0,255,255,255,2,0,0,0,,,,,

"//1P ""A""Aテカリアニメ8",,,,,,,,,,,,,,,,,,,,
//SRC定義,(NULL),gr,x,y,w,h,div_x,div_y,cycle,timer,op1,op2,op3,,,,,,,
#SRC_IMAGE,0,0,1542,15,86,9,1,1,0,0,0,0,0,,,,,,,
//DST定義,(NULL),time,x,y,w,h,acc,a,r,g,b,blend,filter,angle,center,loop,timer,op1,op2,op3
#DST_IMAGE,0,116,78,99,86,9,0,60,255,255,255,2,0,0,0,116,0,301,0,0
#DST_IMAGE,0,149,78,99,86,9,0,20,255,255,255,2,0,0,0,,,,,
#DST_IMAGE,0,150,78,99,86,9,0,0,255,255,255,2,0,0,0,,,,,
#DST_IMAGE,0,1116,78,99,86,9,0,0,255,255,255,2,0,0,0,,,,,

"//1P ""A""Aテカリアニメ9",,,,,,,,,,,,,,,,,,,,
//SRC定義,(NULL),gr,x,y,w,h,div_x,div_y,cycle,timer,op1,op2,op3,,,,,,,
#SRC_IMAGE,0,0,1542,6,86,9,1,1,0,0,0,0,0,,,,,,,
//DST定義,(NULL),time,x,y,w,h,acc,a,r,g,b,blend,filter,angle,center,loop,timer,op1,op2,op3
#DST_IMAGE,0,133,78,90,86,9,0,40,255,255,255,2,0,0,0,133,0,301,0,0
#DST_IMAGE,0,149,78,90,86,9,0,20,255,255,255,2,0,0,0,,,,,
#DST_IMAGE,0,150,78,90,86,9,0,0,255,255,255,2,0,0,0,,,,,
#DST_IMAGE,0,1133,78,90,86,9,0,0,255,255,255,2,0,0,0,,,,,


"//1P A""A""テカリアニメ1",,,,,,,,,,,,,,,,,,,,
//SRC定義,(NULL),gr,x,y,w,h,div_x,div_y,cycle,timer,op1,op2,op3,,,,,,,
#SRC_IMAGE,0,0,1542,78,86,9,1,1,0,0,0,0,0,,,,,,,
//DST定義,(NULL),time,x,y,w,h,acc,a,r,g,b,blend,filter,angle,center,loop,timer,op1,op2,op3
#DST_IMAGE,0,250,166,162,86,9,0,200,255,255,255,2,0,0,0,250,0,301,0,0
#DST_IMAGE,0,399,166,162,86,9,0,20,255,255,255,2,0,0,0,,,,,
#DST_IMAGE,0,400,166,162,86,9,0,0,255,255,255,2,0,0,0,,,,,
#DST_IMAGE,0,1250,166,162,86,9,0,0,255,255,255,2,0,0,0,,,,,

"//1P A""A""テカリアニメ2",,,,,,,,,,,,,,,,,,,,
//SRC定義,(NULL),gr,x,y,w,h,div_x,div_y,cycle,timer,op1,op2,op3,,,,,,,
#SRC_IMAGE,0,0,1542,69,86,9,1,1,0,0,0,0,0,,,,,,,
//DST定義,(NULL),time,x,y,w,h,acc,a,r,g,b,blend,filter,angle,center,loop,timer,op1,op2,op3
#DST_IMAGE,0,266,166,153,86,9,0,180,255,255,255,2,0,0,0,266,0,301,0,0
#DST_IMAGE,0,399,166,153,86,9,0,20,255,255,255,2,0,0,0,,,,,
#DST_IMAGE,0,400,166,153,86,9,0,0,255,255,255,2,0,0,0,,,,,
#DST_IMAGE,0,1266,166,153,86,9,0,0,255,255,255,2,0,0,0,,,,,

"//1P A""A""テカリアニメ3",,,,,,,,,,,,,,,,,,,,
//SRC定義,(NULL),gr,x,y,w,h,div_x,div_y,cycle,timer,op1,op2,op3,,,,,,,
#SRC_IMAGE,0,0,1542,60,86,9,1,1,0,0,0,0,0,,,,,,,
//DST定義,(NULL),time,x,y,w,h,acc,a,r,g,b,blend,filter,angle,center,loop,timer,op1,op2,op3
#DST_IMAGE,0,283,166,144,86,9,0,160,255,255,255,2,0,0,0,283,0,301,0,0
#DST_IMAGE,0,399,166,144,86,9,0,20,255,255,255,2,0,0,0,,,,,
#DST_IMAGE,0,400,166,144,86,9,0,0,255,255,255,2,0,0,0,,,,,
#DST_IMAGE,0,1283,166,144,86,9,0,0,255,255,255,2,0,0,0,,,,,

"//1P A""A""テカリアニメ4",,,,,,,,,,,,,,,,,,,,
//SRC定義,(NULL),gr,x,y,w,h,div_x,div_y,cycle,timer,op1,op2,op3,,,,,,,
#SRC_IMAGE,0,0,1542,51,86,9,1,1,0,0,0,0,0,,,,,,,
//DST定義,(NULL),time,x,y,w,h,acc,a,r,g,b,blend,filter,angle,center,loop,timer,op1,op2,op3
#DST_IMAGE,0,300,166,135,86,9,0,140,255,255,255,2,0,0,0,300,0,301,0,0
#DST_IMAGE,0,399,166,135,86,9,0,20,255,255,255,2,0,0,0,,,,,
#DST_IMAGE,0,400,166,1135,86,9,0,0,255,255,255,2,0,0,0,,,,,
#DST_IMAGE,0,1300,166,135,86,9,0,0,255,255,255,2,0,0,0,,,,,

"//1P A""A""テカリアニメ5",,,,,,,,,,,,,,,,,,,,
//SRC定義,(NULL),gr,x,y,w,h,div_x,div_y,cycle,timer,op1,op2,op3,,,,,,,
#SRC_IMAGE,0,0,1542,42,86,9,1,1,0,0,0,0,0,,,,,,,
//DST定義,(NULL),time,x,y,w,h,acc,a,r,g,b,blend,filter,angle,center,loop,timer,op1,op2,op3
#DST_IMAGE,0,316,166,126,86,9,0,120,255,255,255,2,0,0,0,316,0,301,0,0
#DST_IMAGE,0,399,166,126,86,9,0,20,255,255,255,2,0,0,0,,,,,
#DST_IMAGE,0,400,166,126,86,9,0,0,255,255,255,2,0,0,0,,,,,
#DST_IMAGE,0,1316,166,126,86,9,0,0,255,255,255,2,0,0,0,,,,,

"//1P A""A""テカリアニメ6",,,,,,,,,,,,,,,,,,,,
//SRC定義,(NULL),gr,x,y,w,h,div_x,div_y,cycle,timer,op1,op2,op3,,,,,,,
#SRC_IMAGE,0,0,1542,33,86,9,1,1,0,0,0,0,0,,,,,,,
//DST定義,(NULL),time,x,y,w,h,acc,a,r,g,b,blend,filter,angle,center,loop,timer,op1,op2,op3
#DST_IMAGE,0,333,166,117,86,9,0,100,255,255,255,2,0,0,0,333,0,301,0,0
#DST_IMAGE,0,399,166,117,86,9,0,20,255,255,255,2,0,0,0,,,,,
#DST_IMAGE,0,400,166,117,86,9,0,0,255,255,255,2,0,0,0,,,,,
#DST_IMAGE,0,1333,166,117,86,9,0,0,255,255,255,2,0,0,0,,,,,

"//1P A""A""テカリアニメ7",,,,,,,,,,,,,,,,,,,,
//SRC定義,(NULL),gr,x,y,w,h,div_x,div_y,cycle,timer,op1,op2,op3,,,,,,,
#SRC_IMAGE,0,0,1542,24,86,9,1,1,0,0,0,0,0,,,,,,,
//DST定義,(NULL),time,x,y,w,h,acc,a,r,g,b,blend,filter,angle,center,loop,timer,op1,op2,op3
#DST_IMAGE,0,350,166,108,86,9,0,80,255,255,255,2,0,0,0,350,0,301,0,0
#DST_IMAGE,0,399,166,108,86,9,0,20,255,255,255,2,0,0,0,,,,,
#DST_IMAGE,0,400,166,108,86,9,0,0,255,255,255,2,0,0,0,,,,,
#DST_IMAGE,0,1350,166,108,86,9,0,0,255,255,255,2,0,0,0,,,,,

"//1P A""A""テカリアニメ8",,,,,,,,,,,,,,,,,,,,
//SRC定義,(NULL),gr,x,y,w,h,div_x,div_y,cycle,timer,op1,op2,op3,,,,,,,
#SRC_IMAGE,0,0,1542,15,86,9,1,1,0,0,0,0,0,,,,,,,
//DST定義,(NULL),time,x,y,w,h,acc,a,r,g,b,blend,filter,angle,center,loop,timer,op1,op2,op3
#DST_IMAGE,0,366,166,99,86,9,0,60,255,255,255,2,0,0,0,366,0,301,0,0
#DST_IMAGE,0,399,166,99,86,9,0,20,255,255,255,2,0,0,0,,,,,
#DST_IMAGE,0,400,166,99,86,9,0,0,255,255,255,2,0,0,0,,,,,
#DST_IMAGE,0,1366,166,99,86,9,0,0,255,255,255,2,0,0,0,,,,,

"//1P A""A""テカリアニメ9",,,,,,,,,,,,,,,,,,,,
//SRC定義,(NULL),gr,x,y,w,h,div_x,div_y,cycle,timer,op1,op2,op3,,,,,,,
#SRC_IMAGE,0,0,1542,6,86,9,1,1,0,0,0,0,0,,,,,,,
//DST定義,(NULL),time,x,y,w,h,acc,a,r,g,b,blend,filter,angle,center,loop,timer,op1,op2,op3
#DST_IMAGE,0,383,166,90,86,9,0,40,255,255,255,2,0,0,0,383,0,301,0,0
#DST_IMAGE,0,399,166,90,86,9,0,20,255,255,255,2,0,0,0,,,,,
#DST_IMAGE,0,400,166,90,86,9,0,0,255,255,255,2,0,0,0,,,,,
#DST_IMAGE,0,1383,166,90,86,9,0,0,255,255,255,2,0,0,0,,,,,




//1P A,,,,,,,,,,,,,,,,,,,,
//SRC定義,(NULL),gr,x,y,w,h,div_x,div_y,cycle,timer,op1,op2,op3,,,,,,,
#SRC_IMAGE,0,0,1280,178,86,88,1,1,0,0,0,0,0,,,,,,,
//DST定義,(NULL),time,x,y,w,h,acc,a,r,g,b,blend,filter,angle,center,loop,timer,op1,op2,op3
#DST_IMAGE,0,0,78,-996,86,1200,1,255,255,255,255,1,0,0,0,316,0,302,0,0
#DST_IMAGE,0,250,78,82,86,88,0,255,255,255,255,1,0,0,0,,,,,
#DST_IMAGE,0,316,78,82,86,88,0,255,255,255,255,1,0,0,0,,,,,
#DST_IMAGE,0,983,78,82,86,88,0,255,255,255,255,1,0,0,0,,,,,
#DST_IMAGE,0,1150,78,82,86,88,0,100,255,255,255,1,0,0,0,,,,,
#DST_IMAGE,0,1316,78,82,86,88,0,255,255,255,255,1,0,0,0,,,,,


//1P Aテカリ,,,,,,,,,,,,,,,,,,,,
//SRC定義,(NULL),gr,x,y,w,h,div_x,div_y,cycle,timer,op1,op2,op3,,,,,,,
#SRC_IMAGE,0,0,1280,178,86,88,1,1,0,0,0,0,0,,,,,,,
//DST定義,(NULL),time,x,y,w,h,acc,a,r,g,b,blend,filter,angle,center,loop,timer,op1,op2,op3
#DST_IMAGE,0,300,78,82,86,88,0,100,255,255,255,2,0,0,0,-1,0,302,0,0
#DST_IMAGE,0,349,78,82,86,88,0,100,255,255,255,2,0,0,0,,,,,


"//1P Aテカリアニメ1",,,,,,,,,,,,,,,,,,,,
//SRC定義,(NULL),gr,x,y,w,h,div_x,div_y,cycle,timer,op1,op2,op3,,,,,,,
#SRC_IMAGE,0,0,1542,78,86,9,1,1,0,0,0,0,0,,,,,,,
//DST定義,(NULL),time,x,y,w,h,acc,a,r,g,b,blend,filter,angle,center,loop,timer,op1,op2,op3
#DST_IMAGE,0,0,78,162,86,9,0,200,255,255,255,2,0,0,0,0,0,302,0,0
#DST_IMAGE,0,149,78,162,86,9,0,20,255,255,255,2,0,0,0,,,,,
#DST_IMAGE,0,150,78,162,86,9,0,0,255,255,255,2,0,0,0,,,,,
#DST_IMAGE,0,1000,78,162,86,9,0,0,255,255,255,2,0,0,0,,,,,

"//1P Aテカリアニメ2",,,,,,,,,,,,,,,,,,,,
//SRC定義,(NULL),gr,x,y,w,h,div_x,div_y,cycle,timer,op1,op2,op3,,,,,,,
#SRC_IMAGE,0,0,1542,69,86,9,1,1,0,0,0,0,0,,,,,,,
//DST定義,(NULL),time,x,y,w,h,acc,a,r,g,b,blend,filter,angle,center,loop,timer,op1,op2,op3
#DST_IMAGE,0,16,78,153,86,9,0,180,255,255,255,2,0,0,0,16,0,302,0,0
#DST_IMAGE,0,149,78,153,86,9,0,20,255,255,255,2,0,0,0,,,,,
#DST_IMAGE,0,150,78,153,86,9,0,0,255,255,255,2,0,0,0,,,,,
#DST_IMAGE,0,1016,78,153,86,9,0,0,255,255,255,2,0,0,0,,,,,

"//1P Aテカリアニメ3",,,,,,,,,,,,,,,,,,,,
//SRC定義,(NULL),gr,x,y,w,h,div_x,div_y,cycle,timer,op1,op2,op3,,,,,,,
#SRC_IMAGE,0,0,1542,60,86,9,1,1,0,0,0,0,0,,,,,,,
//DST定義,(NULL),time,x,y,w,h,acc,a,r,g,b,blend,filter,angle,center,loop,timer,op1,op2,op3
#DST_IMAGE,0,33,78,144,86,9,0,160,255,255,255,2,0,0,0,33,0,302,0,0
#DST_IMAGE,0,149,78,144,86,9,0,20,255,255,255,2,0,0,0,,,,,
#DST_IMAGE,0,150,78,144,86,9,0,0,255,255,255,2,0,0,0,,,,,
#DST_IMAGE,0,1033,78,144,86,9,0,0,255,255,255,2,0,0,0,,,,,

"//1P Aテカリアニメ4",,,,,,,,,,,,,,,,,,,,
//SRC定義,(NULL),gr,x,y,w,h,div_x,div_y,cycle,timer,op1,op2,op3,,,,,,,
#SRC_IMAGE,0,0,1542,51,86,9,1,1,0,0,0,0,0,,,,,,,
//DST定義,(NULL),time,x,y,w,h,acc,a,r,g,b,blend,filter,angle,center,loop,timer,op1,op2,op3
#DST_IMAGE,0,50,78,135,86,9,0,140,255,255,255,2,0,0,0,50,0,302,0,0
#DST_IMAGE,0,149,78,135,86,9,0,20,255,255,255,2,0,0,0,,,,,
#DST_IMAGE,0,150,78,135,86,9,0,0,255,255,255,2,0,0,0,,,,,
#DST_IMAGE,0,1050,78,135,86,9,0,0,255,255,255,2,0,0,0,,,,,

"//1P Aテカリアニメ5",,,,,,,,,,,,,,,,,,,,
//SRC定義,(NULL),gr,x,y,w,h,div_x,div_y,cycle,timer,op1,op2,op3,,,,,,,
#SRC_IMAGE,0,0,1542,42,86,9,1,1,0,0,0,0,0,,,,,,,
//DST定義,(NULL),time,x,y,w,h,acc,a,r,g,b,blend,filter,angle,center,loop,timer,op1,op2,op3
#DST_IMAGE,0,66,78,126,86,9,0,120,255,255,255,2,0,0,0,66,0,302,0,0
#DST_IMAGE,0,149,78,126,86,9,0,20,255,255,255,2,0,0,0,,,,,
#DST_IMAGE,0,150,78,126,86,9,0,0,255,255,255,2,0,0,0,,,,,
#DST_IMAGE,0,1066,78,126,86,9,0,0,255,255,255,2,0,0,0,,,,,

"//1P Aテカリアニメ6",,,,,,,,,,,,,,,,,,,,
//SRC定義,(NULL),gr,x,y,w,h,div_x,div_y,cycle,timer,op1,op2,op3,,,,,,,
#SRC_IMAGE,0,0,1542,33,86,9,1,1,0,0,0,0,0,,,,,,,
//DST定義,(NULL),time,x,y,w,h,acc,a,r,g,b,blend,filter,angle,center,loop,timer,op1,op2,op3
#DST_IMAGE,0,83,78,117,86,9,0,100,255,255,255,2,0,0,0,83,0,302,0,0
#DST_IMAGE,0,149,78,117,86,9,0,20,255,255,255,2,0,0,0,,,,,
#DST_IMAGE,0,150,78,117,86,9,0,0,255,255,255,2,0,0,0,,,,,
#DST_IMAGE,0,1083,78,117,86,9,0,0,255,255,255,2,0,0,0,,,,,

"//1P Aテカリアニメ7",,,,,,,,,,,,,,,,,,,,
//SRC定義,(NULL),gr,x,y,w,h,div_x,div_y,cycle,timer,op1,op2,op3,,,,,,,
#SRC_IMAGE,0,0,1542,24,86,9,1,1,0,0,0,0,0,,,,,,,
//DST定義,(NULL),time,x,y,w,h,acc,a,r,g,b,blend,filter,angle,center,loop,timer,op1,op2,op3
#DST_IMAGE,0,100,78,108,86,9,0,80,255,255,255,2,0,0,0,100,0,302,0,0
#DST_IMAGE,0,149,78,108,86,9,0,20,255,255,255,2,0,0,0,,,,,
#DST_IMAGE,0,150,78,108,86,9,0,0,255,255,255,2,0,0,0,,,,,
#DST_IMAGE,0,1100,78,108,86,9,0,0,255,255,255,2,0,0,0,,,,,

"//1P Aテカリアニメ8",,,,,,,,,,,,,,,,,,,,
//SRC定義,(NULL),gr,x,y,w,h,div_x,div_y,cycle,timer,op1,op2,op3,,,,,,,
#SRC_IMAGE,0,0,1542,15,86,9,1,1,0,0,0,0,0,,,,,,,
//DST定義,(NULL),time,x,y,w,h,acc,a,r,g,b,blend,filter,angle,center,loop,timer,op1,op2,op3
#DST_IMAGE,0,116,78,99,86,9,0,60,255,255,255,2,0,0,0,116,0,302,0,0
#DST_IMAGE,0,149,78,99,86,9,0,20,255,255,255,2,0,0,0,,,,,
#DST_IMAGE,0,150,78,99,86,9,0,0,255,255,255,2,0,0,0,,,,,
#DST_IMAGE,0,1116,78,99,86,9,0,0,255,255,255,2,0,0,0,,,,,

"//1P Aテカリアニメ9",,,,,,,,,,,,,,,,,,,,
//SRC定義,(NULL),gr,x,y,w,h,div_x,div_y,cycle,timer,op1,op2,op3,,,,,,,
#SRC_IMAGE,0,0,1542,6,86,9,1,1,0,0,0,0,0,,,,,,,
//DST定義,(NULL),time,x,y,w,h,acc,a,r,g,b,blend,filter,angle,center,loop,timer,op1,op2,op3
#DST_IMAGE,0,133,78,90,86,9,0,40,255,255,255,2,0,0,0,133,0,302,0,0
#DST_IMAGE,0,149,78,90,86,9,0,20,255,255,255,2,0,0,0,,,,,
#DST_IMAGE,0,150,78,90,86,9,0,0,255,255,255,2,0,0,0,,,,,
#DST_IMAGE,0,1133,78,90,86,9,0,0,255,255,255,2,0,0,0,,,,,




//1P B,,,,,,,,,,,,,,,,,,,,
//SRC定義,(NULL),gr,x,y,w,h,div_x,div_y,cycle,timer,op1,op2,op3,,,,,,,
#SRC_IMAGE,0,0,1367,0,86,88,1,1,0,0,0,0,0,,,,,,,
//DST定義,(NULL),time,x,y,w,h,acc,a,r,g,b,blend,filter,angle,center,loop,timer,op1,op2,op3
#DST_IMAGE,0,0,78,-996,86,1200,1,255,255,255,255,1,0,0,0,316,0,303,0,0
#DST_IMAGE,0,250,78,82,86,88,0,255,255,255,255,1,0,0,0,,,,,
#DST_IMAGE,0,316,78,82,86,88,0,255,255,255,255,1,0,0,0,,,,,
#DST_IMAGE,0,983,78,82,86,88,0,255,255,255,255,1,0,0,0,,,,,
#DST_IMAGE,0,1150,78,82,86,88,0,100,255,255,255,1,0,0,0,,,,,
#DST_IMAGE,0,1316,78,82,86,88,0,255,255,255,255,1,0,0,0,,,,,


//1P Bテカリ,,,,,,,,,,,,,,,,,,,,
//SRC定義,(NULL),gr,x,y,w,h,div_x,div_y,cycle,timer,op1,op2,op3,,,,,,,
#SRC_IMAGE,0,0,1367,0,86,88,1,1,0,0,0,0,0,,,,,,,
//DST定義,(NULL),time,x,y,w,h,acc,a,r,g,b,blend,filter,angle,center,loop,timer,op1,op2,op3
#DST_IMAGE,0,300,78,82,86,88,0,100,255,255,255,2,0,0,0,-1,0,303,0,0
#DST_IMAGE,0,349,78,82,86,88,0,100,255,255,255,2,0,0,0,,,,,

"//1P Bテカリアニメ1",,,,,,,,,,,,,,,,,,,,
//SRC定義,(NULL),gr,x,y,w,h,div_x,div_y,cycle,timer,op1,op2,op3,,,,,,,
#SRC_IMAGE,0,0,1629,78,86,9,1,1,0,0,0,0,0,,,,,,,
//DST定義,(NULL),time,x,y,w,h,acc,a,r,g,b,blend,filter,angle,center,loop,timer,op1,op2,op3
#DST_IMAGE,0,0,78,162,86,9,0,200,255,255,255,2,0,0,0,0,0,303,0,0
#DST_IMAGE,0,149,78,162,86,9,0,20,255,255,255,2,0,0,0,,,,,
#DST_IMAGE,0,150,78,162,86,9,0,0,255,255,255,2,0,0,0,,,,,
#DST_IMAGE,0,1000,78,162,86,9,0,0,255,255,255,2,0,0,0,,,,,

"//1P Bテカリアニメ2",,,,,,,,,,,,,,,,,,,,
//SRC定義,(NULL),gr,x,y,w,h,div_x,div_y,cycle,timer,op1,op2,op3,,,,,,,
#SRC_IMAGE,0,0,1629,69,86,9,1,1,0,0,0,0,0,,,,,,,
//DST定義,(NULL),time,x,y,w,h,acc,a,r,g,b,blend,filter,angle,center,loop,timer,op1,op2,op3
#DST_IMAGE,0,16,78,153,86,9,0,180,255,255,255,2,0,0,0,16,0,303,0,0
#DST_IMAGE,0,149,78,153,86,9,0,20,255,255,255,2,0,0,0,,,,,
#DST_IMAGE,0,150,78,153,86,9,0,0,255,255,255,2,0,0,0,,,,,
#DST_IMAGE,0,1016,78,153,86,9,0,0,255,255,255,2,0,0,0,,,,,

"//1P Bテカリアニメ3",,,,,,,,,,,,,,,,,,,,
//SRC定義,(NULL),gr,x,y,w,h,div_x,div_y,cycle,timer,op1,op2,op3,,,,,,,
#SRC_IMAGE,0,0,1629,60,86,9,1,1,0,0,0,0,0,,,,,,,
//DST定義,(NULL),time,x,y,w,h,acc,a,r,g,b,blend,filter,angle,center,loop,timer,op1,op2,op3
#DST_IMAGE,0,33,78,144,86,9,0,160,255,255,255,2,0,0,0,33,0,303,0,0
#DST_IMAGE,0,149,78,144,86,9,0,20,255,255,255,2,0,0,0,,,,,
#DST_IMAGE,0,150,78,144,86,9,0,0,255,255,255,2,0,0,0,,,,,
#DST_IMAGE,0,1033,78,144,86,9,0,0,255,255,255,2,0,0,0,,,,,

"//1P Bテカリアニメ4",,,,,,,,,,,,,,,,,,,,
//SRC定義,(NULL),gr,x,y,w,h,div_x,div_y,cycle,timer,op1,op2,op3,,,,,,,
#SRC_IMAGE,0,0,1629,51,86,9,1,1,0,0,0,0,0,,,,,,,
//DST定義,(NULL),time,x,y,w,h,acc,a,r,g,b,blend,filter,angle,center,loop,timer,op1,op2,op3
#DST_IMAGE,0,50,78,135,86,9,0,140,255,255,255,2,0,0,0,50,0,303,0,0
#DST_IMAGE,0,149,78,135,86,9,0,20,255,255,255,2,0,0,0,,,,,
#DST_IMAGE,0,150,78,135,86,9,0,0,255,255,255,2,0,0,0,,,,,
#DST_IMAGE,0,1050,78,135,86,9,0,0,255,255,255,2,0,0,0,,,,,

"//1P Bテカリアニメ5",,,,,,,,,,,,,,,,,,,,
//SRC定義,(NULL),gr,x,y,w,h,div_x,div_y,cycle,timer,op1,op2,op3,,,,,,,
#SRC_IMAGE,0,0,1629,42,86,9,1,1,0,0,0,0,0,,,,,,,
//DST定義,(NULL),time,x,y,w,h,acc,a,r,g,b,blend,filter,angle,center,loop,timer,op1,op2,op3
#DST_IMAGE,0,66,78,126,86,9,0,120,255,255,255,2,0,0,0,66,0,303,0,0
#DST_IMAGE,0,149,78,126,86,9,0,20,255,255,255,2,0,0,0,,,,,
#DST_IMAGE,0,150,78,126,86,9,0,0,255,255,255,2,0,0,0,,,,,
#DST_IMAGE,0,1066,78,126,86,9,0,0,255,255,255,2,0,0,0,,,,,

"//1P Bテカリアニメ6",,,,,,,,,,,,,,,,,,,,
//SRC定義,(NULL),gr,x,y,w,h,div_x,div_y,cycle,timer,op1,op2,op3,,,,,,,
#SRC_IMAGE,0,0,1629,33,86,9,1,1,0,0,0,0,0,,,,,,,
//DST定義,(NULL),time,x,y,w,h,acc,a,r,g,b,blend,filter,angle,center,loop,timer,op1,op2,op3
#DST_IMAGE,0,83,78,117,86,9,0,100,255,255,255,2,0,0,0,83,0,303,0,0
#DST_IMAGE,0,149,78,117,86,9,0,20,255,255,255,2,0,0,0,,,,,
#DST_IMAGE,0,150,78,117,86,9,0,0,255,255,255,2,0,0,0,,,,,
#DST_IMAGE,0,1083,78,117,86,9,0,0,255,255,255,2,0,0,0,,,,,

"//1P Bテカリアニメ7",,,,,,,,,,,,,,,,,,,,
//SRC定義,(NULL),gr,x,y,w,h,div_x,div_y,cycle,timer,op1,op2,op3,,,,,,,
#SRC_IMAGE,0,0,1629,24,86,9,1,1,0,0,0,0,0,,,,,,,
//DST定義,(NULL),time,x,y,w,h,acc,a,r,g,b,blend,filter,angle,center,loop,timer,op1,op2,op3
#DST_IMAGE,0,100,78,108,86,9,0,80,255,255,255,2,0,0,0,100,0,303,0,0
#DST_IMAGE,0,149,78,108,86,9,0,20,255,255,255,2,0,0,0,,,,,
#DST_IMAGE,0,150,78,108,86,9,0,0,255,255,255,2,0,0,0,,,,,
#DST_IMAGE,0,1100,78,108,86,9,0,0,255,255,255,2,0,0,0,,,,,

"//1P Bテカリアニメ8",,,,,,,,,,,,,,,,,,,,
//SRC定義,(NULL),gr,x,y,w,h,div_x,div_y,cycle,timer,op1,op2,op3,,,,,,,
#SRC_IMAGE,0,0,1629,15,86,9,1,1,0,0,0,0,0,,,,,,,
//DST定義,(NULL),time,x,y,w,h,acc,a,r,g,b,blend,filter,angle,center,loop,timer,op1,op2,op3
#DST_IMAGE,0,116,78,99,86,9,0,60,255,255,255,2,0,0,0,116,0,303,0,0
#DST_IMAGE,0,149,78,99,86,9,0,20,255,255,255,2,0,0,0,,,,,
#DST_IMAGE,0,150,78,99,86,9,0,0,255,255,255,2,0,0,0,,,,,
#DST_IMAGE,0,1116,78,99,86,9,0,0,255,255,255,2,0,0,0,,,,,

"//1P Bテカリアニメ9",,,,,,,,,,,,,,,,,,,,
//SRC定義,(NULL),gr,x,y,w,h,div_x,div_y,cycle,timer,op1,op2,op3,,,,,,,
#SRC_IMAGE,0,0,1629,6,86,9,1,1,0,0,0,0,0,,,,,,,
//DST定義,(NULL),time,x,y,w,h,acc,a,r,g,b,blend,filter,angle,center,loop,timer,op1,op2,op3
#DST_IMAGE,0,133,78,90,86,9,0,40,255,255,255,2,0,0,0,133,0,303,0,0
#DST_IMAGE,0,149,78,90,86,9,0,20,255,255,255,2,0,0,0,,,,,
#DST_IMAGE,0,150,78,90,86,9,0,0,255,255,255,2,0,0,0,,,,,
#DST_IMAGE,0,1133,78,90,86,9,0,0,255,255,255,2,0,0,0,,,,,






//1P C,,,,,,,,,,,,,,,,,,,,
//SRC定義,(NULL),gr,x,y,w,h,div_x,div_y,cycle,timer,op1,op2,op3,,,,,,,
#SRC_IMAGE,0,0,1454,0,86,88,1,1,0,0,0,0,0,,,,,,,
//DST定義,(NULL),time,x,y,w,h,acc,a,r,g,b,blend,filter,angle,center,loop,timer,op1,op2,op3
#DST_IMAGE,0,0,78,-996,86,1200,1,255,255,255,255,1,0,0,0,316,0,304,0,0
#DST_IMAGE,0,250,78,82,86,88,0,255,255,255,255,1,0,0,0,,,,,
#DST_IMAGE,0,316,78,82,86,88,0,255,255,255,255,1,0,0,0,,,,,
#DST_IMAGE,0,983,78,82,86,88,0,255,255,255,255,1,0,0,0,,,,,
#DST_IMAGE,0,1150,78,82,86,88,0,100,255,255,255,1,0,0,0,,,,,
#DST_IMAGE,0,1316,78,82,86,88,0,255,255,255,255,1,0,0,0,,,,,


//1P Cテカリ,,,,,,,,,,,,,,,,,,,,
//SRC定義,(NULL),gr,x,y,w,h,div_x,div_y,cycle,timer,op1,op2,op3,,,,,,,
#SRC_IMAGE,0,0,1454,0,86,88,1,1,0,0,0,0,0,,,,,,,
//DST定義,(NULL),time,x,y,w,h,acc,a,r,g,b,blend,filter,angle,center,loop,timer,op1,op2,op3
#DST_IMAGE,0,300,78,82,86,88,0,100,255,255,255,2,0,0,0,-1,0,304,0,0
#DST_IMAGE,0,349,78,82,86,88,0,100,255,255,255,2,0,0,0,,,,,

"//1P Cテカリアニメ1",,,,,,,,,,,,,,,,,,,,
//SRC定義,(NULL),gr,x,y,w,h,div_x,div_y,cycle,timer,op1,op2,op3,,,,,,,
#SRC_IMAGE,0,0,1716,78,86,9,1,1,0,0,0,0,0,,,,,,,
//DST定義,(NULL),time,x,y,w,h,acc,a,r,g,b,blend,filter,angle,center,loop,timer,op1,op2,op3
#DST_IMAGE,0,0,78,162,86,9,0,200,255,255,255,2,0,0,0,0,0,304,0,0
#DST_IMAGE,0,149,78,162,86,9,0,20,255,255,255,2,0,0,0,,,,,
#DST_IMAGE,0,150,78,162,86,9,0,0,255,255,255,2,0,0,0,,,,,
#DST_IMAGE,0,1000,78,162,86,9,0,0,255,255,255,2,0,0,0,,,,,

"//1P Cテカリアニメ2",,,,,,,,,,,,,,,,,,,,
//SRC定義,(NULL),gr,x,y,w,h,div_x,div_y,cycle,timer,op1,op2,op3,,,,,,,
#SRC_IMAGE,0,0,1716,69,86,9,1,1,0,0,0,0,0,,,,,,,
//DST定義,(NULL),time,x,y,w,h,acc,a,r,g,b,blend,filter,angle,center,loop,timer,op1,op2,op3
#DST_IMAGE,0,16,78,153,86,9,0,180,255,255,255,2,0,0,0,16,0,304,0,0
#DST_IMAGE,0,149,78,153,86,9,0,20,255,255,255,2,0,0,0,,,,,
#DST_IMAGE,0,150,78,153,86,9,0,0,255,255,255,2,0,0,0,,,,,
#DST_IMAGE,0,1016,78,153,86,9,0,0,255,255,255,2,0,0,0,,,,,

"//1P Cテカリアニメ3",,,,,,,,,,,,,,,,,,,,
//SRC定義,(NULL),gr,x,y,w,h,div_x,div_y,cycle,timer,op1,op2,op3,,,,,,,
#SRC_IMAGE,0,0,1716,60,86,9,1,1,0,0,0,0,0,,,,,,,
//DST定義,(NULL),time,x,y,w,h,acc,a,r,g,b,blend,filter,angle,center,loop,timer,op1,op2,op3
#DST_IMAGE,0,33,78,144,86,9,0,160,255,255,255,2,0,0,0,33,0,304,0,0
#DST_IMAGE,0,149,78,144,86,9,0,20,255,255,255,2,0,0,0,,,,,
#DST_IMAGE,0,150,78,144,86,9,0,0,255,255,255,2,0,0,0,,,,,
#DST_IMAGE,0,1033,78,144,86,9,0,0,255,255,255,2,0,0,0,,,,,

"//1P Cテカリアニメ4",,,,,,,,,,,,,,,,,,,,
//SRC定義,(NULL),gr,x,y,w,h,div_x,div_y,cycle,timer,op1,op2,op3,,,,,,,
#SRC_IMAGE,0,0,1716,51,86,9,1,1,0,0,0,0,0,,,,,,,
//DST定義,(NULL),time,x,y,w,h,acc,a,r,g,b,blend,filter,angle,center,loop,timer,op1,op2,op3
#DST_IMAGE,0,50,78,135,86,9,0,140,255,255,255,2,0,0,0,50,0,304,0,0
#DST_IMAGE,0,149,78,135,86,9,0,20,255,255,255,2,0,0,0,,,,,
#DST_IMAGE,0,150,78,135,86,9,0,0,255,255,255,2,0,0,0,,,,,
#DST_IMAGE,0,1050,78,135,86,9,0,0,255,255,255,2,0,0,0,,,,,

"//1P Cテカリアニメ5",,,,,,,,,,,,,,,,,,,,
//SRC定義,(NULL),gr,x,y,w,h,div_x,div_y,cycle,timer,op1,op2,op3,,,,,,,
#SRC_IMAGE,0,0,1716,42,86,9,1,1,0,0,0,0,0,,,,,,,
//DST定義,(NULL),time,x,y,w,h,acc,a,r,g,b,blend,filter,angle,center,loop,timer,op1,op2,op3
#DST_IMAGE,0,66,78,126,86,9,0,120,255,255,255,2,0,0,0,66,0,304,0,0
#DST_IMAGE,0,149,78,126,86,9,0,20,255,255,255,2,0,0,0,,,,,
#DST_IMAGE,0,150,78,126,86,9,0,0,255,255,255,2,0,0,0,,,,,
#DST_IMAGE,0,1066,78,126,86,9,0,0,255,255,255,2,0,0,0,,,,,

"//1P Cテカリアニメ6",,,,,,,,,,,,,,,,,,,,
//SRC定義,(NULL),gr,x,y,w,h,div_x,div_y,cycle,timer,op1,op2,op3,,,,,,,
#SRC_IMAGE,0,0,1716,33,86,9,1,1,0,0,0,0,0,,,,,,,
//DST定義,(NULL),time,x,y,w,h,acc,a,r,g,b,blend,filter,angle,center,loop,timer,op1,op2,op3
#DST_IMAGE,0,83,78,117,86,9,0,100,255,255,255,2,0,0,0,83,0,304,0,0
#DST_IMAGE,0,149,78,117,86,9,0,20,255,255,255,2,0,0,0,,,,,
#DST_IMAGE,0,150,78,117,86,9,0,0,255,255,255,2,0,0,0,,,,,
#DST_IMAGE,0,1083,78,117,86,9,0,0,255,255,255,2,0,0,0,,,,,

"//1P Cテカリアニメ7",,,,,,,,,,,,,,,,,,,,
//SRC定義,(NULL),gr,x,y,w,h,div_x,div_y,cycle,timer,op1,op2,op3,,,,,,,
#SRC_IMAGE,0,0,1716,24,86,9,1,1,0,0,0,0,0,,,,,,,
//DST定義,(NULL),time,x,y,w,h,acc,a,r,g,b,blend,filter,angle,center,loop,timer,op1,op2,op3
#DST_IMAGE,0,100,78,108,86,9,0,80,255,255,255,2,0,0,0,100,0,304,0,0
#DST_IMAGE,0,149,78,108,86,9,0,20,255,255,255,2,0,0,0,,,,,
#DST_IMAGE,0,150,78,108,86,9,0,0,255,255,255,2,0,0,0,,,,,
#DST_IMAGE,0,1100,78,108,86,9,0,0,255,255,255,2,0,0,0,,,,,

"//1P Cテカリアニメ8",,,,,,,,,,,,,,,,,,,,
//SRC定義,(NULL),gr,x,y,w,h,div_x,div_y,cycle,timer,op1,op2,op3,,,,,,,
#SRC_IMAGE,0,0,1716,15,86,9,1,1,0,0,0,0,0,,,,,,,
//DST定義,(NULL),time,x,y,w,h,acc,a,r,g,b,blend,filter,angle,center,loop,timer,op1,op2,op3
#DST_IMAGE,0,116,78,99,86,9,0,60,255,255,255,2,0,0,0,116,0,304,0,0
#DST_IMAGE,0,149,78,99,86,9,0,20,255,255,255,2,0,0,0,,,,,
#DST_IMAGE,0,150,78,99,86,9,0,0,255,255,255,2,0,0,0,,,,,
#DST_IMAGE,0,1116,78,99,86,9,0,0,255,255,255,2,0,0,0,,,,,

"//1P Cテカリアニメ9",,,,,,,,,,,,,,,,,,,,
//SRC定義,(NULL),gr,x,y,w,h,div_x,div_y,cycle,timer,op1,op2,op3,,,,,,,
#SRC_IMAGE,0,0,1716,6,86,9,1,1,0,0,0,0,0,,,,,,,
//DST定義,(NULL),time,x,y,w,h,acc,a,r,g,b,blend,filter,angle,center,loop,timer,op1,op2,op3
#DST_IMAGE,0,133,78,90,86,9,0,40,255,255,255,2,0,0,0,133,0,304,0,0
#DST_IMAGE,0,149,78,90,86,9,0,20,255,255,255,2,0,0,0,,,,,
#DST_IMAGE,0,150,78,90,86,9,0,0,255,255,255,2,0,0,0,,,,,
#DST_IMAGE,0,1133,78,90,86,9,0,0,255,255,255,2,0,0,0,,,,,

//1P D,,,,,,,,,,,,,,,,,,,,
//SRC定義,(NULL),gr,x,y,w,h,div_x,div_y,cycle,timer,op1,op2,op3,,,,,,,
#SRC_IMAGE,0,0,1280,89,86,88,1,1,0,0,0,0,0,,,,,,,
//DST定義,(NULL),time,x,y,w,h,acc,a,r,g,b,blend,filter,angle,center,loop,timer,op1,op2,op3
#DST_IMAGE,0,0,78,-996,86,1200,1,255,255,255,255,1,0,0,0,316,0,305,0,0
#DST_IMAGE,0,250,78,82,86,88,0,255,255,255,255,1,0,0,0,,,,,
#DST_IMAGE,0,316,78,82,86,88,0,255,255,255,255,1,0,0,0,,,,,
#DST_IMAGE,0,983,78,82,86,88,0,255,255,255,255,1,0,0,0,,,,,
#DST_IMAGE,0,1150,78,82,86,88,0,100,255,255,255,1,0,0,0,,,,,
#DST_IMAGE,0,1316,78,82,86,88,0,255,255,255,255,1,0,0,0,,,,,


//1P Dテカリ,,,,,,,,,,,,,,,,,,,,
//SRC定義,(NULL),gr,x,y,w,h,div_x,div_y,cycle,timer,op1,op2,op3,,,,,,,
#SRC_IMAGE,0,0,1280,89,86,88,1,1,0,0,0,0,0,,,,,,,
//DST定義,(NULL),time,x,y,w,h,acc,a,r,g,b,blend,filter,angle,center,loop,timer,op1,op2,op3
#DST_IMAGE,0,300,78,82,86,88,0,100,255,255,255,2,0,0,0,-1,0,305,0,0
#DST_IMAGE,0,349,78,82,86,88,0,100,255,255,255,2,0,0,0,,,,,

"//1P Dテカリアニメ1",,,,,,,,,,,,,,,,,,,,
//SRC定義,(NULL),gr,x,y,w,h,div_x,div_y,cycle,timer,op1,op2,op3,,,,,,,
#SRC_IMAGE,0,0,1803,78,86,9,1,1,0,0,0,0,0,,,,,,,
//DST定義,(NULL),time,x,y,w,h,acc,a,r,g,b,blend,filter,angle,center,loop,timer,op1,op2,op3
#DST_IMAGE,0,0,78,162,86,9,0,200,255,255,255,2,0,0,0,0,0,305,0,0
#DST_IMAGE,0,149,78,162,86,9,0,20,255,255,255,2,0,0,0,,,,,
#DST_IMAGE,0,150,78,162,86,9,0,0,255,255,255,2,0,0,0,,,,,
#DST_IMAGE,0,1000,78,162,86,9,0,0,255,255,255,2,0,0,0,,,,,

"//1P Dテカリアニメ2",,,,,,,,,,,,,,,,,,,,
//SRC定義,(NULL),gr,x,y,w,h,div_x,div_y,cycle,timer,op1,op2,op3,,,,,,,
#SRC_IMAGE,0,0,1803,69,86,9,1,1,0,0,0,0,0,,,,,,,
//DST定義,(NULL),time,x,y,w,h,acc,a,r,g,b,blend,filter,angle,center,loop,timer,op1,op2,op3
#DST_IMAGE,0,16,78,153,86,9,0,180,255,255,255,2,0,0,0,16,0,305,0,0
#DST_IMAGE,0,149,78,153,86,9,0,20,255,255,255,2,0,0,0,,,,,
#DST_IMAGE,0,150,78,153,86,9,0,0,255,255,255,2,0,0,0,,,,,
#DST_IMAGE,0,1016,78,153,86,9,0,0,255,255,255,2,0,0,0,,,,,

"//1P Dテカリアニメ3",,,,,,,,,,,,,,,,,,,,
//SRC定義,(NULL),gr,x,y,w,h,div_x,div_y,cycle,timer,op1,op2,op3,,,,,,,
#SRC_IMAGE,0,0,1803,60,86,9,1,1,0,0,0,0,0,,,,,,,
//DST定義,(NULL),time,x,y,w,h,acc,a,r,g,b,blend,filter,angle,center,loop,timer,op1,op2,op3
#DST_IMAGE,0,33,78,144,86,9,0,160,255,255,255,2,0,0,0,33,0,305,0,0
#DST_IMAGE,0,149,78,144,86,9,0,20,255,255,255,2,0,0,0,,,,,
#DST_IMAGE,0,150,78,144,86,9,0,0,255,255,255,2,0,0,0,,,,,
#DST_IMAGE,0,1033,78,144,86,9,0,0,255,255,255,2,0,0,0,,,,,

"//1P Dテカリアニメ4",,,,,,,,,,,,,,,,,,,,
//SRC定義,(NULL),gr,x,y,w,h,div_x,div_y,cycle,timer,op1,op2,op3,,,,,,,
#SRC_IMAGE,0,0,1803,51,86,9,1,1,0,0,0,0,0,,,,,,,
//DST定義,(NULL),time,x,y,w,h,acc,a,r,g,b,blend,filter,angle,center,loop,timer,op1,op2,op3
#DST_IMAGE,0,50,78,135,86,9,0,140,255,255,255,2,0,0,0,50,0,305,0,0
#DST_IMAGE,0,149,78,135,86,9,0,20,255,255,255,2,0,0,0,,,,,
#DST_IMAGE,0,150,78,135,86,9,0,0,255,255,255,2,0,0,0,,,,,
#DST_IMAGE,0,1050,78,135,86,9,0,0,255,255,255,2,0,0,0,,,,,

"//1P Dテカリアニメ5",,,,,,,,,,,,,,,,,,,,
//SRC定義,(NULL),gr,x,y,w,h,div_x,div_y,cycle,timer,op1,op2,op3,,,,,,,
#SRC_IMAGE,0,0,1803,42,86,9,1,1,0,0,0,0,0,,,,,,,
//DST定義,(NULL),time,x,y,w,h,acc,a,r,g,b,blend,filter,angle,center,loop,timer,op1,op2,op3
#DST_IMAGE,0,66,78,126,86,9,0,120,255,255,255,2,0,0,0,66,0,305,0,0
#DST_IMAGE,0,149,78,126,86,9,0,20,255,255,255,2,0,0,0,,,,,
#DST_IMAGE,0,150,78,126,86,9,0,0,255,255,255,2,0,0,0,,,,,
#DST_IMAGE,0,1066,78,126,86,9,0,0,255,255,255,2,0,0,0,,,,,

"//1P Dテカリアニメ6",,,,,,,,,,,,,,,,,,,,
//SRC定義,(NULL),gr,x,y,w,h,div_x,div_y,cycle,timer,op1,op2,op3,,,,,,,
#SRC_IMAGE,0,0,1803,33,86,9,1,1,0,0,0,0,0,,,,,,,
//DST定義,(NULL),time,x,y,w,h,acc,a,r,g,b,blend,filter,angle,center,loop,timer,op1,op2,op3
#DST_IMAGE,0,83,78,117,86,9,0,100,255,255,255,2,0,0,0,83,0,305,0,0
#DST_IMAGE,0,149,78,117,86,9,0,20,255,255,255,2,0,0,0,,,,,
#DST_IMAGE,0,150,78,117,86,9,0,0,255,255,255,2,0,0,0,,,,,
#DST_IMAGE,0,1083,78,117,86,9,0,0,255,255,255,2,0,0,0,,,,,

"//1P Dテカリアニメ7",,,,,,,,,,,,,,,,,,,,
//SRC定義,(NULL),gr,x,y,w,h,div_x,div_y,cycle,timer,op1,op2,op3,,,,,,,
#SRC_IMAGE,0,0,1803,24,86,9,1,1,0,0,0,0,0,,,,,,,
//DST定義,(NULL),time,x,y,w,h,acc,a,r,g,b,blend,filter,angle,center,loop,timer,op1,op2,op3
#DST_IMAGE,0,100,78,108,86,9,0,80,255,255,255,2,0,0,0,100,0,305,0,0
#DST_IMAGE,0,149,78,108,86,9,0,20,255,255,255,2,0,0,0,,,,,
#DST_IMAGE,0,150,78,108,86,9,0,0,255,255,255,2,0,0,0,,,,,
#DST_IMAGE,0,1100,78,108,86,9,0,0,255,255,255,2,0,0,0,,,,,

"//1P Dテカリアニメ8",,,,,,,,,,,,,,,,,,,,
//SRC定義,(NULL),gr,x,y,w,h,div_x,div_y,cycle,timer,op1,op2,op3,,,,,,,
#SRC_IMAGE,0,0,1803,15,86,9,1,1,0,0,0,0,0,,,,,,,
//DST定義,(NULL),time,x,y,w,h,acc,a,r,g,b,blend,filter,angle,center,loop,timer,op1,op2,op3
#DST_IMAGE,0,116,78,99,86,9,0,60,255,255,255,2,0,0,0,116,0,305,0,0
#DST_IMAGE,0,149,78,99,86,9,0,20,255,255,255,2,0,0,0,,,,,
#DST_IMAGE,0,150,78,99,86,9,0,0,255,255,255,2,0,0,0,,,,,
#DST_IMAGE,0,1116,78,99,86,9,0,0,255,255,255,2,0,0,0,,,,,

"//1P Dテカリアニメ9",,,,,,,,,,,,,,,,,,,,
//SRC定義,(NULL),gr,x,y,w,h,div_x,div_y,cycle,timer,op1,op2,op3,,,,,,,
#SRC_IMAGE,0,0,1803,6,86,9,1,1,0,0,0,0,0,,,,,,,
//DST定義,(NULL),time,x,y,w,h,acc,a,r,g,b,blend,filter,angle,center,loop,timer,op1,op2,op3
#DST_IMAGE,0,133,78,90,86,9,0,40,255,255,255,2,0,0,0,133,0,305,0,0
#DST_IMAGE,0,149,78,90,86,9,0,20,255,255,255,2,0,0,0,,,,,
#DST_IMAGE,0,150,78,90,86,9,0,0,255,255,255,2,0,0,0,,,,,
#DST_IMAGE,0,1133,78,90,86,9,0,0,255,255,255,2,0,0,0,,,,,

//1P E,,,,,,,,,,,,,,,,,,,,
//SRC定義,(NULL),gr,x,y,w,h,div_x,div_y,cycle,timer,op1,op2,op3,,,,,,,
#SRC_IMAGE,0,0,1367,89,86,88,1,1,0,0,0,0,0,,,,,,,
//DST定義,(NULL),time,x,y,w,h,acc,a,r,g,b,blend,filter,angle,center,loop,timer,op1,op2,op3
#DST_IMAGE,0,0,78,-996,86,1200,1,255,255,255,255,1,0,0,0,316,0,306,0,0
#DST_IMAGE,0,250,78,82,86,88,0,255,255,255,255,1,0,0,0,,,,,
#DST_IMAGE,0,316,78,82,86,88,0,255,255,255,255,1,0,0,0,,,,,
#DST_IMAGE,0,983,78,82,86,88,0,255,255,255,255,1,0,0,0,,,,,
#DST_IMAGE,0,1150,78,82,86,88,0,100,255,255,255,1,0,0,0,,,,,
#DST_IMAGE,0,1316,78,82,86,88,0,255,255,255,255,1,0,0,0,,,,,


//1P Eテカリ,,,,,,,,,,,,,,,,,,,,
//SRC定義,(NULL),gr,x,y,w,h,div_x,div_y,cycle,timer,op1,op2,op3,,,,,,,
#SRC_IMAGE,0,0,1367,89,86,88,1,1,0,0,0,0,0,,,,,,,
//DST定義,(NULL),time,x,y,w,h,acc,a,r,g,b,blend,filter,angle,center,loop,timer,op1,op2,op3
#DST_IMAGE,0,300,78,82,86,88,0,100,255,255,255,2,0,0,0,-1,0,306,0,0
#DST_IMAGE,0,349,78,82,86,88,0,100,255,255,255,2,0,0,0,,,,,

"//1P Eテカリアニメ1",,,,,,,,,,,,,,,,,,,,
//SRC定義,(NULL),gr,x,y,w,h,div_x,div_y,cycle,timer,op1,op2,op3,,,,,,,
#SRC_IMAGE,0,0,1890,78,86,9,1,1,0,0,0,0,0,,,,,,,
//DST定義,(NULL),time,x,y,w,h,acc,a,r,g,b,blend,filter,angle,center,loop,timer,op1,op2,op3
#DST_IMAGE,0,0,78,162,86,9,0,200,255,255,255,2,0,0,0,0,0,306,0,0
#DST_IMAGE,0,149,78,162,86,9,0,20,255,255,255,2,0,0,0,,,,,
#DST_IMAGE,0,150,78,162,86,9,0,0,255,255,255,2,0,0,0,,,,,
#DST_IMAGE,0,1000,78,162,86,9,0,0,255,255,255,2,0,0,0,,,,,

"//1P Eテカリアニメ2",,,,,,,,,,,,,,,,,,,,
//SRC定義,(NULL),gr,x,y,w,h,div_x,div_y,cycle,timer,op1,op2,op3,,,,,,,
#SRC_IMAGE,0,0,1890,69,86,9,1,1,0,0,0,0,0,,,,,,,
//DST定義,(NULL),time,x,y,w,h,acc,a,r,g,b,blend,filter,angle,center,loop,timer,op1,op2,op3
#DST_IMAGE,0,16,78,153,86,9,0,180,255,255,255,2,0,0,0,16,0,306,0,0
#DST_IMAGE,0,149,78,153,86,9,0,20,255,255,255,2,0,0,0,,,,,
#DST_IMAGE,0,150,78,153,86,9,0,0,255,255,255,2,0,0,0,,,,,
#DST_IMAGE,0,1016,78,153,86,9,0,0,255,255,255,2,0,0,0,,,,,

"//1P Eテカリアニメ3",,,,,,,,,,,,,,,,,,,,
//SRC定義,(NULL),gr,x,y,w,h,div_x,div_y,cycle,timer,op1,op2,op3,,,,,,,
#SRC_IMAGE,0,0,1890,60,86,9,1,1,0,0,0,0,0,,,,,,,
//DST定義,(NULL),time,x,y,w,h,acc,a,r,g,b,blend,filter,angle,center,loop,timer,op1,op2,op3
#DST_IMAGE,0,33,78,144,86,9,0,160,255,255,255,2,0,0,0,33,0,306,0,0
#DST_IMAGE,0,149,78,144,86,9,0,20,255,255,255,2,0,0,0,,,,,
#DST_IMAGE,0,150,78,144,86,9,0,0,255,255,255,2,0,0,0,,,,,
#DST_IMAGE,0,1033,78,144,86,9,0,0,255,255,255,2,0,0,0,,,,,

"//1P Eテカリアニメ4",,,,,,,,,,,,,,,,,,,,
//SRC定義,(NULL),gr,x,y,w,h,div_x,div_y,cycle,timer,op1,op2,op3,,,,,,,
#SRC_IMAGE,0,0,1890,51,86,9,1,1,0,0,0,0,0,,,,,,,
//DST定義,(NULL),time,x,y,w,h,acc,a,r,g,b,blend,filter,angle,center,loop,timer,op1,op2,op3
#DST_IMAGE,0,50,78,135,86,9,0,140,255,255,255,2,0,0,0,50,0,306,0,0
#DST_IMAGE,0,149,78,135,86,9,0,20,255,255,255,2,0,0,0,,,,,
#DST_IMAGE,0,150,78,135,86,9,0,0,255,255,255,2,0,0,0,,,,,
#DST_IMAGE,0,1050,78,135,86,9,0,0,255,255,255,2,0,0,0,,,,,

"//1P Eテカリアニメ5",,,,,,,,,,,,,,,,,,,,
//SRC定義,(NULL),gr,x,y,w,h,div_x,div_y,cycle,timer,op1,op2,op3,,,,,,,
#SRC_IMAGE,0,0,1890,42,86,9,1,1,0,0,0,0,0,,,,,,,
//DST定義,(NULL),time,x,y,w,h,acc,a,r,g,b,blend,filter,angle,center,loop,timer,op1,op2,op3
#DST_IMAGE,0,66,78,126,86,9,0,120,255,255,255,2,0,0,0,66,0,306,0,0
#DST_IMAGE,0,149,78,126,86,9,0,20,255,255,255,2,0,0,0,,,,,
#DST_IMAGE,0,150,78,126,86,9,0,0,255,255,255,2,0,0,0,,,,,
#DST_IMAGE,0,1066,78,126,86,9,0,0,255,255,255,2,0,0,0,,,,,

"//1P Eテカリアニメ6",,,,,,,,,,,,,,,,,,,,
//SRC定義,(NULL),gr,x,y,w,h,div_x,div_y,cycle,timer,op1,op2,op3,,,,,,,
#SRC_IMAGE,0,0,1890,33,86,9,1,1,0,0,0,0,0,,,,,,,
//DST定義,(NULL),time,x,y,w,h,acc,a,r,g,b,blend,filter,angle,center,loop,timer,op1,op2,op3
#DST_IMAGE,0,83,78,117,86,9,0,100,255,255,255,2,0,0,0,83,0,306,0,0
#DST_IMAGE,0,149,78,117,86,9,0,20,255,255,255,2,0,0,0,,,,,
#DST_IMAGE,0,150,78,117,86,9,0,0,255,255,255,2,0,0,0,,,,,
#DST_IMAGE,0,1083,78,117,86,9,0,0,255,255,255,2,0,0,0,,,,,

"//1P Eテカリアニメ7",,,,,,,,,,,,,,,,,,,,
//SRC定義,(NULL),gr,x,y,w,h,div_x,div_y,cycle,timer,op1,op2,op3,,,,,,,
#SRC_IMAGE,0,0,1890,24,86,9,1,1,0,0,0,0,0,,,,,,,
//DST定義,(NULL),time,x,y,w,h,acc,a,r,g,b,blend,filter,angle,center,loop,timer,op1,op2,op3
#DST_IMAGE,0,100,78,108,86,9,0,80,255,255,255,2,0,0,0,100,0,306,0,0
#DST_IMAGE,0,149,78,108,86,9,0,20,255,255,255,2,0,0,0,,,,,
#DST_IMAGE,0,150,78,108,86,9,0,0,255,255,255,2,0,0,0,,,,,
#DST_IMAGE,0,1100,78,108,86,9,0,0,255,255,255,2,0,0,0,,,,,

"//1P Eテカリアニメ8",,,,,,,,,,,,,,,,,,,,
//SRC定義,(NULL),gr,x,y,w,h,div_x,div_y,cycle,timer,op1,op2,op3,,,,,,,
#SRC_IMAGE,0,0,1890,15,86,9,1,1,0,0,0,0,0,,,,,,,
//DST定義,(NULL),time,x,y,w,h,acc,a,r,g,b,blend,filter,angle,center,loop,timer,op1,op2,op3
#DST_IMAGE,0,116,78,99,86,9,0,60,255,255,255,2,0,0,0,116,0,306,0,0
#DST_IMAGE,0,149,78,99,86,9,0,20,255,255,255,2,0,0,0,,,,,
#DST_IMAGE,0,150,78,99,86,9,0,0,255,255,255,2,0,0,0,,,,,
#DST_IMAGE,0,1116,78,99,86,9,0,0,255,255,255,2,0,0,0,,,,,

"//1P Eテカリアニメ9",,,,,,,,,,,,,,,,,,,,
//SRC定義,(NULL),gr,x,y,w,h,div_x,div_y,cycle,timer,op1,op2,op3,,,,,,,
#SRC_IMAGE,0,0,1890,6,86,9,1,1,0,0,0,0,0,,,,,,,
//DST定義,(NULL),time,x,y,w,h,acc,a,r,g,b,blend,filter,angle,center,loop,timer,op1,op2,op3
#DST_IMAGE,0,133,78,90,86,9,0,40,255,255,255,2,0,0,0,133,0,306,0,0
#DST_IMAGE,0,149,78,90,86,9,0,20,255,255,255,2,0,0,0,,,,,
#DST_IMAGE,0,150,78,90,86,9,0,0,255,255,255,2,0,0,0,,,,,
#DST_IMAGE,0,1133,78,90,86,9,0,0,255,255,255,2,0,0,0,,,,,

//1P F,,,,,,,,,,,,,,,,,,,,
//SRC定義,(NULL),gr,x,y,w,h,div_x,div_y,cycle,timer,op1,op2,op3,,,,,,,
#SRC_IMAGE,0,0,1454,89,86,88,1,1,0,0,0,0,0,,,,,,,
//DST定義,(NULL),time,x,y,w,h,acc,a,r,g,b,blend,filter,angle,center,loop,timer,op1,op2,op3
#DST_IMAGE,0,0,78,-996,86,1200,1,255,255,255,255,1,0,0,0,316,0,307,0,0
#DST_IMAGE,0,250,78,82,86,88,0,255,255,255,255,1,0,0,0,,,,,
#DST_IMAGE,0,316,78,82,86,88,0,255,255,255,255,1,0,0,0,,,,,
#DST_IMAGE,0,983,78,82,86,88,0,255,255,255,255,1,0,0,0,,,,,
#DST_IMAGE,0,1150,78,82,86,88,0,100,255,255,255,1,0,0,0,,,,,
#DST_IMAGE,0,1316,78,82,86,88,0,255,255,255,255,1,0,0,0,,,,,


//1P Fテカリ,,,,,,,,,,,,,,,,,,,,
//SRC定義,(NULL),gr,x,y,w,h,div_x,div_y,cycle,timer,op1,op2,op3,,,,,,,
#SRC_IMAGE,0,0,1454,89,86,88,1,1,0,0,0,0,0,,,,,,,
//DST定義,(NULL),time,x,y,w,h,acc,a,r,g,b,blend,filter,angle,center,loop,timer,op1,op2,op3
#DST_IMAGE,0,300,78,82,86,88,0,100,255,255,255,2,0,0,0,-1,0,307,0,0
#DST_IMAGE,0,349,78,82,86,88,0,100,255,255,255,2,0,0,0,,,,,

"//1P Fテカリアニメ1",,,,,,,,,,,,,,,,,,,,
//SRC定義,(NULL),gr,x,y,w,h,div_x,div_y,cycle,timer,op1,op2,op3,,,,,,,
#SRC_IMAGE,0,0,1977,78,86,9,1,1,0,0,0,0,0,,,,,,,
//DST定義,(NULL),time,x,y,w,h,acc,a,r,g,b,blend,filter,angle,center,loop,timer,op1,op2,op3
#DST_IMAGE,0,0,78,162,86,9,0,200,255,255,255,2,0,0,0,0,0,307,0,0
#DST_IMAGE,0,149,78,162,86,9,0,20,255,255,255,2,0,0,0,,,,,
#DST_IMAGE,0,150,78,162,86,9,0,0,255,255,255,2,0,0,0,,,,,
#DST_IMAGE,0,1000,78,162,86,9,0,0,255,255,255,2,0,0,0,,,,,

"//1P Fテカリアニメ2",,,,,,,,,,,,,,,,,,,,
//SRC定義,(NULL),gr,x,y,w,h,div_x,div_y,cycle,timer,op1,op2,op3,,,,,,,
#SRC_IMAGE,0,0,1977,69,86,9,1,1,0,0,0,0,0,,,,,,,
//DST定義,(NULL),time,x,y,w,h,acc,a,r,g,b,blend,filter,angle,center,loop,timer,op1,op2,op3
#DST_IMAGE,0,16,78,153,86,9,0,180,255,255,255,2,0,0,0,16,0,307,0,0
#DST_IMAGE,0,149,78,153,86,9,0,20,255,255,255,2,0,0,0,,,,,
#DST_IMAGE,0,150,78,153,86,9,0,0,255,255,255,2,0,0,0,,,,,
#DST_IMAGE,0,1016,78,153,86,9,0,0,255,255,255,2,0,0,0,,,,,

"//1P Fテカリアニメ3",,,,,,,,,,,,,,,,,,,,
//SRC定義,(NULL),gr,x,y,w,h,div_x,div_y,cycle,timer,op1,op2,op3,,,,,,,
#SRC_IMAGE,0,0,1977,60,86,9,1,1,0,0,0,0,0,,,,,,,
//DST定義,(NULL),time,x,y,w,h,acc,a,r,g,b,blend,filter,angle,center,loop,timer,op1,op2,op3
#DST_IMAGE,0,33,78,144,86,9,0,160,255,255,255,2,0,0,0,33,0,307,0,0
#DST_IMAGE,0,149,78,144,86,9,0,20,255,255,255,2,0,0,0,,,,,
#DST_IMAGE,0,150,78,144,86,9,0,0,255,255,255,2,0,0,0,,,,,
#DST_IMAGE,0,1033,78,144,86,9,0,0,255,255,255,2,0,0,0,,,,,

"//1P Fテカリアニメ4",,,,,,,,,,,,,,,,,,,,
//SRC定義,(NULL),gr,x,y,w,h,div_x,div_y,cycle,timer,op1,op2,op3,,,,,,,
#SRC_IMAGE,0,0,1977,51,86,9,1,1,0,0,0,0,0,,,,,,,
//DST定義,(NULL),time,x,y,w,h,acc,a,r,g,b,blend,filter,angle,center,loop,timer,op1,op2,op3
#DST_IMAGE,0,50,78,135,86,9,0,140,255,255,255,2,0,0,0,50,0,307,0,0
#DST_IMAGE,0,149,78,135,86,9,0,20,255,255,255,2,0,0,0,,,,,
#DST_IMAGE,0,150,78,135,86,9,0,0,255,255,255,2,0,0,0,,,,,
#DST_IMAGE,0,1050,78,135,86,9,0,0,255,255,255,2,0,0,0,,,,,

"//1P Fテカリアニメ5",,,,,,,,,,,,,,,,,,,,
//SRC定義,(NULL),gr,x,y,w,h,div_x,div_y,cycle,timer,op1,op2,op3,,,,,,,
#SRC_IMAGE,0,0,1977,42,86,9,1,1,0,0,0,0,0,,,,,,,
//DST定義,(NULL),time,x,y,w,h,acc,a,r,g,b,blend,filter,angle,center,loop,timer,op1,op2,op3
#DST_IMAGE,0,66,78,126,86,9,0,120,255,255,255,2,0,0,0,66,0,307,0,0
#DST_IMAGE,0,149,78,126,86,9,0,20,255,255,255,2,0,0,0,,,,,
#DST_IMAGE,0,150,78,126,86,9,0,0,255,255,255,2,0,0,0,,,,,
#DST_IMAGE,0,1066,78,126,86,9,0,0,255,255,255,2,0,0,0,,,,,

"//1P Fテカリアニメ6",,,,,,,,,,,,,,,,,,,,
//SRC定義,(NULL),gr,x,y,w,h,div_x,div_y,cycle,timer,op1,op2,op3,,,,,,,
#SRC_IMAGE,0,0,1977,33,86,9,1,1,0,0,0,0,0,,,,,,,
//DST定義,(NULL),time,x,y,w,h,acc,a,r,g,b,blend,filter,angle,center,loop,timer,op1,op2,op3
#DST_IMAGE,0,83,78,117,86,9,0,100,255,255,255,2,0,0,0,83,0,307,0,0
#DST_IMAGE,0,149,78,117,86,9,0,20,255,255,255,2,0,0,0,,,,,
#DST_IMAGE,0,150,78,117,86,9,0,0,255,255,255,2,0,0,0,,,,,
#DST_IMAGE,0,1083,78,117,86,9,0,0,255,255,255,2,0,0,0,,,,,

"//1P Fテカリアニメ7",,,,,,,,,,,,,,,,,,,,
//SRC定義,(NULL),gr,x,y,w,h,div_x,div_y,cycle,timer,op1,op2,op3,,,,,,,
#SRC_IMAGE,0,0,1977,24,86,9,1,1,0,0,0,0,0,,,,,,,
//DST定義,(NULL),time,x,y,w,h,acc,a,r,g,b,blend,filter,angle,center,loop,timer,op1,op2,op3
#DST_IMAGE,0,100,78,108,86,9,0,80,255,255,255,2,0,0,0,100,0,307,0,0
#DST_IMAGE,0,149,78,108,86,9,0,20,255,255,255,2,0,0,0,,,,,
#DST_IMAGE,0,150,78,108,86,9,0,0,255,255,255,2,0,0,0,,,,,
#DST_IMAGE,0,1100,78,108,86,9,0,0,255,255,255,2,0,0,0,,,,,

"//1P Fテカリアニメ8",,,,,,,,,,,,,,,,,,,,
//SRC定義,(NULL),gr,x,y,w,h,div_x,div_y,cycle,timer,op1,op2,op3,,,,,,,
#SRC_IMAGE,0,0,1977,15,86,9,1,1,0,0,0,0,0,,,,,,,
//DST定義,(NULL),time,x,y,w,h,acc,a,r,g,b,blend,filter,angle,center,loop,timer,op1,op2,op3
#DST_IMAGE,0,116,78,99,86,9,0,60,255,255,255,2,0,0,0,116,0,307,0,0
#DST_IMAGE,0,149,78,99,86,9,0,20,255,255,255,2,0,0,0,,,,,
#DST_IMAGE,0,150,78,99,86,9,0,0,255,255,255,2,0,0,0,,,,,
#DST_IMAGE,0,1116,78,99,86,9,0,0,255,255,255,2,0,0,0,,,,,

"//1P Fテカリアニメ9",,,,,,,,,,,,,,,,,,,,
//SRC定義,(NULL),gr,x,y,w,h,div_x,div_y,cycle,timer,op1,op2,op3,,,,,,,
#SRC_IMAGE,0,0,1977,6,86,9,1,1,0,0,0,0,0,,,,,,,
//DST定義,(NULL),time,x,y,w,h,acc,a,r,g,b,blend,filter,angle,center,loop,timer,op1,op2,op3
#DST_IMAGE,0,133,78,90,86,9,0,40,255,255,255,2,0,0,0,133,0,307,0,0
#DST_IMAGE,0,149,78,90,86,9,0,20,255,255,255,2,0,0,0,,,,,
#DST_IMAGE,0,150,78,90,86,9,0,0,255,255,255,2,0,0,0,,,,,
#DST_IMAGE,0,1133,78,90,86,9,0,0,255,255,255,2,0,0,0,,,,,





---------------------------------------------------------------------------
//Pgreat pika
#SRC_IMAGE,0,0,1115,168,82,76,1,4,80,0,0,0,0,,,,,,,
//DST定義,(NULL),time,x,y,w,h,acc,a,r,g,b,blend,filter,angle,center,loop,timer,op1,op2,op3
#DST_IMAGE,0,600,39,442,82,19,2,255,256,256,256,1,0,0,0,500,0,0,0,0
#DST_IMAGE,0,680,39,442,82,19,2,255,256,256,256,1,0,,,,,,,
#DST_IMAGE,0,760,39,442,82,19,2,255,256,256,256,1,0,,,,,,,

---------------------------------------------------------------------------------

-------------------------------------------------------------------------------------------
#IF,91,,,,,,,,,,,,
//クリアできなかった
#SRC_IMAGE,0,0,912,316,99,24,1,1,0,0,0,0,0,,,,,,,
//DST定義,(NULL),time,x,y,w,h,acc,a,r,g,b,blend,filter,angle,center,loop,timer,op1,op2,op3
#DST_IMAGE,0,500,176,262,99,24,0,225,255,255,255,1,1,0,0,500,0,0,0,0
#DST_IMAGE,0,600,176,262,99,24,0,130,255,255,255,1,1,0,0,0,0,0,0,0
#DST_IMAGE,0,610,176,262,99,24,0,165,255,255,255,1,1,0,0,0,0,0,0,0

//更新前データ,,,,,,,,,,,,,,,,,,,,
//SRC定義,(NULL),gr,x,y,w,h,div_x,div_y,cycle,timer,op1,op2,op3,,,,,,,
#SRC_IMAGE,0,23,0,0,82,48,1,3,100,0,0,0,0,,,,,,,
//DST定義,(NULL),time,x,y,w,h,acc,a,r,g,b,blend,filter,angle,center,loop,timer,op1,op2,op3
#DST_IMAGE,0,500,184,265,82,16,0,0,255,255,255,1,0,0,0,700,0,0,0,0
#DST_IMAGE,0,700,184,265,82,16,0,255,255,255,255,1,0,,,,,,,

//FAILED,,,,,,,,,,,,,,,,,,,,
//SRC定義,(NULL),gr,x,y,w,h,div_x,div_y,cycle,timer,op1,op2,op3,,,,,,,
#SRC_IMAGE,0,0,1197,97,82,16,1,1,140,0,0,0,0,,,,,,,
//DST定義,(NULL),time,x,y,w,h,acc,a,r,g,b,blend,filter,angle,center,loop,timer,op1,op2,op3
#DST_IMAGE,0,500,292,265,82,16,0,0,255,255,255,1,0,0,0,700,0,0,0,0
#DST_IMAGE,0,700,292,265,82,16,0,255,255,255,255,1,0,,,,,,,

#SRC_IMAGE,0,0,1083,282,26,37,1,1,0,0,0,0,0,,,,,,,
//DST定義,(NULL),time,x,y,w,h,acc,a,r,g,b,blend,filter,angle,center,loop,timer,op1,op2,op3
#DST_IMAGE,0,500,379,258,26,37,0,255,255,255,255,0,0,0,0,500,0,0,0,0
#DST_IMAGE,0,800,379,260,26,37,0,255,255,255,255,0,0,0,0,0,0,0,0,0
#DST_IMAGE,0,1100,379,258,26,37,0,255,255,255,255,0,0,0,0,0,0,0,0,0
,,,,,,,,,,,,,,,,,,,,
#SRC_IMAGE,0,0,1095,321,43,17,1,1,0,0,0,0,0,,,,,,,
//DST定義,(NULL),time,x,y,w,h,acc,a,r,g,b,blend,filter,angle,center,loop,timer,op1,op2,op3
#DST_IMAGE,0,500,371,257,43,17,0,255,255,255,255,0,0,0,0,500,0,0,0,0

#ELSEIF,,,,,,,,,,,,,
//クリアした

//更新前
//SRC定義,(NULL),gr,x,y,w,h,div_x,div_y,cycle,timer,op1,op2,op3,,,,,,,
#SRC_IMAGE,0,23,0,0,82,48,1,3,100,0,0,0,0,,,,,,,
//DST定義,(NULL),time,x,y,w,h,acc,a,r,g,b,blend,filter,angle,center,loop,timer,op1,op2,op3
#DST_IMAGE,0,500,184,265,82,16,0,0,255,255,255,1,0,0,0,700,0,0,0,0
#DST_IMAGE,0,700,184,265,82,16,0,255,255,255,255,1,0,,,,,,,


#SRC_IMAGE,0,0,912,291,99,24,1,1,0,0,0,0,0,,,,,,,
//DST定義,(NULL),time,x,y,w,h,acc,a,r,g,b,blend,filter,angle,center,loop,timer,op1,op2,op3
#DST_IMAGE,0,500,284,262,99,24,0,225,255,255,255,1,1,0,0,500,0,0,0,0
#DST_IMAGE,0,600,284,262,99,24,0,130,255,255,255,1,1,0,0,0,0,0,0,0
#DST_IMAGE,0,610,284,262,99,24,0,235,255,255,255,1,1,0,0,0,0,0,0,0

今回のクリア
//SRC定義,(NULL),gr,x,y,w,h,div_x,div_y,cycle,timer,type,click,panel,plusonly
#SRC_BUTTON,0,9,0,0,328,16,4,1,0,0,40,0,0,0
//DST定義,(NULL),time,x,y,w,h,acc,a,r,g,b,blend,filter,angle,center,loop,timer,op1,op2,op3
#DST_BUTTON,0,500,292,265,82,16,0,255,255,255,255,0,0,0,0,700,0,-105,0,0
#DST_BUTTON,0,700,292,265,82,16,0,255,255,255,255,0,0,0,0

//SRC定義,(NULL),gr,x,y,w,h,div_x,div_y,cycle,timer,op1,op2,op3,,,,,,,
#SRC_IMAGE,0,0,281,225,105,31,1,1,140,0,0,0,0,,,,,,,
//DST定義,(NULL),time,x,y,w,h,acc,a,r,g,b,blend,filter,angle,center,loop,timer,op1,op2,op3
#DST_IMAGE,0,0,281,225,105,31,0,0,255,255,255,1,0,0,0,700,0,105,0,0
#DST_IMAGE,0,700,281,225,105,31,0,255,255,255,255,1,0,,,,,,,

//FULLCOMBO,,,,,,,,,,,,,,,,,,,,
//SRC定義,(NULL),gr,x,y,w,h,div_x,div_y,cycle,timer,op1,op2,op3,,,,,,,
#SRC_IMAGE,0,0,1197,0,82,48,1,3,140,0,0,0,0,,,,,,,
//DST定義,(NULL),time,x,y,w,h,acc,a,r,g,b,blend,filter,angle,center,loop,timer,op1,op2,op3
#DST_IMAGE,0,500,292,265,82,16,0,0,255,255,255,1,0,0,0,700,0,105,0,0
#DST_IMAGE,0,700,292,265,82,16,0,255,255,255,255,1,0,,,,,,,

#SRC_IMAGE,0,0,1056,282,26,37,1,1,0,0,0,0,0,,,,,,,
//DST定義,(NULL),time,x,y,w,h,acc,a,r,g,b,blend,filter,angle,center,loop,timer,op1,op2,op3
#DST_IMAGE,0,500,379,255,26,37,0,255,255,255,255,0,0,0,0,500,0,0,0,0
#DST_IMAGE,0,800,379,253,26,37,0,255,255,255,255,0,0,0,0,0,0,0,0,0
#DST_IMAGE,0,1100,379,255,26,37,0,255,255,255,255,0,0,0,0,0,0,0,0,0
,,,,,,,,,,,,,,,,,,,,
#SRC_IMAGE,0,0,1064,321,29,17,1,1,0,0,0,0,0,,,,,,,
//DST定義,(NULL),time,x,y,w,h,acc,a,r,g,b,blend,filter,angle,center,loop,timer,op1,op2,op3
#DST_IMAGE,0,500,378,275,29,17,0,255,255,255,255,0,0,0,0,500,0,0,0,0

#SRC_IMAGE,0,0,471,284,92,92,1,1,0,0,0,0,0,,,,,,,
//DST定義,(NULL),time,x,y,w,h,acc,a,r,g,b,blend,filter,angle,center,loop,timer,op1,op2,op3
#DST_IMAGE,0,350,312,252,45,45,1,0,255,255,255,2,1,0,0,-1,0,0,0,0
#DST_IMAGE,0,550,288,228,92,92,0,255,255,255,255,2,1,0,0,0,0,0,0,0
#DST_IMAGE,0,950,269,208,130,130,0,0,255,255,255,2,1,0,0,0,0,0,0,0

#ENDIF,,,,,,,,,,,,,

--------------------------------------------------------------------------------------
差分フレーム

#SRC_IMAGE,0,0,980,72,134,32,1,1,0,0,0,0,0,,,,,,,
#DST_IMAGE,0,500,392,328,134,32,0,30,255,255,255,1,0,0,0,700,0,0,0,0
#DST_IMAGE,0,700,392,328,134,32,0,245,255,255,255,1,0,0,0,0,0,0,0,0

#SRC_IMAGE,0,0,980,72,134,32,1,1,0,0,0,0,0,,,,,,,
#DST_IMAGE,0,500,392,364,134,32,0,30,255,255,255,1,0,0,0,700,0,0,0,0
#DST_IMAGE,0,700,392,364,134,32,0,245,255,255,255,1,0,0,0,0,0,0,0,0

#SRC_IMAGE,0,0,980,72,134,32,1,1,0,0,0,0,0,,,,,,,
#DST_IMAGE,0,500,392,402,134,32,0,30,255,255,255,1,0,0,0,700,0,0,0,0
#DST_IMAGE,0,700,392,402,134,32,0,245,255,255,255,1,0,0,0,0,0,0,0,0











-DJLEVEL-
#IF,335,,,,,,,,,,,,,,,,,,,
-UP-,,,,,,,,,,,,,,,,,,,,
#SRC_IMAGE,0,0,912,291,99,24,1,1,0,0,0,0,0,,,,,,,
//DST定義,(NULL),time,x,y,w,h,acc,a,r,g,b,blend,filter,angle,center,loop,timer,op1,op2,op3
#DST_IMAGE,0,500,284,297,99,24,0,225,255,255,255,1,1,0,0,500,0,0,0,0
#DST_IMAGE,0,600,284,297,99,24,0,130,255,255,255,1,1,0,0,0,0,0,0,0
#DST_IMAGE,0,610,284,297,99,24,0,235,255,255,255,1,1,0,0,0,0,0,0,0

#SRC_IMAGE,0,0,1056,282,26,37,1,1,0,0,0,0,0,,,,,,,
//DST定義,(NULL),time,x,y,w,h,acc,a,r,g,b,blend,filter,angle,center,loop,timer,op1,op2,op3
#DST_IMAGE,0,500,379,290,26,37,0,255,255,255,255,0,0,0,0,500,0,0,0,0
#DST_IMAGE,0,800,379,288,26,37,0,255,255,255,255,0,0,0,0,0,0,0,0,0
#DST_IMAGE,0,1100,379,290,26,37,0,255,255,255,255,0,0,0,0,0,0,0,0,0
,,,,,,,,,,,,,,,,,,,,
#SRC_IMAGE,0,0,1064,321,29,17,1,1,0,0,0,0,0,,,,,,,
//DST定義,(NULL),time,x,y,w,h,acc,a,r,g,b,blend,filter,angle,center,loop,timer,op1,op2,op3
#DST_IMAGE,0,500,378,311,29,17,0,255,255,255,255,0,0,0,0,500,0,0,0,0

#SRC_IMAGE,0,0,471,284,92,92,1,1,0,0,0,0,0,,,,,,,
//DST定義,(NULL),time,x,y,w,h,acc,a,r,g,b,blend,filter,angle,center,loop,timer,op1,op2,op3
#DST_IMAGE,0,350,312,287,45,45,1,0,255,255,255,2,1,0,0,-1,0,0,0,0
#DST_IMAGE,0,550,288,263,92,92,0,255,255,255,255,2,1,0,0,0,0,0,0,0
#DST_IMAGE,0,950,269,243,130,130,0,0,255,255,255,2,1,0,0,0,0,0,0,0
,,,,,,,,,,,,,,,,,,,,
#ELSEIF,,,,,,,,,,,,,,,,,,,,
-DOWN-,,,,,,,,,,,,,,,,,,,,
#SRC_IMAGE,0,0,912,316,99,24,1,1,0,0,0,0,0,,,,,,,
//DST定義,(NULL),time,x,y,w,h,acc,a,r,g,b,blend,filter,angle,center,loop,timer,op1,op2,op3
#DST_IMAGE,0,500,176,297,99,24,0,225,255,255,255,1,1,0,0,500,0,0,0,0
#DST_IMAGE,0,600,176,297,99,24,0,130,255,255,255,1,1,0,0,0,0,0,0,0
#DST_IMAGE,0,610,176,297,99,24,0,165,255,255,255,1,1,0,0,0,0,0,0,0
,,,,,,,,,,,,,,,,,,,,
#SRC_IMAGE,0,0,1083,282,26,37,1,1,0,0,0,0,0,,,,,,,
//DST定義,(NULL),time,x,y,w,h,acc,a,r,g,b,blend,filter,angle,center,loop,timer,op1,op2,op3
#DST_IMAGE,0,500,379,291,26,37,0,255,255,255,255,0,0,0,0,500,0,0,0,0
#DST_IMAGE,0,800,379,293,26,37,0,255,255,255,255,0,0,0,0,0,0,0,0,0
#DST_IMAGE,0,1100,379,291,26,37,0,255,255,255,255,0,0,0,0,0,0,0,0,0
,,,,,,,,,,,,,,,,,,,,
#SRC_IMAGE,0,0,1095,321,43,17,1,1,0,0,0,0,0,,,,,,,
//DST定義,(NULL),time,x,y,w,h,acc,a,r,g,b,blend,filter,angle,center,loop,timer,op1,op2,op3
#DST_IMAGE,0,500,371,292,43,17,0,255,255,255,255,0,0,0,0,500,0,0,0,0
#ENDIF,,,,,,,,,,,,,,,,,,,,

-MYBEST-
#IF,330,,,,,,,,,,,,,,,,,,,
#SRC_IMAGE,0,0,912,291,99,24,1,1,0,0,0,0,0,,,,,,,
//DST定義,(NULL),time,x,y,w,h,acc,a,r,g,b,blend,filter,angle,center,loop,timer,op1,op2,op3
#DST_IMAGE,0,500,284,332,99,24,0,225,255,255,255,1,1,0,0,500,0,0,0,0
#DST_IMAGE,0,600,284,332,99,24,0,130,255,255,255,1,1,0,0,0,0,0,0,0
#DST_IMAGE,0,610,284,332,99,24,0,235,255,255,255,1,1,0,0,0,0,0,0,0
,,,,,,,,,,,,,,,,,,,,
#SRC_IMAGE,0,0,1056,282,26,37,1,1,0,0,0,0,0,,,,,,,
//DST定義,(NULL),time,x,y,w,h,acc,a,r,g,b,blend,filter,angle,center,loop,timer,op1,op2,op3
#DST_IMAGE,0,500,379,325,26,37,0,255,255,255,255,0,0,0,0,500,0,0,0,0
#DST_IMAGE,0,800,379,323,26,37,0,255,255,255,255,0,0,0,0,0,0,0,0,0
#DST_IMAGE,0,1100,379,325,26,37,0,255,255,255,255,0,0,0,0,0,0,0,0,0
,,,,,,,,,,,,,,,,,,,,
#SRC_IMAGE,0,0,1064,321,29,17,1,1,0,0,0,0,0,,,,,,,
//DST定義,(NULL),time,x,y,w,h,acc,a,r,g,b,blend,filter,angle,center,loop,timer,op1,op2,op3
#DST_IMAGE,0,500,378,346,29,17,0,255,255,255,255,0,0,0,0,500,0,0,0,0

#SRC_IMAGE,0,0,471,284,92,92,1,1,0,0,0,0,0,,,,,,,
//DST定義,(NULL),time,x,y,w,h,acc,a,r,g,b,blend,filter,angle,center,loop,timer,op1,op2,op3
#DST_IMAGE,0,350,312,322,45,45,1,0,255,255,255,2,1,0,0,-1,0,0,0,0
#DST_IMAGE,0,550,288,298,92,92,0,255,255,255,255,2,1,0,0,0,0,0,0,0
#DST_IMAGE,0,950,269,278,130,130,0,0,255,255,255,2,1,0,0,0,0,0,0,0
,,,,,,,,,,,,,,,,,,,,
#ELSEIF,,,,,,,,,,,,,,,,,,,,
#SRC_IMAGE,0,0,912,316,99,24,1,1,0,0,0,0,0,,,,,,,
//DST定義,(NULL),time,x,y,w,h,acc,a,r,g,b,blend,filter,angle,center,loop,timer,op1,op2,op3
#DST_IMAGE,0,500,176,332,99,24,0,225,255,255,255,1,1,0,0,500,0,0,0,0
#DST_IMAGE,0,600,176,332,99,24,0,130,255,255,255,1,1,0,0,0,0,0,0,0
#DST_IMAGE,0,610,176,332,99,24,0,165,255,255,255,1,1,0,0,0,0,0,0,0
,,,,,,,,,,,,,,,,,,,,
#SRC_IMAGE,0,0,1083,282,26,37,1,1,0,0,0,0,0,,,,,,,
//DST定義,(NULL),time,x,y,w,h,acc,a,r,g,b,blend,filter,angle,center,loop,timer,op1,op2,op3
#DST_IMAGE,0,500,379,326,26,37,0,255,255,255,255,0,0,0,0,500,0,0,0,0
#DST_IMAGE,0,800,379,328,26,37,0,255,255,255,255,0,0,0,0,0,0,0,0,0
#DST_IMAGE,0,1100,379,326,26,37,0,255,255,255,255,0,0,0,0,0,0,0,0,0
,,,,,,,,,,,,,,,,,,,,
#SRC_IMAGE,0,0,1095,321,43,17,1,1,0,0,0,0,0,,,,,,,
//DST定義,(NULL),time,x,y,w,h,acc,a,r,g,b,blend,filter,angle,center,loop,timer,op1,op2,op3
#DST_IMAGE,0,500,371,327,43,17,0,255,255,255,255,0,0,0,0,500,0,0,0,0
#ENDIF,,,,,,,,,,,,,,,,,,,,

-BP-
#IF,332,,,,,,,,,,,,,,,,,,,
#SRC_IMAGE,0,0,912,291,99,24,1,1,0,0,0,0,0,,,,,,,
//DST定義,(NULL),time,x,y,w,h,acc,a,r,g,b,blend,filter,angle,center,loop,timer,op1,op2,op3
#DST_IMAGE,0,500,284,368,99,24,0,225,255,255,255,1,1,0,0,500,0,0,0,0
#DST_IMAGE,0,600,284,368,99,24,0,130,255,255,255,1,1,0,0,0,0,0,0,0
#DST_IMAGE,0,610,284,368,99,24,0,235,255,255,255,1,1,0,0,0,0,0,0,0
,,,,,,,,,,,,,,,,,,,,
#SRC_IMAGE,0,0,1056,282,26,37,1,1,0,0,0,0,0,,,,,,,
//DST定義,(NULL),time,x,y,w,h,acc,a,r,g,b,blend,filter,angle,center,loop,timer,op1,op2,op3
#DST_IMAGE,0,500,379,361,26,37,0,255,255,255,255,0,0,0,0,500,0,0,0,0
#DST_IMAGE,0,800,379,359,26,37,0,255,255,255,255,0,0,0,0,0,0,0,0,0
#DST_IMAGE,0,1100,379,361,26,37,0,255,255,255,255,0,0,0,0,0,0,0,0,0
,,,,,,,,,,,,,,,,,,,,
#SRC_IMAGE,0,0,1064,321,29,17,1,1,0,0,0,0,0,,,,,,,
//DST定義,(NULL),time,x,y,w,h,acc,a,r,g,b,blend,filter,angle,center,loop,timer,op1,op2,op3
#DST_IMAGE,0,500,378,382,29,17,0,255,255,255,255,0,0,0,0,500,0,0,0,0

#SRC_IMAGE,0,0,471,284,92,92,1,1,0,0,0,0,0,,,,,,,
//DST定義,(NULL),time,x,y,w,h,acc,a,r,g,b,blend,filter,angle,center,loop,timer,op1,op2,op3
#DST_IMAGE,0,350,312,358,45,45,1,0,255,255,255,2,1,0,0,-1,0,0,0,0
#DST_IMAGE,0,550,288,334,92,92,0,255,255,255,255,2,1,0,0,0,0,0,0,0
#DST_IMAGE,0,950,269,314,130,130,0,0,255,255,255,2,1,0,0,0,0,0,0,0
,,,,,,,,,,,,,,,,,,,,
#ELSEIF,,,,,,,,,,,,,,,,,,,,
#SRC_IMAGE,0,0,912,316,99,24,1,1,0,0,0,0,0,,,,,,,
//DST定義,(NULL),time,x,y,w,h,acc,a,r,g,b,blend,filter,angle,center,loop,timer,op1,op2,op3
#DST_IMAGE,0,500,176,368,99,24,0,225,255,255,255,1,1,0,0,500,0,0,0,0
#DST_IMAGE,0,600,176,368,99,24,0,130,255,255,255,1,1,0,0,0,0,0,0,0
#DST_IMAGE,0,610,176,368,99,24,0,165,255,255,255,1,1,0,0,0,0,0,0,0
,,,,,,,,,,,,,,,,,,,,
#SRC_IMAGE,0,0,1083,282,26,37,1,1,0,0,0,0,0,,,,,,,
//DST定義,(NULL),time,x,y,w,h,acc,a,r,g,b,blend,filter,angle,center,loop,timer,op1,op2,op3
#DST_IMAGE,0,500,379,362,26,37,0,255,255,255,255,0,0,0,0,500,0,0,0,0
#DST_IMAGE,0,800,379,364,26,37,0,255,255,255,255,0,0,0,0,0,0,0,0,0
#DST_IMAGE,0,1100,379,362,26,37,0,255,255,255,255,0,0,0,0,0,0,0,0,0
,,,,,,,,,,,,,,,,,,,,
#SRC_IMAGE,0,0,1095,321,43,17,1,1,0,0,0,0,0,,,,,,,
//DST定義,(NULL),time,x,y,w,h,acc,a,r,g,b,blend,filter,angle,center,loop,timer,op1,op2,op3
#DST_IMAGE,0,500,371,363,43,17,0,255,255,255,255,0,0,0,0,500,0,0,0,0
#ENDIF,,,,,,,,,,,,,,,,,,,,


,,,,,,,,,,,,,,,,,,,,
//DJ LEVEL更新前,,,,,,,,,,,,,,,,,,,,
,,,,,,,,,,,,,,,,,,,,
//AAA,//option320 更新前 AAA,,,,,,,,,,,,,,,,,,,
//SRC定義,(NULL),gr,x,y,w,h,div_x,div_y,cycle,timer,op1,op2,op3,,,,,,,
#SRC_IMAGE,0,0,1056,113,58,21,1,1,0,0,0,0,0,,,,,,,
//DST定義,(NULL),time,x,y,w,h,acc,a,r,g,b,blend,filter,angle,center,loop,timer,op1,op2,op3
#DST_IMAGE,0,500,197,299,58,21,0,0,255,255,255,1,0,0,0,700,0,320,0,0
#DST_IMAGE,0,700,197,299,58,21,0,255,255,255,255,1,0,0,0,,,,,
,,,,,,,,,,,,,,,,,,,,
//AA,//option321 更新前 AA,,,,,,,,,,,,,,,,,,,
//SRC定義,(NULL),gr,x,y,w,h,div_x,div_y,cycle,timer,op1,op2,op3,,,,,,,
#SRC_IMAGE,0,0,1056,134,58,21,1,1,0,0,0,0,0,,,,,,,
//DST定義,(NULL),time,x,y,w,h,acc,a,r,g,b,blend,filter,angle,center,loop,timer,op1,op2,op3
#DST_IMAGE,0,500,197,299,58,21,0,0,255,255,255,1,0,0,0,700,0,321,0,0
#DST_IMAGE,0,700,197,299,58,21,0,255,255,255,255,1,0,0,0,,,,,
,,,,,,,,,,,,,,,,,,,,
//A,//option322 更新前 A,,,,,,,,,,,,,,,,,,,
//SRC定義,(NULL),gr,x,y,w,h,div_x,div_y,cycle,timer,op1,op2,op3,,,,,,,
#SRC_IMAGE,0,0,1056,155,58,21,1,1,0,0,0,0,0,,,,,,,
//DST定義,(NULL),time,x,y,w,h,acc,a,r,g,b,blend,filter,angle,center,loop,timer,op1,op2,op3
#DST_IMAGE,0,500,197,299,58,21,0,0,255,255,255,1,0,0,0,700,0,322,0,0
#DST_IMAGE,0,700,197,299,58,21,0,255,255,255,255,1,0,0,0,,,,,
,,,,,,,,,,,,,,,,,,,,
//B,//option323 更新前 B,,,,,,,,,,,,,,,,,,,
//SRC定義,(NULL),gr,x,y,w,h,div_x,div_y,cycle,timer,op1,op2,op3,,,,,,,
#SRC_IMAGE,0,0,1056,176,58,21,1,1,0,0,0,0,0,,,,,,,
//DST定義,(NULL),time,x,y,w,h,acc,a,r,g,b,blend,filter,angle,center,loop,timer,op1,op2,op3
#DST_IMAGE,0,500,197,299,58,21,0,0,255,255,255,1,0,0,0,700,0,323,0,0
#DST_IMAGE,0,700,197,299,58,21,0,255,255,255,255,1,0,0,0,,,,,
,,,,,,,,,,,,,,,,,,,,
//C,//option324 更新前 C,,,,,,,,,,,,,,,,,,,
//SRC定義,(NULL),gr,x,y,w,h,div_x,div_y,cycle,timer,op1,op2,op3,,,,,,,
#SRC_IMAGE,0,0,1056,197,58,21,1,1,0,0,0,0,0,,,,,,,
//DST定義,(NULL),time,x,y,w,h,acc,a,r,g,b,blend,filter,angle,center,loop,timer,op1,op2,op3
#DST_IMAGE,0,500,197,299,58,21,0,0,255,255,255,1,0,0,0,700,0,324,0,0
#DST_IMAGE,0,700,197,299,58,21,0,255,255,255,255,1,0,0,0,,,,,
,,,,,,,,,,,,,,,,,,,,
//D,//option325 更新前 D,,,,,,,,,,,,,,,,,,,
//SRC定義,(NULL),gr,x,y,w,h,div_x,div_y,cycle,timer,op1,op2,op3,,,,,,,
#SRC_IMAGE,0,0,1056,218,58,21,1,1,0,0,0,0,0,,,,,,,
//DST定義,(NULL),time,x,y,w,h,acc,a,r,g,b,blend,filter,angle,center,loop,timer,op1,op2,op3
#DST_IMAGE,0,500,197,299,58,21,0,0,255,255,255,1,0,0,0,700,0,325,0,0
#DST_IMAGE,0,700,197,299,58,21,0,255,255,255,255,1,0,0,0,,,,,
,,,,,,,,,,,,,,,,,,,,
//E,//option326 更新前 E,,,,,,,,,,,,,,,,,,,
//SRC定義,(NULL),gr,x,y,w,h,div_x,div_y,cycle,timer,op1,op2,op3,,,,,,,
#SRC_IMAGE,0,0,1056,239,58,21,1,1,0,0,0,0,0,,,,,,,
//DST定義,(NULL),time,x,y,w,h,acc,a,r,g,b,blend,filter,angle,center,loop,timer,op1,op2,op3
#DST_IMAGE,0,500,197,299,58,21,0,0,255,255,255,1,0,0,0,700,0,326,0,0
#DST_IMAGE,0,700,197,299,58,21,0,255,255,255,255,1,0,0,0,,,,,
,,,,,,,,,,,,,,,,,,,,
//F,//option327 更新前 F,,,,,,,,,,,,,,,,,,,
//SRC定義,(NULL),gr,x,y,w,h,div_x,div_y,cycle,timer,op1,op2,op3,,,,,,,
#SRC_IMAGE,0,0,1056,260,58,21,1,1,0,0,0,0,0,,,,,,,
//DST定義,(NULL),time,x,y,w,h,acc,a,r,g,b,blend,filter,angle,center,loop,timer,op1,op2,op3
#DST_IMAGE,0,500,197,299,58,21,0,0,255,255,255,1,0,0,0,700,0,327,0,0
#DST_IMAGE,0,700,197,299,58,21,0,255,255,255,255,1,0,0,0,,,,,
,,,,,,,,,,,,,,,,,,,,




//DJ LEVEL更新後,,,,,,,,,,,,,,,,,,,,
,,,,,,,,,,,,,,,,,,,,
//AAA,//option320 更新前 AAA,,,,,,,,,,,,,,,,,,,
//SRC定義,(NULL),gr,x,y,w,h,div_x,div_y,cycle,timer,op1,op2,op3,,,,,,,
#SRC_IMAGE,0,0,1056,113,58,21,1,1,0,0,0,0,0,,,,,,,
//DST定義,(NULL),time,x,y,w,h,acc,a,r,g,b,blend,filter,angle,center,loop,timer,op1,op2,op3
#DST_IMAGE,0,500,304,299,58,21,0,0,255,255,255,1,0,0,0,700,0,340,0,0
#DST_IMAGE,0,700,304,299,58,21,0,255,255,255,255,1,0,0,0,,,,,
,,,,,,,,,,,,,,,,,,,,
//AA,//option321 更新前 AA,,,,,,,,,,,,,,,,,,,
//SRC定義,(NULL),gr,x,y,w,h,div_x,div_y,cycle,timer,op1,op2,op3,,,,,,,
#SRC_IMAGE,0,0,1056,134,58,21,1,1,0,0,0,0,0,,,,,,,
//DST定義,(NULL),time,x,y,w,h,acc,a,r,g,b,blend,filter,angle,center,loop,timer,op1,op2,op3
#DST_IMAGE,0,500,304,299,58,21,0,0,255,255,255,1,0,0,0,700,0,341,0,0
#DST_IMAGE,0,700,304,299,58,21,0,255,255,255,255,1,0,0,0,,,,,
,,,,,,,,,,,,,,,,,,,,
//A,//option322 更新前 A,,,,,,,,,,,,,,,,,,,
//SRC定義,(NULL),gr,x,y,w,h,div_x,div_y,cycle,timer,op1,op2,op3,,,,,,,
#SRC_IMAGE,0,0,1056,155,58,21,1,1,0,0,0,0,0,,,,,,,
//DST定義,(NULL),time,x,y,w,h,acc,a,r,g,b,blend,filter,angle,center,loop,timer,op1,op2,op3
#DST_IMAGE,0,500,304,299,58,21,0,0,255,255,255,1,0,0,0,700,0,342,0,0
#DST_IMAGE,0,700,304,299,58,21,0,255,255,255,255,1,0,0,0,,,,,
,,,,,,,,,,,,,,,,,,,,
//B,//option323 更新前 B,,,,,,,,,,,,,,,,,,,
//SRC定義,(NULL),gr,x,y,w,h,div_x,div_y,cycle,timer,op1,op2,op3,,,,,,,
#SRC_IMAGE,0,0,1056,176,58,21,1,1,0,0,0,0,0,,,,,,,
//DST定義,(NULL),time,x,y,w,h,acc,a,r,g,b,blend,filter,angle,center,loop,timer,op1,op2,op3
#DST_IMAGE,0,500,304,299,58,21,0,0,255,255,255,1,0,0,0,700,0,343,0,0
#DST_IMAGE,0,700,304,299,58,21,0,255,255,255,255,1,0,0,0,,,,,
,,,,,,,,,,,,,,,,,,,,
//C,//option324 更新前 C,,,,,,,,,,,,,,,,,,,
//SRC定義,(NULL),gr,x,y,w,h,div_x,div_y,cycle,timer,op1,op2,op3,,,,,,,
#SRC_IMAGE,0,0,1056,197,58,21,1,1,0,0,0,0,0,,,,,,,
//DST定義,(NULL),time,x,y,w,h,acc,a,r,g,b,blend,filter,angle,center,loop,timer,op1,op2,op3
#DST_IMAGE,0,500,304,299,58,21,0,0,255,255,255,1,0,0,0,700,0,344,0,0
#DST_IMAGE,0,700,304,299,58,21,0,255,255,255,255,1,0,0,0,,,,,
,,,,,,,,,,,,,,,,,,,,
//D,//option325 更新前 D,,,,,,,,,,,,,,,,,,,
//SRC定義,(NULL),gr,x,y,w,h,div_x,div_y,cycle,timer,op1,op2,op3,,,,,,,
#SRC_IMAGE,0,0,1056,218,58,21,1,1,0,0,0,0,0,,,,,,,
//DST定義,(NULL),time,x,y,w,h,acc,a,r,g,b,blend,filter,angle,center,loop,timer,op1,op2,op3
#DST_IMAGE,0,500,304,299,58,21,0,0,255,255,255,1,0,0,0,700,0,345,0,0
#DST_IMAGE,0,700,304,299,58,21,0,255,255,255,255,1,0,0,0,,,,,
,,,,,,,,,,,,,,,,,,,,
//E,//option326 更新前 E,,,,,,,,,,,,,,,,,,,
//SRC定義,(NULL),gr,x,y,w,h,div_x,div_y,cycle,timer,op1,op2,op3,,,,,,,
#SRC_IMAGE,0,0,1056,239,58,21,1,1,0,0,0,0,0,,,,,,,
//DST定義,(NULL),time,x,y,w,h,acc,a,r,g,b,blend,filter,angle,center,loop,timer,op1,op2,op3
#DST_IMAGE,0,500,304,299,58,21,0,0,255,255,255,1,0,0,0,700,0,346,0,0
#DST_IMAGE,0,700,304,299,58,21,0,255,255,255,255,1,0,0,0,,,,,
,,,,,,,,,,,,,,,,,,,,
//F,//option327 更新前 F,,,,,,,,,,,,,,,,,,,
//SRC定義,(NULL),gr,x,y,w,h,div_x,div_y,cycle,timer,op1,op2,op3,,,,,,,
#SRC_IMAGE,0,0,1056,260,58,21,1,1,0,0,0,0,0,,,,,,,
//DST定義,(NULL),time,x,y,w,h,acc,a,r,g,b,blend,filter,angle,center,loop,timer,op1,op2,op3
#DST_IMAGE,0,500,304,299,58,21,0,0,255,255,255,1,0,0,0,700,0,347,0,0
#DST_IMAGE,0,700,304,299,58,21,0,255,255,255,255,1,0,0,0,,,,,
,,,,,,,,,,,,,,,,,,,,




//EXSCORE 更新前,,,,,,,,,,,,,,,,,,,,
//SRC定義,(null),gr,x,y,w,h,div_x,div_y,cycle,timer,num,align,keta,,,,,,,
#SRC_NUMBER,0,0,957,1,220,17,11,1,0,0,170,0,4,,,,,,,
//DST定義,(NULL),time,x,y,w,h,acc,a,r,g,b,blend,filter,angle,center,loop,timer,op1,op2,op3
#DST_NUMBER,0,500,185,335,20,17,0,30,255,255,255,1,0,0,0,700,0,-100,0,0
#DST_NUMBER,0,700,185,335,20,17,0,255,255,255,255,1,0,0,0,0,0,0,0,0

//BP 更新前,,,,,,,,,,,,,,,,,,,,
//SRC定義,(null),gr,x,y,w,h,div_x,div_y,cycle,timer,num,align,keta,,,,,,,
#SRC_NUMBER,0,0,957,1,220,17,11,1,0,0,176,0,4,,,,,,,
//DST定義,(NULL),time,x,y,w,h,acc,a,r,g,b,blend,filter,angle,center,loop,timer,op1,op2,op3
#DST_NUMBER,0,500,185,371,20,17,0,30,255,255,255,1,0,0,0,700,0,-100,0,0
#DST_NUMBER,0,700,185,371,20,17,0,255,255,255,255,1,0,0,0,0,0,0,0,0




//EXSCORE 更新,,,,,,,,,,,,,,,,,,,,
//SRC定義,(null),gr,x,y,w,h,div_x,div_y,cycle,timer,num,align,keta,,,,,,,
#SRC_NUMBER,0,0,957,1,220,17,11,1,0,0,171,0,4,,,,,,,
//DST定義,(NULL),time,x,y,w,h,acc,a,r,g,b,blend,filter,angle,center,loop,timer,op1,op2,op3
#DST_NUMBER,0,500,293,335,20,17,0,30,255,255,255,1,0,0,0,700,0,0,0,0
#DST_NUMBER,0,700,293,335,20,17,0,255,255,255,255,1,0,0,0,0,0,0,0,0

//SRC定義,(null),gr,x,y,w,h,div_x,div_y,cycle,timer,num,align,keta,,,,,,,
#SRC_NUMBER,0,0,957,19,240,34,12,2,0,0,172,0,4,,,,,,,
//DST定義,(NULL),time,x,y,w,h,acc,a,r,g,b,blend,filter,angle,center,loop,timer,op1,op2,op3
#DST_NUMBER,0,700,408,335,20,17,0,0,255,255,255,1,0,0,0,900,0,0,0,0
#DST_NUMBER,0,900,408,335,20,17,0,255,255,255,255,1,0,0,0,,,,,

//BP 更新,,,,,,,,,,,,,,,,,,,,
//SRC定義,(null),gr,x,y,w,h,div_x,div_y,cycle,timer,num,align,keta,,,,,,,
#SRC_NUMBER,0,0,957,1,220,17,11,1,0,0,177,0,4,,,,,,,
//DST定義,(NULL),time,x,y,w,h,acc,a,r,g,b,blend,filter,angle,center,loop,timer,op1,op2,op3
#DST_NUMBER,0,500,293,371,20,17,0,30,255,255,255,1,0,0,0,700,0,0,0,0
#DST_NUMBER,0,700,293,371,20,17,0,255,255,255,255,1,0,0,0,0,0,0,0,0

//MISSCOUNTとの差分,,,,,,,,,,,,,,,,,,,,
//SRC定義,(null),gr,x,y,w,h,div_x,div_y,cycle,timer,num,align,keta,,,,,,,
#SRC_NUMBER,0,0,957,19,240,34,12,2,0,0,178,0,4,,,,,,,
//DST定義,(NULL),time,x,y,w,h,acc,a,r,g,b,blend,filter,angle,center,loop,timer,op1,op2,op3
#DST_NUMBER,0,700,408,371,20,17,0,0,255,255,255,1,0,0,0,900,0,0,0,0
#DST_NUMBER,0,900,408,371,20,17,0,255,255,255,255,1,0,0,0,,,,,

//TARGET,,,,,,,,,,,,,,,,,,,,
//SRC定義,(null),gr,x,y,w,h,div_x,div_y,cycle,timer,num,align,keta,,,,,,,
#SRC_NUMBER,0,0,957,1,220,17,11,1,0,0,121,0,4,,,,,,,
//DST定義,(NULL),time,x,y,w,h,acc,a,r,g,b,blend,filter,angle,center,loop,timer,op1,op2,op3
#DST_NUMBER,0,500,291,410,20,17,0,30,255,255,255,1,0,0,0,700,0,0,0,0
#DST_NUMBER,0,700,291,410,20,17,0,255,255,255,255,1,0,0,0,0,0,0,0,0

//TARGET差分,,,,,,,,,,,,,,,,,,,,
//SRC定義,(null),gr,x,y,w,h,div_x,div_y,cycle,timer,num,align,keta,,,,,,,
#SRC_NUMBER,0,0,957,19,240,34,12,2,0,0,153,0,4,,,,,,,
//DST定義,(NULL),time,x,y,w,h,acc,a,r,g,b,blend,filter,angle,center,loop,timer,op1,op2,op3
#DST_NUMBER,0,700,408,410,20,17,0,0,255,255,255,1,0,0,0,900,0,0,0,0
#DST_NUMBER,0,900,408,410,20,17,0,255,255,255,255,1,0,0,0,,,,,


//combo
//SRC定義,(null),gr,x,y,w,h,div_x,div_y,cycle,timer,num,align,keta,,,,,,,
#SRC_NUMBER,0,0,957,1,220,17,11,1,0,0,105,0,4,,,,,,,
//DST定義,(NULL),time,x,y,w,h,acc,a,r,g,b,blend,filter,angle,center,loop,timer,op1,op2,op3
#DST_NUMBER,0,550,187,588,20,17,0,0,255,255,255,1,0,0,0,750,0,0,0,0
#DST_NUMBER,0,750,187,588,20,17,0,255,255,255,255,1,0,0,0,0,0,0,0,0



//PGREAT
//SRC定義,(null),gr,x,y,w,h,div_x,div_y,cycle,timer,num,align,keta,,,,,,,
#SRC_NUMBER,0,0,957,1,220,17,11,1,0,0,110,0,4,,,,,,,
//DST定義,(NULL),time,x,y,w,h,acc,a,r,g,b,blend,filter,angle,center,loop,timer,op1,op2,op3
#DST_NUMBER,0,500,187,442,20,17,0,0,255,255,255,1,0,0,0,700,0,0,0,0
#DST_NUMBER,0,700,187,442,20,17,0,255,255,255,255,1,0,0,0,0,0,0,0,0

//GREAT
//SRC定義,(null),gr,x,y,w,h,div_x,div_y,cycle,timer,num,align,keta,,,,,,,
#SRC_NUMBER,0,0,957,1,220,17,11,1,0,0,111,0,4,,,,,,,
//DST定義,(NULL),time,x,y,w,h,acc,a,r,g,b,blend,filter,angle,center,loop,timer,op1,op2,op3
#DST_NUMBER,0,500,187,470,20,17,0,0,255,255,255,1,0,0,0,700,0,0,0,0
#DST_NUMBER,0,700,187,470,20,17,0,255,255,255,255,1,0,0,0,0,0,0,0,0

//GOOD
//SRC定義,(null),gr,x,y,w,h,div_x,div_y,cycle,timer,num,align,keta,,,,,,,
#SRC_NUMBER,0,0,957,1,220,17,11,1,0,0,112,0,4,,,,,,,
//DST定義,(NULL),time,x,y,w,h,acc,a,r,g,b,blend,filter,angle,center,loop,timer,op1,op2,op3
#DST_NUMBER,0,500,187,497,20,17,0,0,255,255,255,1,0,0,0,700,0,0,0,0
#DST_NUMBER,0,700,187,497,20,17,0,255,255,255,255,1,0,0,0,0,0,0,0,0

//BAD
//SRC定義,(null),gr,x,y,w,h,div_x,div_y,cycle,timer,num,align,keta,,,,,,,
#SRC_NUMBER,0,0,957,1,220,17,11,1,0,0,113,0,4,,,,,,,
//DST定義,(NULL),time,x,y,w,h,acc,a,r,g,b,blend,filter,angle,center,loop,timer,op1,op2,op3
#DST_NUMBER,0,500,187,526,20,17,0,0,255,255,255,1,0,0,0,700,0,0,0,0
#DST_NUMBER,0,700,187,526,20,17,0,255,255,255,255,1,0,0,0,0,0,0,0,0

//POOR
//SRC定義,(null),gr,x,y,w,h,div_x,div_y,cycle,timer,num,align,keta,,,,,,,
#SRC_NUMBER,0,0,957,1,220,17,11,1,0,0,114,0,4,,,,,,,
//DST定義,(NULL),time,x,y,w,h,acc,a,r,g,b,blend,filter,angle,center,loop,timer,op1,op2,op3
#DST_NUMBER,0,500,187,554,20,17,0,0,255,255,255,1,0,0,0,700,0,0,0,0
#DST_NUMBER,0,700,187,554,20,17,0,255,255,255,255,1,0,0,0,0,0,0,0,0

//RATE
//SRC定義,(null),gr,x,y,w,h,div_x,div_y,cycle,timer,num,align,keta,,,,,,,
#SRC_NUMBER,0,0,937,54,200,17,10,1,0,0,102,0,3,,,,,,,
//DST定義,(NULL),time,x,y,w,h,acc,a,r,g,b,blend,filter,angle,center,loop,timer,op1,op2,op3
#DST_NUMBER,0,550,187,622,20,17,0,0,255,255,255,1,0,0,0,750,0,0,0,0
#DST_NUMBER,0,750,187,622,20,17,0,255,255,255,255,1,0,0,0,0,0,0,0,0
//%
//SRC定義,(NULL),gr,x,y,w,h,div_x,div_y,cycle,timer,op1,op2,op3,,,,,,,
#SRC_IMAGE,0,0,1158,54,19,17,1,1,0,0,0,0,0,,,,,,,
//DST定義,(NULL),time,x,y,w,h,acc,a,r,g,b,blend,filter,angle,center,loop,timer,op1,op2,op3
#DST_IMAGE,0,550,248,622,19,17,0,0,255,255,255,1,0,0,0,750,0,0,0,0
#DST_IMAGE,0,750,248,622,19,17,0,255,255,255,255,1,0,0,0

//Ranking
//SRC定義,(null),gr,x,y,w,h,div_x,div_y,cycle,timer,num,align,keta,,,,,,,
#SRC_NUMBER,0,0,957,1,220,17,11,1,0,0,179,0,4,,,,,,,
//DST定義,(NULL),time,x,y,w,h,acc,a,r,g,b,blend,filter,angle,center,loop,timer,op1,op2,op3
#DST_NUMBER,0,550,187,650,20,17,0,0,255,255,255,1,0,0,0,750,0,0,0,0
#DST_NUMBER,0,750,187,650,20,17,0,255,255,255,255,1,0,0,0,0,0,0,0,0

//ranking



/グローC,,,,,,,,,,,,,,,,,,,,
//SRC定義,(NULL),gr,x,y,w,h,div_x,div_y,cycle,timer,op1,op2,op3,,,,,,,
#SRC_IMAGE,0,0,958,82,1,1,1,1,0,0,0,0,0,,,,,,,
//DST定義,(NULL),time,x,y,w,h,acc,a,r,g,b,blend,filter,angle,center,loop,timer,op1,op2,op3
#DST_IMAGE,0,0,0,0,1280,720,2,200,255,255,255,1,0,0,0,966,0,90,0,0
#DST_IMAGE,0,966,0,0,1280,720,2,0,255,255,255,1,0,0,0

/グローF,,,,,,,,,,,,,,,,,,,,
//SRC定義,(NULL),gr,x,y,w,h,div_x,div_y,cycle,timer,op1,op2,op3,,,,,,,
#SRC_IMAGE,0,0,961,82,1,1,1,1,0,0,0,0,0,,,,,,,
//DST定義,(NULL),time,x,y,w,h,acc,a,r,g,b,blend,filter,angle,center,loop,timer,op1,op2,op3
#DST_IMAGE,0,0,0,0,1280,720,2,200,255,255,255,1,0,0,0,966,0,91,0,0
#DST_IMAGE,0,966,0,0,1280,720,2,0,255,255,255,1,0,0,0


////////////////////////////////////////////////////////////////////////////,,,,,,,,,,,,,,,,,,,,
//STAGE CLEAR   
////////////////////////////////////////////////////////////////////////////,,,,,,,,,,,,,,,,,,,,
//CLEAR,,,,,,,,,,,,,,,,,,,,
,,,,,,,,,,,,,,,,,,,,
"//""C""",,,,,,,,,,,,,,,,,,,,
//SRC定義,(NULL),gr,x,y,w,h,div_x,div_y,cycle,timer,op1,op2,op3,,,,,,,
#SRC_IMAGE,0,0,0,720,202,189,1,1,0,0,0,0,0,,,,,,,
//DST定義,(NULL),time,x,y,w,h,acc,a,r,g,b,blend,filter,angle,center,loop,timer,op1,op2,op3
#DST_IMAGE,0,0,119,-1639,202,4000,0,10,255,255,255,1,0,0,0,-1,0,90,0,0
#DST_IMAGE,0,100,119,266,202,189,0,180,255,255,255,1,0,0,0,,,,,
#DST_IMAGE,0,133,119,266,202,189,0,255,255,255,255,1,0,0,0,,,,,
#DST_IMAGE,0,383,119,266,202,189,0,120,255,255,255,1,0,0,0,,,,,
#DST_IMAGE,0,466,119,266,202,189,0,0,255,255,255,1,0,0,0,,,,,
,,,,,,,,,,,,,,,,,,,,
"//""L""",,,,,,,,,,,,,,,,,,,,
//SRC定義,(NULL),gr,x,y,w,h,div_x,div_y,cycle,timer,op1,op2,op3,,,,,,,
#SRC_IMAGE,0,0,203,720,202,189,1,1,0,0,0,0,0,,,,,,,
//DST定義,(NULL),time,x,y,w,h,acc,a,r,g,b,blend,filter,angle,center,loop,timer,op1,op2,op3
#DST_IMAGE,0,0,329,-1639,202,4000,0,10,255,255,255,1,0,0,0,-1,0,90,0,0
#DST_IMAGE,0,133,329,-489,202,1700,0,255,255,255,255,1,0,0,0,,,,,
#DST_IMAGE,0,200,329,266,202,189,0,200,255,255,255,1,0,0,0,,,,,
#DST_IMAGE,0,450,329,266,202,189,0,120,255,255,255,1,0,0,0,,,,,
#DST_IMAGE,0,533,329,266,202,189,0,0,255,255,255,1,0,0,0,,,,,
,,,,,,,,,,,,,,,,,,,,
"//""E""",,,,,,,,,,,,,,,,,,,,
//SRC定義,(NULL),gr,x,y,w,h,div_x,div_y,cycle,timer,op1,op2,op3,,,,,,,
#SRC_IMAGE,0,0,406,720,202,189,1,1,0,0,0,0,0,,,,,,,
//DST定義,(NULL),time,x,y,w,h,acc,a,r,g,b,blend,filter,angle,center,loop,timer,op1,op2,op3
#DST_IMAGE,0,0,539,-1639,202,4000,0,10,255,255,255,1,0,0,0,-1,0,90,0,0
#DST_IMAGE,0,133,539,-989,202,2700,0,255,255,255,255,1,0,0,0,,,,,
#DST_IMAGE,0,300,539,266,202,189,0,180,255,255,255,1,0,0,0,,,,,
#DST_IMAGE,0,550,539,266,202,189,0,120,255,255,255,1,0,0,0,,,,,
#DST_IMAGE,0,633,539,266,202,189,0,0,255,255,255,1,0,0,0,,,,,
,,,,,,,,,,,,,,,,,,,,
"//""A""",,,,,,,,,,,,,,,,,,,,
//SRC定義,(NULL),gr,x,y,w,h,div_x,div_y,cycle,timer,op1,op2,op3,,,,,,,
#SRC_IMAGE,0,0,609,720,202,189,1,1,0,0,0,0,0,,,,,,,
//DST定義,(NULL),time,x,y,w,h,acc,a,r,g,b,blend,filter,angle,center,loop,timer,op1,op2,op3
#DST_IMAGE,0,0,749,-1639,202,4000,0,10,255,255,255,1,0,0,0,-1,0,90,0,0
#DST_IMAGE,0,200,749,-839,202,2400,0,255,255,255,255,1,0,0,0,,,,,
#DST_IMAGE,0,400,749,266,202,189,0,200,255,255,255,1,0,0,0,,,,,
#DST_IMAGE,0,650,749,266,202,189,0,120,255,255,255,1,0,0,0,,,,,
#DST_IMAGE,0,733,749,266,202,189,0,0,255,255,255,1,0,0,0,,,,,
,,,,,,,,,,,,,,,,,,,,
"//""R""",,,,,,,,,,,,,,,,,,,,
//SRC定義,(NULL),gr,x,y,w,h,div_x,div_y,cycle,timer,op1,op2,op3,,,,,,,
#SRC_IMAGE,0,0,812,720,202,189,1,1,0,0,0,0,0,,,,,,,
//DST定義,(NULL),time,x,y,w,h,acc,a,r,g,b,blend,filter,angle,center,loop,timer,op1,op2,op3
#DST_IMAGE,0,0,959,-1639,202,4000,0,10,255,255,255,1,0,0,0,-1,0,90,0,0
#DST_IMAGE,0,300,959,-639,202,2000,0,255,255,255,255,1,0,0,0,,,,,
#DST_IMAGE,0,500,959,266,202,189,0,200,255,255,255,1,0,0,0,,,,,
#DST_IMAGE,0,750,959,266,202,189,0,120,255,255,255,1,0,0,0,,,,,
#DST_IMAGE,0,833,959,266,202,189,0,0,255,255,255,1,0,0,0,,,,,
,,,,,,,,,,,,,,,,,,,,
"//""C""テカリ1",,,,,,,,,,,,,,,,,,,,
//SRC定義,(NULL),gr,x,y,w,h,div_x,div_y,cycle,timer,op1,op2,op3,,,,,,,
#SRC_IMAGE,0,0,2040,2531,208,14,1,1,0,0,0,0,0,,,,,,,
//DST定義,(NULL),time,x,y,w,h,acc,a,r,g,b,blend,filter,angle,center,loop,timer,op1,op2,op3
#DST_IMAGE,0,166,116,443,208,14,0,255,255,255,255,2,0,0,0,-1,0,90,0,0
#DST_IMAGE,0,383,116,443,208,14,0,255,255,255,255,2,0,0,0,,,,,
#DST_IMAGE,0,550,116,443,208,14,0,0,255,255,255,2,0,0,0,,,,,

"//""C""テカリ2",,,,,,,,,,,,,,,,,,,,
//SRC定義,(NULL),gr,x,y,w,h,div_x,div_y,cycle,timer,op1,op2,op3,,,,,,,
#SRC_IMAGE,0,0,2040,2517,208,14,1,1,0,0,0,0,0,,,,,,,
//DST定義,(NULL),time,x,y,w,h,acc,a,r,g,b,blend,filter,angle,center,loop,timer,op1,op2,op3
#DST_IMAGE,0,183,116,429,208,14,0,255,255,255,255,2,0,0,0,-1,0,90,0,0
#DST_IMAGE,0,383,116,429,208,14,0,255,255,255,255,2,0,0,0,,,,,
#DST_IMAGE,0,550,116,429,208,14,0,0,255,255,255,2,0,0,0,,,,,

"//""C""テカリ3",,,,,,,,,,,,,,,,,,,,
//SRC定義,(NULL),gr,x,y,w,h,div_x,div_y,cycle,timer,op1,op2,op3,,,,,,,
#SRC_IMAGE,0,0,2040,2503,208,14,1,1,0,0,0,0,0,,,,,,,
//DST定義,(NULL),time,x,y,w,h,acc,a,r,g,b,blend,filter,angle,center,loop,timer,op1,op2,op3
#DST_IMAGE,0,200,116,415,208,14,0,255,255,255,255,2,0,0,0,-1,0,90,0,0
#DST_IMAGE,0,383,116,415,208,14,0,255,255,255,255,2,0,0,0,,,,,
#DST_IMAGE,0,550,116,415,208,14,0,0,255,255,255,2,0,0,0,,,,,

"//""C""テカリ4",,,,,,,,,,,,,,,,,,,,
//SRC定義,(NULL),gr,x,y,w,h,div_x,div_y,cycle,timer,op1,op2,op3,,,,,,,
#SRC_IMAGE,0,0,2040,2489,208,14,1,1,0,0,0,0,0,,,,,,,
//DST定義,(NULL),time,x,y,w,h,acc,a,r,g,b,blend,filter,angle,center,loop,timer,op1,op2,op3
#DST_IMAGE,0,216,116,401,208,14,0,255,255,255,255,2,0,0,0,-1,0,90,0,0
#DST_IMAGE,0,383,116,401,208,14,0,255,255,255,255,2,0,0,0,,,,,
#DST_IMAGE,0,550,116,401,208,14,0,0,255,255,255,2,0,0,0,,,,,

"//""C""テカリ5",,,,,,,,,,,,,,,,,,,,
//SRC定義,(NULL),gr,x,y,w,h,div_x,div_y,cycle,timer,op1,op2,op3,,,,,,,
#SRC_IMAGE,0,0,2040,2475,208,14,1,1,0,0,0,0,0,,,,,,,
//DST定義,(NULL),time,x,y,w,h,acc,a,r,g,b,blend,filter,angle,center,loop,timer,op1,op2,op3
#DST_IMAGE,0,233,116,387,208,14,0,255,255,255,255,2,0,0,0,-1,0,90,0,0
#DST_IMAGE,0,383,116,387,208,14,0,255,255,255,255,2,0,0,0,,,,,
#DST_IMAGE,0,550,116,387,208,14,0,0,255,255,255,2,0,0,0,,,,,

"//""C""テカリ6",,,,,,,,,,,,,,,,,,,,
//SRC定義,(NULL),gr,x,y,w,h,div_x,div_y,cycle,timer,op1,op2,op3,,,,,,,
#SRC_IMAGE,0,0,2040,2461,208,14,1,1,0,0,0,0,0,,,,,,,
//DST定義,(NULL),time,x,y,w,h,acc,a,r,g,b,blend,filter,angle,center,loop,timer,op1,op2,op3
#DST_IMAGE,0,250,116,373,208,14,0,255,255,255,255,2,0,0,0,-1,0,90,0,0
#DST_IMAGE,0,383,116,373,208,14,0,255,255,255,255,2,0,0,0,,,,,
#DST_IMAGE,0,550,116,373,208,14,0,0,255,255,255,2,0,0,0,,,,,

"//""C""テカリ7",,,,,,,,,,,,,,,,,,,,
//SRC定義,(NULL),gr,x,y,w,h,div_x,div_y,cycle,timer,op1,op2,op3,,,,,,,
#SRC_IMAGE,0,0,2040,2447,208,14,1,1,0,0,0,0,0,,,,,,,
//DST定義,(NULL),time,x,y,w,h,acc,a,r,g,b,blend,filter,angle,center,loop,timer,op1,op2,op3
#DST_IMAGE,0,266,116,359,208,14,0,255,255,255,255,2,0,0,0,-1,0,90,0,0
#DST_IMAGE,0,383,116,359,208,14,0,255,255,255,255,2,0,0,0,,,,,
#DST_IMAGE,0,550,116,359,208,14,0,0,255,255,255,2,0,0,0,,,,,

"//""C""テカリ8",,,,,,,,,,,,,,,,,,,,
//SRC定義,(NULL),gr,x,y,w,h,div_x,div_y,cycle,timer,op1,op2,op3,,,,,,,
#SRC_IMAGE,0,0,2040,2433,208,14,1,1,0,0,0,0,0,,,,,,,
//DST定義,(NULL),time,x,y,w,h,acc,a,r,g,b,blend,filter,angle,center,loop,timer,op1,op2,op3
#DST_IMAGE,0,283,116,345,208,14,0,255,255,255,255,2,0,0,0,-1,0,90,0,0
#DST_IMAGE,0,383,116,345,208,14,0,255,255,255,255,2,0,0,0,,,,,
#DST_IMAGE,0,550,116,345,208,14,0,0,255,255,255,2,0,0,0,,,,,

"//""C""テカリ9",,,,,,,,,,,,,,,,,,,,
//SRC定義,(NULL),gr,x,y,w,h,div_x,div_y,cycle,timer,op1,op2,op3,,,,,,,
#SRC_IMAGE,0,0,2040,2419,208,14,1,1,0,0,0,0,0,,,,,,,
//DST定義,(NULL),time,x,y,w,h,acc,a,r,g,b,blend,filter,angle,center,loop,timer,op1,op2,op3
#DST_IMAGE,0,300,116,331,208,14,0,255,255,255,255,2,0,0,0,-1,0,90,0,0
#DST_IMAGE,0,383,116,331,208,14,0,255,255,255,255,2,0,0,0,,,,,
#DST_IMAGE,0,550,116,331,208,14,0,0,255,255,255,2,0,0,0,,,,,

"//""C""テカリ10",,,,,,,,,,,,,,,,,,,,
//SRC定義,(NULL),gr,x,y,w,h,div_x,div_y,cycle,timer,op1,op2,op3,,,,,,,
#SRC_IMAGE,0,0,2040,2405,208,14,1,1,0,0,0,0,0,,,,,,,
//DST定義,(NULL),time,x,y,w,h,acc,a,r,g,b,blend,filter,angle,center,loop,timer,op1,op2,op3
#DST_IMAGE,0,316,116,317,208,14,0,255,255,255,255,2,0,0,0,-1,0,90,0,0
#DST_IMAGE,0,383,116,317,208,14,0,255,255,255,255,2,0,0,0,,,,,
#DST_IMAGE,0,550,116,317,208,14,0,0,255,255,255,2,0,0,0,,,,,

"//""C""テカリ11",,,,,,,,,,,,,,,,,,,,
//SRC定義,(NULL),gr,x,y,w,h,div_x,div_y,cycle,timer,op1,op2,op3,,,,,,,
#SRC_IMAGE,0,0,2040,2391,208,14,1,1,0,0,0,0,0,,,,,,,
//DST定義,(NULL),time,x,y,w,h,acc,a,r,g,b,blend,filter,angle,center,loop,timer,op1,op2,op3
#DST_IMAGE,0,333,116,303,208,14,0,255,255,255,255,2,0,0,0,-1,0,90,0,0
#DST_IMAGE,0,383,116,303,208,14,0,255,255,255,255,2,0,0,0,,,,,
#DST_IMAGE,0,550,116,303,208,14,0,0,255,255,255,2,0,0,0,,,,,

"//""C""テカリ12",,,,,,,,,,,,,,,,,,,,
//SRC定義,(NULL),gr,x,y,w,h,div_x,div_y,cycle,timer,op1,op2,op3,,,,,,,
#SRC_IMAGE,0,0,2040,2377,208,14,1,1,0,0,0,0,0,,,,,,,
//DST定義,(NULL),time,x,y,w,h,acc,a,r,g,b,blend,filter,angle,center,loop,timer,op1,op2,op3
#DST_IMAGE,0,350,116,289,208,14,0,255,255,255,255,2,0,0,0,-1,0,90,0,0
#DST_IMAGE,0,383,116,289,208,14,0,255,255,255,255,2,0,0,0,,,,,
#DST_IMAGE,0,550,116,289,208,14,0,0,255,255,255,2,0,0,0,,,,,

"//""C""テカリ13",,,,,,,,,,,,,,,,,,,,
//SRC定義,(NULL),gr,x,y,w,h,div_x,div_y,cycle,timer,op1,op2,op3,,,,,,,
#SRC_IMAGE,0,0,2040,2363,208,14,1,1,0,0,0,0,0,,,,,,,
//DST定義,(NULL),time,x,y,w,h,acc,a,r,g,b,blend,filter,angle,center,loop,timer,op1,op2,op3
#DST_IMAGE,0,366,116,275,208,14,0,255,255,255,255,2,0,0,0,-1,0,90,0,0
#DST_IMAGE,0,383,116,275,208,14,0,255,255,255,255,2,0,0,0,,,,,
#DST_IMAGE,0,550,116,275,208,14,0,0,255,255,255,2,0,0,0,,,,,

"//""C""テカリ14",,,,,,,,,,,,,,,,,,,,
//SRC定義,(NULL),gr,x,y,w,h,div_x,div_y,cycle,timer,op1,op2,op3,,,,,,,
#SRC_IMAGE,0,0,2040,2350,208,13,1,1,0,0,0,0,0,,,,,,,
//DST定義,(NULL),time,x,y,w,h,acc,a,r,g,b,blend,filter,angle,center,loop,timer,op1,op2,op3
#DST_IMAGE,0,383,116,262,208,13,0,255,255,255,255,2,0,0,0,-1,0,90,0,0
#DST_IMAGE,0,550,116,262,208,13,0,0,255,255,255,2,0,0,0,,,,,

"//""L""テカリ1",,,,,,,,,,,,,,,,,,,,
//SRC定義,(NULL),gr,x,y,w,h,div_x,div_y,cycle,timer,op1,op2,op3,,,,,,,
#SRC_IMAGE,0,0,2249,2531,208,14,1,1,0,0,0,0,0,,,,,,,
//DST定義,(NULL),time,x,y,w,h,acc,a,r,g,b,blend,filter,angle,center,loop,timer,op1,op2,op3
#DST_IMAGE,0,233,326,443,208,14,0,255,255,255,255,2,0,0,0,-1,0,90,0,0
#DST_IMAGE,0,450,326,443,208,14,0,255,255,255,255,2,0,0,0,,,,,
#DST_IMAGE,0,616,326,443,208,14,0,0,255,255,255,2,0,0,0,,,,,

"//""L""テカリ2",,,,,,,,,,,,,,,,,,,,
//SRC定義,(NULL),gr,x,y,w,h,div_x,div_y,cycle,timer,op1,op2,op3,,,,,,,
#SRC_IMAGE,0,0,2249,2517,208,14,1,1,0,0,0,0,0,,,,,,,
//DST定義,(NULL),time,x,y,w,h,acc,a,r,g,b,blend,filter,angle,center,loop,timer,op1,op2,op3
#DST_IMAGE,0,250,326,429,208,14,0,255,255,255,255,2,0,0,0,-1,0,90,0,0
#DST_IMAGE,0,450,326,429,208,14,0,255,255,255,255,2,0,0,0,,,,,
#DST_IMAGE,0,616,326,429,208,14,0,0,255,255,255,2,0,0,0,,,,,

"//""L""テカリ3",,,,,,,,,,,,,,,,,,,,
//SRC定義,(NULL),gr,x,y,w,h,div_x,div_y,cycle,timer,op1,op2,op3,,,,,,,
#SRC_IMAGE,0,0,2249,2503,208,14,1,1,0,0,0,0,0,,,,,,,
//DST定義,(NULL),time,x,y,w,h,acc,a,r,g,b,blend,filter,angle,center,loop,timer,op1,op2,op3
#DST_IMAGE,0,266,326,415,208,14,0,255,255,255,255,2,0,0,0,-1,0,90,0,0
#DST_IMAGE,0,450,326,415,208,14,0,255,255,255,255,2,0,0,0,,,,,
#DST_IMAGE,0,616,326,415,208,14,0,0,255,255,255,2,0,0,0,,,,,

"//""L""テカリ4",,,,,,,,,,,,,,,,,,,,
//SRC定義,(NULL),gr,x,y,w,h,div_x,div_y,cycle,timer,op1,op2,op3,,,,,,,
#SRC_IMAGE,0,0,2249,2489,208,14,1,1,0,0,0,0,0,,,,,,,
//DST定義,(NULL),time,x,y,w,h,acc,a,r,g,b,blend,filter,angle,center,loop,timer,op1,op2,op3
#DST_IMAGE,0,283,326,401,208,14,0,255,255,255,255,2,0,0,0,-1,0,90,0,0
#DST_IMAGE,0,450,326,401,208,14,0,255,255,255,255,2,0,0,0,,,,,
#DST_IMAGE,0,616,326,401,208,14,0,0,255,255,255,2,0,0,0,,,,,

"//""L""テカリ5",,,,,,,,,,,,,,,,,,,,
//SRC定義,(NULL),gr,x,y,w,h,div_x,div_y,cycle,timer,op1,op2,op3,,,,,,,
#SRC_IMAGE,0,0,2249,2475,208,14,1,1,0,0,0,0,0,,,,,,,
//DST定義,(NULL),time,x,y,w,h,acc,a,r,g,b,blend,filter,angle,center,loop,timer,op1,op2,op3
#DST_IMAGE,0,300,326,387,208,14,0,255,255,255,255,2,0,0,0,-1,0,90,0,0
#DST_IMAGE,0,450,326,387,208,14,0,255,255,255,255,2,0,0,0,,,,,
#DST_IMAGE,0,616,326,387,208,14,0,0,255,255,255,2,0,0,0,,,,,

"//""L""テカリ6",,,,,,,,,,,,,,,,,,,,
//SRC定義,(NULL),gr,x,y,w,h,div_x,div_y,cycle,timer,op1,op2,op3,,,,,,,
#SRC_IMAGE,0,0,2249,2461,208,14,1,1,0,0,0,0,0,,,,,,,
//DST定義,(NULL),time,x,y,w,h,acc,a,r,g,b,blend,filter,angle,center,loop,timer,op1,op2,op3
#DST_IMAGE,0,316,326,373,208,14,0,255,255,255,255,2,0,0,0,-1,0,90,0,0
#DST_IMAGE,0,450,326,373,208,14,0,255,255,255,255,2,0,0,0,,,,,
#DST_IMAGE,0,616,326,373,208,14,0,0,255,255,255,2,0,0,0,,,,,

"//""L""テカリ7",,,,,,,,,,,,,,,,,,,,
//SRC定義,(NULL),gr,x,y,w,h,div_x,div_y,cycle,timer,op1,op2,op3,,,,,,,
#SRC_IMAGE,0,0,2249,2447,208,14,1,1,0,0,0,0,0,,,,,,,
//DST定義,(NULL),time,x,y,w,h,acc,a,r,g,b,blend,filter,angle,center,loop,timer,op1,op2,op3
#DST_IMAGE,0,333,326,359,208,14,0,255,255,255,255,2,0,0,0,-1,0,90,0,0
#DST_IMAGE,0,450,326,359,208,14,0,255,255,255,255,2,0,0,0,,,,,
#DST_IMAGE,0,616,326,359,208,14,0,0,255,255,255,2,0,0,0,,,,,

"//""L""テカリ8",,,,,,,,,,,,,,,,,,,,
//SRC定義,(NULL),gr,x,y,w,h,div_x,div_y,cycle,timer,op1,op2,op3,,,,,,,
#SRC_IMAGE,0,0,2249,2433,208,14,1,1,0,0,0,0,0,,,,,,,
//DST定義,(NULL),time,x,y,w,h,acc,a,r,g,b,blend,filter,angle,center,loop,timer,op1,op2,op3
#DST_IMAGE,0,350,326,345,208,14,0,255,255,255,255,2,0,0,0,-1,0,90,0,0
#DST_IMAGE,0,450,326,345,208,14,0,255,255,255,255,2,0,0,0,,,,,
#DST_IMAGE,0,616,326,345,208,14,0,0,255,255,255,2,0,0,0,,,,,

"//""L""テカリ9",,,,,,,,,,,,,,,,,,,,
//SRC定義,(NULL),gr,x,y,w,h,div_x,div_y,cycle,timer,op1,op2,op3,,,,,,,
#SRC_IMAGE,0,0,2249,2419,208,14,1,1,0,0,0,0,0,,,,,,,
//DST定義,(NULL),time,x,y,w,h,acc,a,r,g,b,blend,filter,angle,center,loop,timer,op1,op2,op3
#DST_IMAGE,0,366,326,331,208,14,0,255,255,255,255,2,0,0,0,-1,0,90,0,0
#DST_IMAGE,0,450,326,331,208,14,0,255,255,255,255,2,0,0,0,,,,,
#DST_IMAGE,0,616,326,331,208,14,0,0,255,255,255,2,0,0,0,,,,,

"//""L""テカリ10",,,,,,,,,,,,,,,,,,,,
//SRC定義,(NULL),gr,x,y,w,h,div_x,div_y,cycle,timer,op1,op2,op3,,,,,,,
#SRC_IMAGE,0,0,2249,2405,208,14,1,1,0,0,0,0,0,,,,,,,
//DST定義,(NULL),time,x,y,w,h,acc,a,r,g,b,blend,filter,angle,center,loop,timer,op1,op2,op3
#DST_IMAGE,0,383,326,317,208,14,0,255,255,255,255,2,0,0,0,-1,0,90,0,0
#DST_IMAGE,0,450,326,317,208,14,0,255,255,255,255,2,0,0,0,,,,,
#DST_IMAGE,0,616,326,317,208,14,0,0,255,255,255,2,0,0,0,,,,,

"//""L""テカリ11",,,,,,,,,,,,,,,,,,,,
//SRC定義,(NULL),gr,x,y,w,h,div_x,div_y,cycle,timer,op1,op2,op3,,,,,,,
#SRC_IMAGE,0,0,2249,2391,208,14,1,1,0,0,0,0,0,,,,,,,
//DST定義,(NULL),time,x,y,w,h,acc,a,r,g,b,blend,filter,angle,center,loop,timer,op1,op2,op3
#DST_IMAGE,0,400,326,303,208,14,0,255,255,255,255,2,0,0,0,-1,0,90,0,0
#DST_IMAGE,0,450,326,303,208,14,0,255,255,255,255,2,0,0,0,,,,,
#DST_IMAGE,0,616,326,303,208,14,0,0,255,255,255,2,0,0,0,,,,,

"//""L""テカリ12",,,,,,,,,,,,,,,,,,,,
//SRC定義,(NULL),gr,x,y,w,h,div_x,div_y,cycle,timer,op1,op2,op3,,,,,,,
#SRC_IMAGE,0,0,2249,2377,208,14,1,1,0,0,0,0,0,,,,,,,
//DST定義,(NULL),time,x,y,w,h,acc,a,r,g,b,blend,filter,angle,center,loop,timer,op1,op2,op3
#DST_IMAGE,0,416,326,289,208,14,0,255,255,255,255,2,0,0,0,-1,0,90,0,0
#DST_IMAGE,0,450,326,289,208,14,0,255,255,255,255,2,0,0,0,,,,,
#DST_IMAGE,0,616,326,289,208,14,0,0,255,255,255,2,0,0,0,,,,,

"//""L""テカリ13",,,,,,,,,,,,,,,,,,,,
//SRC定義,(NULL),gr,x,y,w,h,div_x,div_y,cycle,timer,op1,op2,op3,,,,,,,
#SRC_IMAGE,0,0,2249,2363,208,14,1,1,0,0,0,0,0,,,,,,,
//DST定義,(NULL),time,x,y,w,h,acc,a,r,g,b,blend,filter,angle,center,loop,timer,op1,op2,op3
#DST_IMAGE,0,433,326,275,208,14,0,255,255,255,255,2,0,0,0,-1,0,90,0,0
#DST_IMAGE,0,450,326,275,208,14,0,255,255,255,255,2,0,0,0,,,,,
#DST_IMAGE,0,616,326,275,208,14,0,0,255,255,255,2,0,0,0,,,,,

"//""L""テカリ14",,,,,,,,,,,,,,,,,,,,
//SRC定義,(NULL),gr,x,y,w,h,div_x,div_y,cycle,timer,op1,op2,op3,,,,,,,
#SRC_IMAGE,0,0,2249,2350,208,13,1,1,0,0,0,0,0,,,,,,,
//DST定義,(NULL),time,x,y,w,h,acc,a,r,g,b,blend,filter,angle,center,loop,timer,op1,op2,op3
#DST_IMAGE,0,450,326,262,208,13,0,255,255,255,255,2,0,0,0,-1,0,90,0,0
#DST_IMAGE,0,616,326,262,208,13,0,0,255,255,255,2,0,0,0,,,,,

"//""E""テカリ1",,,,,,,,,,,,,,,,,,,,
//SRC定義,(NULL),gr,x,y,w,h,div_x,div_y,cycle,timer,op1,op2,op3,,,,,,,
#SRC_IMAGE,0,0,2458,2531,208,14,1,1,0,0,0,0,0,,,,,,,
//DST定義,(NULL),time,x,y,w,h,acc,a,r,g,b,blend,filter,angle,center,loop,timer,op1,op2,op3
#DST_IMAGE,0,333,536,443,208,14,0,255,255,255,255,2,0,0,0,-1,0,90,0,0
#DST_IMAGE,0,550,536,443,208,14,0,255,255,255,255,2,0,0,0,,,,,
#DST_IMAGE,0,716,536,443,208,14,0,0,255,255,255,2,0,0,0,,,,,

"//""E""テカリ2",,,,,,,,,,,,,,,,,,,,
//SRC定義,(NULL),gr,x,y,w,h,div_x,div_y,cycle,timer,op1,op2,op3,,,,,,,
#SRC_IMAGE,0,0,2458,2517,208,14,1,1,0,0,0,0,0,,,,,,,
//DST定義,(NULL),time,x,y,w,h,acc,a,r,g,b,blend,filter,angle,center,loop,timer,op1,op2,op3
#DST_IMAGE,0,350,536,429,208,14,0,255,255,255,255,2,0,0,0,-1,0,90,0,0
#DST_IMAGE,0,550,536,429,208,14,0,255,255,255,255,2,0,0,0,,,,,
#DST_IMAGE,0,716,536,429,208,14,0,0,255,255,255,2,0,0,0,,,,,

"//""E""テカリ3",,,,,,,,,,,,,,,,,,,,
//SRC定義,(NULL),gr,x,y,w,h,div_x,div_y,cycle,timer,op1,op2,op3,,,,,,,
#SRC_IMAGE,0,0,2458,2503,208,14,1,1,0,0,0,0,0,,,,,,,
//DST定義,(NULL),time,x,y,w,h,acc,a,r,g,b,blend,filter,angle,center,loop,timer,op1,op2,op3
#DST_IMAGE,0,366,536,415,208,14,0,255,255,255,255,2,0,0,0,-1,0,90,0,0
#DST_IMAGE,0,550,536,415,208,14,0,255,255,255,255,2,0,0,0,,,,,
#DST_IMAGE,0,716,536,415,208,14,0,0,255,255,255,2,0,0,0,,,,,

"//""E""テカリ4",,,,,,,,,,,,,,,,,,,,
//SRC定義,(NULL),gr,x,y,w,h,div_x,div_y,cycle,timer,op1,op2,op3,,,,,,,
#SRC_IMAGE,0,0,2458,2489,208,14,1,1,0,0,0,0,0,,,,,,,
//DST定義,(NULL),time,x,y,w,h,acc,a,r,g,b,blend,filter,angle,center,loop,timer,op1,op2,op3
#DST_IMAGE,0,383,536,401,208,14,0,255,255,255,255,2,0,0,0,-1,0,90,0,0
#DST_IMAGE,0,550,536,401,208,14,0,255,255,255,255,2,0,0,0,,,,,
#DST_IMAGE,0,716,536,401,208,14,0,0,255,255,255,2,0,0,0,,,,,

"//""E""テカリ5",,,,,,,,,,,,,,,,,,,,
//SRC定義,(NULL),gr,x,y,w,h,div_x,div_y,cycle,timer,op1,op2,op3,,,,,,,
#SRC_IMAGE,0,0,2458,2475,208,14,1,1,0,0,0,0,0,,,,,,,
//DST定義,(NULL),time,x,y,w,h,acc,a,r,g,b,blend,filter,angle,center,loop,timer,op1,op2,op3
#DST_IMAGE,0,400,536,387,208,14,0,255,255,255,255,2,0,0,0,-1,0,90,0,0
#DST_IMAGE,0,550,536,387,208,14,0,255,255,255,255,2,0,0,0,,,,,
#DST_IMAGE,0,716,536,387,208,14,0,0,255,255,255,2,0,0,0,,,,,

"//""E""テカリ6",,,,,,,,,,,,,,,,,,,,
//SRC定義,(NULL),gr,x,y,w,h,div_x,div_y,cycle,timer,op1,op2,op3,,,,,,,
#SRC_IMAGE,0,0,2458,2461,208,14,1,1,0,0,0,0,0,,,,,,,
//DST定義,(NULL),time,x,y,w,h,acc,a,r,g,b,blend,filter,angle,center,loop,timer,op1,op2,op3
#DST_IMAGE,0,416,536,373,208,14,0,255,255,255,255,2,0,0,0,-1,0,90,0,0
#DST_IMAGE,0,550,536,373,208,14,0,255,255,255,255,2,0,0,0,,,,,
#DST_IMAGE,0,716,536,373,208,14,0,0,255,255,255,2,0,0,0,,,,,

"//""E""テカリ7",,,,,,,,,,,,,,,,,,,,
//SRC定義,(NULL),gr,x,y,w,h,div_x,div_y,cycle,timer,op1,op2,op3,,,,,,,
#SRC_IMAGE,0,0,2458,2447,208,14,1,1,0,0,0,0,0,,,,,,,
//DST定義,(NULL),time,x,y,w,h,acc,a,r,g,b,blend,filter,angle,center,loop,timer,op1,op2,op3
#DST_IMAGE,0,433,536,359,208,14,0,255,255,255,255,2,0,0,0,-1,0,90,0,0
#DST_IMAGE,0,550,536,359,208,14,0,255,255,255,255,2,0,0,0,,,,,
#DST_IMAGE,0,716,536,359,208,14,0,0,255,255,255,2,0,0,0,,,,,

"//""E""テカリ8",,,,,,,,,,,,,,,,,,,,
//SRC定義,(NULL),gr,x,y,w,h,div_x,div_y,cycle,timer,op1,op2,op3,,,,,,,
#SRC_IMAGE,0,0,2458,2433,208,14,1,1,0,0,0,0,0,,,,,,,
//DST定義,(NULL),time,x,y,w,h,acc,a,r,g,b,blend,filter,angle,center,loop,timer,op1,op2,op3
#DST_IMAGE,0,450,536,345,208,14,0,255,255,255,255,2,0,0,0,-1,0,90,0,0
#DST_IMAGE,0,550,536,345,208,14,0,255,255,255,255,2,0,0,0,,,,,
#DST_IMAGE,0,716,536,345,208,14,0,0,255,255,255,2,0,0,0,,,,,

"//""E""テカリ9",,,,,,,,,,,,,,,,,,,,
//SRC定義,(NULL),gr,x,y,w,h,div_x,div_y,cycle,timer,op1,op2,op3,,,,,,,
#SRC_IMAGE,0,0,2458,2419,208,14,1,1,0,0,0,0,0,,,,,,,
//DST定義,(NULL),time,x,y,w,h,acc,a,r,g,b,blend,filter,angle,center,loop,timer,op1,op2,op3
#DST_IMAGE,0,466,536,331,208,14,0,255,255,255,255,2,0,0,0,-1,0,90,0,0
#DST_IMAGE,0,550,536,331,208,14,0,255,255,255,255,2,0,0,0,,,,,
#DST_IMAGE,0,716,536,331,208,14,0,0,255,255,255,2,0,0,0,,,,,

"//""E""テカリ10",,,,,,,,,,,,,,,,,,,,
//SRC定義,(NULL),gr,x,y,w,h,div_x,div_y,cycle,timer,op1,op2,op3,,,,,,,
#SRC_IMAGE,0,0,2458,2405,208,14,1,1,0,0,0,0,0,,,,,,,
//DST定義,(NULL),time,x,y,w,h,acc,a,r,g,b,blend,filter,angle,center,loop,timer,op1,op2,op3
#DST_IMAGE,0,483,536,317,208,14,0,255,255,255,255,2,0,0,0,-1,0,90,0,0
#DST_IMAGE,0,550,536,317,208,14,0,255,255,255,255,2,0,0,0,,,,,
#DST_IMAGE,0,716,536,317,208,14,0,0,255,255,255,2,0,0,0,,,,,

"//""E""テカリ11",,,,,,,,,,,,,,,,,,,,
//SRC定義,(NULL),gr,x,y,w,h,div_x,div_y,cycle,timer,op1,op2,op3,,,,,,,
#SRC_IMAGE,0,0,2458,2391,208,14,1,1,0,0,0,0,0,,,,,,,
//DST定義,(NULL),time,x,y,w,h,acc,a,r,g,b,blend,filter,angle,center,loop,timer,op1,op2,op3
#DST_IMAGE,0,500,536,303,208,14,0,255,255,255,255,2,0,0,0,-1,0,90,0,0
#DST_IMAGE,0,550,536,303,208,14,0,255,255,255,255,2,0,0,0,,,,,
#DST_IMAGE,0,716,536,303,208,14,0,0,255,255,255,2,0,0,0,,,,,

"//""E""テカリ12",,,,,,,,,,,,,,,,,,,,
//SRC定義,(NULL),gr,x,y,w,h,div_x,div_y,cycle,timer,op1,op2,op3,,,,,,,
#SRC_IMAGE,0,0,2458,2377,208,14,1,1,0,0,0,0,0,,,,,,,
//DST定義,(NULL),time,x,y,w,h,acc,a,r,g,b,blend,filter,angle,center,loop,timer,op1,op2,op3
#DST_IMAGE,0,516,536,289,208,14,0,255,255,255,255,2,0,0,0,-1,0,90,0,0
#DST_IMAGE,0,550,536,289,208,14,0,255,255,255,255,2,0,0,0,,,,,
#DST_IMAGE,0,716,536,289,208,14,0,0,255,255,255,2,0,0,0,,,,,

"//""E""テカリ13",,,,,,,,,,,,,,,,,,,,
//SRC定義,(NULL),gr,x,y,w,h,div_x,div_y,cycle,timer,op1,op2,op3,,,,,,,
#SRC_IMAGE,0,0,2458,2363,208,14,1,1,0,0,0,0,0,,,,,,,
//DST定義,(NULL),time,x,y,w,h,acc,a,r,g,b,blend,filter,angle,center,loop,timer,op1,op2,op3
#DST_IMAGE,0,533,536,275,208,14,0,255,255,255,255,2,0,0,0,-1,0,90,0,0
#DST_IMAGE,0,550,536,275,208,14,0,255,255,255,255,2,0,0,0,,,,,
#DST_IMAGE,0,716,536,275,208,14,0,0,255,255,255,2,0,0,0,,,,,

"//""E""テカリ14",,,,,,,,,,,,,,,,,,,,
//SRC定義,(NULL),gr,x,y,w,h,div_x,div_y,cycle,timer,op1,op2,op3,,,,,,,
#SRC_IMAGE,0,0,2458,2350,208,13,1,1,0,0,0,0,0,,,,,,,
//DST定義,(NULL),time,x,y,w,h,acc,a,r,g,b,blend,filter,angle,center,loop,timer,op1,op2,op3
#DST_IMAGE,0,550,536,262,208,13,0,255,255,255,255,2,0,0,0,-1,0,90,0,0
#DST_IMAGE,0,716,536,262,208,13,0,0,255,255,255,2,0,0,0,,,,,

"//""A""テカリ1",,,,,,,,,,,,,,,,,,,,
//SRC定義,(NULL),gr,x,y,w,h,div_x,div_y,cycle,timer,op1,op2,op3,,,,,,,
#SRC_IMAGE,0,0,2667,2531,208,14,1,1,0,0,0,0,0,,,,,,,
//DST定義,(NULL),time,x,y,w,h,acc,a,r,g,b,blend,filter,angle,center,loop,timer,op1,op2,op3
#DST_IMAGE,0,433,746,443,208,14,0,255,255,255,255,2,0,0,0,-1,0,90,0,0
#DST_IMAGE,0,650,746,443,208,14,0,255,255,255,255,2,0,0,0,,,,,
#DST_IMAGE,0,816,746,443,208,14,0,0,255,255,255,2,0,0,0,,,,,

"//""A""テカリ2",,,,,,,,,,,,,,,,,,,,
//SRC定義,(NULL),gr,x,y,w,h,div_x,div_y,cycle,timer,op1,op2,op3,,,,,,,
#SRC_IMAGE,0,0,2667,2517,208,14,1,1,0,0,0,0,0,,,,,,,
//DST定義,(NULL),time,x,y,w,h,acc,a,r,g,b,blend,filter,angle,center,loop,timer,op1,op2,op3
#DST_IMAGE,0,450,746,429,208,14,0,255,255,255,255,2,0,0,0,-1,0,90,0,0
#DST_IMAGE,0,650,746,429,208,14,0,255,255,255,255,2,0,0,0,,,,,
#DST_IMAGE,0,816,746,429,208,14,0,0,255,255,255,2,0,0,0,,,,,

"//""A""テカリ3",,,,,,,,,,,,,,,,,,,,
//SRC定義,(NULL),gr,x,y,w,h,div_x,div_y,cycle,timer,op1,op2,op3,,,,,,,
#SRC_IMAGE,0,0,2667,2503,208,14,1,1,0,0,0,0,0,,,,,,,
//DST定義,(NULL),time,x,y,w,h,acc,a,r,g,b,blend,filter,angle,center,loop,timer,op1,op2,op3
#DST_IMAGE,0,466,746,415,208,14,0,255,255,255,255,2,0,0,0,-1,0,90,0,0
#DST_IMAGE,0,650,746,415,208,14,0,255,255,255,255,2,0,0,0,,,,,
#DST_IMAGE,0,816,746,415,208,14,0,0,255,255,255,2,0,0,0,,,,,

"//""A""テカリ4",,,,,,,,,,,,,,,,,,,,
//SRC定義,(NULL),gr,x,y,w,h,div_x,div_y,cycle,timer,op1,op2,op3,,,,,,,
#SRC_IMAGE,0,0,2667,2489,208,14,1,1,0,0,0,0,0,,,,,,,
//DST定義,(NULL),time,x,y,w,h,acc,a,r,g,b,blend,filter,angle,center,loop,timer,op1,op2,op3
#DST_IMAGE,0,483,746,401,208,14,0,255,255,255,255,2,0,0,0,-1,0,90,0,0
#DST_IMAGE,0,650,746,401,208,14,0,255,255,255,255,2,0,0,0,,,,,
#DST_IMAGE,0,816,746,401,208,14,0,0,255,255,255,2,0,0,0,,,,,

"//""A""テカリ5",,,,,,,,,,,,,,,,,,,,
//SRC定義,(NULL),gr,x,y,w,h,div_x,div_y,cycle,timer,op1,op2,op3,,,,,,,
#SRC_IMAGE,0,0,2667,2475,208,14,1,1,0,0,0,0,0,,,,,,,
//DST定義,(NULL),time,x,y,w,h,acc,a,r,g,b,blend,filter,angle,center,loop,timer,op1,op2,op3
#DST_IMAGE,0,500,746,387,208,14,0,255,255,255,255,2,0,0,0,-1,0,90,0,0
#DST_IMAGE,0,650,746,387,208,14,0,255,255,255,255,2,0,0,0,,,,,
#DST_IMAGE,0,816,746,387,208,14,0,0,255,255,255,2,0,0,0,,,,,

"//""A""テカリ6",,,,,,,,,,,,,,,,,,,,
//SRC定義,(NULL),gr,x,y,w,h,div_x,div_y,cycle,timer,op1,op2,op3,,,,,,,
#SRC_IMAGE,0,0,2667,2461,208,14,1,1,0,0,0,0,0,,,,,,,
//DST定義,(NULL),time,x,y,w,h,acc,a,r,g,b,blend,filter,angle,center,loop,timer,op1,op2,op3
#DST_IMAGE,0,516,746,373,208,14,0,255,255,255,255,2,0,0,0,-1,0,90,0,0
#DST_IMAGE,0,650,746,373,208,14,0,255,255,255,255,2,0,0,0,,,,,
#DST_IMAGE,0,816,746,373,208,14,0,0,255,255,255,2,0,0,0,,,,,

"//""A""テカリ7",,,,,,,,,,,,,,,,,,,,
//SRC定義,(NULL),gr,x,y,w,h,div_x,div_y,cycle,timer,op1,op2,op3,,,,,,,
#SRC_IMAGE,0,0,2667,2447,208,14,1,1,0,0,0,0,0,,,,,,,
//DST定義,(NULL),time,x,y,w,h,acc,a,r,g,b,blend,filter,angle,center,loop,timer,op1,op2,op3
#DST_IMAGE,0,533,746,359,208,14,0,255,255,255,255,2,0,0,0,-1,0,90,0,0
#DST_IMAGE,0,650,746,359,208,14,0,255,255,255,255,2,0,0,0,,,,,
#DST_IMAGE,0,816,746,359,208,14,0,0,255,255,255,2,0,0,0,,,,,

"//""A""テカリ8",,,,,,,,,,,,,,,,,,,,
//SRC定義,(NULL),gr,x,y,w,h,div_x,div_y,cycle,timer,op1,op2,op3,,,,,,,
#SRC_IMAGE,0,0,2667,2433,208,14,1,1,0,0,0,0,0,,,,,,,
//DST定義,(NULL),time,x,y,w,h,acc,a,r,g,b,blend,filter,angle,center,loop,timer,op1,op2,op3
#DST_IMAGE,0,550,746,345,208,14,0,255,255,255,255,2,0,0,0,-1,0,90,0,0
#DST_IMAGE,0,650,746,345,208,14,0,255,255,255,255,2,0,0,0,,,,,
#DST_IMAGE,0,816,746,345,208,14,0,0,255,255,255,2,0,0,0,,,,,

"//""A""テカリ9",,,,,,,,,,,,,,,,,,,,
//SRC定義,(NULL),gr,x,y,w,h,div_x,div_y,cycle,timer,op1,op2,op3,,,,,,,
#SRC_IMAGE,0,0,2667,2419,208,14,1,1,0,0,0,0,0,,,,,,,
//DST定義,(NULL),time,x,y,w,h,acc,a,r,g,b,blend,filter,angle,center,loop,timer,op1,op2,op3
#DST_IMAGE,0,566,746,331,208,14,0,255,255,255,255,2,0,0,0,-1,0,90,0,0
#DST_IMAGE,0,650,746,331,208,14,0,255,255,255,255,2,0,0,0,,,,,
#DST_IMAGE,0,816,746,331,208,14,0,0,255,255,255,2,0,0,0,,,,,

"//""A""テカリ10",,,,,,,,,,,,,,,,,,,,
//SRC定義,(NULL),gr,x,y,w,h,div_x,div_y,cycle,timer,op1,op2,op3,,,,,,,
#SRC_IMAGE,0,0,2667,2405,208,14,1,1,0,0,0,0,0,,,,,,,
//DST定義,(NULL),time,x,y,w,h,acc,a,r,g,b,blend,filter,angle,center,loop,timer,op1,op2,op3
#DST_IMAGE,0,583,746,317,208,14,0,255,255,255,255,2,0,0,0,-1,0,90,0,0
#DST_IMAGE,0,650,746,317,208,14,0,255,255,255,255,2,0,0,0,,,,,
#DST_IMAGE,0,816,746,317,208,14,0,0,255,255,255,2,0,0,0,,,,,

"//""A""テカリ11",,,,,,,,,,,,,,,,,,,,
//SRC定義,(NULL),gr,x,y,w,h,div_x,div_y,cycle,timer,op1,op2,op3,,,,,,,
#SRC_IMAGE,0,0,2667,2391,208,14,1,1,0,0,0,0,0,,,,,,,
//DST定義,(NULL),time,x,y,w,h,acc,a,r,g,b,blend,filter,angle,center,loop,timer,op1,op2,op3
#DST_IMAGE,0,600,746,303,208,14,0,255,255,255,255,2,0,0,0,-1,0,90,0,0
#DST_IMAGE,0,650,746,303,208,14,0,255,255,255,255,2,0,0,0,,,,,
#DST_IMAGE,0,816,746,303,208,14,0,0,255,255,255,2,0,0,0,,,,,

"//""A""テカリ12",,,,,,,,,,,,,,,,,,,,
//SRC定義,(NULL),gr,x,y,w,h,div_x,div_y,cycle,timer,op1,op2,op3,,,,,,,
#SRC_IMAGE,0,0,2667,2377,208,14,1,1,0,0,0,0,0,,,,,,,
//DST定義,(NULL),time,x,y,w,h,acc,a,r,g,b,blend,filter,angle,center,loop,timer,op1,op2,op3
#DST_IMAGE,0,616,746,289,208,14,0,255,255,255,255,2,0,0,0,-1,0,90,0,0
#DST_IMAGE,0,650,746,289,208,14,0,255,255,255,255,2,0,0,0,,,,,
#DST_IMAGE,0,816,746,289,208,14,0,0,255,255,255,2,0,0,0,,,,,

"//""A""テカリ13",,,,,,,,,,,,,,,,,,,,
//SRC定義,(NULL),gr,x,y,w,h,div_x,div_y,cycle,timer,op1,op2,op3,,,,,,,
#SRC_IMAGE,0,0,2667,2363,208,14,1,1,0,0,0,0,0,,,,,,,
//DST定義,(NULL),time,x,y,w,h,acc,a,r,g,b,blend,filter,angle,center,loop,timer,op1,op2,op3
#DST_IMAGE,0,633,746,275,208,14,0,255,255,255,255,2,0,0,0,-1,0,90,0,0
#DST_IMAGE,0,650,746,275,208,14,0,255,255,255,255,2,0,0,0,,,,,
#DST_IMAGE,0,816,746,275,208,14,0,0,255,255,255,2,0,0,0,,,,,

"//""A""テカリ14",,,,,,,,,,,,,,,,,,,,
//SRC定義,(NULL),gr,x,y,w,h,div_x,div_y,cycle,timer,op1,op2,op3,,,,,,,
#SRC_IMAGE,0,0,2667,2350,208,13,1,1,0,0,0,0,0,,,,,,,
//DST定義,(NULL),time,x,y,w,h,acc,a,r,g,b,blend,filter,angle,center,loop,timer,op1,op2,op3
#DST_IMAGE,0,650,746,262,208,13,0,255,255,255,255,2,0,0,0,-1,0,90,0,0
#DST_IMAGE,0,816,746,262,208,13,0,0,255,255,255,2,0,0,0,,,,,

"//""R""テカリ1",,,,,,,,,,,,,,,,,,,,
//SRC定義,(NULL),gr,x,y,w,h,div_x,div_y,cycle,timer,op1,op2,op3,,,,,,,
#SRC_IMAGE,0,0,2876,2531,208,14,1,1,0,0,0,0,0,,,,,,,
//DST定義,(NULL),time,x,y,w,h,acc,a,r,g,b,blend,filter,angle,center,loop,timer,op1,op2,op3
#DST_IMAGE,0,533,956,443,208,14,0,255,255,255,255,2,0,0,0,-1,0,90,0,0
#DST_IMAGE,0,750,956,443,208,14,0,255,255,255,255,2,0,0,0,,,,,
#DST_IMAGE,0,916,956,443,208,14,0,0,255,255,255,2,0,0,0,,,,,

"//""R""テカリ2",,,,,,,,,,,,,,,,,,,,
//SRC定義,(NULL),gr,x,y,w,h,div_x,div_y,cycle,timer,op1,op2,op3,,,,,,,
#SRC_IMAGE,0,0,2876,2517,208,14,1,1,0,0,0,0,0,,,,,,,
//DST定義,(NULL),time,x,y,w,h,acc,a,r,g,b,blend,filter,angle,center,loop,timer,op1,op2,op3
#DST_IMAGE,0,550,956,429,208,14,0,255,255,255,255,2,0,0,0,-1,0,90,0,0
#DST_IMAGE,0,750,956,429,208,14,0,255,255,255,255,2,0,0,0,,,,,
#DST_IMAGE,0,916,956,429,208,14,0,0,255,255,255,2,0,0,0,,,,,

"//""R""テカリ3",,,,,,,,,,,,,,,,,,,,
//SRC定義,(NULL),gr,x,y,w,h,div_x,div_y,cycle,timer,op1,op2,op3,,,,,,,
#SRC_IMAGE,0,0,2876,2503,208,14,1,1,0,0,0,0,0,,,,,,,
//DST定義,(NULL),time,x,y,w,h,acc,a,r,g,b,blend,filter,angle,center,loop,timer,op1,op2,op3
#DST_IMAGE,0,566,956,415,208,14,0,255,255,255,255,2,0,0,0,-1,0,90,0,0
#DST_IMAGE,0,750,956,415,208,14,0,255,255,255,255,2,0,0,0,,,,,
#DST_IMAGE,0,916,956,415,208,14,0,0,255,255,255,2,0,0,0,,,,,

"//""R""テカリ4",,,,,,,,,,,,,,,,,,,,
//SRC定義,(NULL),gr,x,y,w,h,div_x,div_y,cycle,timer,op1,op2,op3,,,,,,,
#SRC_IMAGE,0,0,2876,2489,208,14,1,1,0,0,0,0,0,,,,,,,
//DST定義,(NULL),time,x,y,w,h,acc,a,r,g,b,blend,filter,angle,center,loop,timer,op1,op2,op3
#DST_IMAGE,0,583,956,401,208,14,0,255,255,255,255,2,0,0,0,-1,0,90,0,0
#DST_IMAGE,0,750,956,401,208,14,0,255,255,255,255,2,0,0,0,,,,,
#DST_IMAGE,0,916,956,401,208,14,0,0,255,255,255,2,0,0,0,,,,,

"//""R""テカリ5",,,,,,,,,,,,,,,,,,,,
//SRC定義,(NULL),gr,x,y,w,h,div_x,div_y,cycle,timer,op1,op2,op3,,,,,,,
#SRC_IMAGE,0,0,2876,2475,208,14,1,1,0,0,0,0,0,,,,,,,
//DST定義,(NULL),time,x,y,w,h,acc,a,r,g,b,blend,filter,angle,center,loop,timer,op1,op2,op3
#DST_IMAGE,0,600,956,387,208,14,0,255,255,255,255,2,0,0,0,-1,0,90,0,0
#DST_IMAGE,0,750,956,387,208,14,0,255,255,255,255,2,0,0,0,,,,,
#DST_IMAGE,0,916,956,387,208,14,0,0,255,255,255,2,0,0,0,,,,,

"//""R""テカリ6",,,,,,,,,,,,,,,,,,,,
//SRC定義,(NULL),gr,x,y,w,h,div_x,div_y,cycle,timer,op1,op2,op3,,,,,,,
#SRC_IMAGE,0,0,2876,2461,208,14,1,1,0,0,0,0,0,,,,,,,
//DST定義,(NULL),time,x,y,w,h,acc,a,r,g,b,blend,filter,angle,center,loop,timer,op1,op2,op3
#DST_IMAGE,0,616,956,373,208,14,0,255,255,255,255,2,0,0,0,-1,0,90,0,0
#DST_IMAGE,0,750,956,373,208,14,0,255,255,255,255,2,0,0,0,,,,,
#DST_IMAGE,0,916,956,373,208,14,0,0,255,255,255,2,0,0,0,,,,,

"//""R""テカリ7",,,,,,,,,,,,,,,,,,,,
//SRC定義,(NULL),gr,x,y,w,h,div_x,div_y,cycle,timer,op1,op2,op3,,,,,,,
#SRC_IMAGE,0,0,2876,2447,208,14,1,1,0,0,0,0,0,,,,,,,
//DST定義,(NULL),time,x,y,w,h,acc,a,r,g,b,blend,filter,angle,center,loop,timer,op1,op2,op3
#DST_IMAGE,0,633,956,359,208,14,0,255,255,255,255,2,0,0,0,-1,0,90,0,0
#DST_IMAGE,0,750,956,359,208,14,0,255,255,255,255,2,0,0,0,,,,,
#DST_IMAGE,0,916,956,359,208,14,0,0,255,255,255,2,0,0,0,,,,,

"//""R""テカリ8",,,,,,,,,,,,,,,,,,,,
//SRC定義,(NULL),gr,x,y,w,h,div_x,div_y,cycle,timer,op1,op2,op3,,,,,,,
#SRC_IMAGE,0,0,2876,2433,208,14,1,1,0,0,0,0,0,,,,,,,
//DST定義,(NULL),time,x,y,w,h,acc,a,r,g,b,blend,filter,angle,center,loop,timer,op1,op2,op3
#DST_IMAGE,0,650,956,345,208,14,0,255,255,255,255,2,0,0,0,-1,0,90,0,0
#DST_IMAGE,0,750,956,345,208,14,0,255,255,255,255,2,0,0,0,,,,,
#DST_IMAGE,0,916,956,345,208,14,0,0,255,255,255,2,0,0,0,,,,,

"//""R""テカリ9",,,,,,,,,,,,,,,,,,,,
//SRC定義,(NULL),gr,x,y,w,h,div_x,div_y,cycle,timer,op1,op2,op3,,,,,,,
#SRC_IMAGE,0,0,2876,2419,208,14,1,1,0,0,0,0,0,,,,,,,
//DST定義,(NULL),time,x,y,w,h,acc,a,r,g,b,blend,filter,angle,center,loop,timer,op1,op2,op3
#DST_IMAGE,0,666,956,331,208,14,0,255,255,255,255,2,0,0,0,-1,0,90,0,0
#DST_IMAGE,0,750,956,331,208,14,0,255,255,255,255,2,0,0,0,,,,,
#DST_IMAGE,0,916,956,331,208,14,0,0,255,255,255,2,0,0,0,,,,,

"//""R""テカリ10",,,,,,,,,,,,,,,,,,,,
//SRC定義,(NULL),gr,x,y,w,h,div_x,div_y,cycle,timer,op1,op2,op3,,,,,,,
#SRC_IMAGE,0,0,2876,2405,208,14,1,1,0,0,0,0,0,,,,,,,
//DST定義,(NULL),time,x,y,w,h,acc,a,r,g,b,blend,filter,angle,center,loop,timer,op1,op2,op3
#DST_IMAGE,0,683,956,317,208,14,0,255,255,255,255,2,0,0,0,-1,0,90,0,0
#DST_IMAGE,0,750,956,317,208,14,0,255,255,255,255,2,0,0,0,,,,,
#DST_IMAGE,0,916,956,317,208,14,0,0,255,255,255,2,0,0,0,,,,,

"//""R""テカリ11",,,,,,,,,,,,,,,,,,,,
//SRC定義,(NULL),gr,x,y,w,h,div_x,div_y,cycle,timer,op1,op2,op3,,,,,,,
#SRC_IMAGE,0,0,2876,2391,208,14,1,1,0,0,0,0,0,,,,,,,
//DST定義,(NULL),time,x,y,w,h,acc,a,r,g,b,blend,filter,angle,center,loop,timer,op1,op2,op3
#DST_IMAGE,0,700,956,303,208,14,0,255,255,255,255,2,0,0,0,-1,0,90,0,0
#DST_IMAGE,0,750,956,303,208,14,0,255,255,255,255,2,0,0,0,,,,,
#DST_IMAGE,0,916,956,303,208,14,0,0,255,255,255,2,0,0,0,,,,,

"//""R""テカリ12",,,,,,,,,,,,,,,,,,,,
//SRC定義,(NULL),gr,x,y,w,h,div_x,div_y,cycle,timer,op1,op2,op3,,,,,,,
#SRC_IMAGE,0,0,2876,2377,208,14,1,1,0,0,0,0,0,,,,,,,
//DST定義,(NULL),time,x,y,w,h,acc,a,r,g,b,blend,filter,angle,center,loop,timer,op1,op2,op3
#DST_IMAGE,0,716,956,289,208,14,0,255,255,255,255,2,0,0,0,-1,0,90,0,0
#DST_IMAGE,0,750,956,289,208,14,0,255,255,255,255,2,0,0,0,,,,,
#DST_IMAGE,0,916,956,289,208,14,0,0,255,255,255,2,0,0,0,,,,,

"//""R""テカリ13",,,,,,,,,,,,,,,,,,,,
//SRC定義,(NULL),gr,x,y,w,h,div_x,div_y,cycle,timer,op1,op2,op3,,,,,,,
#SRC_IMAGE,0,0,2876,2363,208,14,1,1,0,0,0,0,0,,,,,,,
//DST定義,(NULL),time,x,y,w,h,acc,a,r,g,b,blend,filter,angle,center,loop,timer,op1,op2,op3
#DST_IMAGE,0,733,956,275,208,14,0,255,255,255,255,2,0,0,0,-1,0,90,0,0
#DST_IMAGE,0,750,956,275,208,14,0,255,255,255,255,2,0,0,0,,,,,
#DST_IMAGE,0,916,956,275,208,14,0,0,255,255,255,2,0,0,0,,,,,

"//""R""テカリ14",,,,,,,,,,,,,,,,,,,,
//SRC定義,(NULL),gr,x,y,w,h,div_x,div_y,cycle,timer,op1,op2,op3,,,,,,,
#SRC_IMAGE,0,0,2876,2350,208,13,1,1,0,0,0,0,0,,,,,,,
//DST定義,(NULL),time,x,y,w,h,acc,a,r,g,b,blend,filter,angle,center,loop,timer,op1,op2,op3
#DST_IMAGE,0,750,956,262,208,13,0,255,255,255,255,2,0,0,0,-1,0,90,0,0
#DST_IMAGE,0,916,956,262,208,13,0,0,255,255,255,2,0,0,0,,,,,
,,,,,,,,,,,,,,,,,,,,

,,,,,,,,,,,,,,,,,,,,
//FAILED,,,,,,,,,,,,,,,,,,,,
,,,,,,,,,,,,,,,,,,,,
"//""F""",,,,,,,,,,,,,,,,,,,,
//SRC定義,(NULL),gr,x,y,w,h,div_x,div_y,cycle,timer,op1,op2,op3,,,,,,,
#SRC_IMAGE,0,0,1015,720,203,190,1,1,0,0,0,0,0,,,,,,,
//DST定義,(NULL),time,x,y,w,h,acc,a,r,g,b,blend,filter,angle,center,loop,timer,op1,op2,op3
#DST_IMAGE,0,0,73,-1639,203,4000,0,10,255,255,255,1,0,0,0,-1,0,91,0,0
#DST_IMAGE,0,100,73,266,203,190,0,200,255,255,255,1,0,0,0,,,,,
#DST_IMAGE,0,133,73,266,203,190,0,255,255,255,255,1,0,0,0,,,,,
#DST_IMAGE,0,316,73,266,203,190,0,200,255,255,255,1,0,0,0,,,,,
#DST_IMAGE,0,466,73,266,203,190,0,0,255,255,255,1,0,0,0,,,,,
,,,,,,,,,,,,,,,,,,,,
"//""A""",,,,,,,,,,,,,,,,,,,,
//SRC定義,(NULL),gr,x,y,w,h,div_x,div_y,cycle,timer,op1,op2,op3,,,,,,,
#SRC_IMAGE,0,0,1219,720,203,190,1,1,0,0,0,0,0,,,,,,,
//DST定義,(NULL),time,x,y,w,h,acc,a,r,g,b,blend,filter,angle,center,loop,timer,op1,op2,op3
#DST_IMAGE,0,0,283,-1639,203,4000,0,10,255,255,255,1,0,0,0,-1,0,91,0,0
#DST_IMAGE,0,133,283,-489,203,1700,0,255,255,255,255,1,0,0,0,,,,,
#DST_IMAGE,0,200,283,266,203,190,0,200,255,255,255,1,0,0,0,,,,,
#DST_IMAGE,0,450,283,266,203,190,0,120,255,255,255,1,0,0,0,,,,,
#DST_IMAGE,0,533,283,266,203,190,0,0,255,255,255,1,0,0,0,,,,,
,,,,,,,,,,,,,,,,,,,,
"//""I""",,,,,,,,,,,,,,,,,,,,
//SRC定義,(NULL),gr,x,y,w,h,div_x,div_y,cycle,timer,op1,op2,op3,,,,,,,
#SRC_IMAGE,0,0,1423,720,67,190,1,1,0,0,0,0,0,,,,,,,
//DST定義,(NULL),time,x,y,w,h,acc,a,r,g,b,blend,filter,angle,center,loop,timer,op1,op2,op3
#DST_IMAGE,0,0,495,-1639,67,4000,0,10,255,255,255,1,0,0,0,-1,0,91,0,0
#DST_IMAGE,0,133,495,-739,67,2200,0,255,255,255,255,1,0,0,0,,,,,
#DST_IMAGE,0,300,495,266,67,190,0,200,255,255,255,1,0,0,0,,,,,
#DST_IMAGE,0,550,495,266,67,190,0,120,255,255,255,1,0,0,0,,,,,
#DST_IMAGE,0,633,495,266,67,190,0,0,255,255,255,1,0,0,0,,,,,
,,,,,,,,,,,,,,,,,,,,
"//""L""",,,,,,,,,,,,,,,,,,,,
//SRC定義,(NULL),gr,x,y,w,h,div_x,div_y,cycle,timer,op1,op2,op3,,,,,,,
#SRC_IMAGE,0,0,1491,720,203,190,1,1,0,0,0,0,0,,,,,,,
//DST定義,(NULL),time,x,y,w,h,acc,a,r,g,b,blend,filter,angle,center,loop,timer,op1,op2,op3
#DST_IMAGE,0,0,571,-1639,203,4000,0,10,255,255,255,1,0,0,0,-1,0,91,0,0
#DST_IMAGE,0,200,571,-989,203,2700,0,255,255,255,255,1,0,0,0,,,,,
#DST_IMAGE,0,400,571,266,203,190,0,200,255,255,255,1,0,0,0,,,,,
#DST_IMAGE,0,650,571,266,203,190,0,120,255,255,255,1,0,0,0,,,,,
#DST_IMAGE,0,733,571,266,203,190,0,0,255,255,255,1,0,0,0,,,,,
,,,,,,,,,,,,,,,,,,,,
"//""E""",,,,,,,,,,,,,,,,,,,,
//SRC定義,(NULL),gr,x,y,w,h,div_x,div_y,cycle,timer,op1,op2,op3,,,,,,,
#SRC_IMAGE,0,0,1695,720,203,190,1,1,0,0,0,0,0,,,,,,,
//DST定義,(NULL),time,x,y,w,h,acc,a,r,g,b,blend,filter,angle,center,loop,timer,op1,op2,op3
#DST_IMAGE,0,0,785,-1639,203,4000,0,10,255,255,255,1,0,0,0,-1,0,91,0,0
#DST_IMAGE,0,300,785,-639,203,2000,0,255,255,255,255,1,0,0,0,,,,,
#DST_IMAGE,0,500,785,266,203,190,0,200,255,255,255,1,0,0,0,,,,,
#DST_IMAGE,0,750,785,266,203,190,0,120,255,255,255,1,0,0,0,,,,,
#DST_IMAGE,0,833,785,266,203,190,0,0,255,255,255,1,0,0,0,,,,,
,,,,,,,,,,,,,,,,,,,,
"//""D""",,,,,,,,,,,,,,,,,,,,
//SRC定義,(NULL),gr,x,y,w,h,div_x,div_y,cycle,timer,op1,op2,op3,,,,,,,
#SRC_IMAGE,0,0,1899,720,203,190,1,1,0,0,0,0,0,,,,,,,
//DST定義,(NULL),time,x,y,w,h,acc,a,r,g,b,blend,filter,angle,center,loop,timer,op1,op2,op3
#DST_IMAGE,0,0,999,-1639,203,4000,0,10,255,255,255,1,0,0,0,-1,0,91,0,0
#DST_IMAGE,0,400,999,-439,203,1600,0,255,255,255,255,1,0,0,0,,,,,
#DST_IMAGE,0,583,999,266,203,190,0,200,255,255,255,1,0,0,0,,,,,
#DST_IMAGE,0,833,999,266,203,190,0,120,255,255,255,1,0,0,0,,,,,
#DST_IMAGE,0,916,999,266,203,190,0,0,255,255,255,1,0,0,0,,,,,

"//""F""テカリ1",,,,,,,,,,,,,,,,,,,,
//SRC定義,(NULL),gr,x,y,w,h,div_x,div_y,cycle,timer,op1,op2,op3,,,,,,,
#SRC_IMAGE,0,0,1990,2919,209,14,1,1,0,0,0,0,0,,,,,,,
//DST定義,(NULL),time,x,y,w,h,acc,a,r,g,b,blend,filter,angle,center,loop,timer,op1,op2,op3
#DST_IMAGE,0,166,68,444,209,14,0,255,255,255,255,2,0,0,0,-1,0,91,0,0
#DST_IMAGE,0,383,68,444,209,14,0,255,255,255,255,2,0,0,0,,,,,
#DST_IMAGE,0,550,68,444,209,14,0,0,255,255,255,2,0,0,0,,,,,

"//""F""テカリ2",,,,,,,,,,,,,,,,,,,,
//SRC定義,(NULL),gr,x,y,w,h,div_x,div_y,cycle,timer,op1,op2,op3,,,,,,,
#SRC_IMAGE,0,0,1990,2905,209,14,1,1,0,0,0,0,0,,,,,,,
//DST定義,(NULL),time,x,y,w,h,acc,a,r,g,b,blend,filter,angle,center,loop,timer,op1,op2,op3
#DST_IMAGE,0,183,68,430,209,14,0,255,255,255,255,2,0,0,0,-1,0,91,0,0
#DST_IMAGE,0,383,68,430,209,14,0,255,255,255,255,2,0,0,0,,,,,
#DST_IMAGE,0,550,68,430,209,14,0,0,255,255,255,2,0,0,0,,,,,

"//""F""テカリ3",,,,,,,,,,,,,,,,,,,,
//SRC定義,(NULL),gr,x,y,w,h,div_x,div_y,cycle,timer,op1,op2,op3,,,,,,,
#SRC_IMAGE,0,0,1990,2891,209,14,1,1,0,0,0,0,0,,,,,,,
//DST定義,(NULL),time,x,y,w,h,acc,a,r,g,b,blend,filter,angle,center,loop,timer,op1,op2,op3
#DST_IMAGE,0,200,68,416,209,14,0,255,255,255,255,2,0,0,0,-1,0,91,0,0
#DST_IMAGE,0,383,68,416,209,14,0,255,255,255,255,2,0,0,0,,,,,
#DST_IMAGE,0,550,68,416,209,14,0,0,255,255,255,2,0,0,0,,,,,

"//""F""テカリ4",,,,,,,,,,,,,,,,,,,,
//SRC定義,(NULL),gr,x,y,w,h,div_x,div_y,cycle,timer,op1,op2,op3,,,,,,,
#SRC_IMAGE,0,0,1990,2877,209,14,1,1,0,0,0,0,0,,,,,,,
//DST定義,(NULL),time,x,y,w,h,acc,a,r,g,b,blend,filter,angle,center,loop,timer,op1,op2,op3
#DST_IMAGE,0,216,68,402,209,14,0,255,255,255,255,2,0,0,0,-1,0,91,0,0
#DST_IMAGE,0,383,68,402,209,14,0,255,255,255,255,2,0,0,0,,,,,
#DST_IMAGE,0,550,68,402,209,14,0,0,255,255,255,2,0,0,0,,,,,

"//""F""テカリ5",,,,,,,,,,,,,,,,,,,,
//SRC定義,(NULL),gr,x,y,w,h,div_x,div_y,cycle,timer,op1,op2,op3,,,,,,,
#SRC_IMAGE,0,0,1990,2863,209,14,1,1,0,0,0,0,0,,,,,,,
//DST定義,(NULL),time,x,y,w,h,acc,a,r,g,b,blend,filter,angle,center,loop,timer,op1,op2,op3
#DST_IMAGE,0,233,68,388,209,14,0,255,255,255,255,2,0,0,0,-1,0,91,0,0
#DST_IMAGE,0,383,68,388,209,14,0,255,255,255,255,2,0,0,0,,,,,
#DST_IMAGE,0,550,68,388,209,14,0,0,255,255,255,2,0,0,0,,,,,

"//""F""テカリ6",,,,,,,,,,,,,,,,,,,,
//SRC定義,(NULL),gr,x,y,w,h,div_x,div_y,cycle,timer,op1,op2,op3,,,,,,,
#SRC_IMAGE,0,0,1990,2849,209,14,1,1,0,0,0,0,0,,,,,,,
//DST定義,(NULL),time,x,y,w,h,acc,a,r,g,b,blend,filter,angle,center,loop,timer,op1,op2,op3
#DST_IMAGE,0,250,68,374,209,14,0,255,255,255,255,2,0,0,0,-1,0,91,0,0
#DST_IMAGE,0,383,68,374,209,14,0,255,255,255,255,2,0,0,0,,,,,
#DST_IMAGE,0,550,68,374,209,14,0,0,255,255,255,2,0,0,0,,,,,

"//""F""テカリ7",,,,,,,,,,,,,,,,,,,,
//SRC定義,(NULL),gr,x,y,w,h,div_x,div_y,cycle,timer,op1,op2,op3,,,,,,,
#SRC_IMAGE,0,0,1990,2835,209,14,1,1,0,0,0,0,0,,,,,,,
//DST定義,(NULL),time,x,y,w,h,acc,a,r,g,b,blend,filter,angle,center,loop,timer,op1,op2,op3
#DST_IMAGE,0,266,68,360,209,14,0,255,255,255,255,2,0,0,0,-1,0,91,0,0
#DST_IMAGE,0,383,68,360,209,14,0,255,255,255,255,2,0,0,0,,,,,
#DST_IMAGE,0,550,68,360,209,14,0,0,255,255,255,2,0,0,0,,,,,

"//""F""テカリ8",,,,,,,,,,,,,,,,,,,,
//SRC定義,(NULL),gr,x,y,w,h,div_x,div_y,cycle,timer,op1,op2,op3,,,,,,,
#SRC_IMAGE,0,0,1990,2821,209,14,1,1,0,0,0,0,0,,,,,,,
//DST定義,(NULL),time,x,y,w,h,acc,a,r,g,b,blend,filter,angle,center,loop,timer,op1,op2,op3
#DST_IMAGE,0,283,68,346,209,14,0,255,255,255,255,2,0,0,0,-1,0,91,0,0
#DST_IMAGE,0,383,68,346,209,14,0,255,255,255,255,2,0,0,0,,,,,
#DST_IMAGE,0,550,68,346,209,14,0,0,255,255,255,2,0,0,0,,,,,

"//""F""テカリ9",,,,,,,,,,,,,,,,,,,,
//SRC定義,(NULL),gr,x,y,w,h,div_x,div_y,cycle,timer,op1,op2,op3,,,,,,,
#SRC_IMAGE,0,0,1990,2807,209,14,1,1,0,0,0,0,0,,,,,,,
//DST定義,(NULL),time,x,y,w,h,acc,a,r,g,b,blend,filter,angle,center,loop,timer,op1,op2,op3
#DST_IMAGE,0,300,68,332,209,14,0,255,255,255,255,2,0,0,0,-1,0,91,0,0
#DST_IMAGE,0,383,68,332,209,14,0,255,255,255,255,2,0,0,0,,,,,
#DST_IMAGE,0,550,68,332,209,14,0,0,255,255,255,2,0,0,0,,,,,

"//""F""テカリ10",,,,,,,,,,,,,,,,,,,,
//SRC定義,(NULL),gr,x,y,w,h,div_x,div_y,cycle,timer,op1,op2,op3,,,,,,,
#SRC_IMAGE,0,0,1990,2793,209,14,1,1,0,0,0,0,0,,,,,,,
//DST定義,(NULL),time,x,y,w,h,acc,a,r,g,b,blend,filter,angle,center,loop,timer,op1,op2,op3
#DST_IMAGE,0,316,68,318,209,14,0,255,255,255,255,2,0,0,0,-1,0,91,0,0
#DST_IMAGE,0,383,68,318,209,14,0,255,255,255,255,2,0,0,0,,,,,
#DST_IMAGE,0,550,68,318,209,14,0,0,255,255,255,2,0,0,0,,,,,

"//""F""テカリ11",,,,,,,,,,,,,,,,,,,,
//SRC定義,(NULL),gr,x,y,w,h,div_x,div_y,cycle,timer,op1,op2,op3,,,,,,,
#SRC_IMAGE,0,0,1990,2779,209,14,1,1,0,0,0,0,0,,,,,,,
//DST定義,(NULL),time,x,y,w,h,acc,a,r,g,b,blend,filter,angle,center,loop,timer,op1,op2,op3
#DST_IMAGE,0,333,68,304,209,14,0,255,255,255,255,2,0,0,0,-1,0,91,0,0
#DST_IMAGE,0,383,68,304,209,14,0,255,255,255,255,2,0,0,0,,,,,
#DST_IMAGE,0,550,68,304,209,14,0,0,255,255,255,2,0,0,0,,,,,

"//""F""テカリ12",,,,,,,,,,,,,,,,,,,,
//SRC定義,(NULL),gr,x,y,w,h,div_x,div_y,cycle,timer,op1,op2,op3,,,,,,,
#SRC_IMAGE,0,0,1990,2765,209,14,1,1,0,0,0,0,0,,,,,,,
//DST定義,(NULL),time,x,y,w,h,acc,a,r,g,b,blend,filter,angle,center,loop,timer,op1,op2,op3
#DST_IMAGE,0,350,68,290,209,14,0,255,255,255,255,2,0,0,0,-1,0,91,0,0
#DST_IMAGE,0,383,68,290,209,14,0,255,255,255,255,2,0,0,0,,,,,
#DST_IMAGE,0,550,68,290,209,14,0,0,255,255,255,2,0,0,0,,,,,

"//""F""テカリ13",,,,,,,,,,,,,,,,,,,,
//SRC定義,(NULL),gr,x,y,w,h,div_x,div_y,cycle,timer,op1,op2,op3,,,,,,,
#SRC_IMAGE,0,0,1990,2751,209,14,1,1,0,0,0,0,0,,,,,,,
//DST定義,(NULL),time,x,y,w,h,acc,a,r,g,b,blend,filter,angle,center,loop,timer,op1,op2,op3
#DST_IMAGE,0,366,68,276,209,14,0,255,255,255,255,2,0,0,0,-1,0,91,0,0
#DST_IMAGE,0,383,68,276,209,14,0,255,255,255,255,2,0,0,0,,,,,
#DST_IMAGE,0,550,68,276,209,14,0,0,255,255,255,2,0,0,0,,,,,

"//""F""テカリ14",,,,,,,,,,,,,,,,,,,,
//SRC定義,(NULL),gr,x,y,w,h,div_x,div_y,cycle,timer,op1,op2,op3,,,,,,,
#SRC_IMAGE,0,0,1990,2737,209,14,1,1,0,0,0,0,0,,,,,,,
//DST定義,(NULL),time,x,y,w,h,acc,a,r,g,b,blend,filter,angle,center,loop,timer,op1,op2,op3
#DST_IMAGE,0,383,68,262,209,14,0,255,255,255,255,2,0,0,0,-1,0,91,0,0
#DST_IMAGE,0,550,68,262,209,14,0,0,255,255,255,2,0,0,0,,,,,

"//""A""テカリ1",,,,,,,,,,,,,,,,,,,,
//SRC定義,(NULL),gr,x,y,w,h,div_x,div_y,cycle,timer,op1,op2,op3,,,,,,,
#SRC_IMAGE,0,0,2200,2919,209,14,1,1,0,0,0,0,0,,,,,,,
//DST定義,(NULL),time,x,y,w,h,acc,a,r,g,b,blend,filter,angle,center,loop,timer,op1,op2,op3
#DST_IMAGE,0,233,280,444,209,14,0,255,255,255,255,2,0,0,0,-1,0,91,0,0
#DST_IMAGE,0,450,280,444,209,14,0,255,255,255,255,2,0,0,0,,,,,
#DST_IMAGE,0,616,280,444,209,14,0,0,255,255,255,2,0,0,0,,,,,

"//""A""テカリ2",,,,,,,,,,,,,,,,,,,,
//SRC定義,(NULL),gr,x,y,w,h,div_x,div_y,cycle,timer,op1,op2,op3,,,,,,,
#SRC_IMAGE,0,0,2200,2905,209,14,1,1,0,0,0,0,0,,,,,,,
//DST定義,(NULL),time,x,y,w,h,acc,a,r,g,b,blend,filter,angle,center,loop,timer,op1,op2,op3
#DST_IMAGE,0,250,280,430,209,14,0,255,255,255,255,2,0,0,0,-1,0,91,0,0
#DST_IMAGE,0,450,280,430,209,14,0,255,255,255,255,2,0,0,0,,,,,
#DST_IMAGE,0,616,280,430,209,14,0,0,255,255,255,2,0,0,0,,,,,

"//""A""テカリ3",,,,,,,,,,,,,,,,,,,,
//SRC定義,(NULL),gr,x,y,w,h,div_x,div_y,cycle,timer,op1,op2,op3,,,,,,,
#SRC_IMAGE,0,0,2200,2891,209,14,1,1,0,0,0,0,0,,,,,,,
//DST定義,(NULL),time,x,y,w,h,acc,a,r,g,b,blend,filter,angle,center,loop,timer,op1,op2,op3
#DST_IMAGE,0,266,280,416,209,14,0,255,255,255,255,2,0,0,0,-1,0,91,0,0
#DST_IMAGE,0,450,280,416,209,14,0,255,255,255,255,2,0,0,0,,,,,
#DST_IMAGE,0,616,280,416,209,14,0,0,255,255,255,2,0,0,0,,,,,

"//""A""テカリ4",,,,,,,,,,,,,,,,,,,,
//SRC定義,(NULL),gr,x,y,w,h,div_x,div_y,cycle,timer,op1,op2,op3,,,,,,,
#SRC_IMAGE,0,0,2200,2877,209,14,1,1,0,0,0,0,0,,,,,,,
//DST定義,(NULL),time,x,y,w,h,acc,a,r,g,b,blend,filter,angle,center,loop,timer,op1,op2,op3
#DST_IMAGE,0,283,280,402,209,14,0,255,255,255,255,2,0,0,0,-1,0,91,0,0
#DST_IMAGE,0,450,280,402,209,14,0,255,255,255,255,2,0,0,0,,,,,
#DST_IMAGE,0,616,280,402,209,14,0,0,255,255,255,2,0,0,0,,,,,

"//""A""テカリ5",,,,,,,,,,,,,,,,,,,,
//SRC定義,(NULL),gr,x,y,w,h,div_x,div_y,cycle,timer,op1,op2,op3,,,,,,,
#SRC_IMAGE,0,0,2200,2863,209,14,1,1,0,0,0,0,0,,,,,,,
//DST定義,(NULL),time,x,y,w,h,acc,a,r,g,b,blend,filter,angle,center,loop,timer,op1,op2,op3
#DST_IMAGE,0,300,280,388,209,14,0,255,255,255,255,2,0,0,0,-1,0,91,0,0
#DST_IMAGE,0,450,280,388,209,14,0,255,255,255,255,2,0,0,0,,,,,
#DST_IMAGE,0,616,280,388,209,14,0,0,255,255,255,2,0,0,0,,,,,

"//""A""テカリ6",,,,,,,,,,,,,,,,,,,,
//SRC定義,(NULL),gr,x,y,w,h,div_x,div_y,cycle,timer,op1,op2,op3,,,,,,,
#SRC_IMAGE,0,0,2200,2849,209,14,1,1,0,0,0,0,0,,,,,,,
//DST定義,(NULL),time,x,y,w,h,acc,a,r,g,b,blend,filter,angle,center,loop,timer,op1,op2,op3
#DST_IMAGE,0,316,280,374,209,14,0,255,255,255,255,2,0,0,0,-1,0,91,0,0
#DST_IMAGE,0,450,280,374,209,14,0,255,255,255,255,2,0,0,0,,,,,
#DST_IMAGE,0,616,280,374,209,14,0,0,255,255,255,2,0,0,0,,,,,

"//""A""テカリ7",,,,,,,,,,,,,,,,,,,,
//SRC定義,(NULL),gr,x,y,w,h,div_x,div_y,cycle,timer,op1,op2,op3,,,,,,,
#SRC_IMAGE,0,0,2200,2835,209,14,1,1,0,0,0,0,0,,,,,,,
//DST定義,(NULL),time,x,y,w,h,acc,a,r,g,b,blend,filter,angle,center,loop,timer,op1,op2,op3
#DST_IMAGE,0,333,280,360,209,14,0,255,255,255,255,2,0,0,0,-1,0,91,0,0
#DST_IMAGE,0,450,280,360,209,14,0,255,255,255,255,2,0,0,0,,,,,
#DST_IMAGE,0,616,280,360,209,14,0,0,255,255,255,2,0,0,0,,,,,

"//""A""テカリ8",,,,,,,,,,,,,,,,,,,,
//SRC定義,(NULL),gr,x,y,w,h,div_x,div_y,cycle,timer,op1,op2,op3,,,,,,,
#SRC_IMAGE,0,0,2200,2821,209,14,1,1,0,0,0,0,0,,,,,,,
//DST定義,(NULL),time,x,y,w,h,acc,a,r,g,b,blend,filter,angle,center,loop,timer,op1,op2,op3
#DST_IMAGE,0,350,280,346,209,14,0,255,255,255,255,2,0,0,0,-1,0,91,0,0
#DST_IMAGE,0,450,280,346,209,14,0,255,255,255,255,2,0,0,0,,,,,
#DST_IMAGE,0,616,280,346,209,14,0,0,255,255,255,2,0,0,0,,,,,

"//""A""テカリ9",,,,,,,,,,,,,,,,,,,,
//SRC定義,(NULL),gr,x,y,w,h,div_x,div_y,cycle,timer,op1,op2,op3,,,,,,,
#SRC_IMAGE,0,0,2200,2807,209,14,1,1,0,0,0,0,0,,,,,,,
//DST定義,(NULL),time,x,y,w,h,acc,a,r,g,b,blend,filter,angle,center,loop,timer,op1,op2,op3
#DST_IMAGE,0,366,280,332,209,14,0,255,255,255,255,2,0,0,0,-1,0,91,0,0
#DST_IMAGE,0,450,280,332,209,14,0,255,255,255,255,2,0,0,0,,,,,
#DST_IMAGE,0,616,280,332,209,14,0,0,255,255,255,2,0,0,0,,,,,

"//""A""テカリ10",,,,,,,,,,,,,,,,,,,,
//SRC定義,(NULL),gr,x,y,w,h,div_x,div_y,cycle,timer,op1,op2,op3,,,,,,,
#SRC_IMAGE,0,0,2200,2793,209,14,1,1,0,0,0,0,0,,,,,,,
//DST定義,(NULL),time,x,y,w,h,acc,a,r,g,b,blend,filter,angle,center,loop,timer,op1,op2,op3
#DST_IMAGE,0,383,280,318,209,14,0,255,255,255,255,2,0,0,0,-1,0,91,0,0
#DST_IMAGE,0,450,280,318,209,14,0,255,255,255,255,2,0,0,0,,,,,
#DST_IMAGE,0,616,280,318,209,14,0,0,255,255,255,2,0,0,0,,,,,

"//""A""テカリ11",,,,,,,,,,,,,,,,,,,,
//SRC定義,(NULL),gr,x,y,w,h,div_x,div_y,cycle,timer,op1,op2,op3,,,,,,,
#SRC_IMAGE,0,0,2200,2779,209,14,1,1,0,0,0,0,0,,,,,,,
//DST定義,(NULL),time,x,y,w,h,acc,a,r,g,b,blend,filter,angle,center,loop,timer,op1,op2,op3
#DST_IMAGE,0,400,280,304,209,14,0,255,255,255,255,2,0,0,0,-1,0,91,0,0
#DST_IMAGE,0,450,280,304,209,14,0,255,255,255,255,2,0,0,0,,,,,
#DST_IMAGE,0,616,280,304,209,14,0,0,255,255,255,2,0,0,0,,,,,

"//""A""テカリ12",,,,,,,,,,,,,,,,,,,,
//SRC定義,(NULL),gr,x,y,w,h,div_x,div_y,cycle,timer,op1,op2,op3,,,,,,,
#SRC_IMAGE,0,0,2200,2765,209,14,1,1,0,0,0,0,0,,,,,,,
//DST定義,(NULL),time,x,y,w,h,acc,a,r,g,b,blend,filter,angle,center,loop,timer,op1,op2,op3
#DST_IMAGE,0,416,280,290,209,14,0,255,255,255,255,2,0,0,0,-1,0,91,0,0
#DST_IMAGE,0,450,280,290,209,14,0,255,255,255,255,2,0,0,0,,,,,
#DST_IMAGE,0,616,280,290,209,14,0,0,255,255,255,2,0,0,0,,,,,

"//""A""テカリ13",,,,,,,,,,,,,,,,,,,,
//SRC定義,(NULL),gr,x,y,w,h,div_x,div_y,cycle,timer,op1,op2,op3,,,,,,,
#SRC_IMAGE,0,0,2200,2751,209,14,1,1,0,0,0,0,0,,,,,,,
//DST定義,(NULL),time,x,y,w,h,acc,a,r,g,b,blend,filter,angle,center,loop,timer,op1,op2,op3
#DST_IMAGE,0,433,280,276,209,14,0,255,255,255,255,2,0,0,0,-1,0,91,0,0
#DST_IMAGE,0,450,280,276,209,14,0,255,255,255,255,2,0,0,0,,,,,
#DST_IMAGE,0,616,280,276,209,14,0,0,255,255,255,2,0,0,0,,,,,

"//""A""テカリ14",,,,,,,,,,,,,,,,,,,,
//SRC定義,(NULL),gr,x,y,w,h,div_x,div_y,cycle,timer,op1,op2,op3,,,,,,,
#SRC_IMAGE,0,0,2200,2737,209,14,1,1,0,0,0,0,0,,,,,,,
//DST定義,(NULL),time,x,y,w,h,acc,a,r,g,b,blend,filter,angle,center,loop,timer,op1,op2,op3
#DST_IMAGE,0,450,280,262,209,14,0,255,255,255,255,2,0,0,0,-1,0,91,0,0
#DST_IMAGE,0,616,280,262,209,14,0,0,255,255,255,2,0,0,0,,,,,

"//""I""テカリ1",,,,,,,,,,,,,,,,,,,,
//SRC定義,(NULL),gr,x,y,w,h,div_x,div_y,cycle,timer,op1,op2,op3,,,,,,,
#SRC_IMAGE,0,0,2410,2919,209,14,1,1,0,0,0,0,0,,,,,,,
//DST定義,(NULL),time,x,y,w,h,acc,a,r,g,b,blend,filter,angle,center,loop,timer,op1,op2,op3
#DST_IMAGE,0,333,492,444,209,14,0,255,255,255,255,2,0,0,0,-1,0,91,0,0
#DST_IMAGE,0,550,492,444,209,14,0,255,255,255,255,2,0,0,0,,,,,
#DST_IMAGE,0,716,492,444,209,14,0,0,255,255,255,2,0,0,0,,,,,

"//""I""テカリ2",,,,,,,,,,,,,,,,,,,,
//SRC定義,(NULL),gr,x,y,w,h,div_x,div_y,cycle,timer,op1,op2,op3,,,,,,,
#SRC_IMAGE,0,0,2410,2905,209,14,1,1,0,0,0,0,0,,,,,,,
//DST定義,(NULL),time,x,y,w,h,acc,a,r,g,b,blend,filter,angle,center,loop,timer,op1,op2,op3
#DST_IMAGE,0,350,492,430,209,14,0,255,255,255,255,2,0,0,0,-1,0,91,0,0
#DST_IMAGE,0,550,492,430,209,14,0,255,255,255,255,2,0,0,0,,,,,
#DST_IMAGE,0,716,492,430,209,14,0,0,255,255,255,2,0,0,0,,,,,

"//""I""テカリ3",,,,,,,,,,,,,,,,,,,,
//SRC定義,(NULL),gr,x,y,w,h,div_x,div_y,cycle,timer,op1,op2,op3,,,,,,,
#SRC_IMAGE,0,0,2410,2891,209,14,1,1,0,0,0,0,0,,,,,,,
//DST定義,(NULL),time,x,y,w,h,acc,a,r,g,b,blend,filter,angle,center,loop,timer,op1,op2,op3
#DST_IMAGE,0,366,492,416,209,14,0,255,255,255,255,2,0,0,0,-1,0,91,0,0
#DST_IMAGE,0,550,492,416,209,14,0,255,255,255,255,2,0,0,0,,,,,
#DST_IMAGE,0,716,492,416,209,14,0,0,255,255,255,2,0,0,0,,,,,

"//""I""テカリ4",,,,,,,,,,,,,,,,,,,,
//SRC定義,(NULL),gr,x,y,w,h,div_x,div_y,cycle,timer,op1,op2,op3,,,,,,,
#SRC_IMAGE,0,0,2410,2877,209,14,1,1,0,0,0,0,0,,,,,,,
//DST定義,(NULL),time,x,y,w,h,acc,a,r,g,b,blend,filter,angle,center,loop,timer,op1,op2,op3
#DST_IMAGE,0,383,492,402,209,14,0,255,255,255,255,2,0,0,0,-1,0,91,0,0
#DST_IMAGE,0,550,492,402,209,14,0,255,255,255,255,2,0,0,0,,,,,
#DST_IMAGE,0,716,492,402,209,14,0,0,255,255,255,2,0,0,0,,,,,

"//""I""テカリ5",,,,,,,,,,,,,,,,,,,,
//SRC定義,(NULL),gr,x,y,w,h,div_x,div_y,cycle,timer,op1,op2,op3,,,,,,,
#SRC_IMAGE,0,0,2410,2863,209,14,1,1,0,0,0,0,0,,,,,,,
//DST定義,(NULL),time,x,y,w,h,acc,a,r,g,b,blend,filter,angle,center,loop,timer,op1,op2,op3
#DST_IMAGE,0,400,492,388,209,14,0,255,255,255,255,2,0,0,0,-1,0,91,0,0
#DST_IMAGE,0,550,492,388,209,14,0,255,255,255,255,2,0,0,0,,,,,
#DST_IMAGE,0,716,492,388,209,14,0,0,255,255,255,2,0,0,0,,,,,

"//""I""テカリ6",,,,,,,,,,,,,,,,,,,,
//SRC定義,(NULL),gr,x,y,w,h,div_x,div_y,cycle,timer,op1,op2,op3,,,,,,,
#SRC_IMAGE,0,0,2410,2849,209,14,1,1,0,0,0,0,0,,,,,,,
//DST定義,(NULL),time,x,y,w,h,acc,a,r,g,b,blend,filter,angle,center,loop,timer,op1,op2,op3
#DST_IMAGE,0,416,492,374,209,14,0,255,255,255,255,2,0,0,0,-1,0,91,0,0
#DST_IMAGE,0,550,492,374,209,14,0,255,255,255,255,2,0,0,0,,,,,
#DST_IMAGE,0,716,492,374,209,14,0,0,255,255,255,2,0,0,0,,,,,

"//""I""テカリ7",,,,,,,,,,,,,,,,,,,,
//SRC定義,(NULL),gr,x,y,w,h,div_x,div_y,cycle,timer,op1,op2,op3,,,,,,,
#SRC_IMAGE,0,0,2410,2835,209,14,1,1,0,0,0,0,0,,,,,,,
//DST定義,(NULL),time,x,y,w,h,acc,a,r,g,b,blend,filter,angle,center,loop,timer,op1,op2,op3
#DST_IMAGE,0,433,492,360,209,14,0,255,255,255,255,2,0,0,0,-1,0,91,0,0
#DST_IMAGE,0,550,492,360,209,14,0,255,255,255,255,2,0,0,0,,,,,
#DST_IMAGE,0,716,492,360,209,14,0,0,255,255,255,2,0,0,0,,,,,

"//""I""テカリ8",,,,,,,,,,,,,,,,,,,,
//SRC定義,(NULL),gr,x,y,w,h,div_x,div_y,cycle,timer,op1,op2,op3,,,,,,,
#SRC_IMAGE,0,0,2410,2821,209,14,1,1,0,0,0,0,0,,,,,,,
//DST定義,(NULL),time,x,y,w,h,acc,a,r,g,b,blend,filter,angle,center,loop,timer,op1,op2,op3
#DST_IMAGE,0,450,492,346,209,14,0,255,255,255,255,2,0,0,0,-1,0,91,0,0
#DST_IMAGE,0,550,492,346,209,14,0,255,255,255,255,2,0,0,0,,,,,
#DST_IMAGE,0,716,492,346,209,14,0,0,255,255,255,2,0,0,0,,,,,

"//""I""テカリ9",,,,,,,,,,,,,,,,,,,,
//SRC定義,(NULL),gr,x,y,w,h,div_x,div_y,cycle,timer,op1,op2,op3,,,,,,,
#SRC_IMAGE,0,0,2410,2807,209,14,1,1,0,0,0,0,0,,,,,,,
//DST定義,(NULL),time,x,y,w,h,acc,a,r,g,b,blend,filter,angle,center,loop,timer,op1,op2,op3
#DST_IMAGE,0,466,492,332,209,14,0,255,255,255,255,2,0,0,0,-1,0,91,0,0
#DST_IMAGE,0,550,492,332,209,14,0,255,255,255,255,2,0,0,0,,,,,
#DST_IMAGE,0,716,492,332,209,14,0,0,255,255,255,2,0,0,0,,,,,

"//""I""テカリ10",,,,,,,,,,,,,,,,,,,,
//SRC定義,(NULL),gr,x,y,w,h,div_x,div_y,cycle,timer,op1,op2,op3,,,,,,,
#SRC_IMAGE,0,0,2410,2793,209,14,1,1,0,0,0,0,0,,,,,,,
//DST定義,(NULL),time,x,y,w,h,acc,a,r,g,b,blend,filter,angle,center,loop,timer,op1,op2,op3
#DST_IMAGE,0,483,492,318,209,14,0,255,255,255,255,2,0,0,0,-1,0,91,0,0
#DST_IMAGE,0,550,492,318,209,14,0,255,255,255,255,2,0,0,0,,,,,
#DST_IMAGE,0,716,492,318,209,14,0,0,255,255,255,2,0,0,0,,,,,

"//""I""テカリ11",,,,,,,,,,,,,,,,,,,,
//SRC定義,(NULL),gr,x,y,w,h,div_x,div_y,cycle,timer,op1,op2,op3,,,,,,,
#SRC_IMAGE,0,0,2410,2779,209,14,1,1,0,0,0,0,0,,,,,,,
//DST定義,(NULL),time,x,y,w,h,acc,a,r,g,b,blend,filter,angle,center,loop,timer,op1,op2,op3
#DST_IMAGE,0,500,492,304,209,14,0,255,255,255,255,2,0,0,0,-1,0,91,0,0
#DST_IMAGE,0,550,492,304,209,14,0,255,255,255,255,2,0,0,0,,,,,
#DST_IMAGE,0,716,492,304,209,14,0,0,255,255,255,2,0,0,0,,,,,

"//""I""テカリ12",,,,,,,,,,,,,,,,,,,,
//SRC定義,(NULL),gr,x,y,w,h,div_x,div_y,cycle,timer,op1,op2,op3,,,,,,,
#SRC_IMAGE,0,0,2410,2765,209,14,1,1,0,0,0,0,0,,,,,,,
//DST定義,(NULL),time,x,y,w,h,acc,a,r,g,b,blend,filter,angle,center,loop,timer,op1,op2,op3
#DST_IMAGE,0,516,492,290,209,14,0,255,255,255,255,2,0,0,0,-1,0,91,0,0
#DST_IMAGE,0,550,492,290,209,14,0,255,255,255,255,2,0,0,0,,,,,
#DST_IMAGE,0,716,492,290,209,14,0,0,255,255,255,2,0,0,0,,,,,

"//""I""テカリ13",,,,,,,,,,,,,,,,,,,,
//SRC定義,(NULL),gr,x,y,w,h,div_x,div_y,cycle,timer,op1,op2,op3,,,,,,,
#SRC_IMAGE,0,0,2410,2751,209,14,1,1,0,0,0,0,0,,,,,,,
//DST定義,(NULL),time,x,y,w,h,acc,a,r,g,b,blend,filter,angle,center,loop,timer,op1,op2,op3
#DST_IMAGE,0,533,492,276,209,14,0,255,255,255,255,2,0,0,0,-1,0,91,0,0
#DST_IMAGE,0,550,492,276,209,14,0,255,255,255,255,2,0,0,0,,,,,
#DST_IMAGE,0,716,492,276,209,14,0,0,255,255,255,2,0,0,0,,,,,

"//""I""テカリ14",,,,,,,,,,,,,,,,,,,,
//SRC定義,(NULL),gr,x,y,w,h,div_x,div_y,cycle,timer,op1,op2,op3,,,,,,,
#SRC_IMAGE,0,0,2410,2737,209,14,1,1,0,0,0,0,0,,,,,,,
//DST定義,(NULL),time,x,y,w,h,acc,a,r,g,b,blend,filter,angle,center,loop,timer,op1,op2,op3
#DST_IMAGE,0,550,492,262,209,14,0,255,255,255,255,2,0,0,0,-1,0,91,0,0
#DST_IMAGE,0,716,492,262,209,14,0,0,255,255,255,2,0,0,0,,,,,

"//""L""テカリ1",,,,,,,,,,,,,,,,,,,,
//SRC定義,(NULL),gr,x,y,w,h,div_x,div_y,cycle,timer,op1,op2,op3,,,,,,,
#SRC_IMAGE,0,0,2620,2919,209,14,1,1,0,0,0,0,0,,,,,,,
//DST定義,(NULL),time,x,y,w,h,acc,a,r,g,b,blend,filter,angle,center,loop,timer,op1,op2,op3
#DST_IMAGE,0,433,570,444,209,14,0,255,255,255,255,2,0,0,0,-1,0,91,0,0
#DST_IMAGE,0,650,570,444,209,14,0,255,255,255,255,2,0,0,0,,,,,
#DST_IMAGE,0,816,570,444,209,14,0,0,255,255,255,2,0,0,0,,,,,

"//""L""テカリ2",,,,,,,,,,,,,,,,,,,,
//SRC定義,(NULL),gr,x,y,w,h,div_x,div_y,cycle,timer,op1,op2,op3,,,,,,,
#SRC_IMAGE,0,0,2620,2905,209,14,1,1,0,0,0,0,0,,,,,,,
//DST定義,(NULL),time,x,y,w,h,acc,a,r,g,b,blend,filter,angle,center,loop,timer,op1,op2,op3
#DST_IMAGE,0,450,570,430,209,14,0,255,255,255,255,2,0,0,0,-1,0,91,0,0
#DST_IMAGE,0,650,570,430,209,14,0,255,255,255,255,2,0,0,0,,,,,
#DST_IMAGE,0,816,570,430,209,14,0,0,255,255,255,2,0,0,0,,,,,

"//""L""テカリ3",,,,,,,,,,,,,,,,,,,,
//SRC定義,(NULL),gr,x,y,w,h,div_x,div_y,cycle,timer,op1,op2,op3,,,,,,,
#SRC_IMAGE,0,0,2620,2891,209,14,1,1,0,0,0,0,0,,,,,,,
//DST定義,(NULL),time,x,y,w,h,acc,a,r,g,b,blend,filter,angle,center,loop,timer,op1,op2,op3
#DST_IMAGE,0,466,570,416,209,14,0,255,255,255,255,2,0,0,0,-1,0,91,0,0
#DST_IMAGE,0,650,570,416,209,14,0,255,255,255,255,2,0,0,0,,,,,
#DST_IMAGE,0,816,570,416,209,14,0,0,255,255,255,2,0,0,0,,,,,

"//""L""テカリ4",,,,,,,,,,,,,,,,,,,,
//SRC定義,(NULL),gr,x,y,w,h,div_x,div_y,cycle,timer,op1,op2,op3,,,,,,,
#SRC_IMAGE,0,0,2620,2877,209,14,1,1,0,0,0,0,0,,,,,,,
//DST定義,(NULL),time,x,y,w,h,acc,a,r,g,b,blend,filter,angle,center,loop,timer,op1,op2,op3
#DST_IMAGE,0,483,570,402,209,14,0,255,255,255,255,2,0,0,0,-1,0,91,0,0
#DST_IMAGE,0,650,570,402,209,14,0,255,255,255,255,2,0,0,0,,,,,
#DST_IMAGE,0,816,570,402,209,14,0,0,255,255,255,2,0,0,0,,,,,

"//""L""テカリ5",,,,,,,,,,,,,,,,,,,,
//SRC定義,(NULL),gr,x,y,w,h,div_x,div_y,cycle,timer,op1,op2,op3,,,,,,,
#SRC_IMAGE,0,0,2620,2863,209,14,1,1,0,0,0,0,0,,,,,,,
//DST定義,(NULL),time,x,y,w,h,acc,a,r,g,b,blend,filter,angle,center,loop,timer,op1,op2,op3
#DST_IMAGE,0,500,570,388,209,14,0,255,255,255,255,2,0,0,0,-1,0,91,0,0
#DST_IMAGE,0,650,570,388,209,14,0,255,255,255,255,2,0,0,0,,,,,
#DST_IMAGE,0,816,570,388,209,14,0,0,255,255,255,2,0,0,0,,,,,

"//""L""テカリ6",,,,,,,,,,,,,,,,,,,,
//SRC定義,(NULL),gr,x,y,w,h,div_x,div_y,cycle,timer,op1,op2,op3,,,,,,,
#SRC_IMAGE,0,0,2620,2849,209,14,1,1,0,0,0,0,0,,,,,,,
//DST定義,(NULL),time,x,y,w,h,acc,a,r,g,b,blend,filter,angle,center,loop,timer,op1,op2,op3
#DST_IMAGE,0,516,570,374,209,14,0,255,255,255,255,2,0,0,0,-1,0,91,0,0
#DST_IMAGE,0,650,570,374,209,14,0,255,255,255,255,2,0,0,0,,,,,
#DST_IMAGE,0,816,570,374,209,14,0,0,255,255,255,2,0,0,0,,,,,

"//""L""テカリ7",,,,,,,,,,,,,,,,,,,,
//SRC定義,(NULL),gr,x,y,w,h,div_x,div_y,cycle,timer,op1,op2,op3,,,,,,,
#SRC_IMAGE,0,0,2620,2835,209,14,1,1,0,0,0,0,0,,,,,,,
//DST定義,(NULL),time,x,y,w,h,acc,a,r,g,b,blend,filter,angle,center,loop,timer,op1,op2,op3
#DST_IMAGE,0,533,570,360,209,14,0,255,255,255,255,2,0,0,0,-1,0,91,0,0
#DST_IMAGE,0,650,570,360,209,14,0,255,255,255,255,2,0,0,0,,,,,
#DST_IMAGE,0,816,570,360,209,14,0,0,255,255,255,2,0,0,0,,,,,

"//""L""テカリ8",,,,,,,,,,,,,,,,,,,,
//SRC定義,(NULL),gr,x,y,w,h,div_x,div_y,cycle,timer,op1,op2,op3,,,,,,,
#SRC_IMAGE,0,0,2620,2821,209,14,1,1,0,0,0,0,0,,,,,,,
//DST定義,(NULL),time,x,y,w,h,acc,a,r,g,b,blend,filter,angle,center,loop,timer,op1,op2,op3
#DST_IMAGE,0,550,570,346,209,14,0,255,255,255,255,2,0,0,0,-1,0,91,0,0
#DST_IMAGE,0,650,570,346,209,14,0,255,255,255,255,2,0,0,0,,,,,
#DST_IMAGE,0,816,570,346,209,14,0,0,255,255,255,2,0,0,0,,,,,

"//""L""テカリ9",,,,,,,,,,,,,,,,,,,,
//SRC定義,(NULL),gr,x,y,w,h,div_x,div_y,cycle,timer,op1,op2,op3,,,,,,,
#SRC_IMAGE,0,0,2620,2807,209,14,1,1,0,0,0,0,0,,,,,,,
//DST定義,(NULL),time,x,y,w,h,acc,a,r,g,b,blend,filter,angle,center,loop,timer,op1,op2,op3
#DST_IMAGE,0,566,570,332,209,14,0,255,255,255,255,2,0,0,0,-1,0,91,0,0
#DST_IMAGE,0,650,570,332,209,14,0,255,255,255,255,2,0,0,0,,,,,
#DST_IMAGE,0,816,570,332,209,14,0,0,255,255,255,2,0,0,0,,,,,

"//""L""テカリ10",,,,,,,,,,,,,,,,,,,,
//SRC定義,(NULL),gr,x,y,w,h,div_x,div_y,cycle,timer,op1,op2,op3,,,,,,,
#SRC_IMAGE,0,0,2620,2793,209,14,1,1,0,0,0,0,0,,,,,,,
//DST定義,(NULL),time,x,y,w,h,acc,a,r,g,b,blend,filter,angle,center,loop,timer,op1,op2,op3
#DST_IMAGE,0,583,570,318,209,14,0,255,255,255,255,2,0,0,0,-1,0,91,0,0
#DST_IMAGE,0,650,570,318,209,14,0,255,255,255,255,2,0,0,0,,,,,
#DST_IMAGE,0,816,570,318,209,14,0,0,255,255,255,2,0,0,0,,,,,

"//""L""テカリ11",,,,,,,,,,,,,,,,,,,,
//SRC定義,(NULL),gr,x,y,w,h,div_x,div_y,cycle,timer,op1,op2,op3,,,,,,,
#SRC_IMAGE,0,0,2620,2779,209,14,1,1,0,0,0,0,0,,,,,,,
//DST定義,(NULL),time,x,y,w,h,acc,a,r,g,b,blend,filter,angle,center,loop,timer,op1,op2,op3
#DST_IMAGE,0,600,570,304,209,14,0,255,255,255,255,2,0,0,0,-1,0,91,0,0
#DST_IMAGE,0,650,570,304,209,14,0,255,255,255,255,2,0,0,0,,,,,
#DST_IMAGE,0,816,570,304,209,14,0,0,255,255,255,2,0,0,0,,,,,

"//""L""テカリ12",,,,,,,,,,,,,,,,,,,,
//SRC定義,(NULL),gr,x,y,w,h,div_x,div_y,cycle,timer,op1,op2,op3,,,,,,,
#SRC_IMAGE,0,0,2620,2765,209,14,1,1,0,0,0,0,0,,,,,,,
//DST定義,(NULL),time,x,y,w,h,acc,a,r,g,b,blend,filter,angle,center,loop,timer,op1,op2,op3
#DST_IMAGE,0,616,570,290,209,14,0,255,255,255,255,2,0,0,0,-1,0,91,0,0
#DST_IMAGE,0,650,570,290,209,14,0,255,255,255,255,2,0,0,0,,,,,
#DST_IMAGE,0,816,570,290,209,14,0,0,255,255,255,2,0,0,0,,,,,

"//""L""テカリ13",,,,,,,,,,,,,,,,,,,,
//SRC定義,(NULL),gr,x,y,w,h,div_x,div_y,cycle,timer,op1,op2,op3,,,,,,,
#SRC_IMAGE,0,0,2620,2751,209,14,1,1,0,0,0,0,0,,,,,,,
//DST定義,(NULL),time,x,y,w,h,acc,a,r,g,b,blend,filter,angle,center,loop,timer,op1,op2,op3
#DST_IMAGE,0,633,570,276,209,14,0,255,255,255,255,2,0,0,0,-1,0,91,0,0
#DST_IMAGE,0,650,570,276,209,14,0,255,255,255,255,2,0,0,0,,,,,
#DST_IMAGE,0,816,570,276,209,14,0,0,255,255,255,2,0,0,0,,,,,

"//""L""テカリ14",,,,,,,,,,,,,,,,,,,,
//SRC定義,(NULL),gr,x,y,w,h,div_x,div_y,cycle,timer,op1,op2,op3,,,,,,,
#SRC_IMAGE,0,0,2620,2737,209,14,1,1,0,0,0,0,0,,,,,,,
//DST定義,(NULL),time,x,y,w,h,acc,a,r,g,b,blend,filter,angle,center,loop,timer,op1,op2,op3
#DST_IMAGE,0,650,570,262,209,14,0,255,255,255,255,2,0,0,0,-1,0,91,0,0
#DST_IMAGE,0,816,570,262,209,14,0,0,255,255,255,2,0,0,0,,,,,

"//""E""テカリ1",,,,,,,,,,,,,,,,,,,,
//SRC定義,(NULL),gr,x,y,w,h,div_x,div_y,cycle,timer,op1,op2,op3,,,,,,,
#SRC_IMAGE,0,0,2830,2919,209,14,1,1,0,0,0,0,0,,,,,,,
//DST定義,(NULL),time,x,y,w,h,acc,a,r,g,b,blend,filter,angle,center,loop,timer,op1,op2,op3
#DST_IMAGE,0,533,782,444,209,14,0,255,255,255,255,2,0,0,0,-1,0,91,0,0
#DST_IMAGE,0,750,782,444,209,14,0,255,255,255,255,2,0,0,0,,,,,
#DST_IMAGE,0,916,782,444,209,14,0,0,255,255,255,2,0,0,0,,,,,

"//""E""テカリ2",,,,,,,,,,,,,,,,,,,,
//SRC定義,(NULL),gr,x,y,w,h,div_x,div_y,cycle,timer,op1,op2,op3,,,,,,,
#SRC_IMAGE,0,0,2830,2905,209,14,1,1,0,0,0,0,0,,,,,,,
//DST定義,(NULL),time,x,y,w,h,acc,a,r,g,b,blend,filter,angle,center,loop,timer,op1,op2,op3
#DST_IMAGE,0,550,782,430,209,14,0,255,255,255,255,2,0,0,0,-1,0,91,0,0
#DST_IMAGE,0,750,782,430,209,14,0,255,255,255,255,2,0,0,0,,,,,
#DST_IMAGE,0,916,782,430,209,14,0,0,255,255,255,2,0,0,0,,,,,

"//""E""テカリ3",,,,,,,,,,,,,,,,,,,,
//SRC定義,(NULL),gr,x,y,w,h,div_x,div_y,cycle,timer,op1,op2,op3,,,,,,,
#SRC_IMAGE,0,0,2830,2891,209,14,1,1,0,0,0,0,0,,,,,,,
//DST定義,(NULL),time,x,y,w,h,acc,a,r,g,b,blend,filter,angle,center,loop,timer,op1,op2,op3
#DST_IMAGE,0,566,782,416,209,14,0,255,255,255,255,2,0,0,0,-1,0,91,0,0
#DST_IMAGE,0,750,782,416,209,14,0,255,255,255,255,2,0,0,0,,,,,
#DST_IMAGE,0,916,782,416,209,14,0,0,255,255,255,2,0,0,0,,,,,

"//""E""テカリ4",,,,,,,,,,,,,,,,,,,,
//SRC定義,(NULL),gr,x,y,w,h,div_x,div_y,cycle,timer,op1,op2,op3,,,,,,,
#SRC_IMAGE,0,0,2830,2877,209,14,1,1,0,0,0,0,0,,,,,,,
//DST定義,(NULL),time,x,y,w,h,acc,a,r,g,b,blend,filter,angle,center,loop,timer,op1,op2,op3
#DST_IMAGE,0,583,782,402,209,14,0,255,255,255,255,2,0,0,0,-1,0,91,0,0
#DST_IMAGE,0,750,782,402,209,14,0,255,255,255,255,2,0,0,0,,,,,
#DST_IMAGE,0,916,782,402,209,14,0,0,255,255,255,2,0,0,0,,,,,

"//""E""テカリ5",,,,,,,,,,,,,,,,,,,,
//SRC定義,(NULL),gr,x,y,w,h,div_x,div_y,cycle,timer,op1,op2,op3,,,,,,,
#SRC_IMAGE,0,0,2830,2863,209,14,1,1,0,0,0,0,0,,,,,,,
//DST定義,(NULL),time,x,y,w,h,acc,a,r,g,b,blend,filter,angle,center,loop,timer,op1,op2,op3
#DST_IMAGE,0,600,782,388,209,14,0,255,255,255,255,2,0,0,0,-1,0,91,0,0
#DST_IMAGE,0,750,782,388,209,14,0,255,255,255,255,2,0,0,0,,,,,
#DST_IMAGE,0,916,782,388,209,14,0,0,255,255,255,2,0,0,0,,,,,

"//""E""テカリ6",,,,,,,,,,,,,,,,,,,,
//SRC定義,(NULL),gr,x,y,w,h,div_x,div_y,cycle,timer,op1,op2,op3,,,,,,,
#SRC_IMAGE,0,0,2830,2849,209,14,1,1,0,0,0,0,0,,,,,,,
//DST定義,(NULL),time,x,y,w,h,acc,a,r,g,b,blend,filter,angle,center,loop,timer,op1,op2,op3
#DST_IMAGE,0,616,782,374,209,14,0,255,255,255,255,2,0,0,0,-1,0,91,0,0
#DST_IMAGE,0,750,782,374,209,14,0,255,255,255,255,2,0,0,0,,,,,
#DST_IMAGE,0,916,782,374,209,14,0,0,255,255,255,2,0,0,0,,,,,

"//""E""テカリ7",,,,,,,,,,,,,,,,,,,,
//SRC定義,(NULL),gr,x,y,w,h,div_x,div_y,cycle,timer,op1,op2,op3,,,,,,,
#SRC_IMAGE,0,0,2830,2835,209,14,1,1,0,0,0,0,0,,,,,,,
//DST定義,(NULL),time,x,y,w,h,acc,a,r,g,b,blend,filter,angle,center,loop,timer,op1,op2,op3
#DST_IMAGE,0,633,782,360,209,14,0,255,255,255,255,2,0,0,0,-1,0,91,0,0
#DST_IMAGE,0,750,782,360,209,14,0,255,255,255,255,2,0,0,0,,,,,
#DST_IMAGE,0,916,782,360,209,14,0,0,255,255,255,2,0,0,0,,,,,

"//""E""テカリ8",,,,,,,,,,,,,,,,,,,,
//SRC定義,(NULL),gr,x,y,w,h,div_x,div_y,cycle,timer,op1,op2,op3,,,,,,,
#SRC_IMAGE,0,0,2830,2821,209,14,1,1,0,0,0,0,0,,,,,,,
//DST定義,(NULL),time,x,y,w,h,acc,a,r,g,b,blend,filter,angle,center,loop,timer,op1,op2,op3
#DST_IMAGE,0,650,782,346,209,14,0,255,255,255,255,2,0,0,0,-1,0,91,0,0
#DST_IMAGE,0,750,782,346,209,14,0,255,255,255,255,2,0,0,0,,,,,
#DST_IMAGE,0,916,782,346,209,14,0,0,255,255,255,2,0,0,0,,,,,

"//""E""テカリ9",,,,,,,,,,,,,,,,,,,,
//SRC定義,(NULL),gr,x,y,w,h,div_x,div_y,cycle,timer,op1,op2,op3,,,,,,,
#SRC_IMAGE,0,0,2830,2807,209,14,1,1,0,0,0,0,0,,,,,,,
//DST定義,(NULL),time,x,y,w,h,acc,a,r,g,b,blend,filter,angle,center,loop,timer,op1,op2,op3
#DST_IMAGE,0,666,782,332,209,14,0,255,255,255,255,2,0,0,0,-1,0,91,0,0
#DST_IMAGE,0,750,782,332,209,14,0,255,255,255,255,2,0,0,0,,,,,
#DST_IMAGE,0,916,782,332,209,14,0,0,255,255,255,2,0,0,0,,,,,

"//""E""テカリ10",,,,,,,,,,,,,,,,,,,,
//SRC定義,(NULL),gr,x,y,w,h,div_x,div_y,cycle,timer,op1,op2,op3,,,,,,,
#SRC_IMAGE,0,0,2830,2793,209,14,1,1,0,0,0,0,0,,,,,,,
//DST定義,(NULL),time,x,y,w,h,acc,a,r,g,b,blend,filter,angle,center,loop,timer,op1,op2,op3
#DST_IMAGE,0,683,782,318,209,14,0,255,255,255,255,2,0,0,0,-1,0,91,0,0
#DST_IMAGE,0,750,782,318,209,14,0,255,255,255,255,2,0,0,0,,,,,
#DST_IMAGE,0,916,782,318,209,14,0,0,255,255,255,2,0,0,0,,,,,

"//""E""テカリ11",,,,,,,,,,,,,,,,,,,,
//SRC定義,(NULL),gr,x,y,w,h,div_x,div_y,cycle,timer,op1,op2,op3,,,,,,,
#SRC_IMAGE,0,0,2830,2779,209,14,1,1,0,0,0,0,0,,,,,,,
//DST定義,(NULL),time,x,y,w,h,acc,a,r,g,b,blend,filter,angle,center,loop,timer,op1,op2,op3
#DST_IMAGE,0,700,782,304,209,14,0,255,255,255,255,2,0,0,0,-1,0,91,0,0
#DST_IMAGE,0,750,782,304,209,14,0,255,255,255,255,2,0,0,0,,,,,
#DST_IMAGE,0,916,782,304,209,14,0,0,255,255,255,2,0,0,0,,,,,

"//""E""テカリ12",,,,,,,,,,,,,,,,,,,,
//SRC定義,(NULL),gr,x,y,w,h,div_x,div_y,cycle,timer,op1,op2,op3,,,,,,,
#SRC_IMAGE,0,0,2830,2765,209,14,1,1,0,0,0,0,0,,,,,,,
//DST定義,(NULL),time,x,y,w,h,acc,a,r,g,b,blend,filter,angle,center,loop,timer,op1,op2,op3
#DST_IMAGE,0,716,782,290,209,14,0,255,255,255,255,2,0,0,0,-1,0,91,0,0
#DST_IMAGE,0,750,782,290,209,14,0,255,255,255,255,2,0,0,0,,,,,
#DST_IMAGE,0,916,782,290,209,14,0,0,255,255,255,2,0,0,0,,,,,

"//""E""テカリ13",,,,,,,,,,,,,,,,,,,,
//SRC定義,(NULL),gr,x,y,w,h,div_x,div_y,cycle,timer,op1,op2,op3,,,,,,,
#SRC_IMAGE,0,0,2830,2751,209,14,1,1,0,0,0,0,0,,,,,,,
//DST定義,(NULL),time,x,y,w,h,acc,a,r,g,b,blend,filter,angle,center,loop,timer,op1,op2,op3
#DST_IMAGE,0,733,782,276,209,14,0,255,255,255,255,2,0,0,0,-1,0,91,0,0
#DST_IMAGE,0,750,782,276,209,14,0,255,255,255,255,2,0,0,0,,,,,
#DST_IMAGE,0,916,782,276,209,14,0,0,255,255,255,2,0,0,0,,,,,

"//""E""テカリ14",,,,,,,,,,,,,,,,,,,,
//SRC定義,(NULL),gr,x,y,w,h,div_x,div_y,cycle,timer,op1,op2,op3,,,,,,,
#SRC_IMAGE,0,0,2830,2737,209,14,1,1,0,0,0,0,0,,,,,,,
//DST定義,(NULL),time,x,y,w,h,acc,a,r,g,b,blend,filter,angle,center,loop,timer,op1,op2,op3
#DST_IMAGE,0,750,782,262,209,14,0,255,255,255,255,2,0,0,0,-1,0,91,0,0
#DST_IMAGE,0,916,782,262,209,14,0,0,255,255,255,2,0,0,0,,,,,

"//""D""テカリ1",,,,,,,,,,,,,,,,,,,,
//SRC定義,(NULL),gr,x,y,w,h,div_x,div_y,cycle,timer,op1,op2,op3,,,,,,,
#SRC_IMAGE,0,0,3040,2919,209,14,1,1,0,0,0,0,0,,,,,,,
//DST定義,(NULL),time,x,y,w,h,acc,a,r,g,b,blend,filter,angle,center,loop,timer,op1,op2,op3
#DST_IMAGE,0,616,994,444,209,14,0,255,255,255,255,2,0,0,0,-1,0,91,0,0
#DST_IMAGE,0,833,994,444,209,14,0,255,255,255,255,2,0,0,0,,,,,
#DST_IMAGE,0,1000,994,444,209,14,0,0,255,255,255,2,0,0,0,,,,,

"//""D""テカリ2",,,,,,,,,,,,,,,,,,,,
//SRC定義,(NULL),gr,x,y,w,h,div_x,div_y,cycle,timer,op1,op2,op3,,,,,,,
#SRC_IMAGE,0,0,3040,2905,209,14,1,1,0,0,0,0,0,,,,,,,
//DST定義,(NULL),time,x,y,w,h,acc,a,r,g,b,blend,filter,angle,center,loop,timer,op1,op2,op3
#DST_IMAGE,0,633,994,430,209,14,0,255,255,255,255,2,0,0,0,-1,0,91,0,0
#DST_IMAGE,0,833,994,430,209,14,0,255,255,255,255,2,0,0,0,,,,,
#DST_IMAGE,0,1000,994,430,209,14,0,0,255,255,255,2,0,0,0,,,,,

"//""D""テカリ3",,,,,,,,,,,,,,,,,,,,
//SRC定義,(NULL),gr,x,y,w,h,div_x,div_y,cycle,timer,op1,op2,op3,,,,,,,
#SRC_IMAGE,0,0,3040,2891,209,14,1,1,0,0,0,0,0,,,,,,,
//DST定義,(NULL),time,x,y,w,h,acc,a,r,g,b,blend,filter,angle,center,loop,timer,op1,op2,op3
#DST_IMAGE,0,650,994,416,209,14,0,255,255,255,255,2,0,0,0,-1,0,91,0,0
#DST_IMAGE,0,833,994,416,209,14,0,255,255,255,255,2,0,0,0,,,,,
#DST_IMAGE,0,1000,994,416,209,14,0,0,255,255,255,2,0,0,0,,,,,

"//""D""テカリ4",,,,,,,,,,,,,,,,,,,,
//SRC定義,(NULL),gr,x,y,w,h,div_x,div_y,cycle,timer,op1,op2,op3,,,,,,,
#SRC_IMAGE,0,0,3040,2877,209,14,1,1,0,0,0,0,0,,,,,,,
//DST定義,(NULL),time,x,y,w,h,acc,a,r,g,b,blend,filter,angle,center,loop,timer,op1,op2,op3
#DST_IMAGE,0,666,994,402,209,14,0,255,255,255,255,2,0,0,0,-1,0,91,0,0
#DST_IMAGE,0,833,994,402,209,14,0,255,255,255,255,2,0,0,0,,,,,
#DST_IMAGE,0,1000,994,402,209,14,0,0,255,255,255,2,0,0,0,,,,,

"//""D""テカリ5",,,,,,,,,,,,,,,,,,,,
//SRC定義,(NULL),gr,x,y,w,h,div_x,div_y,cycle,timer,op1,op2,op3,,,,,,,
#SRC_IMAGE,0,0,3040,2863,209,14,1,1,0,0,0,0,0,,,,,,,
//DST定義,(NULL),time,x,y,w,h,acc,a,r,g,b,blend,filter,angle,center,loop,timer,op1,op2,op3
#DST_IMAGE,0,683,994,388,209,14,0,255,255,255,255,2,0,0,0,-1,0,91,0,0
#DST_IMAGE,0,833,994,388,209,14,0,255,255,255,255,2,0,0,0,,,,,
#DST_IMAGE,0,1000,994,388,209,14,0,0,255,255,255,2,0,0,0,,,,,

"//""D""テカリ6",,,,,,,,,,,,,,,,,,,,
//SRC定義,(NULL),gr,x,y,w,h,div_x,div_y,cycle,timer,op1,op2,op3,,,,,,,
#SRC_IMAGE,0,0,3040,2849,209,14,1,1,0,0,0,0,0,,,,,,,
//DST定義,(NULL),time,x,y,w,h,acc,a,r,g,b,blend,filter,angle,center,loop,timer,op1,op2,op3
#DST_IMAGE,0,700,994,374,209,14,0,255,255,255,255,2,0,0,0,-1,0,91,0,0
#DST_IMAGE,0,833,994,374,209,14,0,255,255,255,255,2,0,0,0,,,,,
#DST_IMAGE,0,1000,994,374,209,14,0,0,255,255,255,2,0,0,0,,,,,

"//""D""テカリ7",,,,,,,,,,,,,,,,,,,,
//SRC定義,(NULL),gr,x,y,w,h,div_x,div_y,cycle,timer,op1,op2,op3,,,,,,,
#SRC_IMAGE,0,0,3040,2835,209,14,1,1,0,0,0,0,0,,,,,,,
//DST定義,(NULL),time,x,y,w,h,acc,a,r,g,b,blend,filter,angle,center,loop,timer,op1,op2,op3
#DST_IMAGE,0,716,994,360,209,14,0,255,255,255,255,2,0,0,0,-1,0,91,0,0
#DST_IMAGE,0,833,994,360,209,14,0,255,255,255,255,2,0,0,0,,,,,
#DST_IMAGE,0,1000,994,360,209,14,0,0,255,255,255,2,0,0,0,,,,,

"//""D""テカリ8",,,,,,,,,,,,,,,,,,,,
//SRC定義,(NULL),gr,x,y,w,h,div_x,div_y,cycle,timer,op1,op2,op3,,,,,,,
#SRC_IMAGE,0,0,3040,2821,209,14,1,1,0,0,0,0,0,,,,,,,
//DST定義,(NULL),time,x,y,w,h,acc,a,r,g,b,blend,filter,angle,center,loop,timer,op1,op2,op3
#DST_IMAGE,0,733,994,346,209,14,0,255,255,255,255,2,0,0,0,-1,0,91,0,0
#DST_IMAGE,0,833,994,346,209,14,0,255,255,255,255,2,0,0,0,,,,,
#DST_IMAGE,0,1000,994,346,209,14,0,0,255,255,255,2,0,0,0,,,,,

"//""D""テカリ9",,,,,,,,,,,,,,,,,,,,
//SRC定義,(NULL),gr,x,y,w,h,div_x,div_y,cycle,timer,op1,op2,op3,,,,,,,
#SRC_IMAGE,0,0,3040,2807,209,14,1,1,0,0,0,0,0,,,,,,,
//DST定義,(NULL),time,x,y,w,h,acc,a,r,g,b,blend,filter,angle,center,loop,timer,op1,op2,op3
#DST_IMAGE,0,750,994,332,209,14,0,255,255,255,255,2,0,0,0,-1,0,91,0,0
#DST_IMAGE,0,833,994,332,209,14,0,255,255,255,255,2,0,0,0,,,,,
#DST_IMAGE,0,1000,994,332,209,14,0,0,255,255,255,2,0,0,0,,,,,

"//""D""テカリ10",,,,,,,,,,,,,,,,,,,,
//SRC定義,(NULL),gr,x,y,w,h,div_x,div_y,cycle,timer,op1,op2,op3,,,,,,,
#SRC_IMAGE,0,0,3040,2793,209,14,1,1,0,0,0,0,0,,,,,,,
//DST定義,(NULL),time,x,y,w,h,acc,a,r,g,b,blend,filter,angle,center,loop,timer,op1,op2,op3
#DST_IMAGE,0,766,994,318,209,14,0,255,255,255,255,2,0,0,0,-1,0,91,0,0
#DST_IMAGE,0,833,994,318,209,14,0,255,255,255,255,2,0,0,0,,,,,
#DST_IMAGE,0,1000,994,318,209,14,0,0,255,255,255,2,0,0,0,,,,,

"//""D""テカリ11",,,,,,,,,,,,,,,,,,,,
//SRC定義,(NULL),gr,x,y,w,h,div_x,div_y,cycle,timer,op1,op2,op3,,,,,,,
#SRC_IMAGE,0,0,3040,2779,209,14,1,1,0,0,0,0,0,,,,,,,
//DST定義,(NULL),time,x,y,w,h,acc,a,r,g,b,blend,filter,angle,center,loop,timer,op1,op2,op3
#DST_IMAGE,0,783,994,304,209,14,0,255,255,255,255,2,0,0,0,-1,0,91,0,0
#DST_IMAGE,0,833,994,304,209,14,0,255,255,255,255,2,0,0,0,,,,,
#DST_IMAGE,0,1000,994,304,209,14,0,0,255,255,255,2,0,0,0,,,,,

"//""D""テカリ12",,,,,,,,,,,,,,,,,,,,
//SRC定義,(NULL),gr,x,y,w,h,div_x,div_y,cycle,timer,op1,op2,op3,,,,,,,
#SRC_IMAGE,0,0,3040,2765,209,14,1,1,0,0,0,0,0,,,,,,,
//DST定義,(NULL),time,x,y,w,h,acc,a,r,g,b,blend,filter,angle,center,loop,timer,op1,op2,op3
#DST_IMAGE,0,800,994,290,209,14,0,255,255,255,255,2,0,0,0,-1,0,91,0,0
#DST_IMAGE,0,833,994,290,209,14,0,255,255,255,255,2,0,0,0,,,,,
#DST_IMAGE,0,1000,994,290,209,14,0,0,255,255,255,2,0,0,0,,,,,

"//""D""テカリ13",,,,,,,,,,,,,,,,,,,,
//SRC定義,(NULL),gr,x,y,w,h,div_x,div_y,cycle,timer,op1,op2,op3,,,,,,,
#SRC_IMAGE,0,0,3040,2751,209,14,1,1,0,0,0,0,0,,,,,,,
//DST定義,(NULL),time,x,y,w,h,acc,a,r,g,b,blend,filter,angle,center,loop,timer,op1,op2,op3
#DST_IMAGE,0,816,994,276,209,14,0,255,255,255,255,2,0,0,0,-1,0,91,0,0
#DST_IMAGE,0,833,994,276,209,14,0,255,255,255,255,2,0,0,0,,,,,
#DST_IMAGE,0,1000,994,276,209,14,0,0,255,255,255,2,0,0,0,,,,,

"//""D""テカリ14",,,,,,,,,,,,,,,,,,,,
//SRC定義,(NULL),gr,x,y,w,h,div_x,div_y,cycle,timer,op1,op2,op3,,,,,,,
#SRC_IMAGE,0,0,3040,2737,209,14,1,1,0,0,0,0,0,,,,,,,
//DST定義,(NULL),time,x,y,w,h,acc,a,r,g,b,blend,filter,angle,center,loop,timer,op1,op2,op3
#DST_IMAGE,0,833,994,262,209,14,0,255,255,255,255,2,0,0,0,-1,0,91,0,0
#DST_IMAGE,0,1000,994,262,209,14,0,0,255,255,255,2,0,0,0,,,,,
////////////////////////////////////////////////////////////////////////////,,,,,,,,,,,,,,,,,,,,



//フェードアウト,,,,,,,,,,,,,,,,,,,,
////////////////////////////////////////////////////////////////////////////,,,,,,,,,,,,,,,,,,,,
//SRC定義,(NULL),gr,x,y,w,h,div_x,div_y,cycle,timer,op1,op2,op3,,,,,,,
#SRC_IMAGE,0,27,0,720,748,720,1,1,0,0,0,0,0,,,,,,,
//DST定義,(NULL),time,x,y,w,h,acc,a,r,g,b,blend,filter,angle,center,loop,timer,op1,op2,op3
#DST_IMAGE,0,0,1251,720,748,720,2,255,255,255,255,1,0,0,5,700,2,0,0,0
#DST_IMAGE,0,700,532,0,748,720,2,255,255,255,255,1,0,0,0,,,,,



//SRC定義,(NULL),gr,x,y,w,h,div_x,div_y,cycle,timer,op1,op2,op3,,,,,,,
#SRC_IMAGE,0,27,0,0,899,720,1,1,0,0,0,0,0,,,,,,,
//DST定義,(NULL),time,x,y,w,h,acc,a,r,g,b,blend,filter,angle,center,loop,timer,op1,op2,op3
#DST_IMAGE,0,0,-719,-719,899,720,2,255,255,255,255,1,0,0,5,700,2,0,0,0
#DST_IMAGE,0,700,0,0,899,720,2,255,255,255,255,1,0,0,0,,,,,




//END,,,,,,,,,,,,,,,,,,,,