#ENDOFHEADER,,,

//スクラッチ位置。0は左、1は右。デフォルトは0,1,,
//sc side,1P,2P,
#SCRATCHSIDE,0,1,

//リザルトの1P2P入れ替えを行う場合はコメントを外して下さい,,,
//#FLIPRESULT,,,

//[透過色設定],,,
//必要無くても必ず設定して下さい。(なんかライブラリの仕様でオフに出来ないみたいなので,,,
//透過色,R,G,B
#TRANSCLOLR,0,255,0


//[入力開始時間],,,
//入力開始時間,ms
#STARTINPUT,1000


//[演奏開始時間],
//LOADSTART シーン開始から曲ロード開始までの時間,
//LOADEND ロード開始からロード終了までの最低時間(ロード時間が長ければそれだけ遅れます,
//PLAYSTART ロード終了から曲開始までの時間,

#LOADSTART,0
#LOADEND,3000
#PLAYSTART,1500


//[フェードアウト時間],
//フェードアウト時にこの時間が過ぎると次のシーンに移行します。,
#FADEOUT,500,

//[閉店時間],,
#CLOSE,2900,


//[画像定義],,
//画像定義,filename,
#IMAGE,.\LR2files\Theme\EndlessCirculation\Play\bomb\*.png,"			//0"
#IMAGE,.\LR2files\Theme\EndlessCirculation\Play\disablelane\AC\*.png,"		//1",,,,,,,,,,,,,,,,,,,
#IMAGE,.\LR2files\Theme\EndlessCirculation\Play\frame\Dive\DPwide\*.png,"		//2",,,,,,,,,,,,,,,,,,,
#IMAGE,.\LR2files\Theme\EndlessCirculation\Play\_parts\LR2 Motion.tga,"		//3"
#IMAGE,.\LR2files\Theme\EndlessCirculation\Play\gauge\WIDE\*.png,"		//4",,,,,,,,,,,,,,,,,,,
#IMAGE,.\LR2files\Theme\EndlessCirculation\Play\lanecover\AC\*.png,"		//5",,,,,,,,,,,,,,,,,,,
#IMAGE,.\LR2files\Theme\EndlessCirculation\Play\object\AC\DEFAULT.png,"		//6",,,,,,,,,,,,,,,,,,,
#IMAGE,.\LR2files\Theme\EndlessCirculation\Play\turntable\N\*.png,"		//7",,,,,,,,,,,,,,,,,,,
#IMAGE,.\LR2files\Theme\EndlessCirculation\Play\parts\note\*.png, //8,,,,,,,,,,,,,,,,,,,
#IMAGE,.\LR2files\Theme\EndlessCirculation\Play\number\*.png,"			//9",,,,,,,,,,,,,,,,,,,
#IMAGE,.\LR2files\Theme\EndlessCirculation\Play\progressbar\*.png,"		//10",,,,,,,,,,,,,,,,,,,
#IMAGE,.\LR2files\Theme\EndlessCirculation\Play\_parts\close.png,"		//11",,,,,,,,,,,,,,,,,,,
#IMAGE,.\LR2files\Theme\EndlessCirculation\Play\_parts\parts.png,"		//12",,,,,,,,,,,,,,,,,,,
#IMAGE,".\LR2files\Theme\EndlessCirculation\Play\parts\Combo\*.png""",,,,,,,,,,,,,,,,,,,,
#IMAGE,.\LR2files\Theme\EndlessCirculation\Play\emblem\*.png,"			//14",,,,,,,,,,,,,,,,,,,
#IMAGE,".\LR2files\Theme\EndlessCirculation\Play\parts\beam\*.png""",,"		//15""",,,,,,,,,,,,,,,,,,
#IMAGE,.\LR2files\Theme\EndlessCirculation\Play\number\P\P.png,"			//16",,,,,,,,,,,,,,,,,,,
#IMAGE,.\LR2files\Theme\EndlessCirculation\Play\_parts\Graph.png,"		//17",,,,,,,,,,,,,,,,,,,
#IMAGE,.\LR2files\Theme\EndlessCirculation\Play\Gaugefont\SPA.png," //18
#IMAGE,.\LR2files\Theme\EndlessCirculation\Play\load2.mpg, //19",,,,,,,,,,,,,,,,,,,
#IMAGE,.\LR2files\Theme\EndlessCirculation\Play\Character\*.png, //20,,,,,,,,,,,,,,,,,,,
#IMAGE,.\LR2files\Theme\EndlessCirculation\Play\DIFFICULT\P.png, //21,,,,,,,,,,,,,,,,,,,
#IMAGE,.\LR2files\Theme\EndlessCirculation\Play\DIFFICULT\level.png, //22,,,,,,,,,,,,,,,,,,,
#IF,100,,,,,,,,,,,,,,,,,,,,
#IMAGE,.\LR2files\Theme\EndlessCirculation\Play\ClearData\NOPLAY.png,,,,,,,,,,//23,,,,,,,,,,
#ELSEIF,101,,,,,,,,,,,,,,,,,,,,
#IMAGE,.\LR2files\Theme\EndlessCirculation\Play\ClearData\FAILED.png,,,,,,,,,,//23,,,,,,,,,,
#ELSEIF,102,,,,,,,,,,,,,,,,,,,,
#IMAGE,.\LR2files\Theme\EndlessCirculation\Play\ClearData\EASYCLEAR.png,,,,,,,,,,//23,,,,,,,,,,
#ELSEIF,103,,,,,,,,,,,,,,,,,,,,
#IMAGE,.\LR2files\Theme\EndlessCirculation\Play\ClearData\CLEAR.png,,,,,,,,,,//23,,,,,,,,,,
#ELSEIF,104,,,,,,,,,,,,,,,,,,,,
#IMAGE,.\LR2files\Theme\EndlessCirculation\Play\ClearData\HARDCLEAR.png,,,,,,,,,,//23,,,,,,,,,,
#ELSEIF,105,,,,,,,,,,,,,,,,,,,,
#IMAGE,.\LR2files\Theme\EndlessCirculation\Play\ClearData\FULLCOMBO.png,,,,,,,,,,//23,,,,,,,,,,
#ELSE,,,,,,,,,,,,,,,,,,,,,
#IMAGE,.\LR2files\Theme\EndlessCirculation\Play\ClearData\dummy.png,,,,,,,,,,//23,,,,,,,,,,
#ENDIF,,,,,,,,,,,,,,,,,,,,,
#IMAGE,.\LR2files\Theme\EndlessCirculation\Play\parts\keyflash\*.png",,		//24",,
#IMAGE,.\LR2files\Theme\EndlessCirculation\Play\parts\judgeline\*.png",,		//25",,
#IMAGE,.\LR2files\Theme\EndlessCirculation\Play\parts\grow\*.png",,		//26",,
#IMAGE,CONTINUE,,,,,,,,,,//27

//[フォント定義],,,,
//,size,thick,type,name
#FONT,42,5,2,ＤＦＰPOPミックスW3
#FONT,15,5,2,ヒラギノ角ゴ7
#FONT,12,5,2,ヒラギノ角ゴ7

//パスの次を1とすると、画像フォント使用不可設定が無効になり、かならず使用されます,,,,,,,,,,,,,,,,,,,,
#LR2FONT,.\LR2files\Theme\EndlessCirculation\Play\font\00\font.lr2font,,,,,,,,,,,,,,,,,,,
#LR2FONT,.\LR2files\Theme\EndlessCirculation\Play\font\01\font.lr2font,,,,,,,,,,,,,,,,,,,
#LR2FONT,.\LR2files\Theme\EndlessCirculation\Play\font\02\font.lr2font,,,,,,,,,,,,,,,,,,,
#LR2FONT,.\LR2files\Theme\EndlessCirculation\Play\font\03\font.lr2font,,,,,,,,,,,,,,,,,,,
#LR2FONT,.\LR2files\Theme\EndlessCirculation\Play\font\04\font.lr2font,,,,,,,,,,,,,,,,,,,
#LR2FONT,.\LR2files\Theme\EndlessCirculation\Play\font\05\font.lr2font,,,,,,,,,,,,,,,,,,,

//[画像配置],,,,,,,,,,,,,,,,,,,,

//コピペ用テンプレート,,,,,,,,,,,,,,,,,,,,
//SRC定義,(NULL),gr,x,y,w,h,div_x,div_y,cycle,timer,op1,op2,op3,,,,,,,
//DST定義,(NULL),time,x,y,w,h,acc,a,r,g,b,blend,filter,angle,center,loop,timer,op1,op2,op3


///先読み
#SRC_IMAGE,0,0,0,0,0,0,0,0,0,0,0,0,0,,,,,,,
//DST定義,(NULL),time,x,y,w,h,acc,a,r,g,b,blend,filter,angle,center,loop,timer,op1,op2,op3
#DST_IMAGE,0,0,0,0,1,1,0,255,0,0,0,0,0,0,0,0,0,0,0,0
///
#SRC_IMAGE,0,6,0,0,0,0,0,0,0,0,0,0,0,,,,,,,
//DST定義,(NULL),time,x,y,w,h,acc,a,r,g,b,blend,filter,angle,center,loop,timer,op1,op2,op3
#DST_IMAGE,0,0,0,0,1,1,0,255,0,0,0,0,0,0,0,0,0,0,0,0
///
#SRC_IMAGE,0,8,0,0,0,0,0,0,0,0,0,0,0,,,,,,,
//DST定義,(NULL),time,x,y,w,h,acc,a,r,g,b,blend,filter,angle,center,loop,timer,op1,op2,op3
#DST_IMAGE,0,0,0,0,1,1,0,255,0,0,0,0,0,0,0,0,0,0,0,0
///
#SRC_IMAGE,0,13,0,0,0,0,0,0,0,0,0,0,0,,,,,,,
//DST定義,(NULL),time,x,y,w,h,acc,a,r,g,b,blend,filter,angle,center,loop,timer,op1,op2,op3
#DST_IMAGE,0,0,0,0,1,1,0,255,0,0,0,0,0,0,0,0,0,0,0,0
///
#SRC_IMAGE,0,15,0,0,0,0,0,0,0,0,0,0,0,,,,,,,
//DST定義,(NULL),time,x,y,w,h,acc,a,r,g,b,blend,filter,angle,center,loop,timer,op1,op2,op3
#DST_IMAGE,0,0,0,0,1,1,0,255,0,0,0,0,0,0,0,0,0,0,0,0
///
//SRC定義,(NULL),gr,x,y,w,h,div_x,div_y,cycle,timer,op1,op2,op3,,,,,,,
#SRC_IMAGE,0,17,0,0,66,448,1,1,0,0,80,0,0,,,,,,,
//DST定義,(NULL),time,x,y,w,h,acc,a,r,g,b,blend,filter,angle,center,loop,timer,op1,op2,op3
#DST_IMAGE,0,0,0,720,66,448,0,255,255,255,255,1,0,0,0,-1,0,80,0,0
#DST_IMAGE,0,500,0,720,66,448,0,255,255,255,255,1,0,0,0,,,,,

///////////////////////////////////////////////////////////////////////,,,,,,,,,,,,,,,,,,,,
//BGA,,,,,,,,,,,,,,,,,,,,
//SRCはほとんど形式を共通にするためのダミーでしかありませんが、一応表示に関するオプションを設定できます。,,,,,,,,,,,,,,,,,,,,
//nobase,nolayer,nopoor 1にするとその階層のBGAは表示されません。,,,,,,,,,,,,,,,,,,

//でかい,,,,,,,,,,,,,,,,,,,,

//でかい,,,,,,,,,,,,,,,,,,,,
//SRC定義,(NULL),(NULL),(NULL),(NULL),(NULL),(NULL),(NULL),(NULL),(NULL),(NULL),nobase,nolayer,nopoor,,,,,,,
#SRC_BGA,0,0,0,0,0,0,0,0,0,0,0,0,0,,,,,,,
//DST定義,(NULL),time,x,y,w,h,acc,a,r,g,b,blend,filter,angle,center,loop,timer,op1,op2,op3
#DST_BGA,0,0,4,50,125,270,0,255,255,255,255,0,1,0,0,0,0,31,0,0
-
//SRC定義,(NULL),(NULL),(NULL),(NULL),(NULL),(NULL),(NULL),(NULL),(NULL),(NULL),nobase,nolayer,nopoor,,,,,,,
#SRC_BGA,0,0,0,0,0,0,0,0,0,0,0,0,0,,,,,,,
//DST定義,(NULL),time,x,y,w,h,acc,a,r,g,b,blend,filter,angle,center,loop,timer,op1,op2,op3
#DST_BGA,0,0,4,408,125,270,0,255,255,255,255,0,1,0,0,0,0,31,0,0
-
//SRC定義,(NULL),(NULL),(NULL),(NULL),(NULL),(NULL),(NULL),(NULL),(NULL),(NULL),nobase,nolayer,nopoor,,,,,,,
#SRC_BGA,0,0,0,0,0,0,0,0,0,0,0,0,0,,,,,,,
//DST定義,(NULL),time,x,y,w,h,acc,a,r,g,b,blend,filter,angle,center,loop,timer,op1,op2,op3
#DST_BGA,0,0,1154,50,125,270,0,255,255,255,255,0,1,0,0,0,0,31,0,0
-
//SRC定義,(NULL),(NULL),(NULL),(NULL),(NULL),(NULL),(NULL),(NULL),(NULL),(NULL),nobase,nolayer,nopoor,,,,,,,
#SRC_BGA,0,0,0,0,0,0,0,0,0,0,0,0,0,,,,,,,
//DST定義,(NULL),time,x,y,w,h,acc,a,r,g,b,blend,filter,angle,center,loop,timer,op1,op2,op3
#DST_BGA,0,0,1154,408,125,270,0,255,255,255,255,0,1,0,0,0,0,31,0,0

///通常,,,,,,,,,,,,,,,,,,,,

//でかい,,,,,,,,,,,,,,,,,,,,
//SRC定義,(NULL),(NULL),(NULL),(NULL),(NULL),(NULL),(NULL),(NULL),(NULL),(NULL),nobase,nolayer,nopoor,,,,,,,
#SRC_BGA,0,0,0,0,0,0,0,0,0,0,0,0,0,,,,,,,
//DST定義,(NULL),time,x,y,w,h,acc,a,r,g,b,blend,filter,angle,center,loop,timer,op1,op2,op3
#DST_BGA,0,0,4,50,125,270,0,255,255,255,255,0,1,0,0,0,0,30,0,0
-
//SRC定義,(NULL),(NULL),(NULL),(NULL),(NULL),(NULL),(NULL),(NULL),(NULL),(NULL),nobase,nolayer,nopoor,,,,,,,
#SRC_BGA,0,0,0,0,0,0,0,0,0,0,0,0,0,,,,,,,
//DST定義,(NULL),time,x,y,w,h,acc,a,r,g,b,blend,filter,angle,center,loop,timer,op1,op2,op3
#DST_BGA,0,0,4,408,125,270,0,255,255,255,255,0,1,0,0,0,0,30,0,0
-
//SRC定義,(NULL),(NULL),(NULL),(NULL),(NULL),(NULL),(NULL),(NULL),(NULL),(NULL),nobase,nolayer,nopoor,,,,,,,
#SRC_BGA,0,0,0,0,0,0,0,0,0,0,0,0,0,,,,,,,
//DST定義,(NULL),time,x,y,w,h,acc,a,r,g,b,blend,filter,angle,center,loop,timer,op1,op2,op3
#DST_BGA,0,0,1154,50,125,270,0,255,255,255,255,0,1,0,0,0,0,30,0,0
-
//SRC定義,(NULL),(NULL),(NULL),(NULL),(NULL),(NULL),(NULL),(NULL),(NULL),(NULL),nobase,nolayer,nopoor,,,,,,,
#SRC_BGA,0,0,0,0,0,0,0,0,0,0,0,0,0,,,,,,,
//DST定義,(NULL),time,x,y,w,h,acc,a,r,g,b,blend,filter,angle,center,loop,timer,op1,op2,op3
#DST_BGA,0,0,1154,408,125,270,0,255,255,255,255,0,1,0,0,0,0,30,0,0



///////////////////////////////////////////////////////////////////////,,,,,,,,,,,,,,,,,,,,




///////////////////////////////////////////////////////////////////////////////////////////////////////////////,,,,,,,,,,,,,,,,,,,,
//フレーム,,,,,,,,,,,,,,,,,,,,

//本体,,,,,,,,,,,,,,,,,,,,
//SRC定義,(NULL),gr,x,y,w,h,div_x,div_y,cycle,timer,op1,op2,op3,,,,,,,
#SRC_IMAGE,0,2,0,0,1280,720,1,1,0,0,0,0,0,,,,,,,
//DST定義,(NULL),time,x,y,w,h,acc,a,r,g,b,blend,filter,angle,center,loop,timer,op1,op2,op3
#DST_IMAGE,0,0,0,360,1280,2,0,0,255,255,255,1,0,0,0,400,,,,
#DST_IMAGE,0,400,0,0,1280,720,0,255,255,255,255,1,0,0,0,,,,,

//LCenter,,,,,,,,,,,,,,,,,,,,
//SRC定義,(NULL),gr,x,y,w,h,div_x,div_y,cycle,timer,op1,op2,op3,,,,,,,
#SRC_IMAGE,0,2,1117,721,39,580,1,1,0,0,0,0,0,,,,,,,
//DST定義,(NULL),time,x,y,w,h,acc,a,r,g,b,blend,filter,angle,center,loop,timer,op1,op2,op3
#DST_IMAGE,0,300,601,0,39,580,0,0,255,255,255,1,1,90,0,900,,,,
#DST_IMAGE,0,900,601,0,39,580,0,255,255,255,255,1,1,0,0,,,,,

//RCenter,,,,,,,,,,,,,,,,,,,,
//SRC定義,(NULL),gr,x,y,w,h,div_x,div_y,cycle,timer,op1,op2,op3,,,,,,,
#SRC_IMAGE,0,2,1156,721,39,580,1,1,0,0,0,0,0,,,,,,,
//DST定義,(NULL),time,x,y,w,h,acc,a,r,g,b,blend,filter,angle,center,loop,timer,op1,op2,op3
#DST_IMAGE,0,300,640,0,39,580,0,0,255,255,255,1,1,-90,0,900,,,,
#DST_IMAGE,0,900,640,0,39,580,0,255,255,255,255,1,1,0,0,,,,,

//sita,,,,,,,,,,,,,,,,,,,,
//SRC定義,(NULL),gr,x,y,w,h,div_x,div_y,cycle,timer,op1,op2,op3,,,,,,,
#SRC_IMAGE,0,2,0,1453,1014,125,1,1,0,0,0,0,0,,,,,,,
//DST定義,(NULL),time,x,y,w,h,acc,a,r,g,b,blend,filter,angle,center,loop,timer,op1,op2,op3
#DST_IMAGE,0,200,133,700,1014,125,0,0,255,255,255,1,0,0,0,600,,,,
#DST_IMAGE,0,600,133,595,1014,125,0,255,255,255,255,1,0,0,0,,,,,

//フラッシュ,,,,,,,,,,,,,,,,,,,,
//SRC定義,(NULL),gr,x,y,w,h,div_x,div_y,cycle,timer,op1,op2,op3,,,,,,,
#SRC_IMAGE,0,2,0,1606,1014,163,1,1,0,0,0,0,0,,,,,,,
//DST定義,(NULL),time,x,y,w,h,acc,a,r,g,b,blend,filter,angle,center,loop,timer,op1,op2,op3
#DST_IMAGE,0,1000,133,595,1014,163,0,0,255,255,255,2,0,0,0,1900,,,,
#DST_IMAGE,0,1300,133,595,1014,163,0,255,255,255,255,2,0,0,0,,,,,
#DST_IMAGE,0,1900,133,595,1014,163,0,0,255,255,255,2,0,0,0,,,,,

//GROOVE,,,,,,,,,,,,,,,,,,,,
//SRC定義,(NULL),gr,x,y,w,h,div_x,div_y,cycle,timer,op1,op2,op3,,,,,,,
#SRC_IMAGE,0,2,0,1336,1014,65,1,1,0,0,0,0,0,,,,,,,
//DST定義,(NULL),time,x,y,w,h,acc,a,r,g,b,blend,filter,angle,center,loop,timer,op1,op2,op3
#DST_IMAGE,0,200,133,0,1014,65,0,0,255,255,255,1,0,0,0,800,,,,
#DST_IMAGE,0,800,133,577,1014,65,0,255,255,255,255,1,0,0,0,,,,,

//ue,,,,,,,,,,,,,,,,,,,,
//SRC定義,(NULL),gr,x,y,w,h,div_x,div_y,cycle,timer,op1,op2,op3,,,,,,,
#SRC_IMAGE,0,2,0,721,1014,595,1,1,0,0,0,0,0,,,,,,,
//DST定義,(NULL),time,x,y,w,h,acc,a,r,g,b,blend,filter,angle,center,loop,timer,op1,op2,op3
#DST_IMAGE,0,100,640,-200,2,595,0,0,255,255,255,1,1,0,5,900,,,,
#DST_IMAGE,0,500,640,0,2,595,0,30,255,255,255,1,1,0,0,,,,,
#DST_IMAGE,0,900,133,0,1014,595,0,255,255,255,255,1,1,0,0,,,,,

//ueflash,,,,,,,,,,,,,,,,,,,,
//SRC定義,(NULL),gr,x,y,w,h,div_x,div_y,cycle,timer,op1,op2,op3,,,,,,,
#SRC_IMAGE,0,2,0,721,1014,595,1,1,0,0,0,0,0,,,,,,,
//DST定義,(NULL),time,x,y,w,h,acc,a,r,g,b,blend,filter,angle,center,loop,timer,op1,op2,op3
#DST_IMAGE,0,900,133,0,1014,595,0,0,255,255,255,2,0,0,0,1400,,,,
#DST_IMAGE,0,1200,133,0,1014,595,0,255,255,255,255,2,0,0,0,,,,,
#DST_IMAGE,0,1400,133,0,1014,595,0,0,255,255,255,2,0,0,0,,,,,

//glow21,,,,,,,,,,,,,,,,,,,,
//SRC定義,(NULL),gr,x,y,w,h,div_x,div_y,cycle,timer,op1,op2,op3,,,,,,,
#SRC_IMAGE,0,2,1282,1442,158,195,1,1,0,0,0,0,0,,,,,,,
//DST定義,(NULL),time,x,y,w,h,acc,a,r,g,b,blend,filter,angle,center,loop,timer,op1,op2,op3
#DST_IMAGE,0,0,122,444,158,195,0,0,255,255,255,2,0,0,0,1400,,,,
#DST_IMAGE,0,1000,122,444,158,195,0,0,255,255,255,2,0,0,0,,,,,
#DST_IMAGE,0,1200,122,444,158,195,0,255,255,255,255,2,0,0,0,,,,,
#DST_IMAGE,0,1400,122,444,158,195,0,0,255,255,255,2,0,0,0,,,,,

//glow22,,,,,,,,,,,,,,,,,,,,
//SRC定義,(NULL),gr,x,y,w,h,div_x,div_y,cycle,timer,op1,op2,op3,,,,,,,
#SRC_IMAGE,0,2,1041,1388,222,255,1,1,0,0,0,0,0,,,,,,,
//DST定義,(NULL),time,x,y,w,h,acc,a,r,g,b,blend,filter,angle,center,loop,timer,op1,op2,op3
#DST_IMAGE,0,0,91,412,222,255,0,0,255,255,255,2,0,0,0,2300,,,,
#DST_IMAGE,0,1400,91,412,222,255,0,0,255,255,255,2,0,0,0,,,,,
#DST_IMAGE,0,1700,91,412,222,255,0,255,255,255,255,2,0,0,0,,,,,
#DST_IMAGE,0,2300,91,412,222,255,0,0,255,255,255,2,0,0,0,,,,,


//glow2,,,,,,,,,,,,,,,,,,,,
//SRC定義,(NULL),gr,x,y,w,h,div_x,div_y,cycle,timer,op1,op2,op3,,,,,,,
#SRC_IMAGE,0,2,1342,270,158,195,1,1,0,0,0,0,0,,,,,,,
//DST定義,(NULL),time,x,y,w,h,acc,a,r,g,b,blend,filter,angle,center,loop,timer,op1,op2,op3
#DST_IMAGE,0,0,999,444,158,195,0,0,255,255,255,2,0,0,0,1400,,,,
#DST_IMAGE,0,1000,999,444,158,195,0,0,255,255,255,2,0,0,0,,,,,
#DST_IMAGE,0,1200,999,444,158,195,0,255,255,255,255,2,0,0,0,,,,,
#DST_IMAGE,0,1400,999,444,158,195,0,0,255,255,255,2,0,0,0,,,,,

//glow,,,,,,,,,,,,,,,,,,,,
//SRC定義,(NULL),gr,x,y,w,h,div_x,div_y,cycle,timer,op1,op2,op3,,,,,,,
#SRC_IMAGE,0,2,1310,0,222,255,1,1,0,0,0,0,0,,,,,,,
//DST定義,(NULL),time,x,y,w,h,acc,a,r,g,b,blend,filter,angle,center,loop,timer,op1,op2,op3
#DST_IMAGE,0,0,967,412,222,255,0,0,255,255,255,2,0,0,0,2300,,,,
#DST_IMAGE,0,1400,967,412,222,255,0,0,255,255,255,2,0,0,0,,,,,
#DST_IMAGE,0,1700,967,412,222,255,0,255,255,255,255,2,0,0,0,,,,,
#DST_IMAGE,0,2300,967,412,222,255,0,0,255,255,255,2,0,0,0,,,,,

//オブジェクトベース1P,,,,,,,,,,,,,,,,,,,,
//SRC定義,(NULL),gr,x,y,w,h,div_x,div_y,cycle,timer,op1,op2,op3,,,,,,,
#SRC_IMAGE,0,6,0,431,288,482,1,1,0,0,0,0,0,,,,,,,
//DST定義,(NULL),time,x,y,w,h,acc,a,r,g,b,blend,filter,angle,center,loop,timer,op1,op2,op3
#DST_IMAGE,0,1400,166,0,432,0,0,0,255,255,255,1,0,0,0,1700,,,,
#DST_IMAGE,0,1700,166,0,432,482,0,255,255,255,255,1,0,0,0,,,,,

//オブジェクトベース2P,,,,,,,,,,,,,,,,,,,,
//SRC定義,(NULL),gr,x,y,w,h,div_x,div_y,cycle,timer,op1,op2,op3,,,,,,,
#SRC_IMAGE,0,6,592,852,288,482,1,1,0,0,0,0,0,,,,,,,
//DST定義,(NULL),time,x,y,w,h,acc,a,r,g,b,blend,filter,angle,center,loop,timer,op1,op2,op3
#DST_IMAGE,0,1400,682,0,432,0,0,0,255,255,255,1,0,0,0,1700,,,,
#DST_IMAGE,0,1700,682,0,432,482,0,255,255,255,255,1,0,0,0,,,,,


//点滅,,,,,,,,,,,,,,,,,,,
//SRC定義,(NULL),gr,x,y,w,h,div_x,div_y,cycle,timer,op1,op2,op3,,,,,,,
#SRC_IMAGE,0,2,0,1606,1,1,1,1,0,42,0,0,0,,,,,,,
//DST定義,(NULL),time,x,y,w,h,acc,a,r,g,b,blend,filter,angle,center,loop,timer,op1,op2,op3
#DST_IMAGE,0,0,133,622,21,8,0,215,255,255,255,2,0,0,0,800,42,,,
#DST_IMAGE,0,200,133,622,21,8,0,0,255,255,255,2,0,0,0,,,,,
#DST_IMAGE,0,400,133,622,21,8,0,215,255,255,255,2,0,0,0,,,,,
#DST_IMAGE,0,800,133,622,21,8,0,0,255,255,255,2,0,0,0,,,,,

//点滅,,,,,,,,,,,,,,,,,,,
//SRC定義,(NULL),gr,x,y,w,h,div_x,div_y,cycle,timer,op1,op2,op3,,,,,,,
#SRC_IMAGE,0,2,0,1606,1,1,1,1,0,42,0,0,0,,,,,,,
//DST定義,(NULL),time,x,y,w,h,acc,a,r,g,b,blend,filter,angle,center,loop,timer,op1,op2,op3
#DST_IMAGE,0,0,1126,622,21,8,0,215,255,255,255,2,0,0,0,800,42,,,
#DST_IMAGE,0,200,1126,622,21,8,0,0,255,255,255,2,0,0,0,,,,,
#DST_IMAGE,0,400,1126,622,21,8,0,215,255,255,255,2,0,0,0,,,,,
#DST_IMAGE,0,800,1126,622,21,8,0,0,255,255,255,2,0,0,0,,,,,

//点滅,,,,,,,,,,,,,,,,,,,
//SRC定義,(NULL),gr,x,y,w,h,div_x,div_y,cycle,timer,op1,op2,op3,,,,,,,
#SRC_IMAGE,0,2,0,1606,1,1,1,1,0,42,0,0,0,,,,,,,
//DST定義,(NULL),time,x,y,w,h,acc,a,r,g,b,blend,filter,angle,center,loop,timer,op1,op2,op3
#DST_IMAGE,0,0,621,316,5,97,0,215,255,255,255,2,0,0,0,800,42,,,
#DST_IMAGE,0,200,621,316,5,97,0,0,255,255,255,2,0,0,0,,,,,
#DST_IMAGE,0,400,621,316,5,97,0,215,255,255,255,2,0,0,0,,,,,
#DST_IMAGE,0,800,621,316,5,97,0,0,255,255,255,2,0,0,0,,,,,

//点滅,,,,,,,,,,,,,,,,,,,
//SRC定義,(NULL),gr,x,y,w,h,div_x,div_y,cycle,timer,op1,op2,op3,,,,,,,
#SRC_IMAGE,0,2,0,1606,1,1,1,1,0,42,0,0,0,,,,,,,
//DST定義,(NULL),time,x,y,w,h,acc,a,r,g,b,blend,filter,angle,center,loop,timer,op1,op2,op3
#DST_IMAGE,0,0,654,316,5,97,0,215,255,255,255,2,0,0,0,800,42,,,
#DST_IMAGE,0,200,654,316,5,97,0,0,255,255,255,2,0,0,0,,,,,
#DST_IMAGE,0,400,654,316,5,97,0,215,255,255,255,2,0,0,0,,,,,
#DST_IMAGE,0,800,654,316,5,97,0,0,255,255,255,2,0,0,0,,,,,

----
//点滅,,,,,,,,,,,,,,,,,,,
//SRC定義,(NULL),gr,x,y,w,h,div_x,div_y,cycle,timer,op1,op2,op3,,,,,,,
#SRC_IMAGE,0,2,0,1606,1,1,1,1,0,42,0,0,0,,,,,,,
//DST定義,(NULL),time,x,y,w,h,acc,a,r,g,b,blend,filter,angle,center,loop,timer,op1,op2,op3
#DST_IMAGE,0,0,133,622,21,8,0,255,255,255,255,2,0,0,0,0,40,240,,
#DST_IMAGE,0,300,133,622,21,8,0,0,255,255,255,2,0,0,0,,,,,
//点滅,,,,,,,,,,,,,,,,,,,
//SRC定義,(NULL),gr,x,y,w,h,div_x,div_y,cycle,timer,op1,op2,op3,,,,,,,
#SRC_IMAGE,0,2,0,1606,1,1,1,1,0,42,0,0,0,,,,,,,
//DST定義,(NULL),time,x,y,w,h,acc,a,r,g,b,blend,filter,angle,center,loop,timer,op1,op2,op3
#DST_IMAGE,0,0,1126,622,21,8,0,255,255,255,255,2,0,0,0,0,40,240,,
#DST_IMAGE,0,300,1126,622,21,8,0,0,255,255,255,2,0,0,0,,,,,
//点滅,,,,,,,,,,,,,,,,,,,
//SRC定義,(NULL),gr,x,y,w,h,div_x,div_y,cycle,timer,op1,op2,op3,,,,,,,
#SRC_IMAGE,0,2,0,1606,1,1,1,1,0,42,0,0,0,,,,,,,
//DST定義,(NULL),time,x,y,w,h,acc,a,r,g,b,blend,filter,angle,center,loop,timer,op1,op2,op3
#DST_IMAGE,0,0,621,316,5,97,0,255,255,255,255,2,0,0,0,0,40,240,,
#DST_IMAGE,0,300,621,316,5,97,0,0,255,255,255,2,0,0,0,,,,,
//点滅,,,,,,,,,,,,,,,,,,,
//SRC定義,(NULL),gr,x,y,w,h,div_x,div_y,cycle,timer,op1,op2,op3,,,,,,,
#SRC_IMAGE,0,2,0,1606,1,1,1,1,0,42,0,0,0,,,,,,,
//DST定義,(NULL),time,x,y,w,h,acc,a,r,g,b,blend,filter,angle,center,loop,timer,op1,op2,op3
#DST_IMAGE,0,0,654,316,5,97,0,255,255,255,255,2,0,0,0,0,40,240,,
#DST_IMAGE,0,300,654,316,5,97,0,0,255,255,255,2,0,0,0,,,,,


//判定ラインエフェクト,//timer140 リズムタイマー,,,,,,,,,,,,,,,,,,,
//SRC定義,(NULL),gr,x,y,w,h,div_x,div_y,cycle,timer,op1,op2,op3,,,,,,,
#SRC_IMAGE,0,26,0,0,144,20,1,1,0,140,0,0,0,,,,,,,
//DST定義,(NULL),time,x,y,w,h,acc,a,r,g,b,blend,filter,angle,center,loop,timer,op1,op2,op3
#DST_IMAGE,0,0,166,446,432,30,0,255,255,255,255,2,0,0,0,0,140,0,0,0
#DST_IMAGE,0,700,166,446,432,30,0,0,255,255,255,2,0,0,0,,,,,
#DST_IMAGE,0,1000,166,446,432,30,0,0,255,255,255,2,0,0,0,,,,,
//SRC定義,(NULL),gr,x,y,w,h,div_x,div_y,cycle,timer,op1,op2,op3,,,,,,,
#SRC_IMAGE,0,26,0,0,144,20,1,1,0,140,0,0,0,,,,,,,
//DST定義,(NULL),time,x,y,w,h,acc,a,r,g,b,blend,filter,angle,center,loop,timer,op1,op2,op3
#DST_IMAGE,0,1700,166,446,432,30,0,0,255,255,255,2,0,0,0,2000,,,,
#DST_IMAGE,0,2000,166,446,432,30,0,75,255,255,255,2,0,0,0,,,,,

//判定ラインエフェクト,//timer140 リズムタイマー,,,,,,,,,,,,,,,,,,,
//SRC定義,(NULL),gr,x,y,w,h,div_x,div_y,cycle,timer,op1,op2,op3,,,,,,,
#SRC_IMAGE,0,26,0,0,144,20,1,1,0,140,0,0,0,,,,,,,
//DST定義,(NULL),time,x,y,w,h,acc,a,r,g,b,blend,filter,angle,center,loop,timer,op1,op2,op3
#DST_IMAGE,0,0,682,446,432,30,0,255,255,255,255,2,0,0,0,0,140,0,0,0
#DST_IMAGE,0,700,682,446,432,30,0,0,255,255,255,2,0,0,0,,,,,
#DST_IMAGE,0,1000,682,446,432,30,0,0,255,255,255,2,0,0,0,,,,,
//SRC定義,(NULL),gr,x,y,w,h,div_x,div_y,cycle,timer,op1,op2,op3,,,,,,,
#SRC_IMAGE,0,26,0,0,144,20,1,1,0,140,0,0,0,,,,,,,
//DST定義,(NULL),time,x,y,w,h,acc,a,r,g,b,blend,filter,angle,center,loop,timer,op1,op2,op3
#DST_IMAGE,0,1700,682,446,432,30,0,0,255,255,255,2,0,0,0,2000,,,,
#DST_IMAGE,0,2000,682,446,432,30,0,75,255,255,255,2,0,0,0,,,,,

//////////////////////////////////////////////////////,,,,,,,,,,,,,,,,,,,,
//皿,,,,,,,,,,,,,,,,,,,,

//ベース,,,,,,,,,,,,,,,,,,,,
//SRC定義,(NULL),gr,x,y,w,h,div_x,div_y,cycle,timer,op1,op2,op3,,,,,,,
#SRC_IMAGE,0,7,0,0,25,28,1,1,0,0,0,0,0,,,,,,,
//DST定義,(NULL),time,x,y,w,h,acc,a,r,g,b,blend,filter,angle,center,loop,timer,op1,op2,op3
#DST_IMAGE,0,900,189,525,25,28,0,0,255,255,255,1,1,0,0,1200,,,,
#DST_IMAGE,0,1200,189,525,25,28,0,255,255,255,255,1,1,0,0,,,,,
//回転部分,,,,,,,,,,,,,,,,,,,,,
//op4=1で皿回転が加わります(元の回転は無視されます),,,,,,,,,,,,,,,,,,,,,
//SRC定義,(NULL),gr,x,y,w,h,div_x,div_y,cycle,timer,op1,op2,op3,,,,,,,,
#SRC_IMAGE,0,7,25,0,25,28,1,1,0,0,0,0,0,,,,,,,,
//DST定義,(NULL),time,x,y,w,h,acc,a,r,g,b,blend,filter,angle,center,loop,timer,op1,op2,op3,op4
#DST_IMAGE,0,900,189,525,25,28,0,0,255,255,255,1,1,0,0,1200,0,0,0,0,1
#DST_IMAGE,0,1200,189,525,25,28,0,255,255,255,255,1,1,0,0,0,0,0,0,0,1

//ベース,,,,,,,,,,,,,,,,,,,,
//SRC定義,(NULL),gr,x,y,w,h,div_x,div_y,cycle,timer,op1,op2,op3,,,,,,,
#SRC_IMAGE,0,7,0,0,25,28,1,1,0,0,0,0,0,,,,,,,
//DST定義,(NULL),time,x,y,w,h,acc,a,r,g,b,blend,filter,angle,center,loop,timer,op1,op2,op3
#DST_IMAGE,0,900,1066,525,25,28,0,0,255,255,255,1,1,0,0,1200,,,,
#DST_IMAGE,0,1200,1066,525,25,28,0,255,255,255,255,1,1,0,0,,,,,
//回転部分,,,,,,,,,,,,,,,,,,,,,
//op4=1で皿回転が加わります(元の回転は無視されます),,,,,,,,,,,,,,,,,,,,,
//SRC定義,(NULL),gr,x,y,w,h,div_x,div_y,cycle,timer,op1,op2,op3,,,,,,,,
#SRC_IMAGE,0,7,25,0,25,28,1,1,0,0,0,0,0,,,,,,,,
//DST定義,(NULL),time,x,y,w,h,acc,a,r,g,b,blend,filter,angle,center,loop,timer,op1,op2,op3,op4
#DST_IMAGE,0,900,1066,525,25,28,0,0,255,255,255,1,1,0,0,1200,0,0,0,0,2
#DST_IMAGE,0,1200,1066,525,25,28,0,255,255,255,255,1,1,0,0,0,0,0,0,0,2


//[判定ライン1],,,,,,,,,,,,,,,,,,,,,
//SRC定義,(NULL),gr,x,y,w,h,div_x,div_y,cycle,timer,op1,op2,op3,,,,,,,,
#SRC_JUDGELINE,0,25,0,0,144,6,1,1,0,0,0,0,0,,,,,,,,
//DST定義,(NULL),time,x,y,w,h,acc,a,r,g,b,blend,filter,angle,center,loop,timer,op1,op2,op3,
#DST_JUDGELINE,0,950,166,476,432,0,0,255,255,255,255,1,0,0,0,1250,0,0,0,0,
#DST_JUDGELINE,0,1250,166,476,432,6,0,255,255,255,255,1,0,0,0,,,,,,

//[判定ライン2],,,,,,,,,,,,,,,,,,,,,
//SRC定義,(NULL),gr,x,y,w,h,div_x,div_y,cycle,timer,op1,op2,op3,,,,,,,,
#SRC_JUDGELINE,1,25,0,0,144,6,1,1,0,0,0,0,0,,,,,,,,
//DST定義,(NULL),time,x,y,w,h,acc,a,r,g,b,blend,filter,angle,center,loop,timer,op1,op2,op3,
#DST_JUDGELINE,1,950,682,476,432,0,0,255,255,255,255,1,0,0,0,1250,0,0,0,0,
#DST_JUDGELINE,1,1250,682,476,432,6,0,255,255,255,255,1,0,0,0,,,,,,

///////////////////////////////////////////////////////////////////////////////////////////////////////////////,,,,,,,,,,,,,,,,,,,,,
//レーザー,,,,,,,,,,,,,,,,,,,,,
//レーザーオン,timer100- 1Pレーザーオン,,,,,,,,,,,,,,,,,,,
//sc,,,,,,,,,,,,,,,,,,,,
//SRC定義,(NULL),gr,x,y,w,h,div_x,div_y,cycle,timer,op1,op2,op3,,,,,,,
#SRC_IMAGE,0,15,0,0,60,482,1,1,0,100,0,0,0,,,,,,,,
//DST定義,(NULL),time,x,y,w,h,acc,a,r,g,b,blend,filter,angle,center,loop,timer,op1,op2,op3
#DST_IMAGE,0,0,166,482,90,0,0,321,255,255,255,1,0,0,0,100,100,0,0,0
#DST_IMAGE,0,100,166,482,90,-481,0,255,255,255,255,1,0,0,0,,,,,

//1,,,,,,,,,,,,,,,,,,,,
//SRC定義,(NULL),gr,x,y,w,h,div_x,div_y,cycle,timer,op1,op2,op3,,,,,,,
#SRC_IMAGE,0,15,0,0,60,482,1,1,0,101,0,0,0,,,,,,,,
//DST定義,(NULL),time,x,y,w,h,acc,a,r,g,b,blend,filter,angle,center,loop,timer,op1,op2,op3
#DST_IMAGE,0,0,259,482,51,0,0,321,255,255,255,1,0,0,0,100,101,0,0,0
#DST_IMAGE,0,100,259,482,51,-481,0,255,255,255,255,1,0,0,0,,,,,

//2,,,,,,,,,,,,,,,,,,,,
//SRC定義,(NULL),gr,x,y,w,h,div_x,div_y,cycle,timer,op1,op2,op3,,,,,,,
#SRC_IMAGE,0,15,0,0,60,482,1,1,0,102,0,0,0,,,,,,,,
//DST定義,(NULL),time,x,y,w,h,acc,a,r,g,b,blend,filter,angle,center,loop,timer,op1,op2,op3
#DST_IMAGE,0,0,313,482,39,0,0,321,255,255,255,1,0,0,0,100,102,0,0,0
#DST_IMAGE,0,100,313,482,39,-481,0,255,255,255,255,1,0,0,0,,,,,

//3,,,,,,,,,,,,,,,,,,,,
//SRC定義,(NULL),gr,x,y,w,h,div_x,div_y,cycle,timer,op1,op2,op3,,,,,,,
#SRC_IMAGE,0,15,0,0,60,482,1,1,0,103,0,0,0,,,,,,,,
//DST定義,(NULL),time,x,y,w,h,acc,a,r,g,b,blend,filter,angle,center,loop,timer,op1,op2,op3
#DST_IMAGE,0,0,355,482,51,0,0,321,255,255,255,1,0,0,0,100,103,0,0,0
#DST_IMAGE,0,100,355,482,51,-481,0,255,255,255,255,1,0,0,0,,,,,

//4,,,,,,,,,,,,,,,,,,,,
//SRC定義,(NULL),gr,x,y,w,h,div_x,div_y,cycle,timer,op1,op2,op3,,,,,,,
#SRC_IMAGE,0,15,0,0,60,482,1,1,0,104,0,0,0,,,,,,,,
//DST定義,(NULL),time,x,y,w,h,acc,a,r,g,b,blend,filter,angle,center,loop,timer,op1,op2,op3
#DST_IMAGE,0,0,409,482,39,0,0,321,255,255,255,1,0,0,0,100,104,0,0,0
#DST_IMAGE,0,100,409,482,39,-481,0,255,255,255,255,1,0,0,0,,,,,

//5,,,,,,,,,,,,,,,,,,,,
//SRC定義,(NULL),gr,x,y,w,h,div_x,div_y,cycle,timer,op1,op2,op3,,,,,,,
#SRC_IMAGE,0,15,0,0,60,482,1,1,0,105,0,0,0,,,,,,,,
//DST定義,(NULL),time,x,y,w,h,acc,a,r,g,b,blend,filter,angle,center,loop,timer,op1,op2,op3
#DST_IMAGE,0,0,451,482,51,0,0,321,255,255,255,1,0,0,0,100,105,0,0,0
#DST_IMAGE,0,100,451,482,51,-481,0,255,255,255,255,1,0,0,0,,,,,

//6,,,,,,,,,,,,,,,,,,,,
//SRC定義,(NULL),gr,x,y,w,h,div_x,div_y,cycle,timer,op1,op2,op3,,,,,,,
#SRC_IMAGE,0,15,0,0,60,482,1,1,0,106,0,0,0,,,,,,,,
//DST定義,(NULL),time,x,y,w,h,acc,a,r,g,b,blend,filter,angle,center,loop,timer,op1,op2,op3
#DST_IMAGE,0,0,505,482,39,0,0,321,255,255,255,1,0,0,0,100,106,0,0,0
#DST_IMAGE,0,100,505,482,39,-481,0,255,255,255,255,1,0,0,0,,,,,

//7,,,,,,,,,,,,,,,,,,,,
//SRC定義,(NULL),gr,x,y,w,h,div_x,div_y,cycle,timer,op1,op2,op3,,,,,,,
#SRC_IMAGE,0,15,0,0,60,482,1,1,0,107,0,0,0,,,,,,,,
//DST定義,(NULL),time,x,y,w,h,acc,a,r,g,b,blend,filter,angle,center,loop,timer,op1,op2,op3
#DST_IMAGE,0,0,547,482,51,0,0,321,255,255,255,1,0,0,0,100,107,0,0,0
#DST_IMAGE,0,100,547,482,51,-481,0,255,255,255,255,1,0,0,0,,,,,

//レーザーオフ,timer120- 1Pレーザーオフ,,,,,,,,,,,,,,,,,,,

//SC,,,,,,,,,,,,,,,,,,,,
//SRC定義,(NULL),gr,x,y,w,h,div_x,div_y,cycle,timer,op1,op2,op3,,,,,,,
#SRC_IMAGE,0,15,0,0,60,482,1,1,0,120,0,0,0,,,,,,,,
//DST定義,(NULL),time,x,y,w,h,acc,a,r,g,b,blend,filter,angle,center,loop,timer,op1,op2,op3
#DST_IMAGE,0,0,166,482,90,-481,0,255,255,255,255,1,0,0,0,100,120,0,0,0
#DST_IMAGE,0,100,212,482,0,-481,0,0,255,255,255,1,0,0,0,,,,,

//1,,,,,,,,,,,,,,,,,,,,
//SRC定義,(NULL),gr,x,y,w,h,div_x,div_y,cycle,timer,op1,op2,op3,,,,,,,
#SRC_IMAGE,0,15,0,0,60,482,1,1,0,121,0,0,0,,,,,,,,
//DST定義,(NULL),time,x,y,w,h,acc,a,r,g,b,blend,filter,angle,center,loop,timer,op1,op2,op3
#DST_IMAGE,0,0,259,482,51,-481,0,255,255,255,255,1,0,0,0,100,121,0,0,0
#DST_IMAGE,0,100,286,482,0,-481,0,0,255,255,255,1,0,0,0,,,,,

//2,,,,,,,,,,,,,,,,,,,,
//SRC定義,(NULL),gr,x,y,w,h,div_x,div_y,cycle,timer,op1,op2,op3,,,,,,,
#SRC_IMAGE,0,15,0,0,60,482,1,1,0,122,0,0,0,,,,,,,,
//DST定義,(NULL),time,x,y,w,h,acc,a,r,g,b,blend,filter,angle,center,loop,timer,op1,op2,op3
#DST_IMAGE,0,0,313,482,39,-481,0,255,255,255,255,1,0,0,0,100,122,0,0,0
#DST_IMAGE,0,100,334,482,0,-481,0,0,255,255,255,1,0,0,0,,,,,


//3,,,,,,,,,,,,,,,,,,,,
//SRC定義,(NULL),gr,x,y,w,h,div_x,div_y,cycle,timer,op1,op2,op3,,,,,,,
#SRC_IMAGE,0,15,0,0,60,482,1,1,0,123,0,0,0,,,,,,,,
//DST定義,(NULL),time,x,y,w,h,acc,a,r,g,b,blend,filter,angle,center,loop,timer,op1,op2,op3
#DST_IMAGE,0,0,355,482,51,-481,0,255,255,255,255,1,0,0,0,100,123,0,0,0
#DST_IMAGE,0,100,382,482,0,-481,0,0,255,255,255,1,0,0,0,,,,,


//4,,,,,,,,,,,,,,,,,,,,
//SRC定義,(NULL),gr,x,y,w,h,div_x,div_y,cycle,timer,op1,op2,op3,,,,,,,
#SRC_IMAGE,0,15,0,0,60,482,1,1,0,124,0,0,0,,,,,,,,
//DST定義,(NULL),time,x,y,w,h,acc,a,r,g,b,blend,filter,angle,center,loop,timer,op1,op2,op3
#DST_IMAGE,0,0,409,482,39,-481,0,255,255,255,255,1,0,0,0,100,124,0,0,0
#DST_IMAGE,0,100,430,482,0,-481,0,0,255,255,255,1,0,0,0,,,,,

//5,,,,,,,,,,,,,,,,,,,,
//SRC定義,(NULL),gr,x,y,w,h,div_x,div_y,cycle,timer,op1,op2,op3,,,,,,,
#SRC_IMAGE,0,15,0,0,60,482,1,1,0,125,0,0,0,,,,,,,,
//DST定義,(NULL),time,x,y,w,h,acc,a,r,g,b,blend,filter,angle,center,loop,timer,op1,op2,op3
#DST_IMAGE,0,0,451,482,51,-481,0,255,255,255,255,1,0,0,0,100,125,0,0,0
#DST_IMAGE,0,100,478,482,0,-481,0,0,255,255,255,1,0,0,0,,,,,

//6,,,,,,,,,,,,,,,,,,,,
//SRC定義,(NULL),gr,x,y,w,h,div_x,div_y,cycle,timer,op1,op2,op3,,,,,,,
#SRC_IMAGE,0,15,0,0,60,482,1,1,0,126,0,0,0,,,,,,,,
//DST定義,(NULL),time,x,y,w,h,acc,a,r,g,b,blend,filter,angle,center,loop,timer,op1,op2,op3
#DST_IMAGE,0,0,505,482,39,-481,0,255,255,255,255,1,0,0,0,100,126,0,0,0
#DST_IMAGE,0,100,526,482,0,-481,0,0,255,255,255,1,0,0,0,,,,,

//7,,,,,,,,,,,,,,,,,,,,
//SRC定義,(NULL),gr,x,y,w,h,div_x,div_y,cycle,timer,op1,op2,op3,,,,,,,
#SRC_IMAGE,0,15,0,0,60,482,1,1,0,127,0,0,0,,,,,,,,
//DST定義,(NULL),time,x,y,w,h,acc,a,r,g,b,blend,filter,angle,center,loop,timer,op1,op2,op3
#DST_IMAGE,0,0,547,482,51,-481,0,255,255,255,255,1,0,0,0,100,127,0,0,0
#DST_IMAGE,0,100,574,482,0,-481,0,0,255,255,255,1,0,0,0,,,,,


------------------------------------------

//sc,,,,,,,,,,,,,,,,,,,,
//SRC定義,(NULL),gr,x,y,w,h,div_x,div_y,cycle,timer,op1,op2,op3,,,,,,,
#SRC_IMAGE,0,15,0,0,60,482,1,1,0,110,0,0,0,,,,,,,,
//DST定義,(NULL),time,x,y,w,h,acc,a,r,g,b,blend,filter,angle,center,loop,timer,op1,op2,op3
#DST_IMAGE,0,0,1024,482,90,0,0,321,255,255,255,1,0,0,0,100,110,0,0,0
#DST_IMAGE,0,100,1024,482,90,-481,0,255,255,255,255,1,0,0,0,,,,,

//1,,,,,,,,,,,,,,,,,,,,
//SRC定義,(NULL),gr,x,y,w,h,div_x,div_y,cycle,timer,op1,op2,op3,,,,,,,
#SRC_IMAGE,0,15,0,0,60,482,1,1,0,111,0,0,0,,,,,,,,
//DST定義,(NULL),time,x,y,w,h,acc,a,r,g,b,blend,filter,angle,center,loop,timer,op1,op2,op3
#DST_IMAGE,0,0,682,482,51,0,0,321,255,255,255,1,0,0,0,100,111,0,0,0
#DST_IMAGE,0,100,682,482,51,-481,0,255,255,255,255,1,0,0,0,,,,,

//2,,,,,,,,,,,,,,,,,,,,
//SRC定義,(NULL),gr,x,y,w,h,div_x,div_y,cycle,timer,op1,op2,op3,,,,,,,
#SRC_IMAGE,0,15,0,0,60,482,1,1,0,112,0,0,0,,,,,,,,
//DST定義,(NULL),time,x,y,w,h,acc,a,r,g,b,blend,filter,angle,center,loop,timer,op1,op2,op3
#DST_IMAGE,0,0,736,482,39,0,0,321,255,255,255,1,0,0,0,100,112,0,0,0
#DST_IMAGE,0,100,736,482,39,-481,0,255,255,255,255,1,0,0,0,,,,,

//3,,,,,,,,,,,,,,,,,,,,
//SRC定義,(NULL),gr,x,y,w,h,div_x,div_y,cycle,timer,op1,op2,op3,,,,,,,
#SRC_IMAGE,0,15,0,0,60,482,1,1,0,113,0,0,0,,,,,,,,
//DST定義,(NULL),time,x,y,w,h,acc,a,r,g,b,blend,filter,angle,center,loop,timer,op1,op2,op3
#DST_IMAGE,0,0,778,482,51,0,0,321,255,255,255,1,0,0,0,100,113,0,0,0
#DST_IMAGE,0,100,778,482,51,-481,0,255,255,255,255,1,0,0,0,,,,,

//4,,,,,,,,,,,,,,,,,,,,
//SRC定義,(NULL),gr,x,y,w,h,div_x,div_y,cycle,timer,op1,op2,op3,,,,,,,
#SRC_IMAGE,0,15,0,0,60,482,1,1,0,114,0,0,0,,,,,,,,
//DST定義,(NULL),time,x,y,w,h,acc,a,r,g,b,blend,filter,angle,center,loop,timer,op1,op2,op3
#DST_IMAGE,0,0,832,482,39,0,0,321,255,255,255,1,0,0,0,100,114,0,0,0
#DST_IMAGE,0,100,832,482,39,-481,0,255,255,255,255,1,0,0,0,,,,,

//5,,,,,,,,,,,,,,,,,,,,
//SRC定義,(NULL),gr,x,y,w,h,div_x,div_y,cycle,timer,op1,op2,op3,,,,,,,
#SRC_IMAGE,0,15,0,0,60,482,1,1,0,115,0,0,0,,,,,,,,
//DST定義,(NULL),time,x,y,w,h,acc,a,r,g,b,blend,filter,angle,center,loop,timer,op1,op2,op3
#DST_IMAGE,0,0,874,482,51,0,0,321,255,255,255,1,0,0,0,100,115,0,0,0
#DST_IMAGE,0,100,874,482,51,-481,0,255,255,255,255,1,0,0,0,,,,,

//6,,,,,,,,,,,,,,,,,,,,
//SRC定義,(NULL),gr,x,y,w,h,div_x,div_y,cycle,timer,op1,op2,op3,,,,,,,
#SRC_IMAGE,0,15,0,0,60,482,1,1,0,116,0,0,0,,,,,,,,
//DST定義,(NULL),time,x,y,w,h,acc,a,r,g,b,blend,filter,angle,center,loop,timer,op1,op2,op3
#DST_IMAGE,0,0,928,482,39,0,0,321,255,255,255,1,0,0,0,100,116,0,0,0
#DST_IMAGE,0,100,928,482,39,-481,0,255,255,255,255,1,0,0,0,,,,,

//7,,,,,,,,,,,,,,,,,,,,
//SRC定義,(NULL),gr,x,y,w,h,div_x,div_y,cycle,timer,op1,op2,op3,,,,,,,
#SRC_IMAGE,0,15,0,0,60,482,1,1,0,117,0,0,0,,,,,,,,
//DST定義,(NULL),time,x,y,w,h,acc,a,r,g,b,blend,filter,angle,center,loop,timer,op1,op2,op3
#DST_IMAGE,0,0,970,482,51,0,0,321,255,255,255,1,0,0,0,100,117,0,0,0
#DST_IMAGE,0,100,970,482,51,-481,0,255,255,255,255,1,0,0,0,,,,,

//レーザーオフ,timer120- 1Pレーザーオフ,,,,,,,,,,,,,,,,,,,

//SC,,,,,,,,,,,,,,,,,,,,
//SRC定義,(NULL),gr,x,y,w,h,div_x,div_y,cycle,timer,op1,op2,op3,,,,,,,
#SRC_IMAGE,0,15,0,0,60,482,1,1,0,130,0,0,0,,,,,,,,
//DST定義,(NULL),time,x,y,w,h,acc,a,r,g,b,blend,filter,angle,center,loop,timer,op1,op2,op3
#DST_IMAGE,0,0,1024,482,90,-481,0,255,255,255,255,1,0,0,0,100,130,0,0,0
#DST_IMAGE,0,100,1070,482,0,-481,0,0,255,255,255,1,0,0,0,,,,,

//1,,,,,,,,,,,,,,,,,,,,
//SRC定義,(NULL),gr,x,y,w,h,div_x,div_y,cycle,timer,op1,op2,op3,,,,,,,
#SRC_IMAGE,0,15,0,0,60,482,1,1,0,131,0,0,0,,,,,,,,
//DST定義,(NULL),time,x,y,w,h,acc,a,r,g,b,blend,filter,angle,center,loop,timer,op1,op2,op3
#DST_IMAGE,0,0,682,482,51,-481,0,255,255,255,255,1,0,0,0,100,131,0,0,0
#DST_IMAGE,0,100,709,482,0,-481,0,0,255,255,255,1,0,0,0,,,,,

//2,,,,,,,,,,,,,,,,,,,,
//SRC定義,(NULL),gr,x,y,w,h,div_x,div_y,cycle,timer,op1,op2,op3,,,,,,,
#SRC_IMAGE,0,15,0,0,60,482,1,1,0,132,0,0,0,,,,,,,,
//DST定義,(NULL),time,x,y,w,h,acc,a,r,g,b,blend,filter,angle,center,loop,timer,op1,op2,op3
#DST_IMAGE,0,0,736,482,39,-481,0,255,255,255,255,1,0,0,0,100,132,0,0,0
#DST_IMAGE,0,100,757,482,0,-481,0,0,255,255,255,1,0,0,0,,,,,


//3,,,,,,,,,,,,,,,,,,,,
//SRC定義,(NULL),gr,x,y,w,h,div_x,div_y,cycle,timer,op1,op2,op3,,,,,,,
#SRC_IMAGE,0,15,0,0,60,482,1,1,0,133,0,0,0,,,,,,,,
//DST定義,(NULL),time,x,y,w,h,acc,a,r,g,b,blend,filter,angle,center,loop,timer,op1,op2,op3
#DST_IMAGE,0,0,778,482,51,-481,0,255,255,255,255,1,0,0,0,100,133,0,0,0
#DST_IMAGE,0,100,805,482,0,-481,0,0,255,255,255,1,0,0,0,,,,,


//4,,,,,,,,,,,,,,,,,,,,
//SRC定義,(NULL),gr,x,y,w,h,div_x,div_y,cycle,timer,op1,op2,op3,,,,,,,
#SRC_IMAGE,0,15,0,0,60,482,1,1,0,134,0,0,0,,,,,,,,
//DST定義,(NULL),time,x,y,w,h,acc,a,r,g,b,blend,filter,angle,center,loop,timer,op1,op2,op3
#DST_IMAGE,0,0,832,482,39,-481,0,255,255,255,255,1,0,0,0,100,134,0,0,0
#DST_IMAGE,0,100,853,482,0,-481,0,0,255,255,255,1,0,0,0,,,,,

//5,,,,,,,,,,,,,,,,,,,,
//SRC定義,(NULL),gr,x,y,w,h,div_x,div_y,cycle,timer,op1,op2,op3,,,,,,,
#SRC_IMAGE,0,15,0,0,60,482,1,1,0,135,0,0,0,,,,,,,,
//DST定義,(NULL),time,x,y,w,h,acc,a,r,g,b,blend,filter,angle,center,loop,timer,op1,op2,op3
#DST_IMAGE,0,0,874,482,51,-481,0,255,255,255,255,1,0,0,0,100,135,0,0,0
#DST_IMAGE,0,100,891,482,0,-481,0,0,255,255,255,1,0,0,0,,,,,

//6,,,,,,,,,,,,,,,,,,,,
//SRC定義,(NULL),gr,x,y,w,h,div_x,div_y,cycle,timer,op1,op2,op3,,,,,,,
#SRC_IMAGE,0,15,0,0,60,482,1,1,0,136,0,0,0,,,,,,,,
//DST定義,(NULL),time,x,y,w,h,acc,a,r,g,b,blend,filter,angle,center,loop,timer,op1,op2,op3
#DST_IMAGE,0,0,928,482,39,-481,0,255,255,255,255,1,0,0,0,100,136,0,0,0
#DST_IMAGE,0,100,949,482,0,-481,0,0,255,255,255,1,0,0,0,,,,,

//7,,,,,,,,,,,,,,,,,,,,
//SRC定義,(NULL),gr,x,y,w,h,div_x,div_y,cycle,timer,op1,op2,op3,,,,,,,
#SRC_IMAGE,0,15,0,0,60,482,1,1,0,137,0,0,0,,,,,,,,
//DST定義,(NULL),time,x,y,w,h,acc,a,r,g,b,blend,filter,angle,center,loop,timer,op1,op2,op3
#DST_IMAGE,0,0,970,482,51,-481,0,255,255,255,255,1,0,0,0,100,137,0,0,0
#DST_IMAGE,0,100,997,482,0,-481,0,0,255,255,255,1,0,0,0,,,,,



/////////////////////////////////////////////////////////////////////////////////////////////////,,,,,,,,,,,,,,,,,,,,
//ノート関連定義,,,,,,,,,,,,,,,,,,,,
//[小節線],,,,,,,,,,,,,,,,,,,,
//小節線0が1P側、1が2P側,,,,,,,,,,,,,,,,,,,,
#IF,920
//SRC定義,(NULL),gr,x,y,w,h,div_x,div_y,cycle,timer,op1,op2,op3,,,,,,,
#SRC_LINE,0,6,248,322,144,1,1,1,0,0,0,0,0,,,,,,,
//DST定義,(NULL),time,x,y,w,h,acc,a,r,g,b,blend,filter,angle,center,loop,timer,op1,op2,op3
#DST_LINE,0,0,25,320,144,1,0,255,255,255,255,1,0,0,0,0,0,0,0,0
#ELSEIF,921
//SRC定義,(NULL),gr,x,y,w,h,div_x,div_y,cycle,timer,op1,op2,op3,,,,,,,
#SRC_LINE,0,6,0,390,1,1,1,1,0,0,0,0,0,,,,,,,
//DST定義,(NULL),time,x,y,w,h,acc,a,r,g,b,blend,filter,angle,center,loop,timer,op1,op2,op3
#DST_LINE,0,0,166,480,432,2,0,255,255,255,255,1,0,0,0,0,0,0,0,0
//SRC定義,(NULL),gr,x,y,w,h,div_x,div_y,cycle,timer,op1,op2,op3,,,,,,,
#SRC_LINE,1,6,0,390,1,1,1,1,0,0,0,0,0,,,,,,,
//DST定義,(NULL),time,x,y,w,h,acc,a,r,g,b,blend,filter,angle,center,loop,timer,op1,op2,op3
#DST_LINE,1,0,682,480,432,2,0,255,255,255,255,1,0,0,0,0,0,0,0,0
#ENDIF

//[ノート関連定義],,,,,,,,,,,,,,,,,,,,
//indexは、0がスクラッチ、1～9が鍵盤です,,,,,,,,,,,,,,,,,,,,
//pmsの場合は、index1-9で定義して下さい。pms本体の記述形式とは異なり、2P側のレーンは使用していません。,,,,,,,,,,,,,,,,,,,,
//+10で2P側,,,,,,,,,,,,,

#SRC_NOTE,0,8,0,0,60,24,1,1,0,0,0,0,0,,,,,,,,
#SRC_NOTE,1,8,61,0,34,24,1,1,0,0,0,0,0,,,,,,,,
#SRC_NOTE,2,8,96,0,26,24,1,1,0,0,0,0,0,,,,,,,,
#SRC_NOTE,3,8,61,0,34,24,1,1,0,0,0,0,0,,,,,,,,
#SRC_NOTE,4,8,96,0,26,24,1,1,0,0,0,0,0,,,,,,,,
#SRC_NOTE,5,8,61,0,34,24,1,1,0,0,0,0,0,,,,,,,,
#SRC_NOTE,6,8,96,0,26,24,1,1,0,0,0,0,0,,,,,,,,
#SRC_NOTE,7,8,61,0,34,24,1,1,0,0,0,0,0,,,,,,,,
#SRC_AUTO_NOTE,0,8,123,0,60,24,1,1,0,0,0,0,0,,,,,,,,
#SRC_LN_END,0,8,0,51,60,24,1,1,0,0,0,0,0,,,,,,,,
#SRC_LN_END,1,8,61,51,34,24,1,1,0,0,0,0,0,,,,,,,,
#SRC_LN_END,2,8,96,51,26,24,1,1,0,0,0,0,0,,,,,,,,
#SRC_LN_END,3,8,61,51,34,24,1,1,0,0,0,0,0,,,,,,,,
#SRC_LN_END,4,8,96,51,26,24,1,1,0,0,0,0,0,,,,,,,,
#SRC_LN_END,5,8,61,51,34,24,1,1,0,0,0,0,0,,,,,,,,
#SRC_LN_END,6,8,96,51,26,24,1,1,0,0,0,0,0,,,,,,,,
#SRC_LN_END,7,8,61,51,34,24,1,1,0,0,0,0,0,,,,,,,,
#SRC_AUTO_LN_END,0,8,123,51,60,24,1,1,0,0,0,0,0,,,,,,,,
#SRC_LN_START,0,8,0,76,60,24,1,1,0,0,0,0,0,,,,,,,,
#SRC_LN_START,1,8,61,76,34,24,1,1,0,0,0,0,0,,,,,,,,
#SRC_LN_START,2,8,96,76,26,24,1,1,0,0,0,0,0,,,,,,,,
#SRC_LN_START,3,8,61,76,34,24,1,1,0,0,0,0,0,,,,,,,,
#SRC_LN_START,4,8,96,76,26,24,1,1,0,0,0,0,0,,,,,,,,
#SRC_LN_START,5,8,61,76,34,24,1,1,0,0,0,0,0,,,,,,,,
#SRC_LN_START,6,8,96,76,26,24,1,1,0,0,0,0,0,,,,,,,,
#SRC_LN_START,7,8,61,76,34,24,1,1,0,0,0,0,0,,,,,,,,
#SRC_AUTO_LN_START,0,8,123,76,60,24,1,1,0,0,0,0,0,,,,,,,,
#SRC_LN_BODY,0,8,0,101,60,24,1,24,266,70,0,0,0,,,,,,,,
#SRC_LN_BODY,1,8,61,101,34,24,1,24,266,71,0,0,0,,,,,,,,
#SRC_LN_BODY,2,8,96,101,26,24,1,24,266,72,0,0,0,,,,,,,,
#SRC_LN_BODY,3,8,61,101,34,24,1,24,266,73,0,0,0,,,,,,,,
#SRC_LN_BODY,4,8,96,101,26,24,1,24,266,74,0,0,0,,,,,,,,
#SRC_LN_BODY,5,8,61,101,34,24,1,24,266,75,0,0,0,,,,,,,,
#SRC_LN_BODY,6,8,96,101,26,24,1,24,266,76,0,0,0,,,,,,,,
#SRC_LN_BODY,7,8,61,101,34,24,1,24,266,77,0,0,0,,,,,,,,
#SRC_AUTO_LN_BODY,0,8,123,101,60,24,1,24,266,70,0,0,0,,,,,,,,
#SRC_MINE,0,8,0,25,60,24,1,1,0,0,0,0,0,,,,,,,,
#SRC_MINE,1,8,61,25,34,24,1,1,0,0,0,0,0,,,,,,,,
#SRC_MINE,2,8,96,25,26,24,1,1,0,0,0,0,0,,,,,,,,
#SRC_MINE,3,8,61,25,34,24,1,1,0,0,0,0,0,,,,,,,,
#SRC_MINE,4,8,96,25,26,24,1,1,0,0,0,0,0,,,,,,,,
#SRC_MINE,5,8,61,25,34,24,1,1,0,0,0,0,0,,,,,,,,
#SRC_MINE,6,8,96,25,26,24,1,1,0,0,0,0,0,,,,,,,,
#SRC_MINE,7,8,61,25,34,24,1,1,0,0,0,0,0,,,,,,,,
#SRC_AUTO_MINE,0,8,123,25,60,24,1,1,0,0,0,0,0,,,,,,,,
#SRC_NOTE,10,8,0,0,60,24,1,1,0,0,0,0,0,,,,,,,,
#SRC_NOTE,11,8,61,0,34,24,1,1,0,0,0,0,0,,,,,,,,
#SRC_NOTE,12,8,96,0,26,24,1,1,0,0,0,0,0,,,,,,,,
#SRC_NOTE,13,8,61,0,34,24,1,1,0,0,0,0,0,,,,,,,,
#SRC_NOTE,14,8,96,0,26,24,1,1,0,0,0,0,0,,,,,,,,
#SRC_NOTE,15,8,61,0,34,24,1,1,0,0,0,0,0,,,,,,,,
#SRC_NOTE,16,8,96,0,26,24,1,1,0,0,0,0,0,,,,,,,,
#SRC_NOTE,17,8,61,0,34,24,1,1,0,0,0,0,0,,,,,,,,
#SRC_AUTO_NOTE,10,8,123,0,60,24,1,1,0,0,0,0,0,,,,,,,,
#SRC_LN_END,10,8,0,51,60,24,1,1,0,0,0,0,0,,,,,,,,
#SRC_LN_END,11,8,61,51,34,24,1,1,0,0,0,0,0,,,,,,,,
#SRC_LN_END,12,8,96,51,26,24,1,1,0,0,0,0,0,,,,,,,,
#SRC_LN_END,13,8,61,51,34,24,1,1,0,0,0,0,0,,,,,,,,
#SRC_LN_END,14,8,96,51,26,24,1,1,0,0,0,0,0,,,,,,,,
#SRC_LN_END,15,8,61,51,34,24,1,1,0,0,0,0,0,,,,,,,,
#SRC_LN_END,16,8,96,51,26,24,1,1,0,0,0,0,0,,,,,,,,
#SRC_LN_END,17,8,61,51,34,24,1,1,0,0,0,0,0,,,,,,,,
#SRC_AUTO_LN_END,10,8,123,51,60,24,1,1,0,0,0,0,0,,,,,,,,
#SRC_LN_START,10,8,0,76,60,24,1,1,0,0,0,0,0,,,,,,,,
#SRC_LN_START,11,8,61,76,34,24,1,1,0,0,0,0,0,,,,,,,,
#SRC_LN_START,12,8,96,76,26,24,1,1,0,0,0,0,0,,,,,,,,
#SRC_LN_START,13,8,61,76,34,24,1,1,0,0,0,0,0,,,,,,,,
#SRC_LN_START,14,8,96,76,26,24,1,1,0,0,0,0,0,,,,,,,,
#SRC_LN_START,15,8,61,76,34,24,1,1,0,0,0,0,0,,,,,,,,
#SRC_LN_START,16,8,96,76,26,24,1,1,0,0,0,0,0,,,,,,,,
#SRC_LN_START,17,8,61,76,34,24,1,1,0,0,0,0,0,,,,,,,,
#SRC_AUTO_LN_START,10,8,123,76,60,24,1,1,0,0,0,0,0,,,,,,,,
#SRC_LN_BODY,10,8,0,101,60,24,1,24,266,80,0,0,0,,,,,,,,
#SRC_LN_BODY,11,8,61,101,34,24,1,24,266,81,0,0,0,,,,,,,,
#SRC_LN_BODY,12,8,96,101,26,24,1,24,266,82,0,0,0,,,,,,,,
#SRC_LN_BODY,13,8,61,101,34,24,1,24,266,83,0,0,0,,,,,,,,
#SRC_LN_BODY,14,8,96,101,26,24,1,24,266,84,0,0,0,,,,,,,,
#SRC_LN_BODY,15,8,61,101,34,24,1,24,266,85,0,0,0,,,,,,,,
#SRC_LN_BODY,16,8,96,101,26,24,1,24,266,86,0,0,0,,,,,,,,
#SRC_LN_BODY,17,8,61,101,34,24,1,24,266,87,0,0,0,,,,,,,,
#SRC_AUTO_LN_BODY,10,8,123,101,60,24,1,24,266,80,0,0,0,,,,,,,,
#SRC_MINE,10,8,0,25,60,24,1,1,0,0,0,0,0,,,,,,,,
#SRC_MINE,11,8,61,25,34,24,1,1,0,0,0,0,0,,,,,,,,
#SRC_MINE,12,8,96,25,26,24,1,1,0,0,0,0,0,,,,,,,,
#SRC_MINE,13,8,61,25,34,24,1,1,0,0,0,0,0,,,,,,,,
#SRC_MINE,14,8,96,25,26,24,1,1,0,0,0,0,0,,,,,,,,
#SRC_MINE,15,8,61,25,34,24,1,1,0,0,0,0,0,,,,,,,,
#SRC_MINE,16,8,96,25,26,24,1,1,0,0,0,0,0,,,,,,,,
#SRC_MINE,17,8,61,25,34,24,1,1,0,0,0,0,0,,,,,,,,
#SRC_AUTO_MINE,10,2,123,25,60,24,1,1,0,0,0,0,0,,,,,,,,
#DST_NOTE,0,0,166,464,90,27,0,255,255,255,255,0,0,0,0,0,0,0,0,0,
#DST_NOTE,1,0,259,464,51,27,0,255,255,255,255,0,0,0,0,0,0,0,0,0,
#DST_NOTE,2,0,313,464,39,27,0,255,255,255,255,0,0,0,0,0,0,0,0,0,
#DST_NOTE,3,0,355,464,51,27,0,255,255,255,255,0,0,0,0,0,0,0,0,0,
#DST_NOTE,4,0,409,464,39,27,0,255,255,255,255,0,0,0,0,0,0,0,0,0,
#DST_NOTE,5,0,451,464,51,27,0,255,255,255,255,0,0,0,0,0,0,0,0,0,
#DST_NOTE,6,0,505,464,39,27,0,255,255,255,255,0,0,0,0,0,0,0,0,0,
#DST_NOTE,7,0,547,464,51,27,0,255,255,255,255,0,0,0,0,0,0,0,0,0,
#DST_NOTE,10,0,1024,464,90,27,0,255,255,255,255,0,0,0,0,0,0,0,0,0,
#DST_NOTE,11,0,682,464,51,27,0,255,255,255,255,0,0,0,0,0,0,0,0,0,
#DST_NOTE,12,0,736,464,39,27,0,255,255,255,255,0,0,0,0,0,0,0,0,0,
#DST_NOTE,13,0,778,464,51,27,0,255,255,255,255,0,0,0,0,0,0,0,0,0,
#DST_NOTE,14,0,832,464,39,27,0,255,255,255,255,0,0,0,0,0,0,0,0,0,
#DST_NOTE,15,0,874,464,51,27,0,255,255,255,255,0,0,0,0,0,0,0,0,0,
#DST_NOTE,16,0,928,464,39,27,0,255,255,255,255,0,0,0,0,0,0,0,0,0,
#DST_NOTE,17,0,970,464,51,27,0,255,255,255,255,0,0,0,0,0,0,0,0,0,
///////////////////////////////////////////////////////////////////////////////////////////////////////////////,,,,,,,,,,,,,,,,,,,,




//DIFFICULTY,,,,,,,,,,,,,,,


#IF,150
//BEGINNER,option151 difficulty1 (easy),,,,,,,,,,,,,,
//SRC定義,(NULL),gr,x,y,w,h,div_x,div_y,cycle,timer,op1,op2,op3,,
#SRC_IMAGE,0,21,0,0,153,32,1,1,0,0,0,0,0,,
#ENDIF,,,,,,,,,,,,,

#IF,151
//BEGINNER,option151 difficulty1 (easy),,,,,,,,,,,,,,
//SRC定義,(NULL),gr,x,y,w,h,div_x,div_y,cycle,timer,op1,op2,op3,,
#SRC_IMAGE,0,21,0,32,153,32,1,1,0,0,0,0,0,,
#ENDIF,,,,,,,,,,,,,

#IF,152,,,,,,,,,,,,,,
//NORMAL,option152 difficulty2 (normal),,,,,,,,,,,,,,
//SRC定義,(NULL),gr,x,y,w,h,div_x,div_y,cycle,timer,op1,op2,op3,,
#SRC_IMAGE,0,21,0,64,153,32,1,1,0,0,0,0,0,,
#ENDIF,,,,,,,,,,,,,

#IF,153,,,,,,,,,,,,
//HYPER,option153 difficulty3 (hyper),,,,,,,,,,,,
//SRC定義,(NULL),gr,x,y,w,h,div_x,div_y,cycle,timer,op1,op2,op3
#SRC_IMAGE,0,21,0,96,153,32,1,1,0,0,0,0,0
#ENDIF,,,,,,,,,,,,,

#IF,154,,,,,,,,,,,,
//ANOTHER,option154 difficulty4 (another),,,,,,,,,,,,
//SRC定義,(NULL),gr,x,y,w,h,div_x,div_y,cycle,timer,op1,op2,op3
#SRC_IMAGE,0,21,0,128,153,32,1,1,0,0,0,0,0
#ENDIF,,,,,,,,,,,,,

#IF,155,,,,,,,,,,,,
//MANIAC,option155 difficulty5 (maniac),,,,,,,,,,,,
//SRC定義,(NULL),gr,x,y,w,h,div_x,div_y,cycle,timer,op1,op2,op3,,,,,,,
#SRC_IMAGE,0,21,0,160,153,32,1,1,0,0,0,0,0,,,,,,,
#ENDIF,,,,,,,,,,,,,,,,,,,,

//DST定義,(NULL),time,x,y,w,h,acc,a,r,g,b,blend,filter,angle,center,loop,timer,op1,op2,op3
#DST_IMAGE,0,1000,187,603,153,32,0,0,255,255,255,1,0,0,0,1500,0,0,0,0
#DST_IMAGE,0,1500,187,603,153,32,0,255,255,255,255,1,0,0,0,0,5600,0,0,0
#DST_IMAGE,0,3800,187,603,153,32,0,255,255,255,255,1,0,0,0,0,0,0,0,0
#DST_IMAGE,0,4800,187,603,153,32,0,140,255,255,255,1,0,0,0,0,0,0,0,0
#DST_IMAGE,0,5600,187,603,153,32,0,255,255,255,255,1,0,0,0,0,0,0,0,0




//レベル表示
-Beginner-
#SRC_NUMBER,0,22,0,0,-1,-1,10,1,0,0,45,0,2,,,,,,,
//DST定義,(NULL),time,x,y,w,h,acc,a,r,g,b,blend,filter,angle,center,loop,timer,op1,op2,op3
#DST_NUMBER,0,1000,306,614,11,10,0,0,255,255,255,1,1,0,0,1500,0,151,0,0
#DST_NUMBER,0,1500,306,614,11,10,0,230,255,255,255,1,1,0,0,,,,,
-Normal-
#SRC_NUMBER,0,22,0,0,-1,-1,10,1,0,0,46,0,2,,,,,,,
//DST定義,(NULL),time,x,y,w,h,acc,a,r,g,b,blend,filter,angle,center,loop,timer,op1,op2,op3
#DST_NUMBER,0,1000,306,614,11,10,0,0,255,255,255,1,1,0,0,1500,0,152,0,0
#DST_NUMBER,0,1500,306,614,11,10,0,230,255,255,255,1,1,0,0,,,,,
-Hyper-
#SRC_NUMBER,0,22,0,0,-1,-1,10,1,0,0,47,0,2,,,,,,,
//DST定義,(NULL),time,x,y,w,h,acc,a,r,g,b,blend,filter,angle,center,loop,timer,op1,op2,op3
#DST_NUMBER,0,1000,306,614,11,10,0,0,255,255,255,1,1,0,0,1500,0,153,0,0
#DST_NUMBER,0,1500,306,614,11,10,0,230,255,255,255,1,1,0,0,,,,,
-Another-
#SRC_NUMBER,0,22,0,0,-1,-1,10,1,0,0,48,0,2,,,,,,,
//DST定義,(NULL),time,x,y,w,h,acc,a,r,g,b,blend,filter,angle,center,loop,timer,op1,op2,op3
#DST_NUMBER,0,1000,306,614,11,10,0,0,255,255,255,1,1,0,0,1500,0,154,0,0
#DST_NUMBER,0,1500,306,614,11,10,0,230,255,255,255,1,1,0,0,,,,,
-Insane-
#SRC_NUMBER,0,22,0,0,-1,-1,10,1,0,0,49,0,2,,,,,,,
//DST定義,(NULL),time,x,y,w,h,acc,a,r,g,b,blend,filter,angle,center,loop,timer,op1,op2,op3
#DST_NUMBER,0,1000,306,614,11,10,0,0,255,255,255,1,1,0,0,1500,0,155,0,0
#DST_NUMBER,0,1500,306,614,11,10,0,230,255,255,255,1,1,0,0,,,,,

//カバー,,,,,,,,,,,,,,,,,,,,


//スコアグラフ,,,,,,,,,,,,,,,,,,,,
//上方向に伸ばすために、hを負の値に、mukiを1に指定します。,,,,,,,,,,,,,,,,,,,,
//option32 autoplay off,,,,,,,,,,,,,,,,,,,,
//option39 scoregraph on,,,,,,,,,,,,,,,,,,,,
//timer40 READY,,,,,,,,,,,,,,,,,,,,
//スコアグラフフレーム,,,,,,,,,,,,,,,,,,,,
//SRC定義,(NULL),gr,x,y,w,h,div_x,div_y,cycle,timer,op1,op2,op3,,,,,,,
#SRC_IMAGE,0,2,1283,721,133,720,1,1,0,0,0,0,0,,,,,,,
//DST定義,(NULL),time,x,y,w,h,acc,a,r,g,b,blend,filter,angle,center,loop,timer,op1,op2,op3
#DST_IMAGE,0,300,1147,1440,133,720,0,0,255,255,255,1,0,0,0,1300,0,32,39,0
#DST_IMAGE,0,1300,1147,0,133,720,0,255,255,255,255,1,0,0,0,0,0,32,39,0

//AAA確定,//option220 AAA確定,,,,,,,,,,,,,,,,,,,
//SRC定義,(NULL),gr,x,y,w,h,div_x,div_y,cycle,timer,op1,op2,op3,,,,,,,
#SRC_IMAGE,0,12,1,1,1,1,1,1,0,40,0,0,0,,,,,,,
//DST定義,(NULL),time,x,y,w,h,acc,a,r,g,b,blend,filter,angle,center,loop,timer,op1,op2,op3
#DST_IMAGE,0,0,1149,148,129,2,0,255,255,255,255,1,0,0,0,0,40,32,39,220

//AA確定,//option221 AA確定,,,,,,,,,,,,,,,,,,,
//SRC定義,(NULL),gr,x,y,w,h,div_x,div_y,cycle,timer,op1,op2,op3,,,,,,,
#SRC_IMAGE,0,12,1,1,1,1,1,1,0,40,0,0,0,,,,,,,
//DST定義,(NULL),time,x,y,w,h,acc,a,r,g,b,blend,filter,angle,center,loop,timer,op1,op2,op3
#DST_IMAGE,0,0,1149,196,129,2,0,255,255,255,255,1,0,0,0,0,40,32,39,221

//A確定,//option222 A確定,,,,,,,,,,,,,,,,,,,
//SRC定義,(NULL),gr,x,y,w,h,div_x,div_y,cycle,timer,op1,op2,op3,,,,,,,
#SRC_IMAGE,0,12,1,1,1,1,1,1,0,40,0,0,0,,,,,,,
//DST定義,(NULL),time,x,y,w,h,acc,a,r,g,b,blend,filter,angle,center,loop,timer,op1,op2,op3
#DST_IMAGE,0,0,1149,244,129,2,0,255,255,255,255,1,0,0,0,0,40,32,39,222

//now score,//type10 1P EXSCORE,,,,,,,,,,,,,,,,,,,
//SRC定義,(NULL),gr,x,y,w,h,div_x,div_y,cycle,timer,type,muki,op3,,,,,,,
#SRC_BARGRAPH,0,17,0,0,896,448,896,1,10000,0,10,1,0,,,,,,,
//DST定義,(NULL),time,x,y,w,h,acc,a,r,g,b,blend,filter,angle,center,loop,timer,op1,op2,op3
#DST_BARGRAPH,0,1350,1157,544,34,0,2,255,255,255,255,1,0,0,0,1850,0,32,39,0
#DST_BARGRAPH,0,1850,1157,544,34,-444,2,255,255,255,255,1,0,0,0,,,,,

//mybest bg,//type13 1P HIGHSCORE最終値,,,,,,,,,,,,,,,,,,,
//SRC定義,(NULL),gr,x,y,w,h,div_x,div_y,cycle,timer,type,muki,op3,,,,,,,
#SRC_BARGRAPH,0,12,50,0,34,249,1,1,0,0,13,1,0,,,,,,,
//DST定義,(NULL),time,x,y,w,h,acc,a,r,g,b,blend,filter,angle,center,loop,timer,op1,op2,op3
#DST_BARGRAPH,0,1350,1195,544,36,0,2,255,255,255,255,1,0,0,0,1850,0,32,39,0
#DST_BARGRAPH,0,1850,1195,544,36,-444,2,255,255,255,255,1,0,0,0,,,,,

//mybest(FirstTry),//type10 1P EXSCORE,,,,//option100 NOT PLAYED,,,,,,,,,,,,,,,
//SRC定義,(NULL),gr,x,y,w,h,div_x,div_y,cycle,timer,type,muki,op3,,,,,,,
#SRC_BARGRAPH,0,17,0,449,896,448,896,1,10000,0,10,1,0,,,,,,,
//DST定義,(NULL),time,x,y,w,h,acc,a,r,g,b,blend,filter,angle,center,loop,timer,op1,op2,op3
#DST_BARGRAPH,0,1350,1196,544,34,0,2,255,255,255,255,1,0,0,0,1850,0,32,39,100
#DST_BARGRAPH,0,1850,1196,544,34,-444,2,255,255,255,255,1,0,0,0,,,,,

//mybest,//type12 1P HIGHSCORE現在値,,,,,,,,,,,,,,,,,,,
//SRC定義,(NULL),gr,x,y,w,h,div_x,div_y,cycle,timer,type,muki,op3,,,,,,,
#SRC_BARGRAPH,0,17,0,449,896,448,896,1,10000,0,12,1,0,,,,,,,
//DST定義,(NULL),time,x,y,w,h,acc,a,r,g,b,blend,filter,angle,center,loop,timer,op1,op2,op3
#DST_BARGRAPH,0,1350,1196,544,34,0,2,255,255,255,255,1,0,0,0,1850,0,32,39,0
#DST_BARGRAPH,0,1850,1196,544,34,-444,2,255,255,255,255,1,0,0,0,,,,,

//target bg,//type15 2P(target) EXSCORE最終値,,,,,,,,,,,,,,,,,,,
//SRC定義,(NULL),gr,x,y,w,h,div_x,div_y,cycle,timer,type,muki,op3,,,,,,,
#SRC_BARGRAPH,0,12,50,0,34,249,1,1,0,0,15,1,0,,,,,,,
//DST定義,(NULL),time,x,y,w,h,acc,a,r,g,b,blend,filter,angle,center,loop,timer,op1,op2,op3
#DST_BARGRAPH,0,1350,1234,544,36,0,2,255,255,255,255,1,0,0,0,1850,0,32,39,0
#DST_BARGRAPH,0,1850,1234,544,36,-444,2,255,255,255,255,1,0,0,0,,,,,

//target,//type14 2P(target) EXSCORE現在値,,,,,,,,,,,,,,,,,,,
//SRC定義,(NULL),gr,x,y,w,h,div_x,div_y,cycle,timer,type,muki,op3,,,,,,,
#SRC_BARGRAPH,0,17,0,898,896,448,896,1,10000,0,14,1,0,,,,,,,
//DST定義,(NULL),time,x,y,w,h,acc,a,r,g,b,blend,filter,angle,center,loop,timer,op1,op2,op3
#DST_BARGRAPH,0,1350,1235,544,34,0,2,255,255,255,255,1,0,0,0,1850,0,32,39,0
#DST_BARGRAPH,0,1850,1235,544,34,-444,2,255,255,255,255,1,0,0,0,,,,,


//MY EXSCORE,//number101 exscore,,,,,,,,,,,,,,,,,,,
//SRC定義,(null),gr,x,y,w,h,div_x,div_y,cycle,timer,num,align,keta,,,,,,,
#SRC_NUMBER,0,6,0,1298,253,20,11,1,0,0,101,0,4,,,,,,,
//DST定義,(NULL),time,x,y,w,h,acc,a,r,g,b,blend,filter,angle,center,loop,timer,op1,op2,op3
#DST_NUMBER,0,1350,1185,37,20,17,0,0,255,255,255,1,1,0,0,1550,0,32,39,0
#DST_NUMBER,0,1550,1185,37,20,17,0,255,255,255,255,1,1,0,0,0,0

//TARGET EXSCORE,//number151 ターゲット現在値,,,,,,,,,,,,,,,,,,,
//SRC定義,(null),gr,x,y,w,h,div_x,div_y,cycle,timer,num,align,keta,,,,,,,
#SRC_NUMBER,0,6,0,1298,253,20,11,1,0,0,151,0,4,,,,,,,
//DST定義,(NULL),time,x,y,w,h,acc,a,r,g,b,blend,filter,angle,center,loop,timer,op1,op2,op3
#DST_NUMBER,0,1350,1185,63,20,17,0,0,255,255,255,1,1,0,0,1550,0,32,39,0
#DST_NUMBER,0,1550,1185,63,20,17,0,255,255,255,255,1,1,0,0,0,0



//キーフラッシュ,//timer100- キーオンタイマー,,,,,,,,,,,,,,,,,,,

//1,,,,,,,,,,,,,,,,,,,,
//SRC定義,(NULL),gr,x,y,w,h,div_x,div_y,cycle,timer,op1,op2,op3,,,,,,,
#SRC_IMAGE,0,24,0,0,13,31,1,1,0,101,0,0,0,,,,,,,
//DST定義,(NULL),time,x,y,w,h,acc,a,r,g,b,blend,filter,angle,center,loop,timer,op1,op2,op3
#DST_IMAGE,0,0,268,498,41,69,0,255,255,255,255,2,0,0,0,0,101,0,0,0

//2,,,,,,,,,,,,,,,,,,,,
//SRC定義,(NULL),gr,x,y,w,h,div_x,div_y,cycle,timer,op1,op2,op3,,,,,,,
#SRC_IMAGE,0,24,0,0,13,31,1,1,0,102,0,0,0,,,,,,,
//DST定義,(NULL),time,x,y,w,h,acc,a,r,g,b,blend,filter,angle,center,loop,timer,op1,op2,op3
#DST_IMAGE,0,0,320,491,30,59,0,255,255,255,255,2,0,0,0,0,102,0,0,0

//3,,,,,,,,,,,,,,,,,,,,
//SRC定義,(NULL),gr,x,y,w,h,div_x,div_y,cycle,timer,op1,op2,op3,,,,,,,
#SRC_IMAGE,0,24,0,0,13,31,1,1,0,103,0,0,0,,,,,,,
//DST定義,(NULL),time,x,y,w,h,acc,a,r,g,b,blend,filter,angle,center,loop,timer,op1,op2,op3
#DST_IMAGE,0,0,361,498,41,69,0,255,255,255,255,2,0,0,0,0,103,0,0,0

//4,,,,,,,,,,,,,,,,,,,,
//SRC定義,(NULL),gr,x,y,w,h,div_x,div_y,cycle,timer,op1,op2,op3,,,,,,,
#SRC_IMAGE,0,24,0,0,13,31,1,1,0,104,0,0,0,,,,,,,
//DST定義,(NULL),time,x,y,w,h,acc,a,r,g,b,blend,filter,angle,center,loop,timer,op1,op2,op3
#DST_IMAGE,0,0,413,491,30,59,0,255,255,255,255,2,0,0,0,0,104,0,0,0

//5,,,,,,,,,,,,,,,,,,,,
//SRC定義,(NULL),gr,x,y,w,h,div_x,div_y,cycle,timer,op1,op2,op3,,,,,,,
#SRC_IMAGE,0,24,0,0,13,31,1,1,0,105,0,0,0,,,,,,,
//DST定義,(NULL),time,x,y,w,h,acc,a,r,g,b,blend,filter,angle,center,loop,timer,op1,op2,op3
#DST_IMAGE,0,0,454,498,41,69,0,255,255,255,255,2,0,0,0,0,105,0,0,0

//6,,,,,,,,,,,,,,,,,,,,
//SRC定義,(NULL),gr,x,y,w,h,div_x,div_y,cycle,timer,op1,op2,op3,,,,,,,
#SRC_IMAGE,0,24,0,0,13,31,1,1,0,106,0,0,0,,,,,,,
//DST定義,(NULL),time,x,y,w,h,acc,a,r,g,b,blend,filter,angle,center,loop,timer,op1,op2,op3
#DST_IMAGE,0,0,506,491,30,59,0,255,255,255,255,2,0,0,0,0,106,0,0,0

//7,,,,,,,,,,,,,,,,,,,,
//SRC定義,(NULL),gr,x,y,w,h,div_x,div_y,cycle,timer,op1,op2,op3,,,,,,,
#SRC_IMAGE,0,24,0,0,13,31,1,1,0,107,0,0,0,,,,,,,
//DST定義,(NULL),time,x,y,w,h,acc,a,r,g,b,blend,filter,angle,center,loop,timer,op1,op2,op3
#DST_IMAGE,0,0,547,498,41,69,0,255,255,255,255,2,0,0,0,0,107,0,0,0

//キーフラッシュ,//timer110- キーオンタイマー

//1
//SRC定義,(NULL),gr,x,y,w,h,div_x,div_y,cycle,timer,op1,op2,op3
#SRC_IMAGE,0,24,0,0,13,31,1,1,0,111,0,0,0,,,,,,,,
//DST定義,(NULL),time,x,y,w,h,acc,a,r,g,b,blend,filter,angle,center,loop,timer,op1,op2,op3,
#DST_IMAGE,0,0,692,498,41,69,0,255,255,255,255,2,0,0,0,0,111,0,0,0,

//2
//SRC定義,(NULL),gr,x,y,w,h,div_x,div_y,cycle,timer,op1,op2,op3
#SRC_IMAGE,0,24,0,0,13,31,1,1,0,112,0,0,0,,,,,,,,
//DST定義,(NULL),time,x,y,w,h,acc,a,r,g,b,blend,filter,angle,center,loop,timer,op1,op2,op3,
#DST_IMAGE,0,0,744,491,30,59,0,255,255,255,255,2,0,0,0,0,112,0,0,0,

//3
//SRC定義,(NULL),gr,x,y,w,h,div_x,div_y,cycle,timer,op1,op2,op3
#SRC_IMAGE,0,24,0,0,13,31,1,1,0,113,0,0,0,,,,,,,,
//DST定義,(NULL),time,x,y,w,h,acc,a,r,g,b,blend,filter,angle,center,loop,timer,op1,op2,op3,
#DST_IMAGE,0,0,785,498,41,69,0,255,255,255,255,2,0,0,0,0,113,0,0,0,

//4
//SRC定義,(NULL),gr,x,y,w,h,div_x,div_y,cycle,timer,op1,op2,op3
#SRC_IMAGE,0,24,0,0,13,31,1,1,0,114,0,0,0,,,,,,,,
//DST定義,(NULL),time,x,y,w,h,acc,a,r,g,b,blend,filter,angle,center,loop,timer,op1,op2,op3,
#DST_IMAGE,0,0,837,491,30,59,0,255,255,255,255,2,0,0,0,0,114,0,0,0,

//5
//SRC定義,(NULL),gr,x,y,w,h,div_x,div_y,cycle,timer,op1,op2,op3,,,,,,,,
#SRC_IMAGE,0,24,0,0,13,31,1,1,0,115,0,0,0,,,,,,,,
//DST定義,(NULL),time,x,y,w,h,acc,a,r,g,b,blend,filter,angle,center,loop,timer,op1,op2,op3,
#DST_IMAGE,0,0,878,498,41,69,0,255,255,255,255,2,0,0,0,0,115,0,0,0,

//6
//SRC定義,(NULL),gr,x,y,w,h,div_x,div_y,cycle,timer,op1,op2,op3,,,,,,,,
#SRC_IMAGE,0,24,0,0,13,31,1,1,0,116,0,0,0,,,,,,,,
//DST定義,(NULL),time,x,y,w,h,acc,a,r,g,b,blend,filter,angle,center,loop,timer,op1,op2,op3,
#DST_IMAGE,0,0,930,491,30,59,0,255,255,255,255,2,0,0,0,0,116,0,0,0,

//7
//SRC定義,(NULL),gr,x,y,w,h,div_x,div_y,cycle,timer,op1,op2,op3,,,,,,,,
#SRC_IMAGE,0,24,0,0,13,31,1,1,0,117,0,0,0,,,,,,,,
//DST定義,(NULL),time,x,y,w,h,acc,a,r,g,b,blend,filter,angle,center,loop,timer,op1,op2,op3,
#DST_IMAGE,0,0,971,498,41,69,0,255,255,255,255,2,0,0,0,0,117,0,0,0,



//サドプラ,,,,,,,,,,,,,,,,,,,,
//スライダーの一種として扱います,,,,,,,,,,,,,,,,,,,,
//1P 4 2P 5,,,,,,,,,,,,,,,,,,,,
//SRC定義,index,gr,x,y,w,h,div_x,div_y,cycle,timer,muki,range,type,disable,,,,,,
#SRC_SLIDER,0,5,0,0,288,484,1,1,0,0,2,484,4,1,,,,,,
//DST定義,index,time,x,y,w,h,acc,a,r,g,b,blend,filter,angle,center,loop,timer,op1,op2,op3
#DST_SLIDER,0,1750,166,-968,432,484,2,255,255,255,255,1,0,0,0,2050,0,0,0,0
#DST_SLIDER,0,2050,166,-484,432,484,2,255,255,255,255,1,0,0,0,,,,,

//SRC定義,index,gr,x,y,w,h,div_x,div_y,cycle,timer,muki,range,type,disable,,,,,,
#SRC_SLIDER,0,5,0,0,288,484,1,1,0,0,2,484,4,1,,,,,,
//DST定義,index,time,x,y,w,h,acc,a,r,g,b,blend,filter,angle,center,loop,timer,op1,op2,op3
#DST_SLIDER,0,1750,682,-968,432,484,2,255,255,255,255,1,0,0,0,2050,0,0,0,0
#DST_SLIDER,0,2050,682,-484,432,484,2,255,255,255,255,1,0,0,0,,,,,

//曲進行状態,,,,,,,,,,,,,,,,,,,,
//スライダーとして扱います,,,,,,,,,,,,,,,,,,,,

//leftアルファ,,,,,,,,,,,,,,,,,,,,
//SRC定義,(null),gr,x,y,w,h,div_x,div_y,cycle,timer,muki,range,type,disable,,,,,,
#SRC_SLIDER,0,10,0,0,24,30,1,1,0,0,2,406,6,1,,,,,,
//DST定義,(null),time,x,y,w,h,acc,a,r,g,b,blend,filter,angle,center,loop,timer,op1,op2,op3
#DST_SLIDER,0,250,139,252,26,30,2,255,255,255,255,1,1,0,0,1250,0,0,0,0
#DST_SLIDER,0,1250,139,30,26,30,2,255,255,255,255,1,1,,,,,,,

//left加算 ロード中,,,,,,,,,,,,,,,,,,,,
//SRC定義,(null),gr,x,y,w,h,div_x,div_y,cycle,timer,muki,range,type,disable,,,,,,
#SRC_SLIDER,0,10,25,0,24,30,1,1,0,0,2,406,6,1,,,,,,
//DST定義,(null),time,x,y,w,h,acc,a,r,g,b,blend,filter,angle,center,loop,timer,op1,op2,op3
#DST_SLIDER,0,250,139,252,26,30,2,255,255,255,255,2,1,0,0,1500,0,0,0,0
#DST_SLIDER,0,1250,139,30,26,30,2,255,255,255,255,2,1,,,,,,,
#DST_SLIDER,0,1500,139,30,26,30,2,128,255,255,255,2,1,,,,,,,

//left加算 ゲーム中,,,,,,,,,,,,,,,,,,,,
//SRC定義,(null),gr,x,y,w,h,div_x,div_y,cycle,timer,muki,range,type,disable,,,,,,
#SRC_SLIDER,0,10,25,0,24,30,1,1,0,140,2,406,6,1,,,,,,
//DST定義,(null),time,x,y,w,h,acc,a,r,g,b,blend,filter,angle,center,loop,timer,op1,op2,op3
#DST_SLIDER,0,0,139,30,24,30,0,128,255,255,255,2,1,0,0,0,140,0,0,0
#DST_SLIDER,0,750,139,30,24,30,0,0,255,255,255,2,1,,,,,,,
#DST_SLIDER,0,1000,139,30,24,30,0,0,255,255,255,2,1,,,,,,,

-------------------------------------------
//leftアルファ,,,,,,,,,,,,,,,,,,,,
//SRC定義,(null),gr,x,y,w,h,div_x,div_y,cycle,timer,muki,range,type,disable,,,,,,
#SRC_SLIDER,0,10,0,0,24,30,1,1,0,0,2,406,6,1,,,,,,
//DST定義,(null),time,x,y,w,h,acc,a,r,g,b,blend,filter,angle,center,loop,timer,op1,op2,op3
#DST_SLIDER,0,250,1115,252,26,30,2,255,255,255,255,1,1,0,0,1250,0,0,0,0
#DST_SLIDER,0,1250,1115,30,26,30,2,255,255,255,255,1,1,,,,,,,

//left加算 ロード中,,,,,,,,,,,,,,,,,,,,
//SRC定義,(null),gr,x,y,w,h,div_x,div_y,cycle,timer,muki,range,type,disable,,,,,,
#SRC_SLIDER,0,10,25,0,24,30,1,1,0,0,2,406,6,1,,,,,,
//DST定義,(null),time,x,y,w,h,acc,a,r,g,b,blend,filter,angle,center,loop,timer,op1,op2,op3
#DST_SLIDER,0,250,1115,252,26,30,2,255,255,255,255,2,1,0,0,1500,0,0,0,0
#DST_SLIDER,0,1250,1115,30,26,30,2,255,255,255,255,2,1,,,,,,,
#DST_SLIDER,0,1500,1115,30,26,30,2,128,255,255,255,2,1,,,,,,,

//left加算 ゲーム中,,,,,,,,,,,,,,,,,,,,
//SRC定義,(null),gr,x,y,w,h,div_x,div_y,cycle,timer,muki,range,type,disable,,,,,,
#SRC_SLIDER,0,10,25,0,24,30,1,1,0,140,2,406,6,1,,,,,,
//DST定義,(null),time,x,y,w,h,acc,a,r,g,b,blend,filter,angle,center,loop,timer,op1,op2,op3
#DST_SLIDER,0,0,1115,30,24,30,0,128,255,255,255,2,1,0,0,0,140,0,0,0
#DST_SLIDER,0,750,1115,30,24,30,0,0,255,255,255,2,1,,,,,,,
#DST_SLIDER,0,1000,1115,30,24,30,0,0,255,255,255,2,1,,,,,,,

//ボム,,,,,,,,,,,,,,,,,,,,
//今回からIMAGEに統合しました,,,,,,,,,,,,,,,,,,,,
//タイマー50-70はそれぞれのレーンのボムタイマー,,,,,,,,,,,,,,,,,,,,
//70-90はロングノートボムタイマーになってます,,,,,,,,,,,,,,,,,,,,
//BOM,timer50- 1PBOM,,,,,,,,,,,,,,,,,,,

//SC,,,,,,,,,,,,,,,,,,,,
//SRC定義,(NULL),gr,x,y,w,h,div_x,div_y,cycle,timer,op1,op2,op3,,,,,,,
#SRC_IMAGE,0,0,0,0,2896,192,16,0,251,50,0,0,0,,,,,,,
//DST定義,(NULL),time,x,y,w,h,acc,a,r,g,b,blend,filter,angle,center,loop,timer,op1,op2,op3
#DST_IMAGE,0,0,96,355,262,288,0,255,255,255,255,2,1,0,0,-1,50,0,0,0
#DST_IMAGE,0,250,96,355,262,288,0,255,255,255,255,2,1,0,0,,,,,

//1,,,,,,,,,,,,,,,,,,,,
//SRC定義,(NULL),gr,x,y,w,h,div_x,div_y,cycle,timer,op1,op2,op3,,,,,,,
#SRC_IMAGE,0,0,0,0,2896,192,16,0,251,51,0,0,0,,,,,,,
//DST定義,(NULL),time,x,y,w,h,acc,a,r,g,b,blend,filter,angle,center,loop,timer,op1,op2,op3
#DST_IMAGE,0,0,169,355,262,288,0,255,255,255,255,2,1,0,0,-1,51,0,0,0
#DST_IMAGE,0,250,169,355,262,288,0,255,255,255,255,2,1,0,0,,,,,

//2,,,,,,,,,,,,,,,,,,,,
//SRC定義,(NULL),gr,x,y,w,h,div_x,div_y,cycle,timer,op1,op2,op3,,,,,,,
#SRC_IMAGE,0,0,0,0,2896,192,16,0,251,52,0,0,0,,,,,,,
//DST定義,(NULL),time,x,y,w,h,acc,a,r,g,b,blend,filter,angle,center,loop,timer,op1,op2,op3
#DST_IMAGE,0,0,218,355,262,288,0,255,255,255,255,2,1,0,0,-1,52,0,0,0
#DST_IMAGE,0,250,218,355,262,288,0,255,255,255,255,2,1,0,0,,,,,

//3,,,,,,,,,,,,,,,,,,,,
//SRC定義,(NULL),gr,x,y,w,h,div_x,div_y,cycle,timer,op1,op2,op3,,,,,,,
#SRC_IMAGE,0,0,0,0,2896,192,16,0,251,53,0,0,0,,,,,,,
//DST定義,(NULL),time,x,y,w,h,acc,a,r,g,b,blend,filter,angle,center,loop,timer,op1,op2,op3
#DST_IMAGE,0,0,266,355,262,288,0,255,255,255,255,2,1,0,0,-1,53,0,0,0
#DST_IMAGE,0,250,266,355,262,288,0,255,255,255,255,2,1,0,0,,,,,

//4,,,,,,,,,,,,,,,,,,,,
//SRC定義,(NULL),gr,x,y,w,h,div_x,div_y,cycle,timer,op1,op2,op3,,,,,,,
#SRC_IMAGE,0,0,0,0,2896,192,16,0,251,54,0,0,0,,,,,,,
//DST定義,(NULL),time,x,y,w,h,acc,a,r,g,b,blend,filter,angle,center,loop,timer,op1,op2,op3
#DST_IMAGE,0,0,314,355,262,288,0,255,255,255,255,2,1,0,0,-1,54,0,0,0
#DST_IMAGE,0,250,314,355,262,288,0,255,255,255,255,2,1,0,0,,,,,

//5,,,,,,,,,,,,,,,,,,,,
//SRC定義,(NULL),gr,x,y,w,h,div_x,div_y,cycle,timer,op1,op2,op3,,,,,,,
#SRC_IMAGE,0,0,0,0,2896,192,16,0,251,55,0,0,0,,,,,,,
//DST定義,(NULL),time,x,y,w,h,acc,a,r,g,b,blend,filter,angle,center,loop,timer,op1,op2,op3
#DST_IMAGE,0,0,362,355,262,288,0,255,255,255,255,2,1,0,0,-1,55,0,0,0
#DST_IMAGE,0,250,362,355,262,288,0,255,255,255,255,2,1,0,0,,,,,

//6 ,,,,,,,,,,,,,,,,,,,,
//SRC定義,(NULL),gr,x,y,w,h,div_x,div_y,cycle,timer,op1,op2,op3,,,,,,,
#SRC_IMAGE,0,0,0,0,2896,192,16,0,251,56,0,0,0,,,,,,,
//DST定義,(NULL),time,x,y,w,h,acc,a,r,g,b,blend,filter,angle,center,loop,timer,op1,op2,op3
#DST_IMAGE,0,0,410,355,262,288,0,255,255,255,255,2,1,0,0,-1,56,0,0,0
#DST_IMAGE,0,250,410,355,262,288,0,255,255,255,255,2,1,0,0,,,,,

//7,,,,,,,,,,,,,,,,,,,,
//SRC定義,(NULL),gr,x,y,w,h,div_x,div_y,cycle,timer,op1,op2,op3,,,,,,,
#SRC_IMAGE,0,0,0,0,2896,192,16,0,251,57,0,0,0,,,,,,,
//DST定義,(NULL),time,x,y,w,h,acc,a,r,g,b,blend,filter,angle,center,loop,timer,op1,op2,op3
#DST_IMAGE,0,0,457,355,262,288,0,255,255,255,255,2,1,0,0,-1,57,0,0,0
#DST_IMAGE,0,250,457,355,262,288,0,255,255,255,255,2,1,0,0,,,,,

//LN EFFECT,timer70- 1P LN BOM,,,,,,,,,,,,,,,,,,,
//SC,,,,,,,,,,,,,,,,,,,,
//SRC定義,(NULL),gr,x,y,w,h,div_x,div_y,cycle,timer,op1,op2,op3,,,,,,,
#SRC_IMAGE,0,0,0,0,724,192,4,1,80,70,0,0,0,,,,,,,
//DST定義,(NULL),time,x,y,w,h,acc,a,r,g,b,blend,filter,angle,center,loop,timer,op1,op2,op3
#DST_IMAGE,0,0,96,355,262,288,0,255,255,255,255,2,1,0,0,0,70,0,0,0

//1,,,,,,,,,,,,,,,,,,,,
//SRC定義,(NULL),gr,x,y,w,h,div_x,div_y,cycle,timer,op1,op2,op3,,,,,,,
#SRC_IMAGE,0,0,0,0,724,192,4,1,80,71,0,0,0,,,,,,,
//DST定義,(NULL),time,x,y,w,h,acc,a,r,g,b,blend,filter,angle,center,loop,timer,op1,op2,op3
#DST_IMAGE,0,0,169,355,262,288,0,255,255,255,255,2,1,0,0,0,71,0,0,0

//2,,,,,,,,,,,,,,,,,,,,
//SRC定義,(NULL),gr,x,y,w,h,div_x,div_y,cycle,timer,op1,op2,op3,,,,,,,
#SRC_IMAGE,0,0,0,0,724,192,4,1,80,72,0,0,0,,,,,,,
//DST定義,(NULL),time,x,y,w,h,acc,a,r,g,b,blend,filter,angle,center,loop,timer,op1,op2,op3
#DST_IMAGE,0,0,218,355,262,288,0,255,255,255,255,2,1,0,0,0,72,0,0,0

//3,,,,,,,,,,,,,,,,,,,,
//SRC定義,(NULL),gr,x,y,w,h,div_x,div_y,cycle,timer,op1,op2,op3,,,,,,,
#SRC_IMAGE,0,0,0,0,724,192,4,1,80,73,0,0,0,,,,,,,
//DST定義,(NULL),time,x,y,w,h,acc,a,r,g,b,blend,filter,angle,center,loop,timer,op1,op2,op3
#DST_IMAGE,0,0,266,355,262,288,0,255,255,255,255,2,1,0,0,0,73,0,0,0

//4,,,,,,,,,,,,,,,,,,,,
//SRC定義,(NULL),gr,x,y,w,h,div_x,div_y,cycle,timer,op1,op2,op3,,,,,,,
#SRC_IMAGE,0,0,0,0,724,192,4,1,80,74,0,0,0,,,,,,,
//DST定義,(NULL),time,x,y,w,h,acc,a,r,g,b,blend,filter,angle,center,loop,timer,op1,op2,op3
#DST_IMAGE,0,0,314,355,262,288,0,255,255,255,255,2,1,0,0,0,74,0,0,0

//5,,,,,,,,,,,,,,,,,,,,
//SRC定義,(NULL),gr,x,y,w,h,div_x,div_y,cycle,timer,op1,op2,op3,,,,,,,
#SRC_IMAGE,0,0,0,0,724,192,4,1,80,75,0,0,0,,,,,,,
//DST定義,(NULL),time,x,y,w,h,acc,a,r,g,b,blend,filter,angle,center,loop,timer,op1,op2,op3
#DST_IMAGE,0,0,362,355,262,288,0,255,255,255,255,2,1,0,0,0,75,0,0,0

//6 ,,,,,,,,,,,,,,,,,,,,
//SRC定義,(NULL),gr,x,y,w,h,div_x,div_y,cycle,timer,op1,op2,op3,,,,,,,
#SRC_IMAGE,0,0,0,0,724,192,4,1,80,76,0,0,0,,,,,,,
//DST定義,(NULL),time,x,y,w,h,acc,a,r,g,b,blend,filter,angle,center,loop,timer,op1,op2,op3
#DST_IMAGE,0,0,410,355,262,288,0,255,255,255,255,2,1,0,0,0,76,0,0,0

//7,,,,,,,,,,,,,,,,,,,,
//SRC定義,(NULL),gr,x,y,w,h,div_x,div_y,cycle,timer,op1,op2,op3,,,,,,,
#SRC_IMAGE,0,0,0,0,724,192,4,1,80,77,0,0,0,,,,,,,
//DST定義,(NULL),time,x,y,w,h,acc,a,r,g,b,blend,filter,angle,center,loop,timer,op1,op2,op3
#DST_IMAGE,0,0,457,355,262,288,0,255,255,255,255,2,1,0,0,0,77,0,0,0

-------------2------------------
//BOM,timer60- 1PBOM,,,,,,,,,,,,,,,,,,,

//SC,,,,,,,,,,,,,,,,,,,,
//SRC定義,(NULL),gr,x,y,w,h,div_x,div_y,cycle,timer,op1,op2,op3,,,,,,,
#SRC_IMAGE,0,0,0,0,2896,192,16,0,251,60,0,0,0,,,,,,,
//DST定義,(NULL),time,x,y,w,h,acc,a,r,g,b,blend,filter,angle,center,loop,timer,op1,op2,op3
#DST_IMAGE,0,0,954,355,262,288,0,255,255,255,255,2,1,0,0,-1,60,0,0,0
#DST_IMAGE,0,250,954,355,262,288,0,255,255,255,255,2,1,0,0,,,,,

//1,,,,,,,,,,,,,,,,,,,,
//SRC定義,(NULL),gr,x,y,w,h,div_x,div_y,cycle,timer,op1,op2,op3,,,,,,,
#SRC_IMAGE,0,0,0,0,2896,192,16,0,251,61,0,0,0,,,,,,,
//DST定義,(NULL),time,x,y,w,h,acc,a,r,g,b,blend,filter,angle,center,loop,timer,op1,op2,op3
#DST_IMAGE,0,0,592,355,262,288,0,255,255,255,255,2,1,0,0,-1,61,0,0,0
#DST_IMAGE,0,250,592,355,262,288,0,255,255,255,255,2,1,0,0,,,,,

//2,,,,,,,,,,,,,,,,,,,,
//SRC定義,(NULL),gr,x,y,w,h,div_x,div_y,cycle,timer,op1,op2,op3,,,,,,,
#SRC_IMAGE,0,0,0,0,2896,192,16,0,251,62,0,0,0,,,,,,,
//DST定義,(NULL),time,x,y,w,h,acc,a,r,g,b,blend,filter,angle,center,loop,timer,op1,op2,op3
#DST_IMAGE,0,0,641,355,262,288,0,255,255,255,255,2,1,0,0,-1,62,0,0,0
#DST_IMAGE,0,250,641,355,262,288,0,255,255,255,255,2,1,0,0,,,,,

//3,,,,,,,,,,,,,,,,,,,,
//SRC定義,(NULL),gr,x,y,w,h,div_x,div_y,cycle,timer,op1,op2,op3,,,,,,,
#SRC_IMAGE,0,0,0,0,2896,192,16,0,251,63,0,0,0,,,,,,,
//DST定義,(NULL),time,x,y,w,h,acc,a,r,g,b,blend,filter,angle,center,loop,timer,op1,op2,op3
#DST_IMAGE,0,0,688,355,262,288,0,255,255,255,255,2,1,0,0,-1,63,0,0,0
#DST_IMAGE,0,250,688,355,262,288,0,255,255,255,255,2,1,0,0,,,,,

//4,,,,,,,,,,,,,,,,,,,,
//SRC定義,(NULL),gr,x,y,w,h,div_x,div_y,cycle,timer,op1,op2,op3,,,,,,,
#SRC_IMAGE,0,0,0,0,2896,192,16,0,251,64,0,0,0,,,,,,,
//DST定義,(NULL),time,x,y,w,h,acc,a,r,g,b,blend,filter,angle,center,loop,timer,op1,op2,op3
#DST_IMAGE,0,0,737,355,262,288,0,255,255,255,255,2,1,0,0,-1,64,0,0,0
#DST_IMAGE,0,250,737,355,262,288,0,255,255,255,255,2,1,0,0,,,,,

//5,,,,,,,,,,,,,,,,,,,,
//SRC定義,(NULL),gr,x,y,w,h,div_x,div_y,cycle,timer,op1,op2,op3,,,,,,,
#SRC_IMAGE,0,0,0,0,2896,192,16,0,251,65,0,0,0,,,,,,,
//DST定義,(NULL),time,x,y,w,h,acc,a,r,g,b,blend,filter,angle,center,loop,timer,op1,op2,op3
#DST_IMAGE,0,0,784,355,262,288,0,255,255,255,255,2,1,0,0,-1,65,0,0,0
#DST_IMAGE,0,250,784,355,262,288,0,255,255,255,255,2,1,0,0,,,,,

//6 ,,,,,,,,,,,,,,,,,,,,
//SRC定義,(NULL),gr,x,y,w,h,div_x,div_y,cycle,timer,op1,op2,op3,,,,,,,
#SRC_IMAGE,0,0,0,0,2896,192,16,0,251,66,0,0,0,,,,,,,
//DST定義,(NULL),time,x,y,w,h,acc,a,r,g,b,blend,filter,angle,center,loop,timer,op1,op2,op3
#DST_IMAGE,0,0,833,355,262,288,0,255,255,255,255,2,1,0,0,-1,66,0,0,0
#DST_IMAGE,0,250,833,355,262,288,0,255,255,255,255,2,1,0,0,,,,,

//7,,,,,,,,,,,,,,,,,,,,
//SRC定義,(NULL),gr,x,y,w,h,div_x,div_y,cycle,timer,op1,op2,op3,,,,,,,
#SRC_IMAGE,0,0,0,0,2896,192,16,0,251,67,0,0,0,,,,,,,
//DST定義,(NULL),time,x,y,w,h,acc,a,r,g,b,blend,filter,angle,center,loop,timer,op1,op2,op3
#DST_IMAGE,0,0,880,355,262,288,0,255,255,255,255,2,1,0,0,-1,67,0,0,0
#DST_IMAGE,0,250,880,355,262,288,0,255,255,255,255,2,1,0,0,,,,,

//LN EFFECT,timer80- 2P LN BOM,,,,,,,,,,,,,,,,,,,
//SC,,,,,,,,,,,,,,,,,,,,
//SRC定義,(NULL),gr,x,y,w,h,div_x,div_y,cycle,timer,op1,op2,op3,,,,,,,
#SRC_IMAGE,0,0,0,0,724,192,4,1,80,80,0,0,0,,,,,,,
//DST定義,(NULL),time,x,y,w,h,acc,a,r,g,b,blend,filter,angle,center,loop,timer,op1,op2,op3
#DST_IMAGE,0,0,954,355,262,288,0,255,255,255,255,2,1,0,0,0,80,0,0,0

//1,,,,,,,,,,,,,,,,,,,,
//SRC定義,(NULL),gr,x,y,w,h,div_x,div_y,cycle,timer,op1,op2,op3,,,,,,,
#SRC_IMAGE,0,0,0,0,724,192,4,1,80,81,0,0,0,,,,,,,
//DST定義,(NULL),time,x,y,w,h,acc,a,r,g,b,blend,filter,angle,center,loop,timer,op1,op2,op3
#DST_IMAGE,0,0,592,355,262,288,0,255,255,255,255,2,1,0,0,0,81,0,0,0

//2,,,,,,,,,,,,,,,,,,,,
//SRC定義,(NULL),gr,x,y,w,h,div_x,div_y,cycle,timer,op1,op2,op3,,,,,,,
#SRC_IMAGE,0,0,0,0,724,192,4,1,80,82,0,0,0,,,,,,,
//DST定義,(NULL),time,x,y,w,h,acc,a,r,g,b,blend,filter,angle,center,loop,timer,op1,op2,op3
#DST_IMAGE,0,0,641,355,262,288,0,255,255,255,255,2,1,0,0,0,82,0,0,0

//3,,,,,,,,,,,,,,,,,,,,
//SRC定義,(NULL),gr,x,y,w,h,div_x,div_y,cycle,timer,op1,op2,op3,,,,,,,
#SRC_IMAGE,0,0,0,0,724,192,4,1,80,83,0,0,0,,,,,,,
//DST定義,(NULL),time,x,y,w,h,acc,a,r,g,b,blend,filter,angle,center,loop,timer,op1,op2,op3
#DST_IMAGE,0,0,688,355,262,288,0,255,255,255,255,2,1,0,0,0,83,0,0,0

//4,,,,,,,,,,,,,,,,,,,,
//SRC定義,(NULL),gr,x,y,w,h,div_x,div_y,cycle,timer,op1,op2,op3,,,,,,,
#SRC_IMAGE,0,0,0,0,724,192,4,1,80,84,0,0,0,,,,,,,
//DST定義,(NULL),time,x,y,w,h,acc,a,r,g,b,blend,filter,angle,center,loop,timer,op1,op2,op3
#DST_IMAGE,0,0,737,355,262,288,0,255,255,255,255,2,1,0,0,0,84,0,0,0

//5,,,,,,,,,,,,,,,,,,,,
//SRC定義,(NULL),gr,x,y,w,h,div_x,div_y,cycle,timer,op1,op2,op3,,,,,,,
#SRC_IMAGE,0,0,0,0,724,192,4,1,80,85,0,0,0,,,,,,,
//DST定義,(NULL),time,x,y,w,h,acc,a,r,g,b,blend,filter,angle,center,loop,timer,op1,op2,op3
#DST_IMAGE,0,0,784,355,262,288,0,255,255,255,255,2,1,0,0,0,85,0,0,0

//6 ,,,,,,,,,,,,,,,,,,,,
//SRC定義,(NULL),gr,x,y,w,h,div_x,div_y,cycle,timer,op1,op2,op3,,,,,,,
#SRC_IMAGE,0,0,0,0,724,192,4,1,80,86,0,0,0,,,,,,,
//DST定義,(NULL),time,x,y,w,h,acc,a,r,g,b,blend,filter,angle,center,loop,timer,op1,op2,op3
#DST_IMAGE,0,0,833,355,262,288,0,255,255,255,255,2,1,0,0,0,86,0,0,0

//7,,,,,,,,,,,,,,,,,,,,
//SRC定義,(NULL),gr,x,y,w,h,div_x,div_y,cycle,timer,op1,op2,op3,,,,,,,
#SRC_IMAGE,0,0,0,0,724,192,4,1,80,87,0,0,0,,,,,,,
//DST定義,(NULL),time,x,y,w,h,acc,a,r,g,b,blend,filter,angle,center,loop,timer,op1,op2,op3
#DST_IMAGE,0,0,880,355,262,288,0,255,255,255,255,2,1,0,0,0,87,0,0,0




//数値関連,,,,,,,,,,,,,,,,,,,,
#IF,970,,,,,,,,,,,,,,,,,,,
//ノーマルスコア(6桁) 1P 100,number100 score 1P,,,,,,,,,,,,,,,,,,,
//SRC定義,(null),gr,x,y,w,h,div_x,div_y,cycle,timer,num,align,keta,,,,,,,
#SRC_NUMBER,0,16,0,0,308,19,11,1,0,0,100,0,6,,,,,,,
//DST定義,(NULL),time,x,y,w,h,acc,a,r,g,b,blend,filter,angle,center,loop,timer,op1,op2,op3
#DST_NUMBER,0,700,212,668,30,20,0,0,255,255,255,1,0,0,0,1000,0,0,0,0
#DST_NUMBER,0,1000,212,668,30,20,0,255,255,255,255,1,0,0,0,,,,,
#ENDIF,,,,,,,,,,,,,,,,,,,,

//EXスコア(6桁) 1P 100,number100 score 1P,,,,,,,,,,,,,,,,,,,
#IF,971,,,,,,,,,,,,,,,,,,,
//SRC定義,(null),gr,x,y,w,h,div_x,div_y,cycle,timer,num,align,keta,,,,,,,
#SRC_NUMBER,0,16,0,0,308,19,11,1,0,0,101,0,6,,,,,,,
//DST定義,(NULL),time,x,y,w,h,acc,a,r,g,b,blend,filter,angle,center,loop,timer,op1,op2,op3
#DST_NUMBER,0,700,212,668,30,20,0,0,255,255,255,1,0,0,0,1000,0,0,0,0
#DST_NUMBER,0,1000,212,668,30,20,0,255,255,255,255,1,0,0,0,,,,,
#ENDIF,,,,,,,,,,,,,,,,,,,,

//マックスコンボ(4桁),number105 maxcombo 1P,,,,,,,,,,,,,,,,,,,
//SRC定義,(null),gr,x,y,w,h,div_x,div_y,cycle,timer,num,align,keta,,,,,,,
#SRC_NUMBER,0,16,0,0,308,19,11,1,0,0,105,0,4,,,,,,,
//DST定義,(NULL),time,x,y,w,h,acc,a,r,g,b,blend,filter,angle,center,loop,timer,op1,op2,op3
#DST_NUMBER,0,1000,917,668,30,20,0,0,255,255,255,1,0,0,0,1200,0,0,0,0
#DST_NUMBER,0,1200,917,668,30,20,0,255,255,255,255,1,0,0,0,,,,,

//グルーブゲージ,number107 groovegauge 1P,,,,,,,,,,,,,,,,,,,
//SRC定義,(null),gr,x,y,w,h,div_x,div_y,cycle,timer,num,align,keta,,,,,,,
#SRC_NUMBER,0,18,0,0,290,22,10,1,0,0,107,0,3,,,,,,,
//DST定義,(NULL),time,x,y,w,h,acc,a,r,g,b,blend,filter,angle,center,loop,timer,op1,op2,op3
#DST_NUMBER,0,1000,597,496,27,22,0,0,255,255,255,2,1,0,0,1300,0,0,0,0
#DST_NUMBER,0,1300,597,496,27,22,0,255,255,255,255,2,1,0,0,,,,,


//BPM,number160 bpm,,,,,,,,,,,,,,,,,,,
//SRC定義,(null),gr,x,y,w,h,div_x,div_y,cycle,timer,num,align,keta,,,,,,,
#SRC_NUMBER,0,16,0,0,308,19,11,1,0,0,160,0,3,,,,,,,
//DST定義,(NULL),time,x,y,w,h,acc,a,r,g,b,blend,filter,angle,center,loop,timer,op1,op2,op3
#DST_NUMBER,0,850,594,648,32,22,0,0,255,255,255,1,1,0,0,1400,0,0,0,0
#DST_NUMBER,0,1400,594,648,32,22,0,255,255,255,255,1,1,0,0,,,,,

//ハイスピード,,,,,,,,,,,,,,,,,,,,
//数値,number10 HS-1P,,,,,,,,,,,,,,,,,,,
//SRC定義,(null),gr,x,y,w,h,div_x,div_y,cycle,timer,num,align,keta,,,,,,,
#SRC_NUMBER,0,9,0,99,120,11,10,1,0,0,10,0,3,,,,,,,
//DST定義,(NULL),time,x,y,w,h,acc,a,r,g,b,blend,filter,angle,center,loop,timer,op1,op2,op3
#DST_NUMBER,0,850,1040,614,12,11,0,0,255,255,255,1,1,0,0,1300,0,0,0,0
#DST_NUMBER,0,1300,1040,614,12,11,0,255,255,255,255,1,1,0,0,,,,,

//サドプラ数値,,,,,,,,,,,,,,,,,,,,
//option270 1Pサドプラ調整中に発動,,,,,,,,,,,,,,,,,,,,
//SRC定義,(null),gr,x,y,w,h,div_x,div_y,cycle,timer,num,align,keta,,,,,,,
#SRC_NUMBER,0,9,0,62,120,18,10,1,0,0,14,0,3,,,,,,,
//DST定義,(NULL),time,x,y,w,h,acc,a,r,g,b,blend,filter,angle,center,loop,timer,op1,op2,op3
#DST_NUMBER,0,0,354,4,12,18,0,255,255,255,255,1,1,0,0,1000,0,270,0,
#DST_NUMBER,0,1000,354,4,12,19,0,255,255,255,255,1,1,0,0,,,,,
//サドプラ数値,,,,,,,,,,,,,,,,,,,,
//option270 1Pサドプラ調整中に発動,,,,,,,,,,,,,,,,,,,,
//SRC定義,(null),gr,x,y,w,h,div_x,div_y,cycle,timer,num,align,keta,,,,,,,
#SRC_NUMBER,0,9,0,62,120,18,10,1,0,0,14,0,3,,,,,,,
//DST定義,(NULL),time,x,y,w,h,acc,a,r,g,b,blend,filter,angle,center,loop,timer,op1,op2,op3
#DST_NUMBER,0,0,874,4,12,18,0,255,255,255,255,1,1,0,0,1000,0,270,0,
#DST_NUMBER,0,1000,874,4,12,19,0,255,255,255,255,1,1,0,0,,,,,

#IF,981,

//display judge,,,,,,,,,,,,,,,,,,,,

//フレーム,,,,,,,,,,,,,,,,,,,,
//SRC定義,(NULL),gr,x,y,w,h,div_x,div_y,cycle,timer,op1,op2,op3,,,,,,,
#SRC_IMAGE,0,6,368,850,168,63,1,1,0,0,0,0,0,,,,,,,
//DST定義,(NULL),time,x,y,w,h,acc,a,r,g,b,blend,filter,angle,center,loop,timer,op1,op2,op3
#DST_IMAGE,0,1000,8,646,168,63,0,255,255,255,255,1,0,0,0,1000,40,0,0,0

//PERFECT,number110 perfect 1P,,,,,,,,,,,,,,,,,,,
//SRC定義,(null),gr,x,y,w,h,div_x,div_y,cycle,timer,num,align,keta,,,,,,,
#SRC_NUMBER,0,9,0,62,120,18,10,1,0,0,110,0,4,,,,,,,
//DST定義,(NULL),time,x,y,w,h,acc,a,r,g,b,blend,filter,angle,center,loop,timer,op1,op2,op3
#DST_NUMBER,0,1000,40,649,12,18,0,255,255,255,255,1,0,0,0,1000,40,0,0,0

//GREAT,number111 great 1P,,,,,,,,,,,,,,,,,,,
//SRC定義,(null),gr,x,y,w,h,div_x,div_y,cycle,timer,num,align,keta,,,,,,,
#SRC_NUMBER,0,9,0,62,120,18,10,1,0,0,111,0,4,,,,,,,
//DST定義,(NULL),time,x,y,w,h,acc,a,r,g,b,blend,filter,angle,center,loop,timer,op1,op2,op3
#DST_NUMBER,0,1000,40,668,12,18,0,255,255,255,255,1,0,0,0,1000,40,0,0,0

//GOOD,number112 good 1P,,,,,,,,,,,,,,,,,,,
//SRC定義,(null),gr,x,y,w,h,div_x,div_y,cycle,timer,num,align,keta,,,,,,,
#SRC_NUMBER,0,9,0,62,120,18,10,1,0,0,112,0,4,,,,,,,
//DST定義,(NULL),time,x,y,w,h,acc,a,r,g,b,blend,filter,angle,center,loop,timer,op1,op2,op3
#DST_NUMBER,0,1000,40,687,12,18,0,255,255,255,255,1,0,0,0,1000,40,0,0,0

//Bad,number113 bad 1P,,,,,,,,,,,,,,,,,,,
//SRC定義,(null),gr,x,y,w,h,div_x,div_y,cycle,timer,num,align,keta,,,,,,,
#SRC_NUMBER,0,9,0,62,120,18,10,1,0,0,113,0,4,,,,,,,
//DST定義,(NULL),time,x,y,w,h,acc,a,r,g,b,blend,filter,angle,center,loop,timer,op1,op2,op3
#DST_NUMBER,0,1000,121,649,12,18,0,255,255,255,255,1,0,0,0,1000,40,0,0,0

//Poor,number114 poor 1P,,,,,,,,,,,,,,,,,,,
//SRC定義,(null),gr,x,y,w,h,div_x,div_y,cycle,timer,num,align,keta,,,,,,,
#SRC_NUMBER,0,9,0,62,120,18,10,1,0,0,114,0,4,,,,,,,
//DST定義,(NULL),time,x,y,w,h,acc,a,r,g,b,blend,filter,angle,center,loop,timer,op1,op2,op3
#DST_NUMBER,0,1000,121,668,12,18,0,255,255,255,255,1,0,0,0,1000,40,0,0,0

#ENDIF,,,,,,,,,,,,,

/////////////////////////////////////////////////////////////////////////////////////////////////////////////////////////////////////////////,,,,,,,,,,,,,,,,,,,,
//フルコンエフェクト他,,,,,,,,,,,,,,,,,,,,
//全ノートの処理の終了時に、タイマーが発動します,,,,,,,,,,,,,,,,,,,,
//DX,,,,,,,,,,,,,,,,,,,,
255,255,2,0,0,0,,,,,
//base,,,,,,,,,,,,,,,,,,,,
//SRC定義,(NULL),gr,x,y,w,h,div_x,div_y,cycle,timer,op1,op2,op3,,,,,,,
#SRC_IMAGE,0,3,0,0,1950,966,10,3,1000,48,0,0,0,,,,,,,
//DST定義,(NULL),time,x,y,w,h,acc,a,r,g,b,blend,filter,angle,center,loop,timer,op1,op2,op3
#DST_IMAGE,0,0,166,0,432,482,0,255,255,255,255,2,1,0,0,-1,48,0,0,0
#DST_IMAGE,0,1000,166,0,432,482,0,255,255,255,255,2,1,0,0

//base,,,,,,,,,,,,,,,,,,,,
//SRC定義,(NULL),gr,x,y,w,h,div_x,div_y,cycle,timer,op1,op2,op3,,,,,,,
#SRC_IMAGE,0,3,0,0,1950,966,10,3,1000,48,0,0,0,,,,,,,
//DST定義,(NULL),time,x,y,w,h,acc,a,r,g,b,blend,filter,angle,center,loop,timer,op1,op2,op3
#DST_IMAGE,0,0,682,0,432,482,0,255,255,255,255,2,1,0,0,-1,48,0,0,0
#DST_IMAGE,0,1000,682,0,432,482,0,255,255,255,255,2,1,0,0

//ジャッジ表示,,,,,,,,,,,,,,,,,,,,
//基本的に#SRC_IMAGEと同じですが、コンボの幅の半分だけ左に自動的にシフトして表示されます。,,,,,,,,,,,,,,,,,,,,
//シフトをオフにする場合(ジャッジとコンボを二列に分けて表示するときとか)は、noshift=1にして下さい,,,,,,,,,,,,,,,,,,,,
//timer46 ジャッジタイマー 1P,,,,,,,,,,,,,,,,,,,,
//timer47 ジャッジタイマー 2P,,,,,,,,,,,,,,,,,,,,
#SRC_NOWJUDGE_1P,0,13,0,508,248,56,2,1,80,46,0,0,0,,,,,,,,
#DST_NOWJUDGE_1P,0,0,330,351,124,56,0,255,255,255,255,0,0,0,0,-1,46,,,,
#DST_NOWJUDGE_1P,0,500,330,351,124,56,0,255,255,255,255,0,0,0,0,,,,,,

#SRC_NOWJUDGE_1P,1,13,0,508,248,56,2,1,80,46,0,0,0,,,,,,,,
#DST_NOWJUDGE_1P,1,0,330,351,124,56,0,255,255,255,255,0,0,0,0,-1,46,,,,
#DST_NOWJUDGE_1P,1,500,330,351,124,56,0,255,255,255,255,0,0,0,0,,,,,,

#SRC_NOWJUDGE_1P,2,13,0,451,190,56,2,1,80,46,0,0,0,,,,,,,,
#DST_NOWJUDGE_1P,2,0,356,351,95,56,0,255,255,255,255,0,0,0,0,-1,46,,,,
#DST_NOWJUDGE_1P,2,500,356,351,95,56,0,255,255,255,255,0,0,0,0,,,,,,

#SRC_NOWJUDGE_1P,3,13,0,394,248,56,2,1,80,46,0,0,0,,,,,,,,
#DST_NOWJUDGE_1P,3,0,327,351,124,56,0,255,255,255,255,0,0,0,0,-1,46,,,,
#DST_NOWJUDGE_1P,3,500,327,351,124,56,0,255,255,255,255,0,0,0,0,,,,,,

#SRC_NOWJUDGE_1P,4,13,0,337,306,56,2,1,80,46,0,0,0,,,,,,,,
#DST_NOWJUDGE_1P,4,0,312,351,153,56,0,255,255,255,255,0,0,0,0,-1,46,,,,
#DST_NOWJUDGE_1P,4,500,312,351,153,56,0,255,255,255,255,0,0,0,0,,,,,,

#SRC_NOWJUDGE_1P,5,13,0,0,153,336,1,6,100,46,0,0,0,,,,,,,,
#DST_NOWJUDGE_1P,5,0,312,351,153,56,0,255,255,255,255,0,0,0,0,-1,46,,,,
#DST_NOWJUDGE_1P,5,500,312,351,153,56,0,255,255,255,255,0,0,0,0,,,,,,

#SRC_NOWCOMBO_1P,3,13,0,565,370,112,10,2,80,46,0,1,7,,,,,,,,
#DST_NOWCOMBO_1P,3,0,130,0,37,56,0,255,255,255,255,0,0,0,0,-1,46,,,,
#DST_NOWCOMBO_1P,3,500,130,0,37,56,0,255,255,255,255,0,0,0,0,,,,,,

#SRC_NOWCOMBO_1P,4,13,0,565,370,112,10,2,80,46,0,1,7,,,,,,,,
#DST_NOWCOMBO_1P,4,0,159,0,37,56,0,255,255,255,255,0,0,0,0,-1,46,,,,
#DST_NOWCOMBO_1P,4,500,159,0,37,56,0,255,255,255,255,0,0,0,0,,,,,,

#SRC_NOWCOMBO_1P,5,13,154,0,370,336,10,6,100,46,0,1,7,,,,,,,,
#DST_NOWCOMBO_1P,5,0,159,0,37,56,0,255,255,255,255,0,0,0,0,-1,46,,,,
#DST_NOWCOMBO_1P,5,500,159,0,37,56,0,255,255,255,255,0,0,0,0,,,,,,

#SRC_NOWJUDGE_2P,0,13,0,508,248,56,2,1,80,47,0,0,0,,,,,,,,
#DST_NOWJUDGE_2P,0,0,827,351,124,56,0,255,255,255,255,0,0,0,0,-1,47,,,,
#DST_NOWJUDGE_2P,0,500,827,351,124,56,0,255,255,255,255,0,0,0,0,,,,,,

#SRC_NOWJUDGE_2P,1,13,0,508,248,56,2,1,80,47,0,0,0,,,,,,,,
#DST_NOWJUDGE_2P,1,0,827,351,124,56,0,255,255,255,255,0,0,0,0,-1,47,,,,
#DST_NOWJUDGE_2P,1,500,827,351,124,56,0,255,255,255,255,0,0,0,0,,,,,,

#SRC_NOWJUDGE_2P,2,13,0,451,190,56,2,1,80,47,0,0,0,,,,,,,,
#DST_NOWJUDGE_2P,2,0,843,351,95,56,0,255,255,255,255,0,0,0,0,-1,47,,,,
#DST_NOWJUDGE_2P,2,500,843,351,95,56,0,255,255,255,255,0,0,0,0,,,,,,

#SRC_NOWJUDGE_2P,3,13,0,394,248,56,2,1,80,47,0,0,0,,,,,,,,
#DST_NOWJUDGE_2P,3,0,824,351,124,56,0,255,255,255,255,0,0,0,0,-1,47,,,,
#DST_NOWJUDGE_2P,3,500,824,351,124,56,0,255,255,255,255,0,0,0,0,,,,,,

#SRC_NOWJUDGE_2P,4,13,0,337,306,56,2,1,80,47,0,0,0,,,,,,,,
#DST_NOWJUDGE_2P,4,0,809,351,153,56,0,255,255,255,255,0,0,0,0,-1,47,,,,
#DST_NOWJUDGE_2P,4,500,809,351,153,56,0,255,255,255,255,0,0,0,0,,,,,,

#SRC_NOWJUDGE_2P,5,13,0,0,153,336,1,6,100,47,0,0,0,,,,,,,,
#DST_NOWJUDGE_2P,5,0,809,351,153,56,0,255,255,255,255,0,0,0,0,-1,47,,,,
#DST_NOWJUDGE_2P,5,500,809,351,153,56,0,255,255,255,255,0,0,0,0,,,,,,

#SRC_NOWCOMBO_2P,3,13,0,565,370,112,10,2,80,47,0,1,7,,,,,,,,
#DST_NOWCOMBO_2P,3,0,130,0,37,56,0,255,255,255,255,0,0,0,0,-1,47,,,,
#DST_NOWCOMBO_2P,3,500,130,0,37,56,0,255,255,255,255,0,0,0,0,,,,,,

#SRC_NOWCOMBO_2P,4,13,0,565,370,112,10,2,80,47,0,1,7,,,,,,,,
#DST_NOWCOMBO_2P,4,0,159,0,37,56,0,255,255,255,255,0,0,0,0,-1,47,,,,
#DST_NOWCOMBO_2P,4,500,159,0,37,56,0,255,255,255,255,0,0,0,0,,,,,,

#SRC_NOWCOMBO_2P,5,13,154,0,370,336,10,6,100,47,0,1,7,,,,,,,,
#DST_NOWCOMBO_2P,5,0,159,0,37,56,0,255,255,255,255,0,0,0,0,-1,47,,,,
#DST_NOWCOMBO_2P,5,500,159,0,37,56,0,255,255,255,255,0,0,0,0,,,,,,

//グルーヴゲージ,,,,,,,,,,,,,,,,,,,,
//最初のゲージ,,,,,,,,,,,,,,,,,,,,
//表赤、表緑、裏赤、裏緑の順にsrc分割を行ってください。4の倍数でcycle>0ならちゃんとアニメーションします,,,,,,,,,,,,,,,,,,,,
//次のゲージの相対位置はadd_x、add_yで指定して下さい。,,,,,,,,,,,,,,,,,,,,
//SRC定義,index,gr,x,y,w,h,div_x,div_y,cycle,timer,add_x,add_y,,,,,,,,
#SRC_GROOVEGAUGE,0,4,0,0,32,35,4,1,0,0,9,0,,,,,,,,
//DST定義,index,time,x,y,w,h,acc,a,r,g,b,blend,filter,angle,center,loop,timer,op1,op2,op3
#DST_GROOVEGAUGE,0,1000,416,622,8,1,0,0,255,255,255,1,0,0,0,1300,0,0,0,0
#DST_GROOVEGAUGE,0,1300,416,595,8,28,0,255,255,255,255,1,0,0,0,,,,,



//タイトルとか表示,,,,,,,,,,,,,,,,,,,,
//タイトルテキスト・タイトル画像(backbmp)表示始点,,,,,,,,,,,,,,,,,,,,

//影//option80 ロード未完了,//option195 BACKBMP有り,,,,,,,,,,,,,,,,,,,
//SRC定義,(NULL),gr,x,y,w,h,div_x,div_y,cycle,timer,op1,op2,op3,,,,,,,
#SRC_IMAGE,0,6,1158,856,1,1,1,1,0,0,0,0,0,,,,,,,
//DST定義,(NULL),time,x,y,w,h,acc,a,r,g,b,blend,filter,angle,center,loop,timer,op1,op2,op3
#DST_IMAGE,0,0,0,0,1280,720,0,0,255,255,255,1,1,0,0,750,0,80,0,0
#DST_IMAGE,0,500,0,0,1280,720,0,0,255,255,255,1,1,0,0,750,0,80,0,0
#DST_IMAGE,0,750,0,0,1280,720,0,95,255,255,255,1,1,0,0,,,,,

//影//option81 ロード完了,//option195 BACKBMP有り,,,,,,,,,,,,,,,,,,,
//SRC定義,(NULL),gr,x,y,w,h,div_x,div_y,cycle,timer,op1,op2,op3,,,,,,,
#SRC_IMAGE,0,6,1158,856,1,1,1,1,0,0,0,0,0,,,,,,,
//DST定義,(NULL),time,x,y,w,h,acc,a,r,g,b,blend,filter,angle,center,loop,timer,op1,op2,op3
#DST_IMAGE,0,0,0,0,1280,720,0,95,255,255,255,1,1,0,0,-1,40,81,0,0
#DST_IMAGE,0,500,0,0,1280,720,0,95,255,255,255,1,1,0,0,-1,40,81,0,0
#DST_IMAGE,0,750,0,0,1280,720,0,0,255,255,255,1,1,0,0,,,,,

//ジャンル,,,,,,,,,,,,,,,,,,,,
//SRC定義,(NULL),font,st,align,edit,,,,,,,,,,,,,,,
#SRC_TEXT,0,1,13,1,0,,,,,,,,,,,,,,,
//DST定義,(NULL),time,x,y,w,size,acc,a,r,g,b,blend,filter,(NULL),(NULL),loop,timer,(NULL),(NULL),(NULL)
#DST_TEXT,0,0,645,159,420,44,0,0,255,255,255,1,1,0,0,750,0,80,194,0
#DST_TEXT,0,500,645,159,420,30,0,0,255,255,255,1,1,0,0,750,0,80,194,0
#DST_TEXT,0,750,645,159,420,30,0,255,255,255,255,1,1,0,0,,,,,

//ジャンル,,,,,,,,,,,,,,,,,,,,
//SRC定義,(NULL),font,st,align,edit,,,,,,,,,,,,,,,
#SRC_TEXT,0,1,13,1,0,,,,,,,,,,,,,,,
//DST定義,(NULL),time,x,y,w,size,acc,a,r,g,b,blend,filter,(NULL),(NULL),loop,timer,(NULL),(NULL),(NULL)
#DST_TEXT,0,0,645,159,420,30,0,255,255,255,255,1,1,0,0,-1,40,81,194,0
#DST_TEXT,0,500,645,159,420,30,0,255,255,255,255,1,1,0,0,-1,40,81,194,0
#DST_TEXT,0,750,645,159,420,30,0,0,255,255,255,1,1,0,0,,,,,

//タイトル,,,,,,,,,,,,,,,,,,,,
//SRC定義,(NULL),font,st,align,edit,,,,,,,,,,,,,,,
#SRC_TEXT,0,0,10,1,0,,,,,,,,,,,,,,,
//DST定義,(NULL),time,x,y,w,size,acc,a,r,g,b,blend,filter,(NULL),(NULL),loop,timer,(NULL),(NULL),(NULL)
#DST_TEXT,0,0,645,220,420,120,0,0,255,255,255,1,1,0,0,750,0,80,194,0
#DST_TEXT,0,500,645,220,420,120,0,0,255,255,255,1,1,0,0,750,0,80,194,0
#DST_TEXT,0,750,645,220,420,120,0,255,255,255,255,1,1,0,0,,,,,

//タイトル,,,,,,,,,,,,,,,,,,,,
//SRC定義,(NULL),font,st,align,edit,,,,,,,,,,,,,,,
#SRC_TEXT,0,0,10,1,0,,,,,,,,,,,,,,,
//DST定義,(NULL),time,x,y,w,size,acc,a,r,g,b,blend,filter,(NULL),(NULL),loop,timer,(NULL),(NULL),(NULL)
#DST_TEXT,0,0,645,220,420,120,0,255,255,255,255,1,1,0,0,-1,40,81,194,0
#DST_TEXT,0,500,645,220,420,120,0,255,255,255,255,1,1,0,0,-1,40,81,194,0
#DST_TEXT,0,750,645,220,420,120,0,0,255,255,255,1,1,0,0,,,,,

//サブタイトル,,,,,,,,,,,,,,,,,,,,
//SRC定義,(NULL),font,st,align,edit,,,,,,,,,,,,,,,
#SRC_TEXT,0,3,11,1,0,,,,,,,,,,,,,,,
//DST定義,(NULL),time,x,y,w,size,acc,a,r,g,b,blend,filter,(NULL),(NULL),loop,timer,(NULL),(NULL),(NULL)
#DST_TEXT,0,0,645,321,420,40,0,0,255,255,255,1,1,0,0,750,0,80,194,0
#DST_TEXT,0,500,645,321,420,40,0,0,255,255,255,1,1,0,0,750,0,80,194,0
#DST_TEXT,0,750,645,321,420,40,0,255,255,255,255,1,1,0,0,,,,,

//サブタイトル,,,,,,,,,,,,,,,,,,,,
//SRC定義,(NULL),font,st,align,edit,,,,,,,,,,,,,,,
#SRC_TEXT,0,3,11,1,0,,,,,,,,,,,,,,,
//DST定義,(NULL),time,x,y,w,size,acc,a,r,g,b,blend,filter,(NULL),(NULL),loop,timer,(NULL),(NULL),(NULL)
#DST_TEXT,0,0,645,321,420,40,0,255,255,255,255,1,1,0,0,-1,40,81,194,0
#DST_TEXT,0,500,645,321,420,40,0,255,255,255,255,1,1,0,0,-1,40,81,194,0
#DST_TEXT,0,750,645,321,420,40,0,0,255,255,255,1,1,0,0,,,,,

//アーティスト,,,,,,,,,,,,,,,,,,,,
//SRC定義,(NULL),font,st,align,edit,,,,,,,,,,,,,,,
#SRC_TEXT,0,3,14,1,0,,,,,,,,,,,,,,,
//DST定義,(NULL),time,x,y,w,size,acc,a,r,g,b,blend,filter,(NULL),(NULL),loop,timer,(NULL),(NULL),(NULL)
#DST_TEXT,0,0,645,410,420,40,0,0,255,255,255,0,1,0,0,750,0,80,194,0
#DST_TEXT,0,500,645,410,420,40,0,0,255,255,255,0,1,0,0,750,0,80,194,0
#DST_TEXT,0,750,645,410,420,40,0,255,255,255,255,0,1,0,0,,,,,

//アーティスト,,,,,,,,,,,,,,,,,,,,
//SRC定義,(NULL),font,st,align,edit,,,,,,,,,,,,,,,
#SRC_TEXT,0,3,14,1,0,,,,,,,,,,,,,,,
//DST定義,(NULL),time,x,y,w,size,acc,a,r,g,b,blend,filter,(NULL),(NULL),loop,timer,(NULL),(NULL),(NULL)
#DST_TEXT,0,0,645,410,420,40,0,255,255,255,255,1,1,0,0,-1,40,81,194,0
#DST_TEXT,0,500,645,410,420,40,0,255,255,255,255,1,1,0,0,-1,40,81,194,0
#DST_TEXT,0,750,645,410,420,40,0,0,255,255,255,1,1,0,0,,,,,

//BGAアーティスト,,,,,,,,,,,,,,,,,,,,
//SRC定義,(NULL),font,st,align,edit,,,,,,,,,,,,,,,
#SRC_TEXT,0,4,15,1,0,,,,,,,,,,,,,,,
//DST定義,(NULL),time,x,y,w,size,acc,a,r,g,b,blend,filter,(NULL),(NULL),loop,timer,(NULL),(NULL),(NULL)
#DST_TEXT,0,0,645,575,420,30,0,0,255,255,255,1,1,0,0,750,0,80,194,0
#DST_TEXT,0,500,645,575,420,30,0,0,255,255,255,1,1,0,0,750,0,80,194,0
#DST_TEXT,0,750,645,575,420,30,0,255,255,255,255,1,1,0,0,,,,,

//BGAアーティスト,,,,,,,,,,,,,,,,,,,,
//SRC定義,(NULL),font,st,align,edit,,,,,,,,,,,,,,,
#SRC_TEXT,0,4,15,1,0,,,,,,,,,,,,,,,
//DST定義,(NULL),time,x,y,w,size,acc,a,r,g,b,blend,filter,(NULL),(NULL),loop,timer,(NULL),(NULL),(NULL)
#DST_TEXT,0,0,645,575,420,30,0,255,255,255,255,1,1,0,0,-1,40,81,194,0
#DST_TEXT,0,500,645,575,420,30,0,255,255,255,255,1,1,0,0,-1,40,81,194,0
#DST_TEXT,0,750,645,575,420,30,0,0,255,255,255,1,1,0,0,,,,,

//BGA枠背景影1(BACKBMP)//option80 ロード未完了,//option195 BACKBMP有り,,,,,,,,,,,,,,,,,,,
//SRC定義,(NULL),gr,x,y,w,h,div_x,div_y,cycle,timer,op1,op2,op3,,,,,,,
#SRC_IMAGE,0,101,0,0,-1,-1,1,1,0,0,0,0,0,,,,,,,
//DST定義,(NULL),time,x,y,w,h,acc,a,r,g,b,blend,filter,angle,center,loop,timer,op1,op2,op3
#DST_IMAGE,0,0,345,56,576,576,0,0,255,255,255,3,1,0,0,750,0,80,195,0
#DST_IMAGE,0,500,345,56,576,576,0,0,255,255,255,3,1,0,0,750,0,80,195,0
#DST_IMAGE,0,750,345,56,576,576,0,255,255,255,255,3,1,0,0,,,,,

//BGA枠背景影1(BACKBMP)//option81 ロード完了,//option195 BACKBMP有り,,,,,,,,,,,,,,,,,,,
//SRC定義,(NULL),gr,x,y,w,h,div_x,div_y,cycle,timer,op1,op2,op3,,,,,,,
#SRC_IMAGE,0,101,0,0,-1,-1,1,1,0,0,0,0,0,,,,,,,
//DST定義,(NULL),time,x,y,w,h,acc,a,r,g,b,blend,filter,angle,center,loop,timer,op1,op2,op3
#DST_IMAGE,0,0,345,56,576,576,0,255,255,255,255,3,1,0,0,-1,40,81,195,0
#DST_IMAGE,0,500,345,56,576,576,0,255,255,255,255,3,1,0,0,-1,40,81,195,0
#DST_IMAGE,0,750,345,56,576,576,0,0,255,255,255,3,1,0,0,,,,,

//BGA枠背景影2(BACKBMP)//option80 ロード未完了,//option195 BACKBMP有り,,,,,,,,,,,,,,,,,,,
//SRC定義,(NULL),gr,x,y,w,h,div_x,div_y,cycle,timer,op1,op2,op3,,,,,,,
#SRC_IMAGE,0,101,0,0,-1,-1,1,1,0,0,0,0,0,,,,,,,
//DST定義,(NULL),time,x,y,w,h,acc,a,r,g,b,blend,filter,angle,center,loop,timer,op1,op2,op3
#DST_IMAGE,0,0,345,56,576,576,0,0,255,255,255,3,1,0,0,750,0,80,195,0
#DST_IMAGE,0,500,345,56,576,576,0,0,255,255,255,3,1,0,0,750,0,80,195,0
#DST_IMAGE,0,750,345,56,576,576,0,255,255,255,255,3,1,0,0,,,,,

//BGA枠背景影2(BACKBMP)//option81 ロード完了,//option195 BACKBMP有り,,,,,,,,,,,,,,,,,,,
//SRC定義,(NULL),gr,x,y,w,h,div_x,div_y,cycle,timer,op1,op2,op3,,,,,,,
#SRC_IMAGE,0,101,0,0,-1,-1,1,1,0,0,0,0,0,,,,,,,
//DST定義,(NULL),time,x,y,w,h,acc,a,r,g,b,blend,filter,angle,center,loop,timer,op1,op2,op3
#DST_IMAGE,0,0,345,56,576,576,0,255,255,255,255,3,1,0,0,-1,40,81,195,0
#DST_IMAGE,0,500,345,56,576,576,0,255,255,255,255,3,1,0,0,-1,40,81,195,0
#DST_IMAGE,0,750,345,56,576,576,0,0,255,255,255,3,1,0,0,,,,,

//BGA枠背景(BACKBMP)//option80 ロード未完了,//option195 BACKBMP有り,,,,,,,,,,,,,,,,,,,
//SRC定義,(NULL),gr,x,y,w,h,div_x,div_y,cycle,timer,op1,op2,op3,,,,,,,
#SRC_IMAGE,0,101,0,0,-1,-1,1,1,0,0,0,0,0,,,,,,,
//DST定義,(NULL),time,x,y,w,h,acc,a,r,g,b,blend,filter,angle,center,loop,timer,op1,op2,op3
#DST_IMAGE,0,0,345,56,576,576,0,0,255,255,255,2,1,0,0,750,0,80,195,0
#DST_IMAGE,0,500,345,56,576,576,0,0,255,255,255,2,1,0,0,750,0,80,195,0
#DST_IMAGE,0,750,345,56,576,576,0,255,255,255,255,2,1,0,0,,,,,

//BGA枠背景(BACKBMP)//option81 ロード完了,//option195 BACKBMP有り,,,,,,,,,,,,,,,,,,,
//SRC定義,(NULL),gr,x,y,w,h,div_x,div_y,cycle,timer,op1,op2,op3,,,,,,,
#SRC_IMAGE,0,101,0,0,-1,-1,1,1,0,0,0,0,0,,,,,,,
//DST定義,(NULL),time,x,y,w,h,acc,a,r,g,b,blend,filter,angle,center,loop,timer,op1,op2,op3
#DST_IMAGE,0,0,345,56,576,576,0,255,255,255,255,2,1,0,0,-1,40,81,195,0
#DST_IMAGE,0,500,345,56,576,576,0,255,255,255,255,2,1,0,0,-1,40,81,195,0
#DST_IMAGE,0,750,345,56,576,576,0,0,255,255,255,2,1,0,0,,,,,

//タイトルテキスト・タイトル画像(backbmp)表示終点,,,,,,,,,,,,,,,,,,,,

//タイトルバーoption195 BACKBMP有り,,,,,,,,,,,,,,,,,,,,
//SRC定義,(NULL),gr,x,y,w,h,div_x,div_y,cycle,timer,op1,op2,op3,,,,,,,
#SRC_IMAGE,0,14,0,0,298,60,1,1,0,,,,,,,,,,,
//DST定義,(NULL),time,x,y,w,h,acc,a,r,g,b,blend,filter,angle,center,loop,timer,op1,op2,op3
#DST_IMAGE,0,0,430,69,420,90,0,0,255,255,255,2,1,0,0,750,0,80,195,0
#DST_IMAGE,0,500,430,69,420,90,0,0,255,255,255,2,1,0,0,750,0,80,195,0
#DST_IMAGE,0,750,430,69,420,90,0,255,255,255,255,2,1,0,0,,,,,

//タイトルバーoption195 BACKBMP有り,,,,,,,,,,,,,,,,,,,,
//SRC定義,(NULL),gr,x,y,w,h,div_x,div_y,cycle,timer,op1,op2,op3,,,,,,,
#SRC_IMAGE,0,14,0,0,298,60,1,1,0,,,,,,,,,,,
//DST定義,(NULL),time,x,y,w,h,acc,a,r,g,b,blend,filter,angle,center,loop,timer,op1,op2,op3
#DST_IMAGE,0,0,430,69,420,90,0,255,255,255,255,2,1,0,0,-1,40,81,195,0
#DST_IMAGE,0,500,430,69,420,90,0,255,255,255,255,2,1,0,0,-1,40,81,195,0
#DST_IMAGE,0,750,430,69,420,90,0,0,255,255,255,2,1,0,0,,,,,

//タイトルバー,,,,,,,,,,,,,,,,,,,,
//SRC定義,(NULL),gr,x,y,w,h,div_x,div_y,cycle,timer,op1,op2,op3,,,,,,,
#SRC_IMAGE,0,14,0,0,298,60,1,1,0,,,,,,,,,,,
//DST定義,(NULL),time,x,y,w,h,acc,a,r,g,b,blend,filter,angle,center,loop,timer,op1,op2,op3
#DST_IMAGE,0,0,430,69,420,90,0,0,255,255,255,2,1,0,0,750,0,80,194,0
#DST_IMAGE,0,500,430,69,420,90,0,0,255,255,255,2,1,0,0,750,0,80,194,0
#DST_IMAGE,0,750,430,69,420,90,0,255,255,255,255,2,1,0,0,,,,,

//タイトルバー,,,,,,,,,,,,,,,,,,,,
//SRC定義,(NULL),gr,x,y,w,h,div_x,div_y,cycle,timer,op1,op2,op3,,,,,,,
#SRC_IMAGE,0,14,0,0,298,60,1,1,0,,,,,,,,,,,
//DST定義,(NULL),time,x,y,w,h,acc,a,r,g,b,blend,filter,angle,center,loop,timer,op1,op2,op3
#DST_IMAGE,0,0,430,69,420,90,0,255,255,255,255,2,1,0,0,-1,40,81,194,0
#DST_IMAGE,0,500,430,69,420,90,0,255,255,255,255,2,1,0,0,-1,40,81,194,0
#DST_IMAGE,0,750,430,69,420,90,0,0,255,255,255,2,1,0,0,,,,,

load未
//SRC定義,(NULL),gr,x,y,w,h,div_x,div_y,cycle,timer,type,muki
#SRC_BARGRAPH,0,12,404,414,388,2,1,1,0,0,2,0
//DST定義,(NULL),time,x,y,w,h,acc,a,r,g,b,blend,filter,angle,center,loop,timer,op1,op1,op3
#DST_BARGRAPH,0,0,445,604,388,2,0,0,255,255,255,0,0,0,0,300,0,80,0,0
#DST_BARGRAPH,0,300,445,604,388,2,0,255,255,255,255,0,0,0,0,0,0

わく
//SRC定義,(NULL),gr,x,y,w,h,div_x,div_y,cycle,timer,op1,op2,op3,,,,,,,
#SRC_IMAGE,0,12,0,394,400,24,1,1,0,0,0,0,0,,,,,,,
//DST定義,(NULL),time,x,y,w,h,acc,a,r,g,b,blend,filter,angle,center,loop,timer,op1,op2,op3
#DST_IMAGE,0,0,440,594,400,24,0,0,255,255,255,1,0,0,0,300,0,80,0,0
#DST_IMAGE,0,300,440,594,400,24,0,255,255,255,255,1,0,0,0,,,,,


load完
//SRC定義,(NULL),gr,x,y,w,h,div_x,div_y,cycle,timer,type,muki
#SRC_BARGRAPH,0,12,404,414,388,2,1,1,0,0,2,0
//DST定義,(NULL),time,x,y,w,h,acc,a,r,g,b,blend,filter,angle,center,loop,timer,op1,op1,op3
#DST_BARGRAPH,0,0,445,604,388,2,0,255,255,255,255,1,0,0,0,-1,40,81,0,0
#DST_BARGRAPH,0,500,445,604,388,2,0,0,255,255,255,1,0,0,0,0,0

わく
//SRC定義,(NULL),gr,x,y,w,h,div_x,div_y,cycle,timer,op1,op2,op3,,,,,,,
#SRC_IMAGE,0,12,0,394,400,24,1,1,0,0,0,0,0,,,,,,,
//DST定義,(NULL),time,x,y,w,h,acc,a,r,g,b,blend,filter,angle,center,loop,timer,op1,op2,op3
#DST_IMAGE,0,0,440,594,400,24,0,255,255,255,255,1,0,0,0,-1,40,81,0,0
#DST_IMAGE,0,500,440,594,400,24,0,0,255,255,255,1,0,0,0,,,,,
,,

//READY,,,,,,,,,,,,,,,,,,,,
//ベース,,,,,,,,,,,,,,,,,,,,
//option81 ロード完了,,,,,,,,,,,,,,,,,,,,
//timer40 READY,,,,,,,,,,,,,,,,,,,,
//SRC定義,(NULL),gr,x,y,w,h,div_x,div_y,cycle,timer,op1,op2,op3,,,,,,,
#SRC_IMAGE,0,12,116,89,284,44,1,2,120,,,,,,,,,,,
//DST定義,(NULL),time,x,y,w,h,acc,a,r,g,b,blend,filter,angle,center,loop,timer,op1,op2,op3
#DST_IMAGE,0,0,240,383,284,22,0,0,255,255,255,1,1,0,0,-1,40,0,0,0
#DST_IMAGE,0,100,240,383,284,22,0,255,255,255,255,1,1,0,0,,,,,
#DST_IMAGE,0,900,240,383,284,22,0,255,255,255,255,1,1,0,0,,,,,
#DST_IMAGE,0,1000,240,393,284,22,0,0,255,255,255,1,1,0,0,,,,,

//READY,,,,,,,,,,,,,,,,,,,,
//ベース,,,,,,,,,,,,,,,,,,,,
//option81 ロード完了,,,,,,,,,,,,,,,,,,,,
//timer40 READY,,,,,,,,,,,,,,,,,,,,
//SRC定義,(NULL),gr,x,y,w,h,div_x,div_y,cycle,timer,op1,op2,op3,,,,,,,
#SRC_IMAGE,0,12,116,89,284,44,1,2,120,,,,,,,,,,,
//DST定義,(NULL),time,x,y,w,h,acc,a,r,g,b,blend,filter,angle,center,loop,timer,op1,op2,op3
#DST_IMAGE,0,0,756,383,284,22,0,0,255,255,255,1,1,0,0,-1,40,0,0,0
#DST_IMAGE,0,100,756,383,284,22,0,255,255,255,255,1,1,0,0,,,,,
#DST_IMAGE,0,900,756,383,284,22,0,255,255,255,255,1,1,0,0,,,,,
#DST_IMAGE,0,1000,756,393,284,22,0,0,255,255,255,1,1,0,0,,,,,

//フェードアウト層,,,,,,,,,,,,,,,,,,,,

//フェードイン,,,,,,,,,,,,,,,,,,,,
//SRC定義,(NULL),gr,x,y,w,h,div_x,div_y,cycle,timer,op1,op2,op3,,,,,,,
#SRC_IMAGE,0,12,13,1,1,1,1,1,0,0,0,0,0,,,,,,,
//DST定義,(NULL),time,x,y,w,h,acc,a,r,g,b,blend,filter,angle,center,loop,timer,op1,op2,op3
#DST_IMAGE,0,0,0,0,1280,720,0,255,255,255,255,1,0,0,0,250,0,0,0,0
#DST_IMAGE,0,250,0,0,1280,720,0,0,255,255,255,1,0,0,0,,,,,

//フェードアウト,,,,,,,,,,,,,,,,,,,,
//timer = 2,,,,,,,,,,,,,,,,,,,,
//SRC定義,(NULL),gr,x,y,w,h,div_x,div_y,cycle,timer,op1,op2,op3,,,,,,,
#SRC_IMAGE,0,12,13,1,1,1,1,1,0,2,0,0,0,,,,,,,
//DST定義,(NULL),time,x,y,w,h,acc,a,r,g,b,blend,filter,angle,center,loop,timer,op1,op2,op3
#DST_IMAGE,0,0,0,0,1280,720,0,0,255,255,255,1,0,0,0,500,2,0,0,0
#DST_IMAGE,0,500,0,0,1280,720,0,255,255,255,255,1,0,0,0,,,,,

//閉店,,,,,,,,,,,,,,,,,,,,
//timer = 3,,,,,,,,,,,,,,,,,,,,

//裏地,,,,,,,,,,,,,,,,,,,,
//SRC定義,(NULL),gr,x,y,w,h,div_x,div_y,cycle,timer,op1,op2,op3,,,,,,,
#SRC_IMAGE,0,111,0,0,1,1,1,1,0,0,0,0,0,,,,,,,
//DST定義,(NULL),time,x,y,w,h,acc,a,r,g,b,blend,filter,angle,center,loop,timer,op1,op2,op3
#DST_IMAGE,0,1100,0,0,1280,720,0,255,255,255,255,1,0,0,0,1100,3,0,0,0

//上段4裏,,,,,,,,,,,,,,,,,,,,
//SRC定義,(NULL),gr,x,y,w,h,div_x,div_y,cycle,timer,op1,op2,op3,,,,,,,
#SRC_IMAGE,0,11,0,498,1680,157,1,1,0,3,0,0,0,,,,,,,
//DST定義,(NULL),time,x,y,w,h,acc,a,r,g,b,blend,filter,angle,center,loop,timer,op1,op2,op3
#DST_IMAGE,0,1001,-200,219,1680,157,0,200,255,255,255,1,0,0,0,1001,3,0,0,0

//上段3裏,,,,,,,,,,,,,,,,,,,,
//SRC定義,(NULL),gr,x,y,w,h,div_x,div_y,cycle,timer,op1,op2,op3,,,,,,,
#SRC_IMAGE,0,11,0,301,1680,196,1,1,0,3,0,0,0,,,,,,,
//DST定義,(NULL),time,x,y,w,h,acc,a,r,g,b,blend,filter,angle,center,loop,timer,op1,op2,op3
#DST_IMAGE,0,1001,-200,140,1680,196,0,200,255,255,255,1,0,0,0,1001,3,0,0,0

//下段3裏,,,,,,,,,,,,,,,,,,,,
//SRC定義,(NULL),gr,x,y,w,h,div_x,div_y,cycle,timer,op1,op2,op3,,,,,,,
#SRC_IMAGE,0,11,0,816,1680,182,1,1,0,3,0,0,0,,,,,,,
//DST定義,(NULL),time,x,y,w,h,acc,a,r,g,b,blend,filter,angle,center,loop,timer,op1,op2,op3
#DST_IMAGE,0,1001,-200,358,1680,182,0,200,255,255,255,1,0,0,0,1001,3,0,0,0

//下段4裏,,,,,,,,,,,,,,,,,,,,
//SRC定義,(NULL),gr,x,y,w,h,div_x,div_y,cycle,timer,op1,op2,op3,,,,,,,
#SRC_IMAGE,0,11,0,656,1680,159,1,1,0,3,0,0,0,,,,,,,
//DST定義,(NULL),time,x,y,w,h,acc,a,r,g,b,blend,filter,angle,center,loop,timer,op1,op2,op3
#DST_IMAGE,0,1001,-200,302,1680,159,0,200,255,255,255,1,0,0,0,1001,3,0,0,0

//上段4,,,,,,,,,,,,,,,,,,,,
//SRC定義,(NULL),gr,x,y,w,h,div_x,div_y,cycle,timer,op1,op2,op3,,,,,,,
#SRC_IMAGE,0,11,0,498,1680,157,1,1,0,3,0,0,0,,,,,,,
//DST定義,(NULL),time,x,y,w,h,acc,a,r,g,b,blend,filter,angle,center,loop,timer,op1,op2,op3
#DST_IMAGE,0,750,-352,67,1680,157,0,255,255,255,255,1,0,0,0,2833,3,0,0,0
#DST_IMAGE,0,833,-278,141,1680,157,0,255,255,255,255,1,0,0,0,,,,,
#DST_IMAGE,0,933,-216,203,1680,157,0,255,255,255,255,1,0,0,0,,,,,
#DST_IMAGE,0,966,-204,215,1680,157,0,255,255,255,255,1,0,0,0,,,,,
#DST_IMAGE,0,983,-201,218,1680,157,0,255,255,255,255,1,0,0,0,,,,,
#DST_IMAGE,0,1000,-200,219,1680,157,0,255,255,255,255,1,0,0,0,,,,,
#DST_IMAGE,0,1166,-200,219,1680,157,0,255,255,255,255,1,0,0,0,,,,,
#DST_IMAGE,0,2833,-84,219,1680,157,0,255,255,255,255,1,0,0,0,,,,,

//上段3,,,,,,,,,,,,,,,,,,,,
//SRC定義,(NULL),gr,x,y,w,h,div_x,div_y,cycle,timer,op1,op2,op3,,,,,,,
#SRC_IMAGE,0,11,0,301,1680,196,1,1,0,3,0,0,0,,,,,,,
//DST定義,(NULL),time,x,y,w,h,acc,a,r,g,b,blend,filter,angle,center,loop,timer,op1,op2,op3
#DST_IMAGE,0,533,-394,-54,1680,196,0,255,255,255,255,1,0,0,0,2717,3,0,0,0
#DST_IMAGE,0,666,-275,65,1680,196,0,255,255,255,255,1,0,0,0,,,,,
#DST_IMAGE,0,766,-215,125,1680,196,0,255,255,255,255,1,0,0,0,,,,,
#DST_IMAGE,0,800,-204,136,1680,196,0,255,255,255,255,1,0,0,0,,,,,
#DST_IMAGE,0,816,-201,139,1680,196,0,255,255,255,255,1,0,0,0,,,,,
#DST_IMAGE,0,833,-200,140,1680,196,0,255,255,255,255,1,0,0,0,,,,,
#DST_IMAGE,0,1516,-200,140,1680,196,0,255,255,255,255,1,0,0,0,,,,,
#DST_IMAGE,0,2000,-214,126,1680,196,0,200,255,255,255,1,0,0,0,,,,,
#DST_IMAGE,0,2717,-231,109,1680,196,0,200,255,255,255,1,0,0,0,,,,,

//上段2,,,,,,,,,,,,,,,,,,,,
//SRC定義,(NULL),gr,x,y,w,h,div_x,div_y,cycle,timer,op1,op2,op3,,,,,,,
#SRC_IMAGE,0,11,0,133,1680,167,1,1,0,3,0,0,0,,,,,,,
//DST定義,(NULL),time,x,y,w,h,acc,a,r,g,b,blend,filter,angle,center,loop,timer,op1,op2,op3
#DST_IMAGE,0,383,-351,-110,1680,167,0,255,255,255,255,1,0,0,0,666,3,0,0,0
#DST_IMAGE,0,500,-275,-24,1680,167,0,255,255,255,255,1,0,0,0,,,,,
#DST_IMAGE,0,600,-215,36,1680,167,0,255,255,255,255,1,0,0,0,,,,,
#DST_IMAGE,0,633,-204,47,1680,167,0,255,255,255,255,1,0,0,0,,,,,
#DST_IMAGE,0,650,-201,50,1680,167,0,255,255,255,255,1,0,0,0,,,,,
#DST_IMAGE,0,666,-200,51,1680,167,0,255,255,255,255,1,0,0,0,,,,,

//上段1,,,,,,,,,,,,,,,,,,,,
//SRC定義,(NULL),gr,x,y,w,h,div_x,div_y,cycle,timer,op1,op2,op3,,,,,,,
#SRC_IMAGE,0,11,0,0,1680,132,1,1,0,3,0,0,0,,,,,,,
//DST定義,(NULL),time,x,y,w,h,acc,a,r,g,b,blend,filter,angle,center,loop,timer,op1,op2,op3
#DST_IMAGE,0,283,-315,-115,1680,132,0,255,255,255,255,1,0,0,0,500,3,0,0,0
#DST_IMAGE,0,333,-275,-74,1680,132,0,255,255,255,255,1,0,0,0,,,,,
#DST_IMAGE,0,433,-215,-15,1680,132,0,255,255,255,255,1,0,0,0,,,,,
#DST_IMAGE,0,466,-204,-4,1680,132,0,255,255,255,255,1,0,0,0,,,,,
#DST_IMAGE,0,483,-201,-1,1680,132,0,255,255,255,255,1,0,0,0,,,,,
#DST_IMAGE,0,500,-200,0,1680,132,0,255,255,255,255,1,0,0,0,,,,,

//下段1,,,,,,,,,,,,,,,,,,,,
//SRC定義,(NULL),gr,x,y,w,h,div_x,div_y,cycle,timer,op1,op2,op3,,,,,,,
#SRC_IMAGE,0,11,0,1226,1680,164,1,1,0,3,0,0,0,,,,,,,
//DST定義,(NULL),time,x,y,w,h,acc,a,r,g,b,blend,filter,angle,center,loop,timer,op1,op2,op3
#DST_IMAGE,0,233,-39,717,1680,164,0,255,255,255,255,1,0,0,0,500,3,0,0,0
#DST_IMAGE,0,333,-126,630,1680,164,0,255,255,255,255,1,0,0,0,,,,,
#DST_IMAGE,0,433,-185,571,1680,164,0,255,255,255,255,1,0,0,0,,,,,
#DST_IMAGE,0,466,-196,560,1680,164,0,255,255,255,255,1,0,0,0,,,,,
#DST_IMAGE,0,483,-199,557,1680,164,0,255,255,255,255,1,0,0,0,,,,,
#DST_IMAGE,0,500,-200,556,1680,164,0,255,255,255,255,1,0,0,0,,,,,

//下段2,,,,,,,,,,,,,,,,,,,,
//SRC定義,(NULL),gr,x,y,w,h,div_x,div_y,cycle,timer,op1,op2,op3,,,,,,,
#SRC_IMAGE,0,11,0,999,1680,226,1,1,0,3,0,0,0,,,,,,,
//DST定義,(NULL),time,x,y,w,h,acc,a,r,g,b,blend,filter,angle,center,loop,timer,op1,op2,op3
#DST_IMAGE,0,316,45,703,1680,226,0,255,255,255,255,1,0,0,0,666,3,0,0,0
#DST_IMAGE,0,500,-126,532,1680,226,0,255,255,255,255,1,0,0,0,,,,,
#DST_IMAGE,0,600,-185,473,1680,226,0,255,255,255,255,1,0,0,0,,,,,
#DST_IMAGE,0,633,-196,462,1680,226,0,255,255,255,255,1,0,0,0,,,,,
#DST_IMAGE,0,650,-199,459,1680,226,0,255,255,255,255,1,0,0,0,,,,,
#DST_IMAGE,0,666,-200,458,1680,226,0,255,255,255,255,1,0,0,0,,,,,

//下段4,,,,,,,,,,,,,,,,,,,,
//SRC定義,(NULL),gr,x,y,w,h,div_x,div_y,cycle,timer,op1,op2,op3,,,,,,,
#SRC_IMAGE,0,11,0,656,1680,159,1,1,0,3,0,0,0,,,,,,,
//DST定義,(NULL),time,x,y,w,h,acc,a,r,g,b,blend,filter,angle,center,loop,timer,op1,op2,op3
#DST_IMAGE,0,516,205,707,1680,159,0,255,255,255,255,1,0,0,0,2833,3,0,0,0
#DST_IMAGE,0,833,-122,380,1680,159,0,255,255,255,255,1,0,0,0,,,,,
#DST_IMAGE,0,933,-184,317,1680,159,0,255,255,255,255,1,0,0,0,,,,,
#DST_IMAGE,0,966,-196,306,1680,159,0,255,255,255,255,1,0,0,0,,,,,
#DST_IMAGE,0,983,-199,303,1680,159,0,255,255,255,255,1,0,0,0,,,,,
#DST_IMAGE,0,1000,-200,302,1680,159,0,255,255,255,255,1,0,0,0,,,,,
#DST_IMAGE,0,1166,-200,302,1680,159,0,255,255,255,255,1,0,0,0,,,,,
#DST_IMAGE,0,2833,-316,302,1680,159,0,255,255,255,255,1,0,0,0,,,,,

//下段3,,,,,,,,,,,,,,,,,,,,
//SRC定義,(NULL),gr,x,y,w,h,div_x,div_y,cycle,timer,op1,op2,op3,,,,,,,
#SRC_IMAGE,0,11,0,816,1680,182,1,1,0,3,0,0,0,,,,,,,
//DST定義,(NULL),time,x,y,w,h,acc,a,r,g,b,blend,filter,angle,center,loop,timer,op1,op2,op3
#DST_IMAGE,0,383,152,710,1680,182,0,255,255,255,255,1,0,0,0,2717,3,0,0,0
#DST_IMAGE,0,666,-126,432,1680,182,0,255,255,255,255,1,0,0,0,,,,,
#DST_IMAGE,0,766,-185,373,1680,182,0,255,255,255,255,1,0,0,0,,,,,
#DST_IMAGE,0,800,-196,362,1680,182,0,255,255,255,255,1,0,0,0,,,,,
#DST_IMAGE,0,816,-199,359,1680,182,0,255,255,255,255,1,0,0,0,,,,,
#DST_IMAGE,0,833,-200,358,1680,182,0,255,255,255,255,1,0,0,0,,,,,
#DST_IMAGE,0,1516,-200,358,1680,182,0,255,255,255,255,1,0,0,0,,,,,
#DST_IMAGE,0,2000,-186,372,1680,182,0,200,255,255,255,1,0,0,0,,,,,
#DST_IMAGE,0,2717,-170,388,1680,182,0,200,255,255,255,1,0,0,0,,,,,

//グラデ,,,,,,,,,,,,,,,,,,,,
//SRC定義,(NULL),gr,x,y,w,h,div_x,div_y,cycle,timer,op1,op2,op3,,,,,,,
#SRC_IMAGE,0,11,1681,455,1,298,1,1,0,3,0,0,0,,,,,,,
//DST定義,(NULL),time,x,y,w,h,acc,a,r,g,b,blend,filter,angle,center,loop,timer,op1,op2,op3
#DST_IMAGE,0,1000,0,359,1280,298,0,0,255,255,255,1,0,0,0,1516,3,0,0,0
#DST_IMAGE,0,1516,0,359,1280,298,0,100,255,255,255,1,0,0,0,,,,,

//中央,,,,,,,,,,,,,,,,,,,,
//SRC定義,(NULL),gr,x,y,w,h,div_x,div_y,cycle,timer,op1,op2,op3,,,,,,,
#SRC_IMAGE,0,11,0,1391,1921,201,1,1,0,3,0,0,0,,,,,,,
//DST定義,(NULL),time,x,y,w,h,acc,a,r,g,b,blend,filter,angle,center,loop,timer,op1,op2,op3
#DST_IMAGE,0,350,1188,274,1921,201,0,255,255,255,255,1,0,0,0,2800,3,0,0,0
#DST_IMAGE,0,516,151,274,1921,201,0,255,255,255,255,1,0,0,0,,,,,
#DST_IMAGE,0,600,-222,274,1921,201,0,255,255,255,255,1,0,0,0,,,,,
#DST_IMAGE,0,633,-312,274,1921,201,0,255,255,255,255,1,0,0,0,,,,,
#DST_IMAGE,0,650,-338,274,1921,201,0,255,255,255,255,1,0,0,0,,,,,
#DST_IMAGE,0,666,-347,274,1921,201,0,255,255,255,255,1,0,0,0,,,,,
#DST_IMAGE,0,1166,-306,274,1921,201,0,255,255,255,255,1,0,0,0,,,,,
#DST_IMAGE,0,2000,-239,274,1921,201,0,150,255,255,255,1,0,0,0,,,,,
#DST_IMAGE,0,2800,-175,274,1921,201,0,150,255,255,255,1,0,0,0,,,,,


//"STAGE FAILED"残像,,,,,,,,,,,,,,,,,,,,
//SRC定義,(NULL),gr,x,y,w,h,div_x,div_y,cycle,timer,op1,op2,op3,,,,,,,
#SRC_IMAGE,0,11,1681,330,732,33,1,1,0,3,0,0,0,,,,,,,
//DST定義,(NULL),time,x,y,w,h,acc,a,r,g,b,blend,filter,angle,center,loop,timer,op1,op2,op3
#DST_IMAGE,0,1016,306,344,732,33,0,70,255,255,255,1,0,0,0,-1,3,0,0,0
#DST_IMAGE,0,1100,311,348,732,33,0,70,255,255,255,1,0,0,0
#DST_IMAGE,0,1216,302,342,732,33,0,70,255,255,255,1,0,0,0
#DST_IMAGE,0,1250,301,344,732,33,0,70,255,255,255,1,0,0,0
#DST_IMAGE,0,1333,301,348,732,33,0,70,255,255,255,1,0,0,0
#DST_IMAGE,0,1383,303,350,732,33,0,70,255,255,255,1,0,0,0
#DST_IMAGE,0,1433,306,347,732,33,0,70,255,255,255,1,0,0,0
#DST_IMAGE,0,1550,308,341,732,33,0,70,255,255,255,1,0,0,0
#DST_IMAGE,0,1600,303,341,732,33,0,70,255,255,255,1,0,0,0
#DST_IMAGE,0,1633,299,343,732,33,0,70,255,255,255,1,0,0,0
#DST_IMAGE,0,1783,308,347,732,33,0,70,255,255,255,1,0,0,0
#DST_IMAGE,0,1867,310,339,732,33,0,70,255,255,255,1,0,0,0
#DST_IMAGE,0,2017,311,353,732,33,0,70,255,255,255,1,0,0,0
#DST_IMAGE,0,2167,314,341,732,33,0,70,255,255,255,1,0,0,0
#DST_IMAGE,0,2217,315,346,732,33,0,70,255,255,255,1,0,0,0
#DST_IMAGE,0,2233,314,347,732,33,0,70,255,255,255,1,0,0,0
#DST_IMAGE,0,2350,300,339,732,33,0,70,255,255,255,1,0,0,0
#DST_IMAGE,0,2433,312,348,732,33,0,70,255,255,255,1,0,0,0
#DST_IMAGE,0,2517,308,339,732,33,0,70,255,255,255,1,0,0,0
#DST_IMAGE,0,2617,300,339,732,33,0,70,255,255,255,1,0,0,0
#DST_IMAGE,0,2733,299,353,732,33,0,70,255,255,255,1,0,0,0

//"STAGE FAILED",,,,,,,,,,,,,,,,,,,,
//SRC定義,(NULL),gr,x,y,w,h,div_x,div_y,cycle,timer,op1,op2,op3,,,,,,,
#SRC_IMAGE,0,11,1681,0,732,330,1,10,452,3,0,0,0,,,,,,,
//DST定義,(NULL),time,x,y,w,h,acc,a,r,g,b,blend,filter,angle,center,loop,timer,op1,op2,op3
#DST_IMAGE,0,500,288,344,732,33,0,255,255,255,255,1,0,0,0,-1,3,0,0,0
#DST_IMAGE,0,800,306,344,732,33,0,255,255,255,255,1,0,0,0,,,,,
#DST_IMAGE,0,950,306,344,732,33,0,255,255,255,255,1,0,0,0,,,,,
//SRC定義,(NULL),gr,x,y,w,h,div_x,div_y,cycle,timer,op1,op2,op3,,,,,,,
#SRC_IMAGE,0,11,1681,297,732,33,1,1,0,3,0,0,0,,,,,,,
//DST定義,(NULL),time,x,y,w,h,acc,a,r,g,b,blend,filter,angle,center,loop,timer,op1,op2,op3
#DST_IMAGE,0,950,306,344,732,33,0,255,255,255,255,1,0,0,0,950,3,0,0,0

//"E",,,,,,,,,,,,,,,,,,,,
//SRC定義,(NULL),gr,x,y,w,h,div_x,div_y,cycle,timer,op1,op2,op3,,,,,,,
#SRC_IMAGE,0,11,2193,330,28,32,1,1,0,3,0,0,0,,,,,,,
//DST定義,(NULL),time,x,y,w,h,acc,a,r,g,b,blend,filter,angle,center,loop,timer,op1,op2,op3
#DST_IMAGE,0,950,820,344,28,32,0,255,255,255,255,1,0,0,0,2000,3,0,0,0
#DST_IMAGE,0,1667,820,344,28,32,0,255,255,255,255,1,0,0,0
#DST_IMAGE,0,2000,820,344,28,32,0,255,255,255,255,1,0,0,0

//"ППП",,,,,,,,,,,,,,,,,,,,
//SRC定義,(NULL),gr,x,y,w,h,div_x,div_y,cycle,timer,op1,op2,op3,,,,,,,
#SRC_IMAGE,0,11,0,1593,1600,5,1,1,0,3,0,0,0,,,,,,,
//DST定義,(NULL),time,x,y,w,h,acc,a,r,g,b,blend,filter,angle,center,loop,timer,op1,op2,op3
#DST_IMAGE,0,500,-151,384,1600,5,0,0,255,255,255,1,0,0,0,-1,3,0,0,0
#DST_IMAGE,0,800,-161,384,1600,5,0,50,255,255,255,1,0,0,0
#DST_IMAGE,0,1000,-155,384,1600,5,0,100,255,255,255,1,0,0,0
#DST_IMAGE,0,1500,-65,384,1600,5,0,100,255,255,255,1,0,0,0
#DST_IMAGE,0,4167,-225,384,1600,5,0,100,255,255,255,1,0,0,0

//フェードアウト,,,,,,,,,,,,,,,,,,,,
//SRC定義,(NULL),gr,x,y,w,h,div_x,div_y,cycle,timer,op1,op2,op3,,,,,,,
#SRC_IMAGE,0,110,0,0,1,1,1,1,0,3,0,0,0,,,,,,,
//DST定義,(NULL),time,x,y,w,h,acc,a,r,g,b,blend,filter,angle,center,loop,timer,op1,op2,op3
#DST_IMAGE,0,2000,0,0,1280,720,0,0,255,255,255,1,0,0,0,2800,3,0,0,0
#DST_IMAGE,0,2800,0,0,1280,720,0,255,255,255,255,1,0,0,0,,,,,

//フェード,,,,,,,,,,,,,,,,,,,,
//SRC定義,(NULL),gr,x,y,w,h,div_x,div_y,cycle,timer,op1,op2,op3,,,,,,,
#SRC_IMAGE,0,12,13,1,1,1,1,1,0,2,0,0,0,,,,,,,
//DST定義,(NULL),time,x,y,w,h,acc,a,r,g,b,blend,filter,angle,center,loop,timer,op1,op2,op3
#DST_IMAGE,0,1500,0,0,1280,720,0,0,255,255,255,1,0,0,0,2500,3,0,0,0
#DST_IMAGE,0,2500,0,0,1280,720,0,255,255,255,255,1,0,0,0,,,,,


//SRC定義,(NULL),gr,x,y,w,h,div_x,div_y,cycle,timer,op1,op2,op3,,,,,,,
#SRC_IMAGE,0,27,0,720,748,720,1,1,0,0,0,0,0,,,,,,,
//DST定義,(NULL),time,x,y,w,h,acc,a,r,g,b,blend,filter,angle,center,loop,timer,op1,op2,op3
#DST_IMAGE,0,0,532,0,748,720,0,255,255,255,255,1,0,0,5,500,0,0,0,0
#DST_IMAGE,0,100,532,0,748,720,0,255,255,255,255,1,0,0,0,,,,,
#DST_IMAGE,0,500,1251,720,748,720,0,255,255,255,255,1,0,0,0,,,,,


//SRC定義,(NULL),gr,x,y,w,h,div_x,div_y,cycle,timer,op1,op2,op3,,,,,,,
#SRC_IMAGE,0,27,0,0,899,720,1,1,0,0,0,0,0,,,,,,,
//DST定義,(NULL),time,x,y,w,h,acc,a,r,g,b,blend,filter,angle,center,loop,timer,op1,op2,op3
#DST_IMAGE,0,0,0,0,899,720,0,255,255,255,255,1,0,0,5,500,0,0,0,0
#DST_IMAGE,0,100,0,0,899,720,0,255,255,255,255,1,0,0,0,,,,,
#DST_IMAGE,0,500,-719,-719,899,720,0,255,255,255,255,1,0,0,0,,,,,
